episode,frames,train_return,train_success,test_success_rate,ratio,epsilon,init_dist,avg_swing
1,28,0.6576840082126365,1,nan,1.0,0.9998599999999991,0.4,0.033666838
2,56,0.6571596578262997,1,nan,1.0,0.9997199999999982,0.4,0.03403483
3,84,0.6569344301644154,1,nan,1.0,0.9995799999999972,0.4,0.03340296
4,112,0.6567242219255778,1,nan,1.0,0.9994399999999963,0.4,0.03365063
5,140,0.6578473660606663,1,nan,1.0,0.9992999999999954,0.4,0.03379396
6,168,0.6573001723342735,1,nan,1.0,0.9991599999999945,0.4,0.03364476
7,318,-1.6376948429156513,0,nan,0.9933333333333333,0.9984099999999896,0.4,0.04836848
8,346,0.656104168330355,1,nan,0.9642857142857143,0.9982699999999887,0.4,0.034241445
9,374,0.6572038417000492,1,nan,1.0,0.9981299999999877,0.4,0.033667974
10,430,0.3265821127582281,0,nan,0.9642857142857143,0.9978499999999859,0.4,0.03412201
11,458,0.6629392957981117,1,nan,0.9642857142857143,0.997709999999985,0.4,0.032996092
12,486,0.6572861816301222,1,nan,1.0,0.9975699999999841,0.4,0.033691943
13,514,0.657121342174998,1,nan,1.0,0.9974299999999832,0.4,0.03361816
14,542,0.6570299459184467,1,nan,1.0,0.9972899999999822,0.4,0.033915423
15,570,0.657191206731768,1,nan,1.0,0.9971499999999813,0.4,0.033484146
16,598,0.6575303032344811,1,nan,1.0,0.9970099999999804,0.4,0.03375461
17,626,0.6566021525654067,1,nan,1.0,0.9968699999999795,0.4,0.033576123
18,654,0.6572812429931744,1,nan,1.0,0.9967299999999786,0.4,0.033683546
19,682,0.6573422956608177,1,nan,1.0,0.9965899999999777,0.4,0.03353122
20,790,-0.25515240351371593,0,nan,0.9907407407407407,0.9960499999999741,0.4,0.038767844
21,818,0.6580446128429082,1,nan,1.0,0.9959099999999732,0.4,0.033520974
22,846,0.657187621165543,1,nan,1.0,0.9957699999999723,0.4,0.03397754
23,874,0.6573069168497386,1,nan,1.0,0.9956299999999714,0.4,0.033658452
24,902,0.6575352259400988,1,nan,1.0,0.9954899999999705,0.4,0.033497274
25,930,0.6571444447659288,1,nan,1.0,0.9953499999999695,0.4,0.03369026
26,958,0.6568292956572697,1,nan,1.0,0.9952099999999686,0.4,0.033509646
27,1019,0.2633863378672977,0,nan,0.9836065573770492,0.9949049999999666,0.4,0.035103083
28,1047,0.657151329658237,1,nan,1.0,0.9947649999999657,0.4,0.033666436
29,1075,0.6572645791260241,1,nan,1.0,0.9946249999999648,0.4,0.033864785
30,1103,0.657351828054919,1,0.0,1.0,0.9944849999999639,0.4,0.033616398
31,1131,0.6570117331192509,1,nan,1.0,0.994344999999963,0.4,0.03348637
32,1159,0.6578003220215536,1,nan,1.0,0.994204999999962,0.4,0.033590354
33,1187,0.6576899308512976,1,nan,1.0,0.9940649999999611,0.4,0.033632822
34,1337,-1.6988018635644617,0,nan,0.9866666666666667,0.9933149999999562,0.4,0.05168725
35,1365,0.6568129346199463,1,nan,1.0,0.9931749999999553,0.4,0.033738416
36,1422,0.3616087151032322,0,nan,1.0,0.9928899999999534,0.4,0.032644384
37,1450,0.6571073409638968,1,nan,1.0,0.9927499999999525,0.4,0.03375188
38,1478,0.6578085435700272,1,nan,1.0,0.9926099999999516,0.4,0.0336203
39,1506,0.6574463106830002,1,nan,1.0,0.9924699999999507,0.4,0.033735156
40,1534,0.6580544088933795,1,nan,1.0,0.9923299999999498,0.4,0.033791613
41,1562,0.6590761322264701,1,nan,0.9642857142857143,0.9921899999999488,0.4,0.03375715
42,1590,0.6575197802986412,1,nan,1.0,0.9920499999999479,0.4,0.033595596
43,1618,0.6577803541575363,1,nan,1.0,0.991909999999947,0.4,0.03368073
44,1676,0.3319739500451717,0,nan,1.0,0.9916199999999451,0.4,0.037827373
45,1704,0.6572955056205108,1,nan,1.0,0.9914799999999442,0.4,0.033378776
46,1732,0.657306418044674,1,nan,1.0,0.9913399999999433,0.4,0.03381934
47,1760,0.6594612685100514,1,nan,0.9642857142857143,0.9911999999999423,0.4,0.0321319
48,1788,0.6570439381116147,1,nan,1.0,0.9910599999999414,0.4,0.03338393
49,1820,0.5999371374949676,1,nan,0.96875,0.9908999999999404,0.4,0.036857255
50,1848,0.6566792603514503,1,nan,1.0,0.9907599999999395,0.4,0.03344753
51,1876,0.6574946110067141,1,nan,1.0,0.9906199999999385,0.4,0.033583064
52,1904,0.6575914475369894,1,nan,1.0,0.9904799999999376,0.4,0.033545293
53,1932,0.6570068418656259,1,nan,1.0,0.9903399999999367,0.4,0.033523276
54,1960,0.6570766844611995,1,nan,1.0,0.9901999999999358,0.4,0.033540275
55,1988,0.6570612089945417,1,nan,1.0,0.9900599999999349,0.4,0.033546563
56,2045,0.37221387239653925,0,nan,1.0,0.989774999999933,0.4,0.03261935
57,2075,0.6200280025618272,1,nan,0.9666666666666667,0.989624999999932,0.4,0.03366597
58,2103,0.6381372640509875,1,nan,0.9642857142857143,0.9894849999999311,0.4,0.03620469
59,2131,0.6569106240311149,1,nan,1.0,0.9893449999999302,0.4,0.033499207
60,2159,0.6567633235341797,1,0.01,1.0,0.9892049999999293,0.4,0.033270553
61,2187,0.6577067809656185,1,nan,1.0,0.9890649999999284,0.4,0.03351542
62,2215,0.6573264586105434,1,nan,1.0,0.9889249999999274,0.4,0.033589587
63,2243,0.657728165991888,1,nan,1.0,0.9887849999999265,0.4,0.033500496
64,2271,0.6569145061526671,1,nan,1.0,0.9886449999999256,0.4,0.033696417
65,2299,0.6564331370512141,1,nan,1.0,0.9885049999999247,0.4,0.033737127
66,2327,0.6572037499572558,1,nan,1.0,0.9883649999999238,0.4,0.033649802
67,2355,0.6576525904887383,1,nan,1.0,0.9882249999999229,0.4,0.033653308
68,2383,0.6576353221188467,1,nan,1.0,0.9880849999999219,0.4,0.03370318
69,2411,0.6562782351350077,1,nan,1.0,0.987944999999921,0.4,0.03366006
70,2441,0.6618122954201309,1,nan,0.9666666666666667,0.98779499999992,0.4,0.030321958
71,2469,0.6570755887247384,1,nan,1.0,0.9876549999999191,0.4,0.033742506
72,2497,0.6569064913512164,1,nan,0.9642857142857143,0.9875149999999182,0.4,0.03371014
73,2525,0.6576467926740691,1,nan,1.0,0.9873749999999173,0.4,0.033789087
74,2553,0.6571357969198239,1,nan,1.0,0.9872349999999164,0.4,0.03345677
75,2582,0.6479848390919469,1,nan,0.9655172413793104,0.9870899999999154,0.4,0.03263593
76,2611,0.6573155905623697,1,nan,0.9655172413793104,0.9869449999999145,0.4,0.032422613
77,2639,0.6571743637768048,1,nan,1.0,0.9868049999999136,0.4,0.033727434
78,2789,-1.6601726287549834,0,nan,0.9866666666666667,0.9860549999999086,0.4,0.04987426
79,2817,0.6567805715100223,1,nan,1.0,0.9859149999999077,0.4,0.033709172
80,2845,0.6583805071845135,1,nan,1.0,0.9857749999999068,0.4,0.033692338
81,2873,0.6569490191528369,1,nan,1.0,0.9856349999999059,0.4,0.033320654
82,2901,0.6569576648110445,1,nan,1.0,0.985494999999905,0.4,0.033561554
83,2959,0.3388277396475039,0,nan,1.0,0.9852049999999031,0.4,0.035723165
84,2987,0.6572632890251743,1,nan,1.0,0.9850649999999022,0.4,0.033733938
85,3017,0.6346180248289666,1,nan,0.9666666666666667,0.9849149999999012,0.4,0.03176804
86,3071,0.3663066625705591,0,nan,1.0,0.9846449999998994,0.4,0.0326999
87,3099,0.6589753787910374,1,nan,0.9642857142857143,0.9845049999998985,0.4,0.033694863
88,3127,0.6570622419265617,1,nan,1.0,0.9843649999998976,0.4,0.033456963
89,3155,0.6573003006895315,1,nan,1.0,0.9842249999998967,0.4,0.03376096
90,3183,0.657557115514944,1,0.08,1.0,0.9840849999998957,0.4,0.033663224
91,3211,0.6570103316544036,1,nan,0.9285714285714286,0.9839449999998948,0.4,0.033523303
92,3239,0.6578989952695996,1,nan,1.0,0.9838049999998939,0.4,0.03391886
93,3267,0.6566978713106106,1,nan,1.0,0.983664999999893,0.4,0.03345033
94,3295,0.6573353967583653,1,nan,1.0,0.9835249999998921,0.4,0.033450328
95,3323,0.6570671899388049,1,nan,1.0,0.9833849999998912,0.4,0.033802755
96,3351,0.6567376840577248,1,nan,1.0,0.9832449999998902,0.4,0.033781655
97,3379,0.6574058058888426,1,nan,1.0,0.9831049999998893,0.4,0.033616263
98,3407,0.6575830701690268,1,nan,1.0,0.9829649999998884,0.4,0.03375568
99,3557,-1.844512388029064,0,nan,0.9933333333333333,0.9822149999998835,0.4,0.08113364
100,3585,0.6609424552100909,1,nan,0.9642857142857143,0.9820749999998826,0.4,0.033125572
101,3613,0.6604481628937968,1,nan,0.9285714285714286,0.9819349999998817,0.4,0.034540627
102,3641,0.6570296758852165,1,nan,1.0,0.9817949999998807,0.4,0.03382225
103,3669,0.6565780122570917,1,nan,1.0,0.9816549999998798,0.4,0.033835303
104,3697,0.6572589185421316,1,nan,1.0,0.9815149999998789,0.4,0.033660647
105,3725,0.6571634872618239,1,nan,1.0,0.981374999999878,0.4,0.033747308
106,3753,0.6571983112272433,1,nan,1.0,0.9812349999998771,0.4,0.03379516
107,3781,0.6572916484860193,1,nan,1.0,0.9810949999998761,0.4,0.033447262
108,3809,0.6573177844265947,1,nan,1.0,0.9809549999998752,0.4,0.033841543
109,3837,0.657247885054872,1,nan,1.0,0.9808149999998743,0.4,0.033643287
110,3865,0.6566734557249186,1,nan,1.0,0.9806749999998734,0.4,0.033740643
111,3893,0.6571232936087634,1,nan,1.0,0.9805349999998725,0.4,0.033556662
112,3921,0.6596222366113063,1,nan,0.9642857142857143,0.9803949999998716,0.4,0.032248545
113,3949,0.6568712635382115,1,nan,0.9642857142857143,0.9802549999998706,0.4,0.03342385
114,3977,0.655953635308407,1,nan,1.0,0.9801149999998697,0.4,0.033418614
115,4005,0.6553248127130369,1,nan,0.9642857142857143,0.9799749999998688,0.4,0.03318634
116,4033,0.6606461718620822,1,nan,0.9285714285714286,0.9798349999998679,0.4,0.034559075
117,4183,-1.6176249167692083,0,nan,0.9733333333333334,0.979084999999863,0.4,0.051142864
118,4211,0.6574684431352745,1,nan,1.0,0.9789449999998621,0.4,0.033539344
119,4239,0.6564795662687951,1,nan,0.9642857142857143,0.9788049999998611,0.4,0.032937583
120,4267,0.6572080866235752,1,0.2,1.0,0.9786649999998602,0.4,0.03366611
121,4295,0.6581500188681018,1,nan,0.9642857142857143,0.9785249999998593,0.4,0.03521749
122,4323,0.6651521232793591,1,nan,0.9642857142857143,0.9783849999998584,0.4,0.031566698
123,4351,0.6570256745113774,1,nan,1.0,0.9782449999998575,0.4,0.03356391
124,4379,0.6517296317383448,1,nan,0.9285714285714286,0.9781049999998566,0.4,0.03303866
125,4407,0.6582289747443351,1,nan,1.0,0.9779649999998556,0.4,0.033362556
126,4435,0.657565719152913,1,nan,1.0,0.9778249999998547,0.4,0.033692453
127,4463,0.6506625466091563,1,nan,0.9642857142857143,0.9776849999998538,0.4,0.0331959
128,4491,0.6570660316180675,1,nan,1.0,0.9775449999998529,0.4,0.033303544
129,4519,0.6574257972254226,1,nan,1.0,0.977404999999852,0.4,0.033590086
130,4547,0.6624529787930458,1,nan,0.9642857142857143,0.9772649999998511,0.4,0.03371659
131,4575,0.657342695933778,1,nan,1.0,0.9771249999998501,0.4,0.03386003
132,4725,-1.6769673889660022,0,nan,0.9933333333333333,0.9763749999998452,0.4,0.045615155
133,4753,0.657910162141341,1,nan,1.0,0.9762349999998443,0.4,0.033562943
134,4781,0.6575694375180443,1,nan,1.0,0.9760949999998434,0.4,0.03369098
135,4809,0.6571557413141982,1,nan,1.0,0.9759549999998425,0.4,0.033763032
136,4837,0.6467953025672675,1,nan,0.9642857142857143,0.9758149999998416,0.4,0.032795947
137,4867,0.6388080229240192,1,nan,0.9333333333333333,0.9756649999998406,0.4,0.032568794
138,4895,0.6571401122121359,1,nan,1.0,0.9755249999998397,0.4,0.033769924
139,4923,0.6573487263036848,1,nan,1.0,0.9753849999998387,0.4,0.033602312
140,4951,0.6610893678028433,1,nan,0.9642857142857143,0.9752449999998378,0.4,0.034979127
141,4980,0.6542502490593551,1,nan,0.9655172413793104,0.9750999999998369,0.4,0.032090466
142,5008,0.6571877244481403,1,nan,1.0,0.974959999999836,0.4,0.033577397
143,5036,0.6578031140133236,1,nan,1.0,0.974819999999835,0.4,0.033688676
144,5064,0.6609552233819709,1,nan,0.9642857142857143,0.9746799999998341,0.4,0.033802126
145,5154,-0.05914587410985028,0,nan,0.9888888888888889,0.9742299999998312,0.4,0.036163025
146,5182,0.6592689960438025,1,nan,0.9642857142857143,0.9740899999998303,0.4,0.03363554
147,5210,0.6570874741576902,1,nan,1.0,0.9739499999998293,0.4,0.033795636
148,5238,0.657255319240633,1,nan,1.0,0.9738099999998284,0.4,0.033775363
149,5266,0.6575172468591316,1,nan,1.0,0.9736699999998275,0.4,0.033844236
150,5326,0.31135635931784644,0,0.94,0.9833333333333333,0.9733699999998255,0.4,0.028667796
151,5382,0.3057148926752402,0,nan,0.9642857142857143,0.9730899999998237,0.4,0.03545694
152,5411,0.6575741927833494,1,nan,0.9310344827586207,0.9729449999998228,0.4,0.032672342
153,5439,0.6573392930196307,1,nan,1.0,0.9728049999998218,0.4,0.033818554
154,5474,0.5990389133540389,1,nan,0.9714285714285714,0.9726299999998207,0.4,0.03445125
155,5502,0.6568495086175151,1,nan,1.0,0.9724899999998198,0.4,0.033597
156,5530,0.6567111426504846,1,nan,0.9642857142857143,0.9723499999998189,0.4,0.033838768
157,5558,0.6574253707420412,1,nan,1.0,0.9722099999998179,0.4,0.03347114
158,5586,0.6569058241513978,1,nan,1.0,0.972069999999817,0.4,0.033581067
159,5614,0.6578148348325467,1,nan,1.0,0.9719299999998161,0.4,0.033859827
160,5674,0.3226754055288884,0,nan,0.9833333333333333,0.9716299999998141,0.4,0.031398915
161,5734,0.2631989120751481,0,nan,0.9833333333333333,0.9713299999998122,0.4,0.039086606
162,5762,0.6574286730972818,1,nan,1.0,0.9711899999998113,0.4,0.03348079
163,5791,0.6659186003316662,1,nan,0.9310344827586207,0.9710449999998103,0.4,0.03273149
164,5819,0.6596744734765375,1,nan,0.9642857142857143,0.9709049999998094,0.4,0.03403943
165,5914,-0.12839783574822816,0,nan,0.9789473684210527,0.9704299999998063,0.4,0.034724995
166,5942,0.6573104528690996,1,nan,1.0,0.9702899999998054,0.4,0.033267416
167,5999,0.3674971719880461,0,nan,0.9824561403508771,0.9700049999998035,0.4,0.033103105
168,6027,0.6575800921969196,1,nan,1.0,0.9698649999998026,0.4,0.033674713
169,6090,0.2611994308309442,0,nan,0.9841269841269841,0.9695499999998005,0.4,0.035431676
170,6148,0.2907856709572564,0,nan,0.9310344827586207,0.9692599999997986,0.4,0.03551528
171,6176,0.65703102705764,1,nan,1.0,0.9691199999997977,0.4,0.033530895
172,6204,0.6572302425202361,1,nan,1.0,0.9689799999997968,0.4,0.033907916
173,6232,0.6571956479124903,1,nan,1.0,0.9688399999997959,0.4,0.033666443
174,6260,0.6552201007866804,1,nan,0.9285714285714286,0.968699999999795,0.4,0.0333531
175,6288,0.6568244486668289,1,nan,1.0,0.968559999999794,0.4,0.03364791
176,6316,0.6566423154882426,1,nan,1.0,0.9684199999997931,0.4,0.033538487
177,6347,0.6340116890860533,1,nan,0.9354838709677419,0.9682649999997921,0.4,0.030713135
178,6375,0.6580560258617261,1,nan,0.9642857142857143,0.9681249999997912,0.4,0.033345733
179,6403,0.656865148851639,1,nan,1.0,0.9679849999997903,0.4,0.033647563
180,6431,0.6575016528640506,1,0.99,1.0,0.9678449999997893,0.4,0.033616032
181,6459,0.6569302378254087,1,nan,1.0,0.9677049999997884,0.4,0.033433113
182,6487,0.6432033889386215,1,nan,0.9285714285714286,0.9675649999997875,0.4,0.0344955
183,6517,0.6370188779926029,1,nan,0.9333333333333333,0.9674149999997865,0.4,0.031477883
184,6545,0.6571203559076435,1,nan,1.0,0.9672749999997856,0.4,0.033599123
185,6573,0.6567792639742396,1,nan,1.0,0.9671349999997847,0.4,0.033563558
186,6601,0.6568938475820942,1,nan,1.0,0.9669949999997838,0.4,0.03360946
187,6630,0.6563285852822516,1,nan,0.9655172413793104,0.9668499999997828,0.4,0.031957794
188,6658,0.6570698913706348,1,nan,1.0,0.9667099999997819,0.4,0.033621967
189,6721,0.25996542765533415,0,nan,0.9682539682539683,0.9663949999997798,0.4,0.042162903
190,6749,0.6571836479510872,1,nan,1.0,0.9662549999997789,0.4,0.033611592
191,6777,0.6569871762061126,1,nan,0.9642857142857143,0.966114999999778,0.4,0.03371263
192,6805,0.6581960385452528,1,nan,0.9642857142857143,0.9659749999997771,0.4,0.03367844
193,6833,0.6572513056800191,1,nan,0.9642857142857143,0.9658349999997762,0.4,0.03344732
194,6861,0.6573758810938342,1,nan,1.0,0.9656949999997753,0.4,0.033702534
195,6889,0.6569315145559387,1,nan,1.0,0.9655549999997743,0.4,0.033493377
196,6917,0.6573169152996037,1,nan,0.9642857142857143,0.9654149999997734,0.4,0.033532694
197,6945,0.6542321389515651,1,nan,0.9642857142857143,0.9652749999997725,0.4,0.033938058
198,6973,0.657636583869562,1,nan,1.0,0.9651349999997716,0.4,0.033635195
199,7001,0.6558802771476924,1,nan,0.9642857142857143,0.9649949999997707,0.4,0.034263182
200,7029,0.6574574977362997,1,nan,1.0,0.9648549999997698,0.4,0.03348225
201,7056,0.6704690319851261,1,nan,0.9259259259259259,0.9647199999997689,0.4,0.03485188
202,7084,0.6565942920049757,1,nan,1.0,0.964579999999768,0.4,0.033591826
203,7112,0.7028166959550162,1,nan,0.9642857142857143,0.964439999999767,0.4,0.0314445
204,7140,0.6579205570725755,1,nan,1.0,0.9642999999997661,0.4,0.033695664
205,7168,0.6569131620667147,1,nan,1.0,0.9641599999997652,0.4,0.033770602
206,7196,0.6514903133785105,1,nan,0.9285714285714286,0.9640199999997643,0.4,0.03275472
207,7224,0.6566435608497679,1,nan,1.0,0.9638799999997634,0.4,0.033726864
208,7374,-1.7864955272292304,0,nan,0.9533333333333334,0.9631299999997585,0.4,0.056447517
209,7402,0.6591456914764819,1,nan,0.9642857142857143,0.9629899999997575,0.4,0.032850698
210,7430,0.6574693113936568,1,1.0,1.0,0.9628499999997566,0.4,0.03360835
211,7580,-1.6777519765164404,0,nan,0.9933333333333333,0.9620999999997517,0.4,0.04755954
212,7608,0.6571493482289464,1,nan,1.0,0.9619599999997508,0.4,0.033431623
213,7637,0.6558528154365377,1,nan,0.9655172413793104,0.9618149999997498,0.4,0.03220589
214,7701,0.23774440817440667,0,nan,0.984375,0.9614949999997477,0.4,0.032402795
215,7812,-0.38544118458370646,0,nan,0.972972972972973,0.9609399999997441,0.4,0.043821394
216,7840,0.6576660203638802,1,nan,1.0,0.9607999999997432,0.4,0.03354485
217,7868,0.6576877495272184,1,nan,1.0,0.9606599999997423,0.4,0.03386872
218,7896,0.6573965855566029,1,nan,1.0,0.9605199999997414,0.4,0.033972513
219,7924,0.6573773553708584,1,nan,1.0,0.9603799999997404,0.4,0.033810664
220,7952,0.6572429812705094,1,nan,0.9642857142857143,0.9602399999997395,0.4,0.033446487
221,7980,0.656744546276596,1,nan,1.0,0.9600999999997386,0.4,0.033718027
222,8008,0.6576302424217473,1,nan,1.0,0.9599599999997377,0.4,0.03371582
223,8038,0.6272549780874694,1,nan,0.9666666666666667,0.9598099999997367,0.4,0.03122692
224,8098,0.27993209551127773,0,nan,0.9666666666666667,0.9595099999997347,0.4,0.03284386
225,8126,0.6580345708463271,1,nan,1.0,0.9593699999997338,0.4,0.033626087
226,8154,0.6575185835017823,1,nan,1.0,0.9592299999997329,0.4,0.033568915
227,8183,0.6498667838009762,1,nan,0.9310344827586207,0.959084999999732,0.4,0.031867065
228,8333,-1.6629852038149708,0,nan,0.98,0.958334999999727,0.4,0.050217245
229,8362,0.6444735937701842,1,nan,0.9310344827586207,0.9581899999997261,0.4,0.032099646
230,8390,0.6558427572949783,1,nan,0.9642857142857143,0.9580499999997252,0.4,0.03339452
231,8418,0.6575029859160445,1,nan,1.0,0.9579099999997243,0.4,0.03343638
232,8568,-1.7401537985650686,0,nan,0.9533333333333334,0.9571599999997193,0.4,0.04759248
233,8596,0.6570295865261776,1,nan,1.0,0.9570199999997184,0.4,0.033739574
234,8624,0.6569848814568922,1,nan,1.0,0.9568799999997175,0.4,0.03377121
235,8652,0.6574473710981619,1,nan,0.9642857142857143,0.9567399999997166,0.4,0.034232166
236,8682,0.6275775792065161,1,nan,0.9666666666666667,0.9565899999997156,0.4,0.03102519
237,8710,0.6482555246322246,1,nan,0.9642857142857143,0.9564499999997147,0.4,0.03322354
238,8738,0.6581935874813043,1,nan,1.0,0.9563099999997138,0.4,0.034028083
239,8766,0.6567833284360756,1,nan,0.9285714285714286,0.9561699999997129,0.4,0.032409485
240,8820,0.3624799173265625,0,0.0,0.9814814814814815,0.9558999999997111,0.4,0.030402757
241,8848,0.6536271593684618,1,nan,0.9642857142857143,0.9557599999997102,0.4,0.034628965
242,8908,0.2849902928772726,0,nan,0.9666666666666667,0.9554599999997082,0.4,0.038794156
243,8964,0.3179207061200514,0,nan,0.9821428571428571,0.9551799999997064,0.4,0.03509966
244,8992,0.6602943583381422,1,nan,0.9642857142857143,0.9550399999997055,0.4,0.03365395
245,9020,0.6575293171141696,1,nan,1.0,0.9548999999997045,0.4,0.033844452
246,9048,0.6575136249251072,1,nan,0.9642857142857143,0.9547599999997036,0.4,0.033811543
247,9077,0.6405609238134212,1,nan,0.9655172413793104,0.9546149999997027,0.4,0.033468258
248,9105,0.6567447339254464,1,nan,0.9642857142857143,0.9544749999997018,0.4,0.03444969
249,9162,0.35545904571372167,0,nan,1.0,0.9541899999996999,0.4,0.035794046
250,9190,0.6576918008602491,1,nan,0.9642857142857143,0.954049999999699,0.4,0.033716146
251,9218,0.6514284613132756,1,nan,0.8928571428571429,0.953909999999698,0.4,0.03311294
252,9246,0.6570876665866596,1,nan,1.0,0.9537699999996971,0.4,0.0334582
253,9274,0.6844596132050382,1,nan,0.8928571428571429,0.9536299999996962,0.4,0.031244459
254,9302,0.6566661031326981,1,nan,0.9642857142857143,0.9534899999996953,0.4,0.03249002
255,9330,0.6575736066904098,1,nan,1.0,0.9533499999996944,0.4,0.033668853
256,9358,0.6576016901956739,1,nan,0.9642857142857143,0.9532099999996935,0.4,0.03349867
257,9386,0.6584074427386404,1,nan,0.9642857142857143,0.9530699999996926,0.4,0.033436183
258,9414,0.657457366829128,1,nan,1.0,0.9529299999996916,0.4,0.0335236
259,9442,0.651611199603098,1,nan,0.9285714285714286,0.9527899999996907,0.4,0.03250174
260,9470,0.6568231635376847,1,nan,1.0,0.9526499999996898,0.4,0.0335209
261,9499,0.6617241683130796,1,nan,0.9310344827586207,0.9525049999996889,0.4,0.03203228
262,9527,0.6567870452644389,1,nan,1.0,0.9523649999996879,0.4,0.0336144
263,9555,0.6627476181058115,1,nan,0.9285714285714286,0.952224999999687,0.4,0.034798175
264,9705,-1.7712204926881736,0,nan,0.9733333333333334,0.9514749999996821,0.4,0.04889978
265,9733,0.6594561497174303,1,nan,0.9642857142857143,0.9513349999996812,0.4,0.03251731
266,9765,0.652372408921577,1,nan,0.875,0.9511749999996801,0.4,0.031699598
267,9793,0.6635603077874552,1,nan,0.9285714285714286,0.9510349999996792,0.4,0.0344165
268,9822,0.6603017693782216,1,nan,0.9310344827586207,0.9508899999996783,0.4,0.032183614
269,9850,0.6591993011736459,1,nan,0.9642857142857143,0.9507499999996774,0.4,0.034342118
270,9913,0.2594215050404728,0,0.9,0.9523809523809523,0.9504349999996753,0.4,0.030863404
271,9941,0.6563779906584644,1,nan,0.8928571428571429,0.9502949999996744,0.4,0.03371924
272,9969,0.6570996275712596,1,nan,1.0,0.9501549999996735,0.4,0.033651765
273,10119,-1.7091451969041538,0,nan,0.9466666666666667,0.9494049999996685,0.4,0.056128465
274,10147,0.6577188528784175,1,nan,1.0,0.9492649999996676,0.4,0.03374022
275,10176,0.6594631116134654,1,nan,0.8620689655172413,0.9491199999996667,0.4,0.032298293
276,10204,0.6587539993494685,1,nan,0.9642857142857143,0.9489799999996658,0.4,0.033626262
277,10233,0.6542746144469449,1,nan,0.9310344827586207,0.9488349999996648,0.4,0.032124337
278,10261,0.6573846780479096,1,nan,0.9642857142857143,0.9486949999996639,0.4,0.033697497
279,10290,0.6546042482780234,1,nan,0.9655172413793104,0.9485499999996629,0.4,0.032194458
280,10318,0.6552590741968733,1,nan,0.9642857142857143,0.948409999999662,0.4,0.033761404
281,10346,0.6577982966942453,1,nan,0.9642857142857143,0.9482699999996611,0.4,0.03374647
282,10374,0.6609168391987916,1,nan,0.9642857142857143,0.9481299999996602,0.4,0.034108073
283,10402,0.6580475891650421,1,nan,0.9642857142857143,0.9479899999996593,0.4,0.033428676
284,10552,-1.7550305184314765,0,nan,0.94,0.9472399999996544,0.4,0.050739616
285,10580,0.6625210064053029,1,nan,0.9642857142857143,0.9470999999996534,0.4,0.031815585
286,10608,0.64529514192112,1,nan,0.9642857142857143,0.9469599999996525,0.4,0.033580113
287,10636,0.6485148181541058,1,nan,0.9642857142857143,0.9468199999996516,0.4,0.033957794
288,10664,0.6568885123553657,1,nan,1.0,0.9466799999996507,0.4,0.03370072
289,10692,0.657356776390708,1,nan,1.0,0.9465399999996498,0.4,0.033678453
290,10720,0.6573791571719587,1,nan,0.9642857142857143,0.9463999999996489,0.4,0.03357767
291,10748,0.6464582039937701,1,nan,0.9642857142857143,0.9462599999996479,0.4,0.0337264
292,10783,0.5845428829853461,1,nan,0.9142857142857143,0.9460849999996468,0.4,0.040216602
293,10835,0.3826539779054765,0,nan,0.9230769230769231,0.9458249999996451,0.4,0.03438383
294,10985,-1.6687721409200393,0,nan,0.98,0.9450749999996402,0.4,0.053932972
295,11013,0.6530346671400037,1,nan,0.9642857142857143,0.9449349999996393,0.4,0.03534035
296,11072,0.27547538027061835,0,nan,1.0,0.9446399999996373,0.4,0.03676855
297,11100,0.6396417138175858,1,nan,0.9642857142857143,0.9444999999996364,0.4,0.03512733
298,11156,0.3212190627645811,0,nan,0.9642857142857143,0.9442199999996346,0.4,0.036982775
299,11184,0.6468381481679786,1,nan,0.9642857142857143,0.9440799999996337,0.4,0.0346296
300,11212,0.6574479272137556,1,0.0,1.0,0.9439399999996327,0.4,0.03347566
301,11362,-1.673474826958964,0,nan,0.9466666666666667,0.9431899999996278,0.4,0.04888372
302,11390,0.6574664270026866,1,nan,1.0,0.9430499999996269,0.4,0.0336407
303,11448,0.33508012526906394,0,nan,0.9310344827586207,0.942759999999625,0.4,0.03533761
304,11476,0.6572959035561196,1,nan,0.9642857142857143,0.9426199999996241,0.4,0.033522505
305,11504,0.6585619369755317,1,nan,0.9642857142857143,0.9424799999996232,0.4,0.03344562
306,11565,0.3303618762710929,0,nan,1.0,0.9421749999996212,0.4,0.030176882
307,11593,0.6685109332569014,1,nan,0.9285714285714286,0.9420349999996203,0.4,0.033284295
308,11621,0.6593626392610998,1,nan,0.9285714285714286,0.9418949999996193,0.4,0.03360364
309,11649,0.6529710548609755,1,nan,0.9642857142857143,0.9417549999996184,0.4,0.034266885
310,11677,0.6569047789714352,1,nan,1.0,0.9416149999996175,0.4,0.03359923
311,11712,0.5514869114024652,1,nan,0.9428571428571428,0.9414399999996164,0.4,0.03311035
312,11740,0.6584963356529352,1,nan,0.9642857142857143,0.9412999999996154,0.4,0.03378613
313,11768,0.66038092017318,1,nan,0.9642857142857143,0.9411599999996145,0.4,0.033825573
314,11796,0.6576780261840732,1,nan,1.0,0.9410199999996136,0.4,0.03371247
315,11824,0.6573923928572312,1,nan,1.0,0.9408799999996127,0.4,0.033579245
316,11857,0.578196916399512,1,nan,0.9393939393939394,0.9407149999996116,0.4,0.034192134
317,11885,0.6602325265030247,1,nan,0.9285714285714286,0.9405749999996107,0.4,0.0331051
318,11913,0.6564322508218705,1,nan,1.0,0.9404349999996098,0.4,0.033626378
319,11941,0.6568170878402104,1,nan,1.0,0.9402949999996089,0.4,0.033828687
320,11970,0.6480578013852705,1,nan,0.9655172413793104,0.9401499999996079,0.4,0.03255575
321,11999,0.647238763678865,1,nan,0.896551724137931,0.940004999999607,0.4,0.03474849
322,12056,0.3340855957354406,0,nan,0.9473684210526315,0.9397199999996051,0.4,0.03656166
323,12084,0.6575529233883696,1,nan,1.0,0.9395799999996042,0.4,0.03342635
324,12138,0.4226942982099132,0,nan,0.9444444444444444,0.9393099999996024,0.4,0.029975059
325,12166,0.6562649201301196,1,nan,0.9642857142857143,0.9391699999996015,0.4,0.033521038
326,12194,0.6573200078727591,1,nan,1.0,0.9390299999996006,0.4,0.033691235
327,12222,0.6674072175655785,1,nan,0.9285714285714286,0.9388899999995997,0.4,0.03232638
328,12250,0.6577941446129072,1,nan,1.0,0.9387499999995987,0.4,0.03401856
329,12278,0.6576061107713617,1,nan,1.0,0.9386099999995978,0.4,0.03342981
330,12306,0.6781342945787725,1,0.0,0.9285714285714286,0.9384699999995969,0.4,0.033423092
331,12335,0.6594583219238883,1,nan,0.9655172413793104,0.938324999999596,0.4,0.031967763
332,12363,0.6557734456259643,1,nan,0.9642857142857143,0.938184999999595,0.4,0.033502735
333,12391,0.6576224816912521,1,nan,1.0,0.9380449999995941,0.4,0.03365033
334,12420,0.6433538400083948,1,nan,0.9655172413793104,0.9378999999995932,0.4,0.03244879
335,12448,0.656779360687999,1,nan,0.9642857142857143,0.9377599999995923,0.4,0.033436187
336,12505,0.3398854587337281,0,nan,0.9649122807017544,0.9374749999995904,0.4,0.03780882
337,12533,0.6576139925011013,1,nan,0.9642857142857143,0.9373349999995895,0.4,0.033484507
338,12597,0.20304497502783236,0,nan,0.953125,0.9370149999995874,0.4,0.03200279
339,12625,0.6569493628123394,1,nan,0.9285714285714286,0.9368749999995865,0.4,0.033403166
340,12653,0.6574218003121947,1,nan,0.9642857142857143,0.9367349999995855,0.4,0.03355826
341,12681,0.6500657317437833,1,nan,0.9642857142857143,0.9365949999995846,0.4,0.03281842
342,12710,0.6253509969547009,1,nan,0.9655172413793104,0.9364499999995837,0.4,0.03588983
343,12738,0.6419914283651562,1,nan,0.9285714285714286,0.9363099999995828,0.4,0.033024814
344,12766,0.6574224310864233,1,nan,0.9642857142857143,0.9361699999995818,0.4,0.033470865
345,12794,0.6596024695986413,1,nan,0.9285714285714286,0.9360299999995809,0.4,0.034605768
346,12823,0.6526994481096547,1,nan,0.9310344827586207,0.93588499999958,0.4,0.03183618
347,12851,0.6565495052998593,1,nan,1.0,0.935744999999579,0.4,0.033686914
348,12879,0.6574835637674965,1,nan,1.0,0.9356049999995781,0.4,0.03350327
349,12907,0.6568597215580559,1,nan,1.0,0.9354649999995772,0.4,0.033434104
350,12935,0.6570448605693948,1,nan,1.0,0.9353249999995763,0.4,0.0337063
351,12963,0.6566687203250536,1,nan,1.0,0.9351849999995754,0.4,0.033781853
352,12993,0.6365988890752777,1,nan,0.9666666666666667,0.9350349999995744,0.4,0.0317667
353,13021,0.6599627248083192,1,nan,0.9642857142857143,0.9348949999995735,0.4,0.03436875
354,13049,0.6577359225238821,1,nan,1.0,0.9347549999995726,0.4,0.033654846
355,13077,0.6725815914372554,1,nan,0.8928571428571429,0.9346149999995716,0.4,0.03223192
356,13115,-0.47005690459933896,0,nan,0.9473684210526315,0.9344199999995704,0.4,0.046963472
357,13144,0.6479142994004987,1,nan,0.9655172413793104,0.9342749999995694,0.4,0.03194697
358,13172,0.6713596434282292,1,nan,0.9285714285714286,0.9341349999995685,0.4,0.03263079
359,13200,0.6485912923473531,1,nan,0.9285714285714286,0.9339949999995676,0.4,0.033663377
360,13229,0.6458033462156203,1,0.92,0.896551724137931,0.9338499999995666,0.4,0.032292448
361,13257,0.6573662239547728,1,nan,1.0,0.9337099999995657,0.4,0.03381176
362,13285,0.6569908666868294,1,nan,1.0,0.9335699999995648,0.4,0.033737358
363,13313,0.6573798677775369,1,nan,1.0,0.9334299999995639,0.4,0.033442467
364,13341,0.6502919876883027,1,nan,0.9285714285714286,0.933289999999563,0.4,0.032887306
365,13369,0.6574536168179054,1,nan,1.0,0.933149999999562,0.4,0.03377728
366,13397,0.6575097672117232,1,nan,0.9642857142857143,0.9330099999995611,0.4,0.033766083
367,13425,0.6575531433065507,1,nan,1.0,0.9328699999995602,0.4,0.03379316
368,13453,0.6545251047468769,1,nan,0.8928571428571429,0.9327299999995593,0.4,0.033782255
369,13481,0.6463509130241416,1,nan,0.8571428571428571,0.9325899999995584,0.4,0.034382287
370,13509,0.6566140819843831,1,nan,1.0,0.9324499999995575,0.4,0.03354432
371,13659,-1.7255808254598017,0,nan,0.94,0.9316999999995526,0.4,0.050927036
372,13809,-1.7890562571962858,0,nan,0.9533333333333334,0.9309499999995476,0.4,0.09540377
373,13837,0.6571070610174032,1,nan,0.9285714285714286,0.9308099999995467,0.4,0.033779267
374,13865,0.6602009856824894,1,nan,0.9285714285714286,0.9306699999995458,0.4,0.03297871
375,13922,0.37912575497468604,0,nan,0.9122807017543859,0.9303849999995439,0.4,0.031764228
376,13950,0.6579196823748045,1,nan,1.0,0.930244999999543,0.4,0.033531826
377,13978,0.6576984807678419,1,nan,0.9642857142857143,0.9301049999995421,0.4,0.033606354
378,14033,0.33084088787212107,0,nan,0.9636363636363636,0.9298299999995403,0.4,0.031405378
379,14061,0.6495929062417309,1,nan,0.8928571428571429,0.9296899999995394,0.4,0.03325009
380,14089,0.6583292636291662,1,nan,0.9642857142857143,0.9295499999995385,0.4,0.033970583
381,14117,0.6538990464343848,1,nan,0.8571428571428571,0.9294099999995376,0.4,0.033997044
382,14267,-1.8167783000901538,0,nan,0.9733333333333334,0.9286599999995326,0.4,0.041794315
383,14295,0.6584821496577742,1,nan,0.9642857142857143,0.9285199999995317,0.4,0.033607885
384,14323,0.6592104205355334,1,nan,0.9642857142857143,0.9283799999995308,0.4,0.03200453
385,14473,-1.7091360608996409,0,nan,0.9466666666666667,0.9276299999995259,0.4,0.051701397
386,14501,0.6493610856079002,1,nan,0.9285714285714286,0.927489999999525,0.4,0.03476312
387,14529,0.6606129563757774,1,nan,0.8571428571428571,0.927349999999524,0.4,0.033882633
388,14557,0.6558102244914593,1,nan,0.9285714285714286,0.9272099999995231,0.4,0.03360697
389,14585,0.6575991641422572,1,nan,1.0,0.9270699999995222,0.4,0.033546183
390,14613,0.6576729839920608,1,0.96,0.9642857142857143,0.9269299999995213,0.4,0.033621617
391,14641,0.6598233766034229,1,nan,0.8928571428571429,0.9267899999995204,0.4,0.03250218
392,14669,0.6605847356482476,1,nan,0.9285714285714286,0.9266499999995195,0.4,0.032812785
393,14697,0.6555370216123134,1,nan,0.9285714285714286,0.9265099999995186,0.4,0.033598136
394,14726,0.6481805795290179,1,nan,0.9310344827586207,0.9263649999995176,0.4,0.032225262
395,14876,-1.7183034512190587,0,nan,0.9266666666666666,0.9256149999995127,0.4,0.05492042
396,14905,0.654930735488101,1,nan,0.9310344827586207,0.9254699999995117,0.4,0.0321015
397,14933,0.6582091032370552,1,nan,0.9642857142857143,0.9253299999995108,0.4,0.033329062
398,14961,0.6593931905810329,1,nan,0.9285714285714286,0.9251899999995099,0.4,0.03421316
399,14989,0.6569955671629913,1,nan,1.0,0.925049999999509,0.4,0.03362247
400,15139,-1.7020212030297839,0,nan,0.9466666666666667,0.9242999999995041,0.4,0.057685267
401,15167,0.652891526915623,1,nan,0.9642857142857143,0.9241599999995032,0.4,0.034043174
402,15195,0.6669616087566005,1,nan,0.8571428571428571,0.9240199999995022,0.4,0.032843344
403,15224,0.6531366612180627,1,nan,0.896551724137931,0.9238749999995013,0.4,0.032477126
404,15252,0.6571043152515056,1,nan,1.0,0.9237349999995004,0.4,0.033714682
405,15281,0.6602502614416257,1,nan,0.9310344827586207,0.9235899999994994,0.4,0.032631442
406,15309,0.6468933869675928,1,nan,0.9285714285714286,0.9234499999994985,0.4,0.033122756
407,15337,0.6581847442038615,1,nan,0.9642857142857143,0.9233099999994976,0.4,0.033821084
408,15366,0.6569608988178719,1,nan,0.9655172413793104,0.9231649999994966,0.4,0.032237984
409,15423,0.41381047318619346,0,nan,0.9122807017543859,0.9228799999994948,0.4,0.035107847
410,15451,0.6573436429999511,1,nan,1.0,0.9227399999994939,0.4,0.033627465
411,15479,0.6643759519819769,1,nan,0.9642857142857143,0.9225999999994929,0.4,0.032234967
412,15533,0.37947506703376244,0,nan,0.9259259259259259,0.9223299999994912,0.4,0.035609093
413,15562,0.6504775168117243,1,nan,0.9310344827586207,0.9221849999994902,0.4,0.03198924
414,15591,0.6595196011563909,1,nan,0.9310344827586207,0.9220399999994893,0.4,0.031816743
415,15619,0.6576820963465011,1,nan,0.9642857142857143,0.9218999999994884,0.4,0.033601042
416,15647,0.6576349223669176,1,nan,1.0,0.9217599999994874,0.4,0.03361681
417,15675,0.6480075135295416,1,nan,0.9642857142857143,0.9216199999994865,0.4,0.034467217
418,15703,0.6579479299075466,1,nan,1.0,0.9214799999994856,0.4,0.033597328
419,15731,0.6586943124168501,1,nan,0.9285714285714286,0.9213399999994847,0.4,0.03326501
420,15759,0.6574023137648457,1,1.0,1.0,0.9211999999994838,0.4,0.033605415
421,15787,0.6592310063686464,1,nan,0.9642857142857143,0.9210599999994828,0.4,0.03355385
422,15815,0.6573777308012622,1,nan,0.9285714285714286,0.9209199999994819,0.4,0.033944644
423,15843,0.660247712229044,1,nan,0.9642857142857143,0.920779999999481,0.4,0.0342226
424,15899,0.3383616571221185,0,nan,0.9464285714285714,0.9204999999994792,0.4,0.031442698
425,15928,0.6633550977021838,1,nan,0.9655172413793104,0.9203549999994782,0.4,0.032476287
426,15956,0.6586208998416967,1,nan,0.9285714285714286,0.9202149999994773,0.4,0.033515804
427,15985,0.6706530017345592,1,nan,0.8620689655172413,0.9200699999994764,0.4,0.03295202
428,16013,0.6564762805901727,1,nan,1.0,0.9199299999994754,0.4,0.03347685
429,16042,0.642945633643605,1,nan,0.896551724137931,0.9197849999994745,0.4,0.032313984
430,16070,0.6601079684829794,1,nan,0.9642857142857143,0.9196449999994736,0.4,0.03187596
431,16157,0.011990180487744584,0,nan,0.9425287356321839,0.9192099999994707,0.4,0.03302477
432,16185,0.6579006322436967,1,nan,1.0,0.9190699999994698,0.4,0.033535443
433,16213,0.6564230260068442,1,nan,0.9642857142857143,0.9189299999994689,0.4,0.032841295
434,16269,0.3148864462543065,0,nan,0.9107142857142857,0.9186499999994671,0.4,0.03517718
435,16297,0.6553576994485178,1,nan,0.9285714285714286,0.9185099999994661,0.4,0.033475745
436,16355,0.3227797609534334,0,nan,0.9827586206896551,0.9182199999994642,0.4,0.03447198
437,16383,0.6633979446293732,1,nan,0.9642857142857143,0.9180799999994633,0.4,0.035000853
438,16411,0.6821637288858633,1,nan,0.8928571428571429,0.9179399999994624,0.4,0.03153722
439,16439,0.655601645170883,1,nan,0.9285714285714286,0.9177999999994615,0.4,0.03189714
440,16467,0.6549298810287919,1,nan,0.9642857142857143,0.9176599999994606,0.4,0.033893295
441,16496,0.6573381613779283,1,nan,0.896551724137931,0.9175149999994596,0.4,0.03201197
442,16524,0.6551808847090883,1,nan,0.9285714285714286,0.9173749999994587,0.4,0.033561584
443,16552,0.6596696093048023,1,nan,0.9642857142857143,0.9172349999994578,0.4,0.034819152
444,16581,0.6888030414288914,1,nan,0.9655172413793104,0.9170899999994568,0.4,0.031247992
445,16609,0.657515841916357,1,nan,1.0,0.9169499999994559,0.4,0.03377704
446,16637,0.6572394343330488,1,nan,1.0,0.916809999999455,0.4,0.033779275
447,16666,0.665523557511263,1,nan,0.896551724137931,0.916664999999454,0.4,0.034135237
448,16694,0.6530410182151181,1,nan,0.8571428571428571,0.9165249999994531,0.4,0.03255249
449,16722,0.64744432523833,1,nan,0.9642857142857143,0.9163849999994522,0.4,0.034684423
450,16872,-1.8266417193821478,0,0.85,0.98,0.9156349999994473,0.4,0.0832764
451,16900,0.6546116344573183,1,nan,0.9285714285714286,0.9154949999994464,0.4,0.034121353
452,16928,0.6569286976163422,1,nan,1.0,0.9153549999994455,0.4,0.033602905
453,16956,0.6535494451602668,1,nan,0.9285714285714286,0.9152149999994446,0.4,0.033861045
454,16984,0.6551567203079756,1,nan,0.9642857142857143,0.9150749999994436,0.4,0.033571746
455,17012,0.6567911895857312,1,nan,1.0,0.9149349999994427,0.4,0.033549115
456,17070,0.28789078143178515,0,nan,0.8793103448275862,0.9146449999994408,0.4,0.036460195
457,17098,0.6490457154205146,1,nan,0.9285714285714286,0.9145049999994399,0.4,0.033801965
458,17126,0.6589801253707086,1,nan,0.9285714285714286,0.914364999999439,0.4,0.03367466
459,17154,0.657174428285157,1,nan,1.0,0.9142249999994381,0.4,0.03386084
460,17211,0.30797460305991464,0,nan,0.9122807017543859,0.9139399999994362,0.4,0.034963995
461,17239,0.6689225965221882,1,nan,0.9642857142857143,0.9137999999994353,0.4,0.03576414
462,17295,0.3617300346098621,0,nan,0.9107142857142857,0.9135199999994335,0.4,0.03069445
463,17324,0.6591457739672957,1,nan,0.9310344827586207,0.9133749999994325,0.4,0.032114238
464,17351,0.6506204018393944,1,nan,0.8518518518518519,0.9132399999994316,0.4,0.037544962
465,17408,0.304174988823534,0,nan,0.9649122807017544,0.9129549999994298,0.4,0.03323941
466,17436,0.6379992743125041,1,nan,0.9642857142857143,0.9128149999994288,0.4,0.03480654
467,17586,-1.715038550755386,0,nan,0.92,0.9120649999994239,0.4,0.04938765
468,17643,0.34088022172208265,0,nan,0.8947368421052632,0.911779999999422,0.4,0.03254339
469,17671,0.6385730011631578,1,nan,0.9642857142857143,0.9116399999994211,0.4,0.034466684
470,17699,0.6544762460761673,1,nan,0.8571428571428571,0.9114999999994202,0.4,0.033733446
471,17727,0.6445450948490992,1,nan,0.8214285714285714,0.9113599999994193,0.4,0.035422806
472,17794,0.20743526957715452,0,nan,0.9552238805970149,0.9110249999994171,0.4,0.032454688
473,17822,0.6419257486744598,1,nan,0.8571428571428571,0.9108849999994162,0.4,0.034636714
474,17850,0.6572688101211814,1,nan,1.0,0.9107449999994153,0.4,0.033535063
475,17878,0.6576695064922946,1,nan,1.0,0.9106049999994144,0.4,0.033530843
476,17906,0.6614760404984905,1,nan,0.9285714285714286,0.9104649999994134,0.4,0.03329918
477,17966,0.2664408491866894,0,nan,0.9666666666666667,0.9101649999994115,0.4,0.036314666
478,17994,0.6572237809036865,1,nan,0.9642857142857143,0.9100249999994106,0.4,0.032539204
479,18022,0.6571796718712801,1,nan,1.0,0.9098849999994096,0.4,0.033765536
480,18050,0.6570921832743762,1,1.0,1.0,0.9097449999994087,0.4,0.033635087
481,18078,0.6584546260527657,1,nan,0.9285714285714286,0.9096049999994078,0.4,0.03329005
482,18106,0.6574636515880564,1,nan,0.9642857142857143,0.9094649999994069,0.4,0.033611733
483,18134,0.6572142316556222,1,nan,0.8571428571428571,0.909324999999406,0.4,0.034080032
484,18162,0.6560255439398122,1,nan,0.9642857142857143,0.909184999999405,0.4,0.03338305
485,18190,0.6577888515488124,1,nan,1.0,0.9090449999994041,0.4,0.03378089
486,18219,0.6527884712171057,1,nan,0.9310344827586207,0.9088999999994032,0.4,0.03204415
487,18248,0.6632755823902599,1,nan,0.896551724137931,0.9087549999994022,0.4,0.03155305
488,18314,0.22824268254882518,0,nan,0.9545454545454546,0.9084249999994001,0.4,0.029699551
489,18342,0.6524886417954867,1,nan,0.9285714285714286,0.9082849999993992,0.4,0.033523735
490,18370,0.6526308483707544,1,nan,0.8928571428571429,0.9081449999993982,0.4,0.034615315
491,18398,0.6547530319915531,1,nan,0.8928571428571429,0.9080049999993973,0.4,0.03306245
492,18429,0.626781427397041,1,nan,0.967741935483871,0.9078499999993963,0.4,0.031081555
493,18457,0.6649768485689536,1,nan,0.8571428571428571,0.9077099999993954,0.4,0.031585086
494,18485,0.6581474109000894,1,nan,0.9285714285714286,0.9075699999993945,0.4,0.033495944
495,18635,-1.7851584678653705,0,nan,0.9266666666666666,0.9068199999993896,0.4,0.06828899
496,18785,-1.6187194402046494,0,nan,0.94,0.9060699999993846,0.4,0.047759186
497,18813,0.6616240544310483,1,nan,0.8928571428571429,0.9059299999993837,0.4,0.033091508
498,18841,0.6591241330153454,1,nan,0.9285714285714286,0.9057899999993828,0.4,0.033660028
499,18869,0.6566102924546746,1,nan,0.8928571428571429,0.9056499999993819,0.4,0.033064906
500,18897,0.6569317186601806,1,nan,1.0,0.905509999999381,0.4,0.033423323
501,18925,0.6572477777734884,1,nan,1.0,0.9053699999993801,0.4,0.033490725
502,19075,-1.797812440661412,0,nan,0.92,0.9046199999993751,0.4,0.054372247
503,19103,0.6695003805474254,1,nan,0.9285714285714286,0.9044799999993742,0.4,0.03204573
504,19134,0.6312537442446489,1,nan,0.9354838709677419,0.9043249999993732,0.4,0.031028137
505,19163,0.647234261454554,1,nan,0.9310344827586207,0.9041799999993723,0.4,0.032513503
506,19191,0.6517481130563428,1,nan,0.8571428571428571,0.9040399999993713,0.4,0.034148254
507,19219,0.6568516231329821,1,nan,0.9285714285714286,0.9038999999993704,0.4,0.033648323
508,19281,0.3288949345428902,0,nan,0.9516129032258065,0.9035899999993684,0.4,0.036159635
509,19341,0.30857754221368294,0,nan,0.9333333333333333,0.9032899999993664,0.4,0.033963468
510,19369,0.6660239520541293,1,0.88,0.8928571428571429,0.9031499999993655,0.4,0.033187296
511,19433,0.19789260484833493,0,nan,0.890625,0.9028299999993634,0.4,0.040362637
512,19461,0.6516614032049273,1,nan,0.9285714285714286,0.9026899999993625,0.4,0.033382695
513,19489,0.6575518942305487,1,nan,0.8928571428571429,0.9025499999993616,0.4,0.034034047
514,19517,0.6568317124408742,1,nan,1.0,0.9024099999993607,0.4,0.033882
515,19545,0.6575824042588192,1,nan,0.9642857142857143,0.9022699999993598,0.4,0.03358742
516,19573,0.6512290565096825,1,nan,0.9285714285714286,0.9021299999993588,0.4,0.033913963
517,19601,0.6501389118571013,1,nan,0.9642857142857143,0.9019899999993579,0.4,0.033936992
518,19664,0.2741975135368565,0,nan,0.8888888888888888,0.9016749999993559,0.4,0.03122872
519,19692,0.6596120916946584,1,nan,0.9642857142857143,0.9015349999993549,0.4,0.033302456
520,19842,-1.762742954276052,0,nan,0.9333333333333333,0.90078499999935,0.4,0.057856876
521,19870,0.6631225363478477,1,nan,0.8571428571428571,0.9006449999993491,0.4,0.033619504
522,19899,0.6446727490774264,1,nan,0.9655172413793104,0.9004999999993482,0.4,0.032499444
523,19928,0.662057106426652,1,nan,0.9310344827586207,0.9003549999993472,0.4,0.031765994
524,19958,0.639828564310938,1,nan,0.9,0.9002049999993462,0.4,0.030466713
525,19987,0.6428475824721926,1,nan,0.896551724137931,0.9000599999993453,0.4,0.037201177
526,20024,0.5436083028896039,1,nan,0.918918918918919,0.8998749999993441,0.4,0.034978785
527,20053,0.6591815400007142,1,nan,0.9655172413793104,0.8997299999993431,0.4,0.034285013
528,20083,0.6369232176546393,1,nan,0.9,0.8995799999993421,0.4,0.031760894
529,20112,0.645288519807214,1,nan,0.8620689655172413,0.8994349999993412,0.4,0.03126207
530,20140,0.6586158791076937,1,nan,0.9642857142857143,0.8992949999993403,0.4,0.03373683
531,20169,0.6436196609953578,1,nan,0.896551724137931,0.8991499999993393,0.4,0.035060693
532,20197,0.660664048454525,1,nan,0.9285714285714286,0.8990099999993384,0.4,0.032623533
533,20225,0.6561198039137057,1,nan,0.9642857142857143,0.8988699999993375,0.4,0.0341355
534,20277,0.3814499327499785,0,nan,0.9423076923076923,0.8986099999993358,0.4,0.030282764
535,20305,0.6600828663272411,1,nan,0.8928571428571429,0.8984699999993349,0.4,0.033726614
536,20334,0.6582053331689399,1,nan,0.9310344827586207,0.8983249999993339,0.4,0.032144476
537,20362,0.6545037322800987,1,nan,0.9285714285714286,0.898184999999333,0.4,0.032439705
538,20390,0.6724644415636147,1,nan,0.8571428571428571,0.8980449999993321,0.4,0.031768717
539,20448,0.33043230534876933,0,nan,0.9310344827586207,0.8977549999993302,0.4,0.03449365
540,20477,0.6652304395047157,1,0.81,0.8620689655172413,0.8976099999993292,0.4,0.033027433
541,20506,0.6575796463973184,1,nan,0.9310344827586207,0.8974649999993283,0.4,0.03397301
542,20534,0.6576962365720465,1,nan,0.9642857142857143,0.8973249999993274,0.4,0.033904977
543,20562,0.6545049860541212,1,nan,0.9642857142857143,0.8971849999993264,0.4,0.033102054
544,20712,-1.7038600923635556,0,nan,0.92,0.8964349999993215,0.4,0.05307203
545,20740,0.6664833621944402,1,nan,0.8928571428571429,0.8962949999993206,0.4,0.031957507
546,20768,0.6598435555206381,1,nan,0.9642857142857143,0.8961549999993197,0.4,0.032103807
547,20918,-1.6885260759933376,0,nan,0.9066666666666666,0.8954049999993148,0.4,0.046857674
548,21068,-1.7156151915752789,0,nan,0.9466666666666667,0.8946549999993099,0.4,0.050928857
549,21096,0.6703125469415461,1,nan,0.8928571428571429,0.894514999999309,0.4,0.032755934
550,21150,0.3682472082923861,0,nan,0.9629629629629629,0.8942449999993072,0.4,0.03370927
551,21178,0.6548220673738974,1,nan,0.8571428571428571,0.8941049999993063,0.4,0.034274988
552,21207,0.656490258907841,1,nan,0.8620689655172413,0.8939599999993053,0.4,0.034232024
553,21357,-1.6933692939128646,0,nan,0.9133333333333333,0.8932099999993004,0.4,0.052287366
554,21385,0.6527204708775527,1,nan,0.9285714285714286,0.8930699999992995,0.4,0.034004737
555,21413,0.6731882939645436,1,nan,0.8928571428571429,0.8929299999992986,0.4,0.032169413
556,21441,0.6630394070244487,1,nan,0.9642857142857143,0.8927899999992976,0.4,0.033381052
557,21469,0.6578973207362919,1,nan,1.0,0.8926499999992967,0.4,0.03345158
558,21497,0.6603345281705317,1,nan,0.8928571428571429,0.8925099999992958,0.4,0.033636916
559,21526,0.6499121353401748,1,nan,0.896551724137931,0.8923649999992949,0.4,0.031919952
560,21554,0.6558491189656541,1,nan,0.8928571428571429,0.8922249999992939,0.4,0.033636488
561,21589,0.5984399898678341,1,nan,0.9428571428571428,0.8920499999992928,0.4,0.03420053
562,21617,0.6631275763445592,1,nan,0.8928571428571429,0.8919099999992919,0.4,0.033785637
563,21647,0.6320719534218149,1,nan,0.8666666666666667,0.8917599999992909,0.4,0.037883822
564,21675,0.6600671676178207,1,nan,0.9642857142857143,0.89161999999929,0.4,0.033440724
565,21704,0.6514148085221654,1,nan,0.9655172413793104,0.891474999999289,0.4,0.032027572
566,21732,0.6589159552259098,1,nan,0.8928571428571429,0.8913349999992881,0.4,0.033944223
567,21760,0.6575133484933107,1,nan,1.0,0.8911949999992872,0.4,0.03357743
568,21788,0.6586260853346426,1,nan,0.9285714285714286,0.8910549999992863,0.4,0.034038957
569,21817,0.6580209531847998,1,nan,0.9655172413793104,0.8909099999992853,0.4,0.03407999
570,21967,-1.7574632058188522,0,0.04,0.94,0.8901599999992804,0.4,0.044981744
571,21997,0.6351537903324791,1,nan,0.8333333333333334,0.8900099999992794,0.4,0.034793008
572,22025,0.6534628628285235,1,nan,0.8571428571428571,0.8898699999992785,0.4,0.03316365
573,22053,0.6498606759461341,1,nan,0.8928571428571429,0.8897299999992776,0.4,0.034480404
574,22083,0.6249119963153338,1,nan,0.9333333333333333,0.8895799999992766,0.4,0.034470487
575,22233,-1.7493970446846276,0,nan,0.9333333333333333,0.8888299999992717,0.4,0.05326204
576,22262,0.655744897867722,1,nan,0.8620689655172413,0.8886849999992708,0.4,0.03534073
577,22290,0.6570938323853056,1,nan,0.8928571428571429,0.8885449999992698,0.4,0.033701554
578,22318,0.6576416478431797,1,nan,1.0,0.8884049999992689,0.4,0.033746816
579,22348,0.6360287491664551,1,nan,0.9,0.8882549999992679,0.4,0.032034714
580,22377,0.657682062132935,1,nan,0.9655172413793104,0.888109999999267,0.4,0.034265067
581,22405,0.6482315097295462,1,nan,0.8928571428571429,0.8879699999992661,0.4,0.034213915
582,22433,0.6611858225020615,1,nan,0.9642857142857143,0.8878299999992652,0.4,0.03347679
583,22461,0.6576081597777252,1,nan,1.0,0.8876899999992642,0.4,0.033739816
584,22489,0.6582734373892114,1,nan,0.9285714285714286,0.8875499999992633,0.4,0.033925395
585,22517,0.6505475014104496,1,nan,0.8928571428571429,0.8874099999992624,0.4,0.033524044
586,22586,0.16177009723738145,0,nan,0.855072463768116,0.8870649999992601,0.4,0.0352223
587,22614,0.6563674177317296,1,nan,1.0,0.8869249999992592,0.4,0.03359248
588,22642,0.6541314524046663,1,nan,0.9285714285714286,0.8867849999992583,0.4,0.033519905
589,22792,-1.6589049529149766,0,nan,0.9266666666666666,0.8860349999992534,0.4,0.04862236
590,22821,0.6406085595419428,1,nan,0.896551724137931,0.8858899999992524,0.4,0.033306085
591,22849,0.6621121254989052,1,nan,0.9285714285714286,0.8857499999992515,0.4,0.032718327
592,22877,0.6626423598622957,1,nan,0.9642857142857143,0.8856099999992506,0.4,0.03291973
593,22905,0.655533549899548,1,nan,0.9285714285714286,0.8854699999992497,0.4,0.032942344
594,22933,0.6581402588630438,1,nan,0.9285714285714286,0.8853299999992488,0.4,0.033255342
595,22986,0.3502246144296558,0,nan,0.8867924528301887,0.885064999999247,0.4,0.03535784
596,23016,0.6467269706576783,1,nan,0.9333333333333333,0.884914999999246,0.4,0.031965572
597,23044,0.653576924180922,1,nan,0.8214285714285714,0.8847749999992451,0.4,0.032460853
598,23073,0.6476414499498078,1,nan,0.8275862068965517,0.8846299999992442,0.4,0.03401084
599,23101,0.6531343675363434,1,nan,0.8928571428571429,0.8844899999992433,0.4,0.03233878
600,23161,0.2889808086992356,0,0.81,0.9666666666666667,0.8841899999992413,0.4,0.03322216
601,23189,0.6580468104782046,1,nan,0.8571428571428571,0.8840499999992404,0.4,0.03203657
602,23227,0.5397804679066343,1,nan,0.8947368421052632,0.8838599999992391,0.4,0.03244837
603,23255,0.651692678450593,1,nan,0.8928571428571429,0.8837199999992382,0.4,0.033977903
604,23311,0.3403693511253004,0,nan,0.9107142857142857,0.8834399999992364,0.4,0.03400827
605,23339,0.6538830290883817,1,nan,0.9285714285714286,0.8832999999992355,0.4,0.034058012
606,23367,0.6565632844905517,1,nan,0.9642857142857143,0.8831599999992346,0.4,0.03282958
607,23396,0.6431889640526318,1,nan,0.9310344827586207,0.8830149999992336,0.4,0.03486249
608,23425,0.6297739361706804,1,nan,0.8275862068965517,0.8828699999992327,0.4,0.036604293
609,23453,0.6664755002890113,1,nan,0.8571428571428571,0.8827299999992317,0.4,0.031991355
610,23482,0.6632282765685575,1,nan,0.8275862068965517,0.8825849999992308,0.4,0.03220674
611,23510,0.6537092580915431,1,nan,0.9285714285714286,0.8824449999992299,0.4,0.03401443
612,23538,0.6643262028520931,1,nan,0.8571428571428571,0.882304999999229,0.4,0.033076838
613,23566,0.6741587067363948,1,nan,0.8928571428571429,0.882164999999228,0.4,0.031338938
614,23594,0.6790838766116195,1,nan,0.8928571428571429,0.8820249999992271,0.4,0.031910893
615,23627,0.6093385738896293,1,nan,0.7272727272727273,0.881859999999226,0.4,0.031712573
616,23655,0.6616917847050818,1,nan,0.8214285714285714,0.8817199999992251,0.4,0.032421283
617,23683,0.6666117997733831,1,nan,0.9642857142857143,0.8815799999992242,0.4,0.032894824
618,23712,0.6339674137272653,1,nan,0.9310344827586207,0.8814349999992233,0.4,0.03386424
619,23740,0.6571652089785199,1,nan,0.9285714285714286,0.8812949999992223,0.4,0.034172647
620,23768,0.6466268745489698,1,nan,0.9285714285714286,0.8811549999992214,0.4,0.03321346
621,23797,0.6754197667419825,1,nan,0.7931034482758621,0.8810099999992205,0.4,0.03330664
622,23825,0.6646988863893674,1,nan,0.8571428571428571,0.8808699999992196,0.4,0.032137644
623,23853,0.6683820322069993,1,nan,0.8571428571428571,0.8807299999992186,0.4,0.032604635
624,23881,0.6549997308460498,1,nan,0.8214285714285714,0.8805899999992177,0.4,0.034397695
625,23952,0.15765007388635965,0,nan,0.9577464788732394,0.8802349999992154,0.4,0.033653125
626,23980,0.6585818111291177,1,nan,0.8214285714285714,0.8800949999992145,0.4,0.033112265
627,24008,0.6576111145186261,1,nan,0.8214285714285714,0.8799549999992136,0.4,0.033895023
628,24036,0.6514565569060546,1,nan,0.8571428571428571,0.8798149999992126,0.4,0.032536633
629,24135,-0.14776129119040704,0,nan,0.9797979797979798,0.8793199999992094,0.4,0.034642003
630,24163,0.6575216761190733,1,0.79,0.9285714285714286,0.8791799999992085,0.4,0.032973338
631,24191,0.6544535976105401,1,nan,0.9285714285714286,0.8790399999992076,0.4,0.03327262
632,24219,0.657816098639612,1,nan,1.0,0.8788999999992066,0.4,0.033668
633,24248,0.6558585106912856,1,nan,0.9310344827586207,0.8787549999992057,0.4,0.032185905
634,24276,0.6582357137037231,1,nan,0.9642857142857143,0.8786149999992048,0.4,0.03397665
635,24426,-1.7126778220044274,0,nan,0.9266666666666666,0.8778649999991999,0.4,0.053869303
636,24474,0.45149137257840843,0,nan,0.9375,0.8776249999991983,0.4,0.031123944
637,24502,0.6626939125057653,1,nan,0.9642857142857143,0.8774849999991974,0.4,0.033251934
638,24530,0.6582510277289215,1,nan,0.9285714285714286,0.8773449999991965,0.4,0.03352555
639,24558,0.6693315473609104,1,nan,0.8571428571428571,0.8772049999991955,0.4,0.033672277
640,24586,0.651281733070682,1,nan,0.9285714285714286,0.8770649999991946,0.4,0.033188205
641,24614,0.6581873644013536,1,nan,0.9285714285714286,0.8769249999991937,0.4,0.03341693
642,24642,0.6588980555077486,1,nan,0.7857142857142857,0.8767849999991928,0.4,0.033445407
643,24703,0.2672011986371259,0,nan,0.9344262295081968,0.8764799999991908,0.4,0.031766888
644,24731,0.6581282959387293,1,nan,0.9642857142857143,0.8763399999991899,0.4,0.033552263
645,24792,0.2936109781370626,0,nan,0.9672131147540983,0.8760349999991879,0.4,0.034513738
646,24822,0.6298679521443458,1,nan,0.8666666666666667,0.8758849999991869,0.4,0.03360059
647,24850,0.6592077354513615,1,nan,0.8571428571428571,0.875744999999186,0.4,0.032022413
648,24878,0.6502939017077936,1,nan,0.8571428571428571,0.8756049999991851,0.4,0.03547674
649,24938,0.2847533426019878,0,nan,0.95,0.8753049999991831,0.4,0.03113547
650,24966,0.6482855216146646,1,nan,0.9285714285714286,0.8751649999991822,0.4,0.035060868
651,24995,0.6451638300542032,1,nan,0.9310344827586207,0.8750199999991812,0.4,0.032386623
652,25023,0.6509382654897344,1,nan,0.9285714285714286,0.8748799999991803,0.4,0.033053745
653,25052,0.647757460689844,1,nan,0.8620689655172413,0.8747349999991794,0.4,0.032202046
654,25080,0.6622483913313231,1,nan,0.8571428571428571,0.8745949999991784,0.4,0.03367589
655,25108,0.6499718419642146,1,nan,0.9642857142857143,0.8744549999991775,0.4,0.03304081
656,25258,-1.77823751550065,0,nan,0.9066666666666666,0.8737049999991726,0.4,0.061383806
657,25286,0.655547065692211,1,nan,0.9642857142857143,0.8735649999991717,0.4,0.033496685
658,25314,0.6551808080236442,1,nan,0.9642857142857143,0.8734249999991708,0.4,0.03383176
659,25346,0.6396087197560981,1,nan,0.84375,0.8732649999991697,0.4,0.035080407
660,25374,0.6572913350867527,1,1.0,1.0,0.8731249999991688,0.4,0.03380887
661,25402,0.6517751700066614,1,nan,0.8928571428571429,0.8729849999991679,0.4,0.03307949
662,25430,0.6554890319645437,1,nan,0.8928571428571429,0.872844999999167,0.4,0.03325368
663,25458,0.6604299863520193,1,nan,0.8928571428571429,0.8727049999991661,0.4,0.032877896
664,25487,0.6640142587340014,1,nan,0.896551724137931,0.8725599999991651,0.4,0.032035396
665,25519,0.633080117107287,1,nan,0.875,0.8723999999991641,0.4,0.033851713
666,25547,0.6550013914973023,1,nan,0.8928571428571429,0.8722599999991631,0.4,0.03398464
667,25584,0.5375865671270152,1,nan,0.8108108108108109,0.8720749999991619,0.4,0.032323286
668,25619,0.571342603600937,1,nan,0.8285714285714286,0.8718999999991608,0.4,0.031179339
669,25648,0.6473433602956893,1,nan,0.8620689655172413,0.8717549999991598,0.4,0.031787638
670,25676,0.6519908344337992,1,nan,0.8928571428571429,0.8716149999991589,0.4,0.033561204
671,25706,0.6492488986883187,1,nan,0.8666666666666667,0.8714649999991579,0.4,0.03155712
672,25734,0.6561198932803962,1,nan,0.8928571428571429,0.871324999999157,0.4,0.03392505
673,25762,0.6464710325414147,1,nan,0.8214285714285714,0.8711849999991561,0.4,0.03271053
674,25790,0.6552898587402202,1,nan,0.8571428571428571,0.8710449999991552,0.4,0.033776596
675,25818,0.646203351161223,1,nan,0.8214285714285714,0.8709049999991543,0.4,0.0341574
676,25846,0.663996470383384,1,nan,0.8928571428571429,0.8707649999991534,0.4,0.032656994
677,25874,0.6568127430960033,1,nan,1.0,0.8706249999991524,0.4,0.033592466
678,25906,0.6416901688689234,1,nan,0.90625,0.8704649999991514,0.4,0.032292273
679,25934,0.657030818959577,1,nan,1.0,0.8703249999991505,0.4,0.03357024
680,25962,0.6478868407787128,1,nan,0.8928571428571429,0.8701849999991496,0.4,0.0337963
681,25994,0.6103460699542382,1,nan,0.96875,0.8700249999991485,0.4,0.032500252
682,26022,0.6585860871302602,1,nan,0.9642857142857143,0.8698849999991476,0.4,0.03370441
683,26054,0.6450639801917335,1,nan,0.90625,0.8697249999991465,0.4,0.032886125
684,26083,0.6532411591991412,1,nan,0.9655172413793104,0.8695799999991456,0.4,0.033033296
685,26111,0.6556485703541577,1,nan,0.9285714285714286,0.8694399999991447,0.4,0.033290125
686,26139,0.6536426576831555,1,nan,0.9642857142857143,0.8692999999991438,0.4,0.031645156
687,26167,0.6561854273389076,1,nan,0.8214285714285714,0.8691599999991428,0.4,0.03366945
688,26196,0.6591054158097329,1,nan,0.9655172413793104,0.8690149999991419,0.4,0.03207882
689,26224,0.657066778319965,1,nan,0.9642857142857143,0.868874999999141,0.4,0.03386569
690,26252,0.6420647994449082,1,1.0,0.8571428571428571,0.8687349999991401,0.4,0.03409467
691,26280,0.6624013318087569,1,nan,0.8928571428571429,0.8685949999991391,0.4,0.033743773
692,26308,0.6542901588628806,1,nan,0.9642857142857143,0.8684549999991382,0.4,0.033203002
693,26336,0.660586872807392,1,nan,0.8928571428571429,0.8683149999991373,0.4,0.03238221
694,26364,0.6631762441231067,1,nan,0.8571428571428571,0.8681749999991364,0.4,0.033230577
695,26392,0.6627797694146671,1,nan,0.9285714285714286,0.8680349999991355,0.4,0.03275556
696,26420,0.6667566425330845,1,nan,0.8571428571428571,0.8678949999991346,0.4,0.033400647
697,26475,0.3280516849959083,0,nan,0.9454545454545454,0.8676199999991328,0.4,0.03598691
698,26503,0.6588843241920369,1,nan,0.9285714285714286,0.8674799999991318,0.4,0.033831514
699,26531,0.6605818400740417,1,nan,0.9285714285714286,0.8673399999991309,0.4,0.03401593
700,26561,0.6479650760201265,1,nan,0.9333333333333333,0.8671899999991299,0.4,0.032004923
701,26589,0.6606371451061526,1,nan,0.8571428571428571,0.867049999999129,0.4,0.03339886
702,26617,0.6638481669476645,1,nan,0.8571428571428571,0.8669099999991281,0.4,0.03243016
703,26645,0.6592439640190408,1,nan,0.9285714285714286,0.8667699999991272,0.4,0.033785168
704,26673,0.6532752958763073,1,nan,0.9285714285714286,0.8666299999991263,0.4,0.03326543
705,26701,0.6592963185525219,1,nan,0.9285714285714286,0.8664899999991253,0.4,0.032663535
706,26763,0.2503874750834191,0,nan,0.8709677419354839,0.8661799999991233,0.4,0.033623327
707,26793,0.6413319814514769,1,nan,0.8666666666666667,0.8660299999991223,0.4,0.031380527
708,26822,0.664829666643038,1,nan,0.9310344827586207,0.8658849999991214,0.4,0.03354607
709,26850,0.6734046546718703,1,nan,0.8214285714285714,0.8657449999991205,0.4,0.03329033
710,26878,0.660510850805617,1,nan,0.9285714285714286,0.8656049999991196,0.4,0.032727774
711,26906,0.6476482285421807,1,nan,0.9642857142857143,0.8654649999991186,0.4,0.034665965
712,26935,0.6472525156915265,1,nan,0.7241379310344828,0.8653199999991177,0.4,0.032193027
713,26964,0.6584384110178376,1,nan,0.896551724137931,0.8651749999991167,0.4,0.031653214
714,26992,0.6784936575896845,1,nan,0.9642857142857143,0.8650349999991158,0.4,0.032279156
715,27020,0.6571394214603212,1,nan,0.8928571428571429,0.8648949999991149,0.4,0.03292812
716,27049,0.6542493947287819,1,nan,0.896551724137931,0.864749999999114,0.4,0.033226196
717,27077,0.6547382191676703,1,nan,0.8928571428571429,0.864609999999113,0.4,0.033359997
718,27105,0.6606639719247971,1,nan,0.9285714285714286,0.8644699999991121,0.4,0.033811722
719,27133,0.6489936174208503,1,nan,0.8571428571428571,0.8643299999991112,0.4,0.03378866
720,27211,0.14516468638703717,0,1.0,0.9358974358974359,0.8639399999991086,0.4,0.03136579
721,27239,0.6614843362757242,1,nan,0.8214285714285714,0.8637999999991077,0.4,0.033557553
722,27267,0.6591240595365935,1,nan,0.7857142857142857,0.8636599999991068,0.4,0.033221647
723,27296,0.6516249541409308,1,nan,0.8275862068965517,0.8635149999991059,0.4,0.03235568
724,27324,0.666412836838403,1,nan,0.7857142857142857,0.8633749999991049,0.4,0.033234496
725,27352,0.6571772067357068,1,nan,0.9285714285714286,0.863234999999104,0.4,0.03408242
726,27382,0.6413984253801459,1,nan,0.7666666666666667,0.863084999999103,0.4,0.030962724
727,27410,0.6549995625932423,1,nan,0.9285714285714286,0.8629449999991021,0.4,0.03365201
728,27438,0.6545831733089273,1,nan,0.9642857142857143,0.8628049999991012,0.4,0.033376474
729,27466,0.6819441125758188,1,nan,0.8214285714285714,0.8626649999991003,0.4,0.032176144
730,27494,0.6735930164320996,1,nan,0.8928571428571429,0.8625249999990994,0.4,0.03208599
731,27572,-0.007660901317346869,0,nan,0.8974358974358975,0.8621349999990968,0.4,0.039868735
732,27600,0.6575017184654333,1,nan,0.8571428571428571,0.8619949999990959,0.4,0.033550803
733,27628,0.6666717244453291,1,nan,0.8928571428571429,0.861854999999095,0.4,0.032707788
734,27656,0.6615514602890373,1,nan,0.9285714285714286,0.8617149999990941,0.4,0.032611277
735,27684,0.6594980595532614,1,nan,0.8928571428571429,0.8615749999990931,0.4,0.03348615
736,27713,0.6626787174917901,1,nan,0.9310344827586207,0.8614299999990922,0.4,0.03257874
737,27741,0.657839986919964,1,nan,0.9285714285714286,0.8612899999990913,0.4,0.03324884
738,27770,0.6492205633785311,1,nan,0.896551724137931,0.8611449999990903,0.4,0.03170505
739,27798,0.6565310031455124,1,nan,0.75,0.8610049999990894,0.4,0.033011135
740,27948,-1.6954890665166986,0,nan,0.8933333333333333,0.8602549999990845,0.4,0.04727694
741,27977,0.662512821945099,1,nan,0.7931034482758621,0.8601099999990836,0.4,0.03243947
742,28005,0.6540264379168492,1,nan,0.8928571428571429,0.8599699999990826,0.4,0.033712734
743,28034,0.649508001229632,1,nan,0.9655172413793104,0.8598249999990817,0.4,0.032311197
744,28063,0.6541508036112806,1,nan,0.9310344827586207,0.8596799999990807,0.4,0.032516424
745,28091,0.669817533153654,1,nan,0.8928571428571429,0.8595399999990798,0.4,0.0316626
746,28119,0.658241134121117,1,nan,0.9285714285714286,0.8593999999990789,0.4,0.0323962
747,28147,0.6593038633471305,1,nan,0.9285714285714286,0.859259999999078,0.4,0.034030557
748,28175,0.6576613811985521,1,nan,0.9285714285714286,0.8591199999990771,0.4,0.033892404
749,28204,0.6688122812377606,1,nan,0.8275862068965517,0.8589749999990761,0.4,0.032141358
750,28232,0.6560875507367288,1,0.73,0.8928571428571429,0.8588349999990752,0.4,0.033731002
751,28261,0.6547388536071312,1,nan,0.9310344827586207,0.8586899999990742,0.4,0.034476455
752,28290,0.652191111994558,1,nan,0.8620689655172413,0.8585449999990733,0.4,0.032120094
753,28319,0.6586551338268674,1,nan,0.8620689655172413,0.8583999999990723,0.4,0.03281689
754,28347,0.6486778427909272,1,nan,0.8571428571428571,0.8582599999990714,0.4,0.034116417
755,28375,0.6534107283857769,1,nan,0.8928571428571429,0.8581199999990705,0.4,0.033324238
756,28433,0.3290122179700026,0,nan,0.896551724137931,0.8578299999990686,0.4,0.03310731
757,28461,0.6534383827234629,1,nan,0.8928571428571429,0.8576899999990677,0.4,0.03323007
758,28490,0.6609285033739604,1,nan,0.8275862068965517,0.8575449999990667,0.4,0.03227318
759,28518,0.6658028205256101,1,nan,0.8928571428571429,0.8574049999990658,0.4,0.032810353
760,28546,0.6571624914317089,1,nan,0.9642857142857143,0.8572649999990649,0.4,0.03397108
761,28574,0.657146027736729,1,nan,0.9285714285714286,0.857124999999064,0.4,0.033420112
762,28602,0.6492864588251639,1,nan,0.8928571428571429,0.8569849999990631,0.4,0.034643166
763,28631,0.658647269560973,1,nan,0.8620689655172413,0.8568399999990621,0.4,0.031847324
764,28659,0.6519222415836313,1,nan,0.9285714285714286,0.8566999999990612,0.4,0.03402951
765,28809,-1.6972688630931358,0,nan,0.8933333333333333,0.8559499999990563,0.4,0.052594844
766,28837,0.6592512733004479,1,nan,0.7857142857142857,0.8558099999990554,0.4,0.03304135
767,28866,0.6519507395418047,1,nan,0.9655172413793104,0.8556649999990544,0.4,0.031927235
768,28894,0.660432359744398,1,nan,0.8571428571428571,0.8555249999990535,0.4,0.032337233
769,29044,-1.7100667491618988,0,nan,0.96,0.8547749999990486,0.4,0.046475347
770,29072,0.6583038193060105,1,nan,0.7857142857142857,0.8546349999990477,0.4,0.032842427
771,29100,0.6580737846918341,1,nan,0.8571428571428571,0.8544949999990468,0.4,0.0327051
772,29129,0.6672529805068964,1,nan,0.896551724137931,0.8543499999990458,0.4,0.03250902
773,29157,0.6582854891552282,1,nan,0.8571428571428571,0.8542099999990449,0.4,0.0336025
774,29185,0.6479480246255482,1,nan,0.9642857142857143,0.854069999999044,0.4,0.034531195
775,29213,0.6562438576492788,1,nan,0.9285714285714286,0.8539299999990431,0.4,0.03421209
776,29241,0.6554859560291925,1,nan,0.9642857142857143,0.8537899999990421,0.4,0.03332637
777,29269,0.656984121776781,1,nan,0.9642857142857143,0.8536499999990412,0.4,0.03358296
778,29419,-1.7292908186913512,0,nan,0.8733333333333333,0.8528999999990363,0.4,0.05675466
779,29569,-1.6060764928062359,0,nan,0.86,0.8521499999990314,0.4,0.052806217
780,29719,-1.6761403963126627,0,0.18,0.88,0.8513999999990265,0.4,0.044362966
781,29747,0.664288606693242,1,nan,0.9642857142857143,0.8512599999990256,0.4,0.03273831
782,29775,0.662937099781095,1,nan,0.8571428571428571,0.8511199999990247,0.4,0.033208244
783,29803,0.6585484579223413,1,nan,0.8928571428571429,0.8509799999990237,0.4,0.033575602
784,29831,0.6583622984878845,1,nan,0.9642857142857143,0.8508399999990228,0.4,0.03276
785,29860,0.6726345942482392,1,nan,0.7931034482758621,0.8506949999990219,0.4,0.03187626
786,29888,0.6573918642143399,1,nan,0.9642857142857143,0.850554999999021,0.4,0.033848125
787,29916,0.6571736911688123,1,nan,0.9285714285714286,0.85041499999902,0.4,0.033212136
788,29944,0.6578510573186662,1,nan,0.8214285714285714,0.8502749999990191,0.4,0.034232903
789,29973,0.6450746229967415,1,nan,0.9310344827586207,0.8501299999990182,0.4,0.03129984
790,30002,0.6670881263079405,1,nan,0.8275862068965517,0.8499849999990172,0.4,0.032545887
791,30031,0.6420643395782857,1,nan,0.8620689655172413,0.8498399999990163,0.4,0.034351207
792,30059,0.671605415590744,1,nan,0.8214285714285714,0.8496999999990154,0.4,0.03274298
793,30087,0.6475625377043925,1,nan,0.75,0.8495599999990144,0.4,0.03386065
794,30116,0.6560306657295094,1,nan,0.8620689655172413,0.8494149999990135,0.4,0.03229383
795,30173,0.307913819317591,0,nan,0.8947368421052632,0.8491299999990116,0.4,0.03287697
796,30202,0.6629235522616007,1,nan,0.8620689655172413,0.8489849999990107,0.4,0.03251738
797,30257,0.3602724662145568,0,nan,0.9090909090909091,0.8487099999990089,0.4,0.032589108
798,30407,-1.8073980472308302,0,nan,0.8933333333333333,0.847959999999004,0.4,0.06613874
799,30436,0.6568985304811463,1,nan,0.9310344827586207,0.847814999999003,0.4,0.03277872
800,30464,0.6600752571132866,1,nan,0.8928571428571429,0.8476749999990021,0.4,0.03348416
801,30492,0.6557950401454673,1,nan,0.9285714285714286,0.8475349999990012,0.4,0.03395988
802,30520,0.6635669353773593,1,nan,0.8928571428571429,0.8473949999990003,0.4,0.032789227
803,30548,0.6533769057013024,1,nan,0.8928571428571429,0.8472549999989993,0.4,0.033256084
804,30576,0.6574665401986426,1,nan,0.9642857142857143,0.8471149999989984,0.4,0.033821646
805,30606,0.6404777395805485,1,nan,0.8666666666666667,0.8469649999989974,0.4,0.031760503
806,30635,0.6593441575660606,1,nan,0.9310344827586207,0.8468199999989965,0.4,0.03341972
807,30665,0.6395729620017436,1,nan,0.9,0.8466699999989955,0.4,0.031569485
808,30693,0.6546023833125029,1,nan,0.9285714285714286,0.8465299999989946,0.4,0.034725875
809,30730,0.5599932196975902,1,nan,0.918918918918919,0.8463449999989934,0.4,0.033725332
810,30758,0.6537341497574363,1,0.82,0.8928571428571429,0.8462049999989925,0.4,0.031311445
811,30786,0.6521500843831178,1,nan,0.8214285714285714,0.8460649999989915,0.4,0.032864306
812,30814,0.6501286425432679,1,nan,0.7857142857142857,0.8459249999989906,0.4,0.033813458
813,30877,0.2544953800962054,0,nan,0.9365079365079365,0.8456099999989886,0.4,0.03506257
814,30905,0.6577346242908916,1,nan,0.9642857142857143,0.8454699999989876,0.4,0.03379928
815,30934,0.6612465983524953,1,nan,0.8620689655172413,0.8453249999989867,0.4,0.031894095
816,30963,0.65256100885025,1,nan,0.8620689655172413,0.8451799999989857,0.4,0.0324217
817,30991,0.6569146308670217,1,nan,0.8571428571428571,0.8450399999989848,0.4,0.03364306
818,31141,-1.6598032491408934,0,nan,0.92,0.8442899999989799,0.4,0.048938338
819,31169,0.6608537045622274,1,nan,0.8214285714285714,0.844149999998979,0.4,0.03203774
820,31197,0.6651336499343502,1,nan,0.8571428571428571,0.8440099999989781,0.4,0.031950843
821,31226,0.6485974126196832,1,nan,0.8620689655172413,0.8438649999989771,0.4,0.032604624
822,31376,-1.6801882507777495,0,nan,0.9133333333333333,0.8431149999989722,0.4,0.051336333
823,31434,0.3246212696493779,0,nan,0.8620689655172413,0.8428249999989703,0.4,0.03449933
824,31462,0.6501227595394112,1,nan,0.8928571428571429,0.8426849999989694,0.4,0.034288056
825,31490,0.6531831147900857,1,nan,0.8928571428571429,0.8425449999989685,0.4,0.03398814
826,31518,0.6481709910031392,1,nan,0.9642857142857143,0.8424049999989676,0.4,0.034630254
827,31546,0.6590214331961064,1,nan,0.8928571428571429,0.8422649999989666,0.4,0.033678196
828,31574,0.6681463966830066,1,nan,0.8928571428571429,0.8421249999989657,0.4,0.03332848
829,31602,0.6560623436526656,1,nan,0.9642857142857143,0.8419849999989648,0.4,0.032315172
830,31630,0.6582115757827298,1,nan,0.9285714285714286,0.8418449999989639,0.4,0.033561263
831,31658,0.6649335853333862,1,nan,0.8928571428571429,0.841704999998963,0.4,0.0320659
832,31716,0.3041930305595162,0,nan,0.8448275862068966,0.8414149999989611,0.4,0.03512991
833,31750,0.5790437783926392,1,nan,0.8235294117647058,0.84124499999896,0.4,0.03188827
834,31778,0.6603694605926029,1,nan,0.9285714285714286,0.841104999998959,0.4,0.033233214
835,31806,0.6611596339613208,1,nan,0.8928571428571429,0.8409649999989581,0.4,0.033680983
836,31834,0.6492994691686718,1,nan,0.8928571428571429,0.8408249999989572,0.4,0.03455649
837,31862,0.6604327645852452,1,nan,0.8571428571428571,0.8406849999989563,0.4,0.033088837
838,31890,0.6589581069637445,1,nan,0.9642857142857143,0.8405449999989554,0.4,0.033750106
839,31918,0.6610621829117117,1,nan,0.8571428571428571,0.8404049999989545,0.4,0.03121918
840,31946,0.6603332512664835,1,0.97,0.8571428571428571,0.8402649999989535,0.4,0.03391849
841,32003,0.2967792905222425,0,nan,0.8421052631578947,0.8399799999989517,0.4,0.036008332
842,32153,-1.7710300758696906,0,nan,0.9133333333333333,0.8392299999989468,0.4,0.049399402
843,32181,0.6591167700347793,1,nan,0.8214285714285714,0.8390899999989458,0.4,0.031917837
844,32212,0.6327897343149747,1,nan,0.8709677419354839,0.8389349999989448,0.4,0.030971814
845,32240,0.6493570893217127,1,nan,0.9285714285714286,0.8387949999989439,0.4,0.034279738
846,32268,0.6608870348172831,1,nan,0.9642857142857143,0.838654999998943,0.4,0.03347384
847,32297,0.6584554899107558,1,nan,0.8620689655172413,0.838509999998942,0.4,0.031695325
848,32447,-1.7088224838313424,0,nan,0.8666666666666667,0.8377599999989371,0.4,0.051967945
849,32503,0.361993679861046,0,nan,0.875,0.8374799999989353,0.4,0.029586332
850,32531,0.64615016955284,1,nan,0.7857142857142857,0.8373399999989344,0.4,0.03303114
851,32559,0.6617788137947662,1,nan,0.8928571428571429,0.8371999999989335,0.4,0.033346217
852,32617,0.312748995201654,0,nan,0.8793103448275862,0.8369099999989316,0.4,0.032818936
853,32679,0.29806081849866684,0,nan,0.9193548387096774,0.8365999999989295,0.4,0.029518725
854,32708,0.6478939741108957,1,nan,0.8275862068965517,0.8364549999989286,0.4,0.032115486
855,32736,0.6542451694617105,1,nan,0.8571428571428571,0.8363149999989277,0.4,0.034063846
856,32765,0.6503751829415532,1,nan,0.8620689655172413,0.8361699999989267,0.4,0.03183159
857,32793,0.6577506477963635,1,nan,0.8928571428571429,0.8360299999989258,0.4,0.03448694
858,32822,0.6558721769213667,1,nan,0.896551724137931,0.8358849999989248,0.4,0.032767132
859,32851,0.6528237334772713,1,nan,0.9655172413793104,0.8357399999989239,0.4,0.031793315
860,32879,0.6503165195475044,1,nan,0.8928571428571429,0.835599999998923,0.4,0.03448137
861,32907,0.6625826972083606,1,nan,0.8214285714285714,0.8354599999989221,0.4,0.033155065
862,32935,0.6520314090528578,1,nan,0.9285714285714286,0.8353199999989211,0.4,0.03370432
863,32963,0.6471369456555646,1,nan,0.8928571428571429,0.8351799999989202,0.4,0.03424705
864,32991,0.6516145030225893,1,nan,0.8214285714285714,0.8350399999989193,0.4,0.033776827
865,33019,0.6544429612714394,1,nan,0.8214285714285714,0.8348999999989184,0.4,0.03432327
866,33047,0.6524343609912758,1,nan,0.7857142857142857,0.8347599999989175,0.4,0.033341605
867,33075,0.6661746651586018,1,nan,0.8571428571428571,0.8346199999989166,0.4,0.033008385
868,33104,0.6324123447657711,1,nan,0.8275862068965517,0.8344749999989156,0.4,0.032116737
869,33133,0.6594503566453458,1,nan,0.8620689655172413,0.8343299999989147,0.4,0.031682577
870,33162,0.6518272993590019,1,0.95,0.9655172413793104,0.8341849999989137,0.4,0.03207266
871,33191,0.6606001928469141,1,nan,0.8620689655172413,0.8340399999989128,0.4,0.0317895
872,33219,0.6568846810386828,1,nan,0.8571428571428571,0.8338999999989118,0.4,0.03256873
873,33247,0.6472668897627993,1,nan,0.8928571428571429,0.8337599999989109,0.4,0.03367892
874,33397,-1.7593796662224765,0,nan,0.86,0.833009999998906,0.4,0.05398646
875,33425,0.6634830508195654,1,nan,0.8571428571428571,0.8328699999989051,0.4,0.033284463
876,33453,0.6614980852686457,1,nan,0.8214285714285714,0.8327299999989042,0.4,0.03335232
877,33500,0.5121937070087241,1,nan,0.8723404255319149,0.8324949999989026,0.4,0.032769304
878,33528,0.6536584179927094,1,nan,0.8214285714285714,0.8323549999989017,0.4,0.035036303
879,33557,0.6500112232859996,1,nan,0.896551724137931,0.8322099999989008,0.4,0.033324067
880,33585,0.6558491343691258,1,nan,0.9642857142857143,0.8320699999988999,0.4,0.033994887
881,33613,0.6571347043828729,1,nan,0.9285714285714286,0.8319299999988989,0.4,0.035052586
882,33677,0.26066830785592554,0,nan,0.75,0.8316099999988968,0.4,0.03578189
883,33705,0.6529862721150579,1,nan,0.8928571428571429,0.8314699999988959,0.4,0.033540677
884,33733,0.6606169231687513,1,nan,0.8214285714285714,0.831329999998895,0.4,0.0333415
885,33761,0.6614841630153292,1,nan,0.8214285714285714,0.8311899999988941,0.4,0.033991266
886,33790,0.659911966342301,1,nan,0.8275862068965517,0.8310449999988931,0.4,0.032805156
887,33818,0.66085021663634,1,nan,0.8571428571428571,0.8309049999988922,0.4,0.032596152
888,33846,0.6631634133841527,1,nan,0.8571428571428571,0.8307649999988913,0.4,0.03195728
889,33875,0.6551675771456629,1,nan,0.896551724137931,0.8306199999988904,0.4,0.032297518
890,34025,-1.6916697202031123,0,nan,0.8266666666666667,0.8298699999988854,0.4,0.049563773
891,34054,0.6601708158306581,1,nan,0.7931034482758621,0.8297249999988845,0.4,0.03527734
892,34082,0.6601490682799873,1,nan,0.8571428571428571,0.8295849999988836,0.4,0.035052385
893,34111,0.645931870573021,1,nan,0.8620689655172413,0.8294399999988826,0.4,0.03301111
894,34261,-1.7113274529718807,0,nan,0.8533333333333334,0.8286899999988777,0.4,0.04622789
895,34289,0.6687882460699432,1,nan,0.7857142857142857,0.8285499999988768,0.4,0.032052986
896,34343,0.37120265070908753,0,nan,0.9074074074074074,0.828279999998875,0.4,0.036424283
897,34378,0.5771446364688668,1,nan,0.9142857142857143,0.8281049999988739,0.4,0.031933673
898,34406,0.6522146952172109,1,nan,0.8214285714285714,0.827964999998873,0.4,0.033591874
899,34434,0.6564235578799111,1,nan,0.9285714285714286,0.827824999998872,0.4,0.033382226
900,34464,0.6302040640877904,1,0.99,0.7666666666666667,0.8276749999988711,0.4,0.03535048
901,34492,0.6663636035024183,1,nan,0.8928571428571429,0.8275349999988701,0.4,0.033132333
902,34521,0.6485536310735895,1,nan,0.7931034482758621,0.8273899999988692,0.4,0.03266505
903,34550,0.6581182010968791,1,nan,0.896551724137931,0.8272449999988682,0.4,0.03323647
904,34579,0.6550052472773394,1,nan,0.8620689655172413,0.8270999999988673,0.4,0.031830557
905,34608,0.6697933210864541,1,nan,0.7931034482758621,0.8269549999988663,0.4,0.03290898
906,34636,0.6539505956656958,1,nan,0.8571428571428571,0.8268149999988654,0.4,0.03351199
907,34664,0.6420393702826395,1,nan,0.8214285714285714,0.8266749999988645,0.4,0.035126094
908,34692,0.6615999761981808,1,nan,0.9285714285714286,0.8265349999988636,0.4,0.032742806
909,34720,0.6562975971168246,1,nan,0.8571428571428571,0.8263949999988627,0.4,0.03461006
910,34749,0.65492353167818,1,nan,0.8620689655172413,0.8262499999988617,0.4,0.03228495
911,34777,0.6566461949316971,1,nan,0.9285714285714286,0.8261099999988608,0.4,0.034032844
912,34805,0.6599316792898653,1,nan,0.9285714285714286,0.8259699999988599,0.4,0.033236336
913,34833,0.6495240239254574,1,nan,0.8214285714285714,0.825829999998859,0.4,0.033409715
914,34862,0.6633978586388274,1,nan,0.896551724137931,0.825684999998858,0.4,0.031956702
915,34919,0.3392619156965305,0,nan,0.9122807017543859,0.8253999999988562,0.4,0.0385563
916,34947,0.6577318962354235,1,nan,0.9285714285714286,0.8252599999988552,0.4,0.03273097
917,34975,0.659691797287304,1,nan,0.8928571428571429,0.8251199999988543,0.4,0.03442831
918,35004,0.6828048234027133,1,nan,0.8275862068965517,0.8249749999988534,0.4,0.03280997
919,35032,0.6507703531172659,1,nan,0.8571428571428571,0.8248349999988525,0.4,0.031673744
920,35060,0.6533588215173296,1,nan,0.9285714285714286,0.8246949999988515,0.4,0.03376115
921,35089,0.6752969253951381,1,nan,0.8620689655172413,0.8245499999988506,0.4,0.033311244
922,35118,0.6916493031440433,1,nan,0.8275862068965517,0.8244049999988496,0.4,0.032667946
923,35147,0.6625196310490745,1,nan,0.896551724137931,0.8242599999988487,0.4,0.03272793
924,35176,0.711094427144336,1,nan,0.7931034482758621,0.8241149999988477,0.4,0.032515362
925,35204,0.6560038658045928,1,nan,0.8571428571428571,0.8239749999988468,0.4,0.03425718
926,35233,0.6488106620447354,1,nan,0.9655172413793104,0.8238299999988459,0.4,0.031970825
927,35262,0.6513916615511793,1,nan,0.9310344827586207,0.8236849999988449,0.4,0.033640243
928,35290,0.6569810642789775,1,nan,0.9642857142857143,0.823544999998844,0.4,0.033664864
929,35319,0.6749641259623067,1,nan,0.896551724137931,0.8233999999988431,0.4,0.03214138
930,35347,0.656323469303571,1,1.0,0.8928571428571429,0.8232599999988421,0.4,0.033801433
931,35376,0.6634202297213856,1,nan,0.7931034482758621,0.8231149999988412,0.4,0.034897603
932,35418,0.5291882721653657,1,nan,0.9285714285714286,0.8229049999988398,0.4,0.02987246
933,35446,0.6532076346007755,1,nan,0.8928571428571429,0.8227649999988389,0.4,0.033015545
934,35475,0.6614161515082404,1,nan,0.8275862068965517,0.822619999998838,0.4,0.032827668
935,35503,0.657381388963254,1,nan,0.9642857142857143,0.822479999998837,0.4,0.033799376
936,35531,0.6577499098846936,1,nan,0.9285714285714286,0.8223399999988361,0.4,0.033968296
937,35559,0.6878137918078001,1,nan,0.8571428571428571,0.8221999999988352,0.4,0.033209078
938,35588,0.6892600487371745,1,nan,0.896551724137931,0.8220549999988342,0.4,0.032149322
939,35617,0.681294395768822,1,nan,0.8275862068965517,0.8219099999988333,0.4,0.032485235
940,35767,-1.814101172965744,0,nan,0.8533333333333334,0.8211599999988284,0.4,0.04813295
941,35796,0.6703861920025921,1,nan,0.8620689655172413,0.8210149999988274,0.4,0.033137973
942,35946,-1.7040521592776887,0,nan,0.88,0.8202649999988225,0.4,0.051775083
943,35974,0.658262200292278,1,nan,0.8928571428571429,0.8201249999988216,0.4,0.032403138
944,36038,0.24304525773370989,0,nan,0.859375,0.8198049999988195,0.4,0.040246516
945,36067,0.6671823013520479,1,nan,0.7586206896551724,0.8196599999988186,0.4,0.032633007
946,36096,0.6623044190452851,1,nan,0.7931034482758621,0.8195149999988176,0.4,0.032907467
947,36125,0.6420489864419098,1,nan,0.7586206896551724,0.8193699999988167,0.4,0.031369474
948,36153,0.6410256183103893,1,nan,0.8571428571428571,0.8192299999988157,0.4,0.034979194
949,36183,0.6175978563368241,1,nan,0.8,0.8190799999988148,0.4,0.035046395
950,36211,0.6639952692766253,1,nan,0.9285714285714286,0.8189399999988138,0.4,0.035348732
951,36239,0.6609560430044168,1,nan,0.9285714285714286,0.8187999999988129,0.4,0.033668462
952,36268,0.6740725981186162,1,nan,0.7931034482758621,0.818654999998812,0.4,0.0312613
953,36296,0.6523921448068376,1,nan,0.7857142857142857,0.818514999998811,0.4,0.034140084
954,36326,0.637207542052385,1,nan,0.9,0.8183649999988101,0.4,0.033106167
955,36355,0.6519198402733567,1,nan,0.8620689655172413,0.8182199999988091,0.4,0.032180354
956,36396,0.5206298128545747,1,nan,0.8780487804878049,0.8180149999988078,0.4,0.031482875
957,36456,0.30365869169389925,0,nan,0.8,0.8177149999988058,0.4,0.032769874
958,36484,0.6581919717120203,1,nan,0.8571428571428571,0.8175749999988049,0.4,0.0322754
959,36534,0.44553417806766304,0,nan,0.86,0.8173249999988033,0.4,0.03408783
960,36563,0.6474726676998216,1,0.98,0.7931034482758621,0.8171799999988023,0.4,0.032556765
961,36592,0.6589387198300983,1,nan,0.896551724137931,0.8170349999988014,0.4,0.032247648
962,36621,0.646561967368827,1,nan,0.8620689655172413,0.8168899999988004,0.4,0.032072484
963,36650,0.6586721059496916,1,nan,0.8620689655172413,0.8167449999987995,0.4,0.03260633
964,36680,0.6409571238391837,1,nan,0.8,0.8165949999987985,0.4,0.031936858
965,36709,0.6451776250690443,1,nan,0.7586206896551724,0.8164499999987975,0.4,0.030718602
966,36738,0.6883334752013752,1,nan,0.896551724137931,0.8163049999987966,0.4,0.032474164
967,36766,0.6605043637186376,1,nan,0.8571428571428571,0.8161649999987957,0.4,0.034530558
968,36796,0.6428775511048268,1,nan,0.8,0.8160149999987947,0.4,0.03255792
969,36824,0.6521162458681407,1,nan,0.7857142857142857,0.8158749999987938,0.4,0.03300468
970,36974,-1.7127178019089333,0,nan,0.8133333333333334,0.8151249999987888,0.4,0.05477837
971,37030,0.4047838167702099,0,nan,0.8571428571428571,0.814844999998787,0.4,0.031863626
972,37059,0.6695815515394077,1,nan,0.8620689655172413,0.8146999999987861,0.4,0.03257469
973,37088,0.6573971403555354,1,nan,0.9310344827586207,0.8145549999987851,0.4,0.031779565
974,37116,0.6606447286337853,1,nan,0.9285714285714286,0.8144149999987842,0.4,0.033611983
975,37145,0.7025304720596897,1,nan,0.8275862068965517,0.8142699999987832,0.4,0.03130134
976,37174,0.6732359418666998,1,nan,0.8275862068965517,0.8141249999987823,0.4,0.033075225
977,37202,0.6577749151365593,1,nan,0.9642857142857143,0.8139849999987814,0.4,0.03355038
978,37231,0.7151795907475982,1,nan,0.7931034482758621,0.8138399999987804,0.4,0.029549832
979,37260,0.7017574516818824,1,nan,0.8620689655172413,0.8136949999987795,0.4,0.031027338
980,37288,0.6590669161814331,1,nan,0.9285714285714286,0.8135549999987786,0.4,0.034115452
981,37349,0.3237631958835778,0,nan,0.9180327868852459,0.8132499999987766,0.4,0.03159146
982,37405,0.3728921617162032,0,nan,0.8928571428571429,0.8129699999987747,0.4,0.034678414
983,37433,0.6598871291334956,1,nan,0.8571428571428571,0.8128299999987738,0.4,0.033259608
984,37462,0.6709780850240605,1,nan,0.8620689655172413,0.8126849999987729,0.4,0.032294363
985,37490,0.6591577359817047,1,nan,0.8214285714285714,0.8125449999987719,0.4,0.03589668
986,37518,0.6556779369399881,1,nan,0.8928571428571429,0.812404999998771,0.4,0.033992566
987,37546,0.656718181962725,1,nan,0.8214285714285714,0.8122649999987701,0.4,0.034187607
988,37574,0.6576761072028843,1,nan,0.8214285714285714,0.8121249999987692,0.4,0.033814326
989,37602,0.6933276045309733,1,nan,0.7857142857142857,0.8119849999987683,0.4,0.033618066
990,37752,-1.7239670530184545,0,1.0,0.8533333333333334,0.8112349999987634,0.4,0.046441063
991,37781,0.6529198940829846,1,nan,0.9310344827586207,0.8110899999987624,0.4,0.032588698
992,37838,0.3538879239477998,0,nan,0.9298245614035088,0.8108049999987605,0.4,0.033809714
993,37866,0.6626193045291825,1,nan,0.8928571428571429,0.8106649999987596,0.4,0.0335091
994,37895,0.6626317887833235,1,nan,0.8620689655172413,0.8105199999987587,0.4,0.03272964
995,37924,0.6860701799787097,1,nan,0.7931034482758621,0.8103749999987577,0.4,0.032950725
996,37952,0.7258468412620361,1,nan,0.8214285714285714,0.8102349999987568,0.4,0.03328931
997,37980,0.6622421125385995,1,nan,0.8571428571428571,0.8100949999987559,0.4,0.033407558
998,38009,0.6497025742871302,1,nan,0.7931034482758621,0.8099499999987549,0.4,0.033381656
999,38037,0.7220877390455103,1,nan,0.7857142857142857,0.809809999998754,0.4,0.033841368
1000,38065,0.6606317627601797,1,nan,0.7857142857142857,0.8096699999987531,0.4,0.034263838
1001,38123,0.36005388054740195,0,nan,0.8793103448275862,0.8093799999987512,0.4,0.033645086
1002,38151,0.6577146602797252,1,nan,0.9285714285714286,0.8092399999987503,0.4,0.034908425
1003,38181,0.6454352711393165,1,nan,0.8666666666666667,0.8090899999987493,0.4,0.03153306
1004,38209,0.6563752442984818,1,nan,0.9642857142857143,0.8089499999987484,0.4,0.033245675
1005,38237,0.6808761143867006,1,nan,0.75,0.8088099999987475,0.4,0.031935263
1006,38265,0.6606438735278866,1,nan,0.8214285714285714,0.8086699999987466,0.4,0.03282147
1007,38293,0.6694692130043118,1,nan,0.8928571428571429,0.8085299999987456,0.4,0.033395436
1008,38321,0.6559736389800241,1,nan,0.8214285714285714,0.8083899999987447,0.4,0.03161354
1009,38349,0.6564680159437737,1,nan,1.0,0.8082499999987438,0.4,0.033814628
1010,38415,0.17727976124181732,0,nan,0.8939393939393939,0.8079199999987416,0.4,0.040211145
1011,38444,0.683091192857715,1,nan,0.7931034482758621,0.8077749999987407,0.4,0.03177639
1012,38472,0.6727357625924377,1,nan,0.7857142857142857,0.8076349999987398,0.4,0.03160698
1013,38500,0.6670128037674218,1,nan,0.6428571428571429,0.8074949999987389,0.4,0.033858214
1014,38528,0.6541951727923804,1,nan,0.8571428571428571,0.8073549999987379,0.4,0.03519126
1015,38556,0.6661352750155678,1,nan,0.9285714285714286,0.807214999998737,0.4,0.03540424
1016,38585,0.6575893944462263,1,nan,0.7586206896551724,0.8070699999987361,0.4,0.03332068
1017,38613,0.6549145617263934,1,nan,0.7857142857142857,0.8069299999987352,0.4,0.03372995
1018,38641,0.6594914650451045,1,nan,0.7142857142857143,0.8067899999987342,0.4,0.03293592
1019,38669,0.6568542471029861,1,nan,0.8928571428571429,0.8066499999987333,0.4,0.03459824
1020,38698,0.6744669216347636,1,0.63,0.7931034482758621,0.8065049999987324,0.4,0.03183402
1021,38726,0.6714987607343623,1,nan,0.8928571428571429,0.8063649999987315,0.4,0.031678613
1022,38755,0.6570209066599364,1,nan,0.7586206896551724,0.8062199999987305,0.4,0.034271277
1023,38784,0.6776975007783178,1,nan,0.8275862068965517,0.8060749999987296,0.4,0.031696893
1024,38813,0.6770049523712274,1,nan,0.7586206896551724,0.8059299999987286,0.4,0.031603254
1025,38841,0.6734996959087701,1,nan,0.8571428571428571,0.8057899999987277,0.4,0.031443257
1026,38991,-1.7553539619569674,0,nan,0.88,0.8050399999987228,0.4,0.051573195
1027,39019,0.6777247841296653,1,nan,0.8571428571428571,0.8048999999987219,0.4,0.03066635
1028,39047,0.6581741228605253,1,nan,0.8214285714285714,0.8047599999987209,0.4,0.032148447
1029,39075,0.6553920273115339,1,nan,0.8928571428571429,0.80461999999872,0.4,0.033834927
1030,39104,0.6588053562303566,1,nan,0.9310344827586207,0.8044749999987191,0.4,0.03274035
1031,39132,0.6801609689533906,1,nan,0.8214285714285714,0.8043349999987182,0.4,0.032338344
1032,39160,0.6988419022149333,1,nan,0.7142857142857143,0.8041949999987172,0.4,0.031078588
1033,39190,0.6834541345615712,1,nan,0.9333333333333333,0.8040449999987163,0.4,0.029571362
1034,39219,0.6901386949041324,1,nan,0.8620689655172413,0.8038999999987153,0.4,0.03156875
1035,39248,0.6688626091876939,1,nan,0.7931034482758621,0.8037549999987144,0.4,0.031002073
1036,39277,0.6674689851265235,1,nan,0.8620689655172413,0.8036099999987134,0.4,0.0325233
1037,39306,0.7253642696959679,1,nan,0.6896551724137931,0.8034649999987125,0.4,0.031116406
1038,39334,0.6714116709524018,1,nan,0.7142857142857143,0.8033249999987115,0.4,0.03291257
1039,39363,0.6580149196351863,1,nan,0.9310344827586207,0.8031799999987106,0.4,0.032832336
1040,39513,-1.656942440980418,0,nan,0.84,0.8024299999987057,0.4,0.044102747
1041,39542,0.6819987635806724,1,nan,0.7931034482758621,0.8022849999987047,0.4,0.031913813
1042,39570,0.6593962518490732,1,nan,0.8928571428571429,0.8021449999987038,0.4,0.034073863
1043,39599,0.6592185441628695,1,nan,0.8620689655172413,0.8019999999987029,0.4,0.031724185
1044,39628,0.6589780137812309,1,nan,0.9310344827586207,0.8018549999987019,0.4,0.032797858
1045,39656,0.6831409058164438,1,nan,0.7857142857142857,0.801714999998701,0.4,0.03185579
1046,39685,0.6730875861483101,1,nan,0.7931034482758621,0.8015699999987,0.4,0.032406956
1047,39713,0.6580474942265404,1,nan,0.9642857142857143,0.8014299999986991,0.4,0.033444304
1048,39742,0.6471404455011892,1,nan,0.8275862068965517,0.8012849999986982,0.4,0.032987576
1049,39770,0.6597796227891526,1,nan,0.8928571428571429,0.8011449999986973,0.4,0.03330416
1050,39920,-1.7194511631526956,0,1.0,0.84,0.8003949999986923,0.4,0.047109354
1051,39948,0.6608251545983022,1,nan,0.8928571428571429,0.8002549999986914,0.4,0.03379904
1052,39976,0.6588433541166372,1,nan,0.8571428571428571,0.8001149999986905,0.4,0.033455577
1053,40005,0.6500532341455636,1,nan,0.9310344827586207,0.7999699999986896,0.4,0.03200767
1054,40033,0.6657863400278325,1,nan,0.7857142857142857,0.7998299999986886,0.4,0.033076532
1055,40061,0.6523942926879251,1,nan,0.8571428571428571,0.7996899999986877,0.4,0.0323492
1056,40118,0.29887747149062216,0,nan,0.8421052631578947,0.7994049999986859,0.4,0.03410235
1057,40148,0.6536329539052665,1,nan,0.8,0.7992549999986849,0.4,0.030657386
1058,40177,0.6708865275932137,1,nan,0.8275862068965517,0.7991099999986839,0.4,0.03241998
1059,40205,0.6762309259945664,1,nan,0.8214285714285714,0.798969999998683,0.4,0.03177381
1060,40234,0.6673005628307735,1,nan,0.7931034482758621,0.7988249999986821,0.4,0.032209173
1061,40295,0.24104575919267346,0,nan,0.9016393442622951,0.7985199999986801,0.4,0.038002886
1062,40323,0.6532521089478861,1,nan,0.9285714285714286,0.7983799999986791,0.4,0.032427605
1063,40351,0.669560170656285,1,nan,0.8928571428571429,0.7982399999986782,0.4,0.032179505
1064,40379,0.6539055666041202,1,nan,0.8928571428571429,0.7980999999986773,0.4,0.03298579
1065,40408,0.6528100876769234,1,nan,0.896551724137931,0.7979549999986764,0.4,0.032956306
1066,40438,0.6408486833419214,1,nan,0.7666666666666667,0.7978049999986754,0.4,0.03181432
1067,40467,0.6638158588091535,1,nan,0.7586206896551724,0.7976599999986744,0.4,0.03096136
1068,40497,0.6522967571997899,1,nan,0.7666666666666667,0.7975099999986734,0.4,0.030639565
1069,40527,0.647203622052666,1,nan,0.7666666666666667,0.7973599999986725,0.4,0.031396594
1070,40557,0.6421137404610968,1,nan,0.8666666666666667,0.7972099999986715,0.4,0.03135604
1071,40585,0.6569914365523882,1,nan,1.0,0.7970699999986706,0.4,0.033558987
1072,40613,0.706278153755682,1,nan,0.8928571428571429,0.7969299999986696,0.4,0.0315346
1073,40641,0.6679220768346195,1,nan,0.75,0.7967899999986687,0.4,0.03116378
1074,40670,0.669726790704616,1,nan,0.9655172413793104,0.7966449999986678,0.4,0.032163385
1075,40740,0.1453458011819313,0,nan,0.8571428571428571,0.7962949999986655,0.4,0.044185102
1076,40769,0.6636989477811839,1,nan,0.7241379310344828,0.7961499999986645,0.4,0.03322608
1077,40799,0.6300196187413483,1,nan,0.8666666666666667,0.7959999999986636,0.4,0.031934164
1078,40829,0.6378339997965785,1,nan,0.7,0.7958499999986626,0.4,0.03127155
1079,40858,0.6754348430995081,1,nan,0.7586206896551724,0.7957049999986616,0.4,0.03188067
1080,40886,0.6508627302717286,1,1.0,0.8928571428571429,0.7955649999986607,0.4,0.03278093
1081,40914,0.6544419260060552,1,nan,0.9285714285714286,0.7954249999986598,0.4,0.033135455
1082,40944,0.6678220467891371,1,nan,0.6333333333333333,0.7952749999986588,0.4,0.029691277
1083,40972,0.6565474034788945,1,nan,0.8571428571428571,0.7951349999986579,0.4,0.032985207
1084,41000,0.6584207950365548,1,nan,0.8571428571428571,0.794994999998657,0.4,0.03359946
1085,41028,0.6586222580617598,1,nan,0.7857142857142857,0.794854999998656,0.4,0.03399443
1086,41088,0.3708992562952511,0,nan,0.8833333333333333,0.7945549999986541,0.4,0.0347901
1087,41116,0.6640878543750288,1,nan,0.7857142857142857,0.7944149999986532,0.4,0.03170811
1088,41144,0.6623497313303637,1,nan,0.8214285714285714,0.7942749999986523,0.4,0.033542275
1089,41172,0.6654554289057104,1,nan,0.8214285714285714,0.7941349999986513,0.4,0.03259189
1090,41201,0.687167476675076,1,nan,0.8275862068965517,0.7939899999986504,0.4,0.03182315
1091,41230,0.6505630986021007,1,nan,0.8275862068965517,0.7938449999986494,0.4,0.033571996
1092,41259,0.6554629317742692,1,nan,0.8620689655172413,0.7936999999986485,0.4,0.034267243
1093,41288,0.6590644492016609,1,nan,0.8620689655172413,0.7935549999986475,0.4,0.031981334
1094,41316,0.6813446273890544,1,nan,0.7857142857142857,0.7934149999986466,0.4,0.03187319
1095,41376,0.3230504310385388,0,nan,0.9333333333333333,0.7931149999986447,0.4,0.035606638
1096,41405,0.641194596018319,1,nan,0.9310344827586207,0.7929699999986437,0.4,0.031757213
1097,41434,0.6914761850555993,1,nan,0.9310344827586207,0.7928249999986428,0.4,0.030385269
1098,41463,0.6649246216690005,1,nan,0.8275862068965517,0.7926799999986418,0.4,0.03115617
1099,41493,0.6505237224388982,1,nan,0.9666666666666667,0.7925299999986408,0.4,0.03174148
1100,41522,0.6973634455388125,1,nan,0.896551724137931,0.7923849999986399,0.4,0.030132545
1101,41672,-1.8289238729963253,0,nan,0.9066666666666666,0.791634999998635,0.4,0.052315768
1102,41701,0.6730500895834814,1,nan,0.8620689655172413,0.791489999998634,0.4,0.032043938
1103,41732,0.6503919691665727,1,nan,0.7741935483870968,0.791334999998633,0.4,0.028961455
1104,41761,0.646059131573662,1,nan,0.896551724137931,0.791189999998632,0.4,0.032408845
1105,41790,0.685469264498535,1,nan,0.7586206896551724,0.7910449999986311,0.4,0.030950185
1106,41818,0.6583529766506301,1,nan,0.9642857142857143,0.7909049999986302,0.4,0.033646967
1107,41968,-1.6940941907262697,0,nan,0.8466666666666667,0.7901549999986253,0.4,0.043914624
1108,41997,0.6725633661261048,1,nan,0.7931034482758621,0.7900099999986243,0.4,0.031446494
1109,42025,0.679106354313481,1,nan,0.8928571428571429,0.7898699999986234,0.4,0.030647995
1110,42053,0.6579015543111368,1,0.99,0.75,0.7897299999986225,0.4,0.034090016
1111,42082,0.6626478240296714,1,nan,0.8620689655172413,0.7895849999986215,0.4,0.032130033
1112,42111,0.671481002849488,1,nan,0.7241379310344828,0.7894399999986206,0.4,0.031269565
1113,42139,0.6709328050105996,1,nan,0.8571428571428571,0.7892999999986197,0.4,0.032554973
1114,42167,0.6796179220226373,1,nan,0.8214285714285714,0.7891599999986187,0.4,0.03193887
1115,42219,0.3851271067539973,0,nan,0.8461538461538461,0.788899999998617,0.4,0.033889137
1116,42248,0.6997853953537809,1,nan,0.7931034482758621,0.7887549999986161,0.4,0.030989112
1117,42276,0.6871954767323329,1,nan,0.9285714285714286,0.7886149999986152,0.4,0.030482635
1118,42305,0.662129573903112,1,nan,0.7931034482758621,0.7884699999986142,0.4,0.032952346
1119,42333,0.6746167601726962,1,nan,0.8214285714285714,0.7883299999986133,0.4,0.033647675
1120,42362,0.6622945378062672,1,nan,0.7931034482758621,0.7881849999986124,0.4,0.03294488
1121,42390,0.6600793179569389,1,nan,0.9285714285714286,0.7880449999986114,0.4,0.033409733
1122,42418,0.6517256023889104,1,nan,0.8928571428571429,0.7879049999986105,0.4,0.032777328
1123,42446,0.6575996188840227,1,nan,0.8571428571428571,0.7877649999986096,0.4,0.033328827
1124,42474,0.6845906966004588,1,nan,0.9642857142857143,0.7876249999986087,0.4,0.030748855
1125,42624,-1.68075809669961,0,nan,0.8866666666666667,0.7868749999986038,0.4,0.04890207
1126,42709,0.02759416448813512,0,nan,0.8,0.786449999998601,0.4,0.031298503
1127,42737,0.667258396307959,1,nan,0.8214285714285714,0.7863099999986001,0.4,0.033371445
1128,42765,0.6848415080227888,1,nan,0.8928571428571429,0.7861699999985992,0.4,0.030382235
1129,42793,0.6550575542465031,1,nan,0.7857142857142857,0.7860299999985982,0.4,0.032855865
1130,42823,0.6539420916248897,1,nan,0.8,0.7858799999985973,0.4,0.0305369
1131,42851,0.6659635429450357,1,nan,0.9285714285714286,0.7857399999985963,0.4,0.03377635
1132,42881,0.6395669922551415,1,nan,0.8333333333333334,0.7855899999985954,0.4,0.033005632
1133,42943,0.2986359836306579,0,nan,0.8387096774193549,0.7852799999985933,0.4,0.030009814
1134,42971,0.6779927783542131,1,nan,0.6785714285714286,0.7851399999985924,0.4,0.034446906
1135,43000,0.6601525559469945,1,nan,0.8275862068965517,0.7849949999985915,0.4,0.030602973
1136,43062,0.2907384245717065,0,nan,0.8548387096774194,0.7846849999985894,0.4,0.030044112
1137,43090,0.6989903603385466,1,nan,0.75,0.7845449999985885,0.4,0.03185844
1138,43119,0.6847076557692517,1,nan,0.8275862068965517,0.7843999999985876,0.4,0.029699726
1139,43207,-0.059036543719070966,0,nan,0.8409090909090909,0.7839599999985847,0.4,0.031780966
1140,43235,0.6552266738427138,1,1.0,0.8214285714285714,0.7838199999985838,0.4,0.034222852
1141,43265,0.6631360118865415,1,nan,0.7666666666666667,0.7836699999985828,0.4,0.032997135
1142,43293,0.6923914772520292,1,nan,0.9285714285714286,0.7835299999985819,0.4,0.033593114
1143,43321,0.6619322533017697,1,nan,0.8571428571428571,0.7833899999985809,0.4,0.033268504
1144,43349,0.6598440632606216,1,nan,0.8571428571428571,0.78324999999858,0.4,0.032798804
1145,43377,0.6733401557688106,1,nan,0.8571428571428571,0.7831099999985791,0.4,0.032194562
1146,43436,0.3154272742990444,0,nan,0.864406779661017,0.7828149999985772,0.4,0.032433543
1147,43465,0.6538572620343285,1,nan,0.7586206896551724,0.7826699999985762,0.4,0.03183984
1148,43494,0.6479998268683083,1,nan,0.896551724137931,0.7825249999985753,0.4,0.032561205
1149,43523,0.6757145173303954,1,nan,0.7241379310344828,0.7823799999985743,0.4,0.033707075
1150,43552,0.6746414540997908,1,nan,0.7931034482758621,0.7822349999985734,0.4,0.031187098
1151,43581,0.695299843792424,1,nan,0.7241379310344828,0.7820899999985724,0.4,0.031097136
1152,43609,0.6554682598885038,1,nan,0.9642857142857143,0.7819499999985715,0.4,0.033492696
1153,43667,0.2942844985990556,0,nan,0.7586206896551724,0.7816599999985696,0.4,0.03678756
1154,43695,0.6784008930445495,1,nan,0.8571428571428571,0.7815199999985687,0.4,0.03059118
1155,43730,0.601126321027863,1,nan,0.8,0.7813449999985675,0.4,0.033664603
1156,43763,0.6333391152412767,1,nan,0.8181818181818182,0.7811799999985665,0.4,0.0324018
1157,43791,0.6717319886660615,1,nan,0.8928571428571429,0.7810399999985655,0.4,0.030896029
1158,43819,0.6861071179358887,1,nan,0.9285714285714286,0.7808999999985646,0.4,0.033725075
1159,43847,0.6759133898471812,1,nan,0.8214285714285714,0.7807599999985637,0.4,0.032059494
1160,43877,0.6664154705241553,1,nan,0.8666666666666667,0.7806099999985627,0.4,0.03077441
1161,43937,0.28836608260243946,0,nan,0.7833333333333333,0.7803099999985608,0.4,0.035845112
1162,43967,0.6427414090994135,1,nan,0.8333333333333334,0.7801599999985598,0.4,0.031438842
1163,43996,0.6634302063435527,1,nan,0.8275862068965517,0.7800149999985588,0.4,0.032335684
1164,44146,-1.6396403420773054,0,nan,0.8466666666666667,0.7792649999985539,0.4,0.049314823
1165,44175,0.671281879439046,1,nan,0.8275862068965517,0.779119999998553,0.4,0.03275531
1166,44203,0.6626477773619233,1,nan,0.8928571428571429,0.778979999998552,0.4,0.03211851
1167,44231,0.6573977316781296,1,nan,0.8214285714285714,0.7788399999985511,0.4,0.031914856
1168,44260,0.6914003143074555,1,nan,0.7931034482758621,0.7786949999985502,0.4,0.031425998
1169,44288,0.6595394922723565,1,nan,0.8214285714285714,0.7785549999985493,0.4,0.033278223
1170,44316,0.6553968025872916,1,1.0,0.8214285714285714,0.7784149999985484,0.4,0.03399207
1171,44346,0.6428396653035477,1,nan,0.7666666666666667,0.7782649999985474,0.4,0.03221881
1172,44375,0.6713724409447892,1,nan,0.8275862068965517,0.7781199999985464,0.4,0.03252821
1173,44403,0.6635140489679879,1,nan,0.8214285714285714,0.7779799999985455,0.4,0.03277732
1174,44481,0.10155098711503929,0,nan,0.8333333333333334,0.777589999998543,0.4,0.040808856
1175,44511,0.6346150939777846,1,nan,0.8333333333333334,0.777439999998542,0.4,0.03179368
1176,44540,0.6671436174117384,1,nan,0.8275862068965517,0.777294999998541,0.4,0.032078378
1177,44568,0.6482438219181001,1,nan,0.75,0.7771549999985401,0.4,0.033633538
1178,44597,0.6608284505585331,1,nan,0.7241379310344828,0.7770099999985391,0.4,0.032307316
1179,44626,0.7073858980071954,1,nan,0.6896551724137931,0.7768649999985382,0.4,0.031336337
1180,44656,0.6533393486976102,1,nan,0.9,0.7767149999985372,0.4,0.031545226
1181,44685,0.7036268497693304,1,nan,0.7931034482758621,0.7765699999985363,0.4,0.031906556
1182,44714,0.6616269193190175,1,nan,0.8620689655172413,0.7764249999985353,0.4,0.03154183
1183,44742,0.698444367943874,1,nan,0.8928571428571429,0.7762849999985344,0.4,0.03177474
1184,44799,0.3471585031458062,0,nan,0.8421052631578947,0.7759999999985325,0.4,0.036680054
1185,44827,0.6604774025297364,1,nan,0.8928571428571429,0.7758599999985316,0.4,0.033746313
1186,44856,0.6925454936017079,1,nan,0.6896551724137931,0.7757149999985307,0.4,0.031639837
1187,44884,0.6576160807011371,1,nan,0.8571428571428571,0.7755749999985297,0.4,0.0333588
1188,44913,0.6914316642836363,1,nan,0.6551724137931034,0.7754299999985288,0.4,0.031753484
1189,44941,0.6527473067335,1,nan,0.8571428571428571,0.7752899999985279,0.4,0.034057193
1190,44969,0.6596659813019454,1,nan,0.8571428571428571,0.775149999998527,0.4,0.033997726
1191,44998,0.7244947733666347,1,nan,0.7586206896551724,0.775004999998526,0.4,0.03131984
1192,45030,0.6259267171864885,1,nan,0.875,0.774844999998525,0.4,0.03357204
1193,45059,0.7199748585555934,1,nan,0.7586206896551724,0.774699999998524,0.4,0.030792654
1194,45117,0.3985647112576215,0,nan,0.7931034482758621,0.7744099999985221,0.4,0.034931656
1195,45145,0.6641433480593317,1,nan,0.8928571428571429,0.7742699999985212,0.4,0.033159077
1196,45174,0.7212323462684214,1,nan,0.7586206896551724,0.7741249999985202,0.4,0.030939467
1197,45203,0.7361451347822026,1,nan,0.7931034482758621,0.7739799999985193,0.4,0.03045195
1198,45232,0.7125055611904929,1,nan,0.8275862068965517,0.7738349999985183,0.4,0.03144191
1199,45261,0.6919293710630792,1,nan,0.6896551724137931,0.7736899999985174,0.4,0.031682454
1200,45411,-1.7428263231876953,0,0.96,0.84,0.7729399999985125,0.4,0.053829398
1201,45439,0.6649192212130703,1,nan,0.8571428571428571,0.7727999999985116,0.4,0.032258715
1202,45467,0.6684473258239402,1,nan,0.8571428571428571,0.7726599999985106,0.4,0.03311834
1203,45495,0.6912123472908724,1,nan,0.8928571428571429,0.7725199999985097,0.4,0.031572398
1204,45553,0.28221412124352474,0,nan,0.8620689655172413,0.7722299999985078,0.4,0.038717445
1205,45630,0.1828009303692607,0,nan,0.8441558441558441,0.7718449999985053,0.4,0.031525306
1206,45663,0.6087995083328559,1,nan,0.8484848484848485,0.7716799999985042,0.4,0.03253513
1207,45692,0.7010778035958829,1,nan,0.6896551724137931,0.7715349999985033,0.4,0.03172655
1208,45721,0.724857801098165,1,nan,0.7931034482758621,0.7713899999985023,0.4,0.031144025
1209,45769,0.44735536389717223,0,nan,0.8541666666666666,0.7711499999985008,0.4,0.030875906
1210,45797,0.6602911997253085,1,nan,0.7857142857142857,0.7710099999984998,0.4,0.03323529
1211,45825,0.663243707336904,1,nan,0.8571428571428571,0.7708699999984989,0.4,0.032620247
1212,45854,0.7233337790253689,1,nan,0.8275862068965517,0.770724999998498,0.4,0.03142304
1213,45883,0.668247205872007,1,nan,0.9310344827586207,0.770579999998497,0.4,0.032163233
1214,45912,0.6570259581268811,1,nan,0.8275862068965517,0.7704349999984961,0.4,0.03198423
1215,45941,0.6801248024430849,1,nan,0.6551724137931034,0.7702899999984951,0.4,0.03331235
1216,45970,0.6602611089348331,1,nan,0.896551724137931,0.7701449999984942,0.4,0.03198671
1217,45998,0.6609919096793301,1,nan,0.8571428571428571,0.7700049999984933,0.4,0.034005683
1218,46027,0.6622344525491002,1,nan,0.8275862068965517,0.7698599999984923,0.4,0.032650415
1219,46056,0.6628164846998895,1,nan,0.8620689655172413,0.7697149999984914,0.4,0.032267954
1220,46085,0.6842318226978723,1,nan,0.7931034482758621,0.7695699999984904,0.4,0.03173494
1221,46114,0.6747985552055848,1,nan,0.896551724137931,0.7694249999984895,0.4,0.032823287
1222,46143,0.7362032297461472,1,nan,0.7586206896551724,0.7692799999984885,0.4,0.03009007
1223,46172,0.697174356451495,1,nan,0.7586206896551724,0.7691349999984876,0.4,0.033011463
1224,46201,0.7140551667769277,1,nan,0.8620689655172413,0.7689899999984866,0.4,0.031749062
1225,46229,0.6813246299202931,1,nan,0.75,0.7688499999984857,0.4,0.034836452
1226,46258,0.7017961916107804,1,nan,0.7586206896551724,0.7687049999984847,0.4,0.031127878
1227,46287,0.6693680622593103,1,nan,0.7931034482758621,0.7685599999984838,0.4,0.032677636
1228,46315,0.6538533127382322,1,nan,0.8214285714285714,0.7684199999984829,0.4,0.033157144
1229,46344,0.6668199973719402,1,nan,0.8275862068965517,0.7682749999984819,0.4,0.03246007
1230,46372,0.6514850431653552,1,0.94,0.7857142857142857,0.768134999998481,0.4,0.03457826
1231,46401,0.6754931036734564,1,nan,0.6206896551724138,0.76798999999848,0.4,0.031502213
1232,46429,0.6773437725584412,1,nan,0.8571428571428571,0.7678499999984791,0.4,0.031458158
1233,46457,0.6770581339504287,1,nan,0.8571428571428571,0.7677099999984782,0.4,0.03169129
1234,46485,0.6652960092143387,1,nan,0.75,0.7675699999984773,0.4,0.033236485
1235,46574,0.06815028035233661,0,nan,0.7640449438202247,0.7671249999984744,0.4,0.03897383
1236,46603,0.6647818797880714,1,nan,0.7586206896551724,0.7669799999984734,0.4,0.032576226
1237,46632,0.6848767060762482,1,nan,0.8275862068965517,0.7668349999984725,0.4,0.032147195
1238,46661,0.669292634434819,1,nan,0.8620689655172413,0.7666899999984715,0.4,0.032780867
1239,46689,0.6560779144025304,1,nan,0.8928571428571429,0.7665499999984706,0.4,0.032893445
1240,46719,0.6536495397138824,1,nan,0.7666666666666667,0.7663999999984696,0.4,0.03196939
1241,46748,0.6803404322469667,1,nan,0.8275862068965517,0.7662549999984687,0.4,0.031353645
1242,46777,0.7242396715231725,1,nan,0.8620689655172413,0.7661099999984677,0.4,0.032045893
1243,46805,0.6845680034702812,1,nan,0.7857142857142857,0.7659699999984668,0.4,0.031744912
1244,46834,0.6729167985720925,1,nan,0.896551724137931,0.7658249999984659,0.4,0.032843944
1245,46863,0.7231436604377287,1,nan,0.8620689655172413,0.7656799999984649,0.4,0.030374322
1246,46891,0.6732465851054752,1,nan,0.75,0.765539999998464,0.4,0.032175664
1247,46920,0.6653405927938594,1,nan,0.7241379310344828,0.765394999998463,0.4,0.030186774
1248,46949,0.7262797348885437,1,nan,0.7586206896551724,0.7652499999984621,0.4,0.031683788
1249,46977,0.6652593020072055,1,nan,0.8571428571428571,0.7651099999984612,0.4,0.032233857
1250,47006,0.6728352276196639,1,nan,0.7931034482758621,0.7649649999984602,0.4,0.03264036
1251,47035,0.6952090689790471,1,nan,0.7931034482758621,0.7648199999984593,0.4,0.032200787
1252,47063,0.6649661026735296,1,nan,0.9285714285714286,0.7646799999984584,0.4,0.031969976
1253,47092,0.6873801784503193,1,nan,0.7931034482758621,0.7645349999984574,0.4,0.032866273
1254,47120,0.6646342329601982,1,nan,0.8214285714285714,0.7643949999984565,0.4,0.033094045
1255,47149,0.6916622384571889,1,nan,0.7241379310344828,0.7642499999984556,0.4,0.032738212
1256,47177,0.658656072585357,1,nan,0.8928571428571429,0.7641099999984546,0.4,0.033784315
1257,47206,0.7163085447280868,1,nan,0.8620689655172413,0.7639649999984537,0.4,0.029764242
1258,47235,0.670748936283867,1,nan,0.7931034482758621,0.7638199999984527,0.4,0.031193936
1259,47265,0.6801613121875582,1,nan,0.8666666666666667,0.7636699999984518,0.4,0.032473035
1260,47321,0.3778583805251039,0,1.0,0.8928571428571429,0.7633899999984499,0.4,0.030134527
1261,47349,0.6635873901030058,1,nan,0.9285714285714286,0.763249999998449,0.4,0.033392
1262,47378,0.6718317122295772,1,nan,0.8275862068965517,0.763104999998448,0.4,0.03285315
1263,47410,0.6417572795172098,1,nan,0.875,0.762944999998447,0.4,0.031039406
1264,47439,0.6738378095302173,1,nan,0.7241379310344828,0.762799999998446,0.4,0.031591445
1265,47467,0.6725703660200099,1,nan,0.8571428571428571,0.7626599999984451,0.4,0.032122433
1266,47496,0.6623917501448638,1,nan,0.8275862068965517,0.7625149999984442,0.4,0.032446004
1267,47525,0.6878289102067655,1,nan,0.6551724137931034,0.7623699999984432,0.4,0.031865902
1268,47553,0.66100231614145,1,nan,0.7142857142857143,0.7622299999984423,0.4,0.033757057
1269,47582,0.7131636428883177,1,nan,0.7586206896551724,0.7620849999984414,0.4,0.029828139
1270,47611,0.6964410350966819,1,nan,0.7586206896551724,0.7619399999984404,0.4,0.03350771
1271,47639,0.6763842084818741,1,nan,0.7142857142857143,0.7617999999984395,0.4,0.03152038
1272,47667,0.6647268925948701,1,nan,0.9642857142857143,0.7616599999984386,0.4,0.033927973
1273,47696,0.6582546082824658,1,nan,0.7241379310344828,0.7615149999984376,0.4,0.033311702
1274,47725,0.6673549479014595,1,nan,0.9310344827586207,0.7613699999984367,0.4,0.03264047
1275,47754,0.7273913402481342,1,nan,0.8275862068965517,0.7612249999984357,0.4,0.03112158
1276,47782,0.6625380748488647,1,nan,0.8571428571428571,0.7610849999984348,0.4,0.033055734
1277,47932,-1.7377535897932122,0,nan,0.8666666666666667,0.7603349999984299,0.4,0.045095574
1278,47982,0.5425084601732636,1,nan,0.78,0.7600849999984283,0.4,0.03099414
1279,48010,0.6611075721547057,1,nan,0.7857142857142857,0.7599449999984274,0.4,0.033309992
1280,48038,0.6669229970858273,1,nan,0.8571428571428571,0.7598049999984264,0.4,0.031208394
1281,48067,0.6900002702805823,1,nan,0.7241379310344828,0.7596599999984255,0.4,0.03119336
1282,48100,0.6207604744467976,1,nan,0.8484848484848485,0.7594949999984244,0.4,0.030902117
1283,48159,0.3448273907515804,0,nan,0.8305084745762712,0.7591999999984225,0.4,0.03123455
1284,48192,0.6391449246060297,1,nan,0.7575757575757576,0.7590349999984214,0.4,0.029807253
1285,48220,0.6733800077208463,1,nan,0.8214285714285714,0.7588949999984205,0.4,0.031969167
1286,48249,0.6643128431518619,1,nan,0.7586206896551724,0.7587499999984195,0.4,0.033319473
1287,48278,0.7254310459776319,1,nan,0.7586206896551724,0.7586049999984186,0.4,0.031924956
1288,48306,0.6778549688580207,1,nan,0.6785714285714286,0.7584649999984177,0.4,0.03225543
1289,48335,0.6560544789716183,1,nan,0.896551724137931,0.7583199999984167,0.4,0.032943226
1290,48367,0.6434386618207496,1,0.96,0.84375,0.7581599999984157,0.4,0.032952413
1291,48395,0.6703155668394487,1,nan,0.7142857142857143,0.7580199999984147,0.4,0.03255849
1292,48424,0.6727898964475135,1,nan,0.8620689655172413,0.7578749999984138,0.4,0.033017494
1293,48453,0.6930938701168934,1,nan,0.5517241379310345,0.7577299999984128,0.4,0.033149093
1294,48482,0.6907899201199719,1,nan,0.6896551724137931,0.7575849999984119,0.4,0.03332418
1295,48518,0.5995641071609352,1,nan,0.75,0.7574049999984107,0.4,0.033841234
1296,48547,0.6783667407949143,1,nan,0.7241379310344828,0.7572599999984098,0.4,0.032264266
1297,48576,0.6781604089199569,1,nan,0.5862068965517241,0.7571149999984088,0.4,0.034404438
1298,48604,0.673338588030801,1,nan,0.8214285714285714,0.7569749999984079,0.4,0.033539567
1299,48633,0.6549110194166329,1,nan,0.7931034482758621,0.7568299999984069,0.4,0.03239722
1300,48699,0.27404354662496355,0,nan,0.8333333333333334,0.7564999999984048,0.4,0.04388811
1301,48728,0.6690364777904734,1,nan,0.8275862068965517,0.7563549999984038,0.4,0.0321874
1302,48757,0.6726729872856259,1,nan,0.7931034482758621,0.7562099999984029,0.4,0.03297611
1303,48787,0.6490033614159354,1,nan,0.9,0.7560599999984019,0.4,0.031406358
1304,48937,-1.74738517247342,0,nan,0.86,0.755309999998397,0.4,0.043483354
1305,48966,0.6698678810579906,1,nan,0.7931034482758621,0.755164999998396,0.4,0.032360796
1306,49116,-1.6967637917673135,0,nan,0.8466666666666667,0.7544149999983911,0.4,0.04988144
1307,49144,0.6863286391427684,1,nan,0.8214285714285714,0.7542749999983902,0.4,0.034310807
1308,49172,0.666093923518227,1,nan,0.8928571428571429,0.7541349999983893,0.4,0.03222611
1309,49206,0.6140221399499921,1,nan,0.8529411764705882,0.7539649999983882,0.4,0.030758094
1310,49238,0.660452995512576,1,nan,0.625,0.7538049999983871,0.4,0.030641109
1311,49268,0.6749892931194145,1,nan,0.8333333333333334,0.7536549999983861,0.4,0.033066187
1312,49296,0.67330156594542,1,nan,0.8214285714285714,0.7535149999983852,0.4,0.03365568
1313,49324,0.6715458342936189,1,nan,0.8928571428571429,0.7533749999983843,0.4,0.033252425
1314,49474,-1.7548623422036729,0,nan,0.8666666666666667,0.7526249999983794,0.4,0.041294612
1315,49502,0.6739184623790078,1,nan,0.7857142857142857,0.7524849999983785,0.4,0.032577526
1316,49531,0.6581116251437735,1,nan,0.7931034482758621,0.7523399999983775,0.4,0.031696867
1317,49563,0.6296872223307888,1,nan,0.75,0.7521799999983765,0.4,0.03139677
1318,49592,0.6431377658397572,1,nan,0.8620689655172413,0.7520349999983755,0.4,0.034301598
1319,49621,0.6583238519931249,1,nan,0.8275862068965517,0.7518899999983746,0.4,0.0323973
1320,49650,0.6960724997401473,1,0.93,0.8620689655172413,0.7517449999983736,0.4,0.03128731
1321,49678,0.6646507449749217,1,nan,0.8928571428571429,0.7516049999983727,0.4,0.032016408
1322,49706,0.6612611140669684,1,nan,0.9285714285714286,0.7514649999983718,0.4,0.033788644
1323,49734,0.655242996657559,1,nan,0.8214285714285714,0.7513249999983709,0.4,0.033187177
1324,49762,0.7126369948290106,1,nan,0.75,0.75118499999837,0.4,0.030655855
1325,49790,0.7077123455884149,1,nan,0.6785714285714286,0.751044999998369,0.4,0.031007912
1326,49819,0.6742884161743512,1,nan,0.8275862068965517,0.7508999999983681,0.4,0.033120856
1327,49847,0.6610169692144706,1,nan,0.8571428571428571,0.7507599999983672,0.4,0.032796822
1328,49875,0.6743343549538745,1,nan,0.8928571428571429,0.7506199999983663,0.4,0.03365628
1329,50025,-1.6736411816427057,0,nan,0.8266666666666667,0.7498699999983613,0.4,0.04362118
1330,50053,0.6547298404919861,1,nan,0.8928571428571429,0.7497299999983604,0.4,0.033911195
1331,50082,0.6665499747989249,1,nan,0.7586206896551724,0.7495849999983595,0.4,0.031078715
1332,50117,0.6167446298765284,1,nan,0.7142857142857143,0.7494099999983583,0.4,0.029240238
1333,50146,0.7022799199359036,1,nan,0.7931034482758621,0.7492649999983574,0.4,0.032891367
1334,50174,0.7091051535660411,1,nan,0.7142857142857143,0.7491249999983565,0.4,0.03219793
1335,50202,0.6779713473514849,1,nan,0.7857142857142857,0.7489849999983555,0.4,0.032921385
1336,50230,0.6484769506089495,1,nan,0.7857142857142857,0.7488449999983546,0.4,0.033117432
1337,50263,0.6167642784064435,1,nan,0.8181818181818182,0.7486799999983536,0.4,0.032836
1338,50297,0.6601914092653687,1,nan,0.6764705882352942,0.7485099999983524,0.4,0.028961685
1339,50325,0.6821459806287236,1,nan,0.8214285714285714,0.7483699999983515,0.4,0.032528035
1340,50354,0.6624224742475441,1,nan,0.8620689655172413,0.7482249999983506,0.4,0.031431418
1341,50384,0.6723258671944896,1,nan,0.7666666666666667,0.7480749999983496,0.4,0.030872012
1342,50463,0.040340121329144774,0,nan,0.8481012658227848,0.747679999998347,0.4,0.04139514
1343,50492,0.661483972791072,1,nan,0.9310344827586207,0.747534999998346,0.4,0.032669857
1344,50526,0.6149682848890156,1,nan,0.7941176470588235,0.7473649999983449,0.4,0.030851407
1345,50554,0.6883891348183686,1,nan,0.7857142857142857,0.747224999998344,0.4,0.033672206
1346,50582,0.6688883456628177,1,nan,0.8214285714285714,0.7470849999983431,0.4,0.032160573
1347,50617,0.6197786486966355,1,nan,0.8,0.746909999998342,0.4,0.029560678
1348,50646,0.6907299277451301,1,nan,0.7931034482758621,0.746764999998341,0.4,0.03156912
1349,50675,0.6829571588017618,1,nan,0.6896551724137931,0.7466199999983401,0.4,0.03187989
1350,50703,0.6710840078535324,1,1.0,0.75,0.7464799999983391,0.4,0.032923166
1351,50736,0.6781798832393001,1,nan,0.7575757575757576,0.7463149999983381,0.4,0.03201911
1352,50764,0.6666661098597306,1,nan,0.7142857142857143,0.7461749999983371,0.4,0.032728888
1353,50798,0.6241595764521002,1,nan,0.8235294117647058,0.746004999998336,0.4,0.029544424
1354,50826,0.6569676394774088,1,nan,1.0,0.7458649999983351,0.4,0.033538193
1355,50855,0.7043026534230346,1,nan,0.7931034482758621,0.7457199999983342,0.4,0.031743653
1356,50883,0.664424441062677,1,nan,0.75,0.7455799999983332,0.4,0.032081287
1357,50913,0.689956030993406,1,nan,0.7333333333333333,0.7454299999983323,0.4,0.029363545
1358,50942,0.6829246836466574,1,nan,0.7931034482758621,0.7452849999983313,0.4,0.03118437
1359,50971,0.6673022897763041,1,nan,0.7586206896551724,0.7451399999983304,0.4,0.031538695
1360,50999,0.6732131665406899,1,nan,0.9285714285714286,0.7449999999983294,0.4,0.033056814
1361,51029,0.6417853515934019,1,nan,0.7333333333333333,0.7448499999983285,0.4,0.03159253
1362,51059,0.6581002207353399,1,nan,0.9,0.7446999999983275,0.4,0.03090087
1363,51087,0.6714641638792795,1,nan,0.75,0.7445599999983266,0.4,0.032146744
1364,51116,0.6575766151529601,1,nan,0.8620689655172413,0.7444149999983256,0.4,0.031743374
1365,51144,0.6496405912296748,1,nan,0.75,0.7442749999983247,0.4,0.034710504
1366,51173,0.668899614296681,1,nan,0.896551724137931,0.7441299999983237,0.4,0.03263391
1367,51202,0.69867107004727,1,nan,0.7241379310344828,0.7439849999983228,0.4,0.031458948
1368,51230,0.6625399384417884,1,nan,0.8928571428571429,0.7438449999983219,0.4,0.03257625
1369,51260,0.6629051314375104,1,nan,0.7666666666666667,0.7436949999983209,0.4,0.03198642
1370,51289,0.662684796064946,1,nan,0.9310344827586207,0.7435499999983199,0.4,0.033221696
1371,51318,0.6875233628663272,1,nan,0.8620689655172413,0.743404999998319,0.4,0.031612255
1372,51346,0.6647379752275391,1,nan,0.8571428571428571,0.7432649999983181,0.4,0.032481704
1373,51374,0.6552620244430001,1,nan,0.7857142857142857,0.7431249999983172,0.4,0.03396805
1374,51403,0.6809225315356119,1,nan,0.6896551724137931,0.7429799999983162,0.4,0.03103053
1375,51432,0.7617413451289365,1,nan,0.7931034482758621,0.7428349999983153,0.4,0.03008288
1376,51462,0.6515512351614391,1,nan,0.8,0.7426849999983143,0.4,0.03199828
1377,51491,0.670297739238906,1,nan,0.8275862068965517,0.7425399999983133,0.4,0.032354686
1378,51520,0.7116199615255918,1,nan,0.7931034482758621,0.7423949999983124,0.4,0.033017628
1379,51548,0.6974912050179107,1,nan,0.7142857142857143,0.7422549999983115,0.4,0.033943664
1380,51698,-1.7763496610001772,0,0.88,0.86,0.7415049999983065,0.4,0.043034974
1381,51726,0.6668974990305307,1,nan,0.8214285714285714,0.7413649999983056,0.4,0.03227058
1382,51754,0.6810942996557279,1,nan,0.75,0.7412249999983047,0.4,0.031301536
1383,51783,0.6748472462062076,1,nan,0.7586206896551724,0.7410799999983038,0.4,0.031724725
1384,51812,0.674137140376035,1,nan,0.7586206896551724,0.7409349999983028,0.4,0.03166782
1385,51861,0.46997695640140813,0,nan,0.8367346938775511,0.7406899999983012,0.4,0.034216702
1386,51890,0.674595508613077,1,nan,0.7241379310344828,0.7405449999983003,0.4,0.034139577
1387,51918,0.6555978278247978,1,nan,0.7857142857142857,0.7404049999982993,0.4,0.032987352
1388,51979,0.2523927758973925,0,nan,0.7868852459016393,0.7400999999982973,0.4,0.031830586
1389,52008,0.7130399284733482,1,nan,0.7931034482758621,0.7399549999982964,0.4,0.032017574
1390,52036,0.6544372477651101,1,nan,0.8571428571428571,0.7398149999982955,0.4,0.034161955
1391,52066,0.6462246249544086,1,nan,0.8666666666666667,0.7396649999982945,0.4,0.031837616
1392,52094,0.659814395668251,1,nan,0.8928571428571429,0.7395249999982936,0.4,0.0324996
1393,52122,0.6573522621683366,1,nan,1.0,0.7393849999982927,0.4,0.033597212
1394,52150,0.6907578105347223,1,nan,0.8571428571428571,0.7392449999982917,0.4,0.0353267
1395,52179,0.6639403998136494,1,nan,0.7931034482758621,0.7390999999982908,0.4,0.0308524
1396,52238,0.2881605480011108,0,nan,0.864406779661017,0.7388049999982889,0.4,0.033672575
1397,52267,0.7090782885961863,1,nan,0.8275862068965517,0.7386599999982879,0.4,0.030594414
1398,52295,0.6712054118584451,1,nan,0.6785714285714286,0.738519999998287,0.4,0.032578308
1399,52323,0.7034144513114156,1,nan,0.8571428571428571,0.7383799999982861,0.4,0.03374491
1400,52352,0.6527285071216551,1,nan,0.7586206896551724,0.7382349999982851,0.4,0.03209925
1401,52381,0.682666088096836,1,nan,0.8275862068965517,0.7380899999982842,0.4,0.03147123
1402,52409,0.7595063399062423,1,nan,0.75,0.7379499999982833,0.4,0.032428328
1403,52438,0.647346274415477,1,nan,0.7931034482758621,0.7378049999982823,0.4,0.032102905
1404,52499,0.3397180858162162,0,nan,0.7540983606557377,0.7374999999982803,0.4,0.034624428
1405,52527,0.6798100015122568,1,nan,0.8214285714285714,0.7373599999982794,0.4,0.031876124
1406,52555,0.6611923056670168,1,nan,0.7857142857142857,0.7372199999982785,0.4,0.033946272
1407,52586,0.639815371339804,1,nan,0.8387096774193549,0.7370649999982775,0.4,0.030591812
1408,52614,0.7079512272339633,1,nan,0.6785714285714286,0.7369249999982765,0.4,0.03413183
1409,52642,0.6735997264509443,1,nan,0.6428571428571429,0.7367849999982756,0.4,0.031841412
1410,52672,0.7086051165562901,1,1.0,0.7666666666666667,0.7366349999982746,0.4,0.029031102
1411,52701,0.6502097561759737,1,nan,0.7931034482758621,0.7364899999982737,0.4,0.033140223
1412,52732,0.6419217371938172,1,nan,0.8064516129032258,0.7363349999982727,0.4,0.030511541
1413,52797,0.21642318323242504,0,nan,0.8461538461538461,0.7360099999982705,0.4,0.03812041
1414,52825,0.6545068961733458,1,nan,0.9642857142857143,0.7358699999982696,0.4,0.032923896
1415,52975,-1.7036998839205186,0,nan,0.8133333333333334,0.7351199999982647,0.4,0.052778892
1416,53004,0.7187999982261721,1,nan,0.6896551724137931,0.7349749999982638,0.4,0.031058777
1417,53034,0.6484824314464301,1,nan,0.8333333333333334,0.7348249999982628,0.4,0.031347208
1418,53063,0.6980445937408072,1,nan,0.8275862068965517,0.7346799999982618,0.4,0.031981975
1419,53093,0.6922469796458655,1,nan,0.8333333333333334,0.7345299999982609,0.4,0.028707504
1420,53122,0.6478793902434465,1,nan,0.896551724137931,0.7343849999982599,0.4,0.032292757
1421,53151,0.6767764213155542,1,nan,0.896551724137931,0.734239999998259,0.4,0.0323292
1422,53219,0.2923128059392993,0,nan,0.75,0.7338999999982567,0.4,0.036174577
1423,53247,0.683214013710634,1,nan,0.6071428571428571,0.7337599999982558,0.4,0.031963773
1424,53275,0.6592747603147459,1,nan,0.9285714285714286,0.7336199999982549,0.4,0.03387674
1425,53304,0.6569292021628017,1,nan,0.8275862068965517,0.7334749999982539,0.4,0.032021564
1426,53336,0.6189596394345204,1,nan,0.78125,0.7333149999982529,0.4,0.0305378
1427,53371,0.6044179134185396,1,nan,0.8571428571428571,0.7331399999982517,0.4,0.028430412
1428,53429,0.3489762378041451,0,nan,0.7758620689655172,0.7328499999982498,0.4,0.031320266
1429,53458,0.7459256445505671,1,nan,0.8275862068965517,0.7327049999982489,0.4,0.032247752
1430,53486,0.6786836200270951,1,nan,0.8571428571428571,0.732564999998248,0.4,0.03168634
1431,53515,0.6875421264137673,1,nan,0.7586206896551724,0.732419999998247,0.4,0.031382535
1432,53665,-1.7959812519486382,0,nan,0.7933333333333333,0.7316699999982421,0.4,0.0444921
1433,53695,0.6325474906201084,1,nan,0.8333333333333334,0.7315199999982411,0.4,0.032213964
1434,53723,0.6630538963890505,1,nan,0.8571428571428571,0.7313799999982402,0.4,0.032223906
1435,53751,0.6665301117705345,1,nan,0.7857142857142857,0.7312399999982393,0.4,0.032234065
1436,53779,0.6562632006302843,1,nan,0.8214285714285714,0.7310999999982384,0.4,0.032941375
1437,53826,0.46370196878320147,0,nan,0.8297872340425532,0.7308649999982368,0.4,0.03278053
1438,53854,0.6735381594660037,1,nan,0.8571428571428571,0.7307249999982359,0.4,0.034098215
1439,53882,0.6672896687729579,1,nan,0.75,0.730584999998235,0.4,0.031780165
1440,53911,0.6720214015335861,1,0.84,0.8275862068965517,0.7304399999982341,0.4,0.032082465
1441,53939,0.6693551204727206,1,nan,0.7857142857142857,0.7302999999982331,0.4,0.032484602
1442,53969,0.6590030619633396,1,nan,0.6666666666666666,0.7301499999982322,0.4,0.031028071
1443,53997,0.6636409273662767,1,nan,0.8928571428571429,0.7300099999982312,0.4,0.032515593
1444,54026,0.6582668916070393,1,nan,0.8620689655172413,0.7298649999982303,0.4,0.034110833
1445,54055,0.6593165577185635,1,nan,0.7931034482758621,0.7297199999982293,0.4,0.03520234
1446,54086,0.6372635496797883,1,nan,0.8064516129032258,0.7295649999982283,0.4,0.031739857
1447,54114,0.6586826734472286,1,nan,0.9285714285714286,0.7294249999982274,0.4,0.032346115
1448,54144,0.6390483811784304,1,nan,0.7666666666666667,0.7292749999982264,0.4,0.032574717
1449,54207,0.27305880155253914,0,nan,0.8412698412698413,0.7289599999982244,0.4,0.035348203
1450,54235,0.6927227238225755,1,nan,0.7142857142857143,0.7288199999982234,0.4,0.032734927
1451,54341,-0.21097153058291707,0,nan,0.7358490566037735,0.72828999999822,0.4,0.03977421
1452,54370,0.6540901705770942,1,nan,0.7586206896551724,0.728144999998219,0.4,0.03613067
1453,54399,0.7223428156070146,1,nan,0.7931034482758621,0.7279999999982181,0.4,0.031390693
1454,54429,0.6387328808166359,1,nan,0.8333333333333334,0.7278499999982171,0.4,0.033429068
1455,54457,0.6943533575536436,1,nan,0.75,0.7277099999982162,0.4,0.032105293
1456,54486,0.6402415079188293,1,nan,0.8275862068965517,0.7275649999982152,0.4,0.03302699
1457,54636,-1.7214010251843128,0,nan,0.8333333333333334,0.7268149999982103,0.4,0.053386394
1458,54664,0.660927309411333,1,nan,0.7142857142857143,0.7266749999982094,0.4,0.033127684
1459,54692,0.6567873092146288,1,nan,0.75,0.7265349999982085,0.4,0.032569338
1460,54726,0.6050713261378179,1,nan,0.7058823529411765,0.7263649999982074,0.4,0.031117626
1461,54755,0.6767025885493652,1,nan,0.5862068965517241,0.7262199999982064,0.4,0.03632148
1462,54789,0.6098832742492903,1,nan,0.7058823529411765,0.7260499999982053,0.4,0.030101888
1463,54939,-1.8183880442533407,0,nan,0.8266666666666667,0.7252999999982004,0.4,0.04929936
1464,54967,0.648997287769363,1,nan,0.7142857142857143,0.7251599999981995,0.4,0.03325853
1465,55016,0.4439857697509553,0,nan,0.7142857142857143,0.7249149999981979,0.4,0.030049872
1466,55045,0.6717927440493219,1,nan,0.7586206896551724,0.7247699999981969,0.4,0.032791294
1467,55074,0.6916936233188241,1,nan,0.8275862068965517,0.724624999998196,0.4,0.031695183
1468,55102,0.6440112582491142,1,nan,0.8214285714285714,0.724484999998195,0.4,0.033206385
1469,55131,0.6563032552940138,1,nan,0.7931034482758621,0.7243399999981941,0.4,0.0317318
1470,55161,0.6318690672792749,1,1.0,0.7333333333333333,0.7241899999981931,0.4,0.032410793
1471,55193,0.598036809164237,1,nan,0.78125,0.7240299999981921,0.4,0.03141388
1472,55221,0.6584328434173782,1,nan,0.8571428571428571,0.7238899999981911,0.4,0.033526834
1473,55249,0.6583898638230092,1,nan,0.8214285714285714,0.7237499999981902,0.4,0.035403468
1474,55279,0.6347620091798629,1,nan,0.8333333333333334,0.7235999999981892,0.4,0.03122239
1475,55307,0.6452574077774087,1,nan,0.8214285714285714,0.7234599999981883,0.4,0.03377308
1476,55336,0.6457157588640321,1,nan,0.7931034482758621,0.7233149999981874,0.4,0.032857545
1477,55364,0.6527101035119418,1,nan,0.8214285714285714,0.7231749999981865,0.4,0.033654727
1478,55395,0.6261304976023565,1,nan,0.6774193548387096,0.7230199999981854,0.4,0.031352982
1479,55424,0.696272077759398,1,nan,0.8275862068965517,0.7228749999981845,0.4,0.031073889
1480,55452,0.6725410986891509,1,nan,0.6785714285714286,0.7227349999981836,0.4,0.033730466
1481,55602,-1.9053932885456313,0,nan,0.8533333333333334,0.7219849999981787,0.4,0.098411486
1482,55632,0.6845517766811428,1,nan,0.7333333333333333,0.7218349999981777,0.4,0.03075849
1483,55662,0.6548090283916866,1,nan,0.8,0.7216849999981767,0.4,0.031684473
1484,55691,0.6623605308390206,1,nan,0.7586206896551724,0.7215399999981758,0.4,0.03158695
1485,55719,0.6541667456527354,1,nan,0.75,0.7213999999981748,0.4,0.033785142
1486,55747,0.6995751648712843,1,nan,0.6785714285714286,0.7212599999981739,0.4,0.031233182
1487,55897,-1.6310546917478548,0,nan,0.8466666666666667,0.720509999998169,0.4,0.043414544
1488,55927,0.6800268014935805,1,nan,0.7666666666666667,0.720359999998168,0.4,0.030089583
1489,55957,0.6456163576186513,1,nan,0.7666666666666667,0.720209999998167,0.4,0.03133614
1490,55995,0.5600650409291698,1,nan,0.8157894736842105,0.7200199999981658,0.4,0.029045299
1491,56023,0.7243176366794899,1,nan,0.8214285714285714,0.7198799999981649,0.4,0.031468693
1492,56106,0.019060769133842248,0,nan,0.8795180722891566,0.7194649999981622,0.4,0.030942885
1493,56161,0.37657695948774983,0,nan,0.7272727272727273,0.7191899999981604,0.4,0.03313898
1494,56190,0.6976814706052461,1,nan,0.6551724137931034,0.7190449999981594,0.4,0.031670164
1495,56219,0.6669086502352244,1,nan,0.7586206896551724,0.7188999999981585,0.4,0.031555034
1496,56247,0.6575717258995298,1,nan,0.8571428571428571,0.7187599999981575,0.4,0.032870058
1497,56397,-1.7717628513810717,0,nan,0.8066666666666666,0.7180099999981526,0.4,0.05259494
1498,56429,0.6559282033933578,1,nan,0.75,0.7178499999981516,0.4,0.029837739
1499,56459,0.6385220758853376,1,nan,0.8,0.7176999999981506,0.4,0.03172203
1500,56487,0.653699287664435,1,1.0,0.75,0.7175599999981497,0.4,0.03210451
1501,56549,0.3436626324105678,0,nan,0.8064516129032258,0.7172499999981476,0.4,0.02871745
1502,56578,0.6701185021736071,1,nan,0.8275862068965517,0.7171049999981467,0.4,0.03118634
1503,56608,0.6652746693486699,1,nan,0.6333333333333333,0.7169549999981457,0.4,0.030869879
1504,56636,0.6615111649798852,1,nan,0.8571428571428571,0.7168149999981448,0.4,0.032213677
1505,56664,0.6661319590119368,1,nan,0.75,0.7166749999981439,0.4,0.033645175
1506,56702,0.5470264560364233,1,nan,0.7631578947368421,0.7164849999981426,0.4,0.028983809
1507,56732,0.6707782951262309,1,nan,0.6666666666666666,0.7163349999981417,0.4,0.030655075
1508,56761,0.7088869837750038,1,nan,0.896551724137931,0.7161899999981407,0.4,0.030370241
1509,56789,0.666890095164693,1,nan,0.7857142857142857,0.7160499999981398,0.4,0.03441507
1510,56855,0.28194204173257376,0,nan,0.8333333333333334,0.7157199999981376,0.4,0.029927203
1511,56885,0.6616773689516637,1,nan,0.6666666666666666,0.7155699999981366,0.4,0.030886952
1512,56915,0.6295700285613415,1,nan,0.7,0.7154199999981357,0.4,0.032902543
1513,56945,0.6640091857008776,1,nan,0.6666666666666666,0.7152699999981347,0.4,0.032880843
1514,56975,0.637148515799262,1,nan,0.7,0.7151199999981337,0.4,0.031406075
1515,57004,0.6653092662209232,1,nan,0.7241379310344828,0.7149749999981327,0.4,0.034096207
1516,57066,0.26223771042757915,0,nan,0.8548387096774194,0.7146649999981307,0.4,0.030487882
1517,57095,0.6673122005021985,1,nan,0.8620689655172413,0.7145199999981298,0.4,0.031685915
1518,57123,0.6469936479965925,1,nan,0.8571428571428571,0.7143799999981288,0.4,0.034152485
1519,57152,0.6914717126338572,1,nan,0.8620689655172413,0.7142349999981279,0.4,0.030453496
1520,57181,0.6506454763412097,1,nan,0.7931034482758621,0.714089999998127,0.4,0.031456742
1521,57211,0.650928204071451,1,nan,0.8,0.713939999998126,0.4,0.030966325
1522,57240,0.705091506349669,1,nan,0.6896551724137931,0.713794999998125,0.4,0.03036176
1523,57269,0.6598031831491066,1,nan,0.8275862068965517,0.7136499999981241,0.4,0.033377796
1524,57303,0.602289563937827,1,nan,0.7352941176470589,0.713479999998123,0.4,0.031449813
1525,57331,0.6701842255813091,1,nan,0.7857142857142857,0.713339999998122,0.4,0.03178582
1526,57359,0.6931099165518814,1,nan,0.7857142857142857,0.7131999999981211,0.4,0.03258756
1527,57388,0.6571941602187014,1,nan,0.7931034482758621,0.7130549999981202,0.4,0.03295596
1528,57416,0.6808445454427439,1,nan,0.7857142857142857,0.7129149999981192,0.4,0.034482747
1529,57457,0.48959915405485793,0,nan,0.8048780487804879,0.7127099999981179,0.4,0.029394263
1530,57486,0.6723121104137242,1,1.0,0.7586206896551724,0.712564999998117,0.4,0.030975306
1531,57514,0.672596462153936,1,nan,0.8571428571428571,0.712424999998116,0.4,0.03378494
1532,57568,0.40540532346424774,0,nan,0.7592592592592593,0.7121549999981143,0.4,0.029753115
1533,57628,0.2969288453938922,0,nan,0.7833333333333333,0.7118549999981123,0.4,0.031829834
1534,57656,0.6607624430537411,1,nan,0.7857142857142857,0.7117149999981114,0.4,0.03205041
1535,57684,0.6719584825119673,1,nan,0.75,0.7115749999981105,0.4,0.031658504
1536,57834,-1.6145479757332062,0,nan,0.7733333333333333,0.7108249999981056,0.4,0.04762629
1537,57863,0.656631318798234,1,nan,0.7931034482758621,0.7106799999981046,0.4,0.031580288
1538,57891,0.6588612558184913,1,nan,0.6785714285714286,0.7105399999981037,0.4,0.034064747
1539,57921,0.6860152844495532,1,nan,0.7,0.7103899999981027,0.4,0.03261727
1540,57951,0.6650776183956777,1,nan,0.7,0.7102399999981017,0.4,0.030850701
1541,58009,0.3272498741271005,0,nan,0.8275862068965517,0.7099499999980998,0.4,0.029950203
1542,58038,0.7093969315162905,1,nan,0.7931034482758621,0.7098049999980989,0.4,0.030801244
1543,58066,0.6598148254680807,1,nan,0.7142857142857143,0.709664999998098,0.4,0.032141965
1544,58094,0.6698010366061331,1,nan,0.7857142857142857,0.709524999998097,0.4,0.03261497
1545,58122,0.6617877355169879,1,nan,0.8214285714285714,0.7093849999980961,0.4,0.03278436
1546,58152,0.6446108211001854,1,nan,0.7333333333333333,0.7092349999980951,0.4,0.03238435
1547,58180,0.6944115309402424,1,nan,0.75,0.7090949999980942,0.4,0.03178129
1548,58262,0.05841037444537056,0,nan,0.7926829268292683,0.7086849999980915,0.4,0.04223853
1549,58296,0.5878293824630516,1,nan,0.8529411764705882,0.7085149999980904,0.4,0.028908426
1550,58324,0.6707029235579944,1,nan,0.75,0.7083749999980895,0.4,0.03234874
1551,58352,0.6593018816309502,1,nan,0.7142857142857143,0.7082349999980886,0.4,0.03339173
1552,58382,0.6372667503793261,1,nan,0.8333333333333334,0.7080849999980876,0.4,0.031159857
1553,58410,0.6942418487895357,1,nan,0.8214285714285714,0.7079449999980867,0.4,0.03382757
1554,58438,0.7071739647404998,1,nan,0.7857142857142857,0.7078049999980858,0.4,0.031633817
1555,58468,0.6578601215788571,1,nan,0.7333333333333333,0.7076549999980848,0.4,0.030275304
1556,58498,0.6536766235533185,1,nan,0.8666666666666667,0.7075049999980838,0.4,0.030105542
1557,58526,0.6693275483966561,1,nan,0.75,0.7073649999980829,0.4,0.031693943
1558,58603,0.13580976676934686,0,nan,0.7012987012987013,0.7069799999980804,0.4,0.039637282
1559,58632,0.6537267544006095,1,nan,0.6896551724137931,0.7068349999980794,0.4,0.03164449
1560,58661,0.6529032121266871,1,1.0,0.8620689655172413,0.7066899999980785,0.4,0.033347007
1561,58689,0.6543810016610734,1,nan,0.8214285714285714,0.7065499999980775,0.4,0.033268847
1562,58719,0.6664935221372158,1,nan,0.6666666666666666,0.7063999999980766,0.4,0.029906161
1563,58747,0.6944954195399872,1,nan,0.75,0.7062599999980756,0.4,0.03289893
1564,58777,0.6384508998348736,1,nan,0.9,0.7061099999980747,0.4,0.031325065
1565,58805,0.6716653902649766,1,nan,0.8928571428571429,0.7059699999980737,0.4,0.031817593
1566,58833,0.6528340086162691,1,nan,0.8928571428571429,0.7058299999980728,0.4,0.033898298
1567,58861,0.675210455674667,1,nan,0.75,0.7056899999980719,0.4,0.03205549
1568,58890,0.6597604353765949,1,nan,0.6896551724137931,0.705544999998071,0.4,0.03273741
1569,58919,0.6587435258433719,1,nan,0.7931034482758621,0.70539999999807,0.4,0.030322876
1570,58949,0.636696747157964,1,nan,0.5666666666666667,0.705249999998069,0.4,0.032243732
1571,58978,0.6642606347859883,1,nan,0.7241379310344828,0.7051049999980681,0.4,0.031568933
1572,59006,0.6789842927087193,1,nan,0.6428571428571429,0.7049649999980672,0.4,0.03258995
1573,59034,0.6875131693880707,1,nan,0.8571428571428571,0.7048249999980662,0.4,0.03166729
1574,59070,0.5629372927707552,1,nan,0.8888888888888888,0.7046449999980651,0.4,0.032756053
1575,59098,0.6984660254689408,1,nan,0.7142857142857143,0.7045049999980642,0.4,0.03201237
1576,59127,0.6810624796313943,1,nan,0.7586206896551724,0.7043599999980632,0.4,0.032882884
1577,59155,0.7003057175048175,1,nan,0.8928571428571429,0.7042199999980623,0.4,0.032947812
1578,59305,-1.6789043606110072,0,nan,0.7466666666666667,0.7034699999980574,0.4,0.046116382
1579,59334,0.6659437268365136,1,nan,0.8620689655172413,0.7033249999980564,0.4,0.031969525
1580,59362,0.6910580345035445,1,nan,0.7142857142857143,0.7031849999980555,0.4,0.03364043
1581,59390,0.6546457694461882,1,nan,0.8571428571428571,0.7030449999980546,0.4,0.03420727
1582,59419,0.6669074371083874,1,nan,0.7241379310344828,0.7028999999980536,0.4,0.032258954
1583,59448,0.6991486936457385,1,nan,0.7931034482758621,0.7027549999980527,0.4,0.032287184
1584,59477,0.6724189902908186,1,nan,0.7241379310344828,0.7026099999980517,0.4,0.030832037
1585,59506,0.6656615768261411,1,nan,0.6896551724137931,0.7024649999980508,0.4,0.03164269
1586,59534,0.6649303883263938,1,nan,0.8928571428571429,0.7023249999980499,0.4,0.03132277
1587,59626,-0.02017070838733015,0,nan,0.7282608695652174,0.7018649999980469,0.4,0.029423442
1588,59655,0.6347990286067147,1,nan,0.7931034482758621,0.7017199999980459,0.4,0.035034243
1589,59684,0.6625144112437524,1,nan,0.6551724137931034,0.701574999998045,0.4,0.031349923
1590,59712,0.655733140098609,1,0.95,0.9642857142857143,0.701434999998044,0.4,0.03350189
1591,59740,0.6841867017648655,1,nan,0.8214285714285714,0.7012949999980431,0.4,0.03336957
1592,59769,0.6644432779674221,1,nan,0.9655172413793104,0.7011499999980422,0.4,0.0312148
1593,59835,0.26542710780653056,0,nan,0.7727272727272727,0.70081999999804,0.4,0.03732277
1594,59864,0.6515554596450703,1,nan,0.7241379310344828,0.7006749999980391,0.4,0.034282543
1595,59893,0.6835123687178521,1,nan,0.7586206896551724,0.7005299999980381,0.4,0.032037262
1596,59922,0.6761873629331692,1,nan,0.7241379310344828,0.7003849999980372,0.4,0.031440448
1597,59951,0.6525625629621014,1,nan,0.7931034482758621,0.7002399999980362,0.4,0.030367194
1598,59980,0.6678658269470884,1,nan,0.7586206896551724,0.7000949999980353,0.4,0.033476472
1599,60008,0.6538535344041634,1,nan,0.9285714285714286,0.6999549999980343,0.4,0.032441065
1600,60098,-0.04710052970484002,0,nan,0.8333333333333334,0.6995049999980314,0.4,0.041714758
1601,60248,-1.710685409732731,0,nan,0.7733333333333333,0.6987549999980265,0.4,0.051710054
1602,60277,0.7008980207614901,1,nan,0.7931034482758621,0.6986099999980255,0.4,0.032056734
1603,60306,0.6533857476240146,1,nan,0.7241379310344828,0.6984649999980246,0.4,0.032307055
1604,60334,0.661051499622591,1,nan,0.7857142857142857,0.6983249999980237,0.4,0.032611825
1605,60415,0.027301849604023043,0,nan,0.7901234567901234,0.697919999998021,0.4,0.040195346
1606,60443,0.6506517485256222,1,nan,0.6785714285714286,0.6977799999980201,0.4,0.03294072
1607,60471,0.697733039248204,1,nan,0.8571428571428571,0.6976399999980192,0.4,0.031213013
1608,60500,0.6585076807839216,1,nan,0.7586206896551724,0.6974949999980182,0.4,0.03188289
1609,60528,0.656787201685054,1,nan,0.8928571428571429,0.6973549999980173,0.4,0.033267207
1610,60557,0.6561233925316241,1,nan,0.7586206896551724,0.6972099999980164,0.4,0.029855939
1611,60586,0.6838632887433667,1,nan,0.6206896551724138,0.6970649999980154,0.4,0.029309865
1612,60615,0.6700875344243986,1,nan,0.7931034482758621,0.6969199999980145,0.4,0.030013286
1613,60644,0.6934622558148404,1,nan,0.7931034482758621,0.6967749999980135,0.4,0.03182579
1614,60672,0.6634184746123355,1,nan,0.6785714285714286,0.6966349999980126,0.4,0.03199277
1615,60700,0.6529247071199764,1,nan,0.8214285714285714,0.6964949999980117,0.4,0.032015476
1616,60729,0.6967032846850449,1,nan,0.6206896551724138,0.6963499999980107,0.4,0.030270446
1617,60758,0.6999208850732045,1,nan,0.6896551724137931,0.6962049999980098,0.4,0.031034965
1618,60787,0.6532910764670438,1,nan,0.7931034482758621,0.6960599999980088,0.4,0.031541
1619,60817,0.6773526286443607,1,nan,0.8333333333333334,0.6959099999980078,0.4,0.028757492
1620,60846,0.6690411448288331,1,0.88,0.7241379310344828,0.6957649999980069,0.4,0.031920336
1621,60875,0.7022150601435957,1,nan,0.7931034482758621,0.695619999998006,0.4,0.03071693
1622,60905,0.6645143880010116,1,nan,0.8333333333333334,0.695469999998005,0.4,0.03093638
1623,60934,0.6825686061141503,1,nan,0.6551724137931034,0.695324999998004,0.4,0.032832015
1624,60964,0.6693811448588525,1,nan,0.8,0.695174999998003,0.4,0.03003552
1625,61114,-1.688355636652333,0,nan,0.7933333333333333,0.6944249999979981,0.4,0.05059274
1626,61142,0.6495498675445386,1,nan,0.7857142857142857,0.6942849999979972,0.4,0.034169283
1627,61170,0.6529215132115532,1,nan,0.8214285714285714,0.6941449999979963,0.4,0.033187557
1628,61199,0.6758292100233393,1,nan,0.7586206896551724,0.6939999999979953,0.4,0.03257851
1629,61228,0.666126122673998,1,nan,0.9310344827586207,0.6938549999979944,0.4,0.03287613
1630,61257,0.6594581062530591,1,nan,0.8275862068965517,0.6937099999979934,0.4,0.031620856
1631,61286,0.7061111170408164,1,nan,0.7931034482758621,0.6935649999979925,0.4,0.030903148
1632,61314,0.6707612161167769,1,nan,0.8928571428571429,0.6934249999979916,0.4,0.033304222
1633,61342,0.6559360988337481,1,nan,0.8571428571428571,0.6932849999979906,0.4,0.03334224
1634,61371,0.6961628038280205,1,nan,0.7241379310344828,0.6931399999979897,0.4,0.031185435
1635,61400,0.683561049281568,1,nan,0.8275862068965517,0.6929949999979887,0.4,0.032402005
1636,61428,0.6606041173514787,1,nan,0.7142857142857143,0.6928549999979878,0.4,0.031454854
1637,61457,0.6738339216059585,1,nan,0.7241379310344828,0.6927099999979869,0.4,0.033410423
1638,61485,0.6661164448082548,1,nan,0.6785714285714286,0.692569999997986,0.4,0.03173998
1639,61513,0.6880590980220014,1,nan,0.7857142857142857,0.692429999997985,0.4,0.03135965
1640,61542,0.7162238144776311,1,nan,0.6551724137931034,0.6922849999979841,0.4,0.03139844
1641,61570,0.6606498897044981,1,nan,0.9285714285714286,0.6921449999979832,0.4,0.032420754
1642,61599,0.6686829949016921,1,nan,0.7931034482758621,0.6919999999979822,0.4,0.031187363
1643,61627,0.6776480402033105,1,nan,0.7142857142857143,0.6918599999979813,0.4,0.03133248
1644,61656,0.6717491514542842,1,nan,0.8275862068965517,0.6917149999979804,0.4,0.032000124
1645,61686,0.7005579057201504,1,nan,0.8333333333333334,0.6915649999979794,0.4,0.02927143
1646,61714,0.6606764096114937,1,nan,0.7142857142857143,0.6914249999979785,0.4,0.03186041
1647,61744,0.6340109447727278,1,nan,0.7666666666666667,0.6912749999979775,0.4,0.03110329
1648,61772,0.6576212549014933,1,nan,0.7857142857142857,0.6911349999979766,0.4,0.0338302
1649,61800,0.6742378422548211,1,nan,0.8928571428571429,0.6909949999979756,0.4,0.03237878
1650,61837,0.5618921342882226,1,1.0,0.7567567567567568,0.6908099999979744,0.4,0.033128053
1651,61865,0.6568220425000082,1,nan,0.75,0.6906699999979735,0.4,0.034032445
1652,61894,0.6471671417417448,1,nan,0.7931034482758621,0.6905249999979726,0.4,0.032595254
1653,61922,0.6568115272107886,1,nan,0.6428571428571429,0.6903849999979716,0.4,0.033252347
1654,61951,0.6441302011265659,1,nan,0.9310344827586207,0.6902399999979707,0.4,0.031917088
1655,61979,0.684536952444911,1,nan,0.7142857142857143,0.6900999999979698,0.4,0.029901175
1656,62009,0.6291043420653217,1,nan,0.8666666666666667,0.6899499999979688,0.4,0.031578526
1657,62101,-0.061578194726628954,0,nan,0.8478260869565217,0.6894899999979658,0.4,0.035248276
1658,62129,0.663056912342822,1,nan,0.7857142857142857,0.6893499999979649,0.4,0.032871414
1659,62158,0.6586378509942684,1,nan,0.6896551724137931,0.6892049999979639,0.4,0.032694895
1660,62186,0.6887646987071038,1,nan,0.7857142857142857,0.689064999997963,0.4,0.030900437
1661,62214,0.6618714049798162,1,nan,0.75,0.6889249999979621,0.4,0.032556154
1662,62242,0.6703933711510722,1,nan,0.7857142857142857,0.6887849999979612,0.4,0.033419725
1663,62299,0.30890095951907015,0,nan,0.8070175438596491,0.6884999999979593,0.4,0.032038882
1664,62327,0.6492569887686989,1,nan,0.75,0.6883599999979584,0.4,0.034054954
1665,62355,0.6813389358046772,1,nan,0.8214285714285714,0.6882199999979575,0.4,0.031756006
1666,62505,-1.699696407468871,0,nan,0.76,0.6874699999979526,0.4,0.050375734
1667,62533,0.6689547743712538,1,nan,0.6785714285714286,0.6873299999979516,0.4,0.03274759
1668,62562,0.6667074186929574,1,nan,0.7586206896551724,0.6871849999979507,0.4,0.031544793
1669,62590,0.6626578252260515,1,nan,0.7142857142857143,0.6870449999979498,0.4,0.032727238
1670,62740,-1.6946408016310222,0,nan,0.8666666666666667,0.6862949999979449,0.4,0.047046177
1671,62770,0.6430757602245878,1,nan,0.7333333333333333,0.6861449999979439,0.4,0.03215892
1672,62798,0.6621490357956252,1,nan,0.7142857142857143,0.686004999997943,0.4,0.03348034
1673,62827,0.6901988115617108,1,nan,0.7931034482758621,0.685859999997942,0.4,0.030291999
1674,62856,0.660932717737615,1,nan,0.8620689655172413,0.685714999997941,0.4,0.031119268
1675,62885,0.6838505742072318,1,nan,0.5862068965517241,0.6855699999979401,0.4,0.031776898
1676,62914,0.6532880577839555,1,nan,0.7241379310344828,0.6854249999979392,0.4,0.035825484
1677,62973,0.3594060175714743,0,nan,0.7796610169491526,0.6851299999979372,0.4,0.035088062
1678,63002,0.6482664114018107,1,nan,0.6551724137931034,0.6849849999979363,0.4,0.03560963
1679,63030,0.6607079085058791,1,nan,0.7857142857142857,0.6848449999979354,0.4,0.03329927
1680,63058,0.6484973056474336,1,1.0,0.8928571428571429,0.6847049999979344,0.4,0.03382014
1681,63086,0.6625969504989806,1,nan,0.6785714285714286,0.6845649999979335,0.4,0.032434206
1682,63115,0.6624089935140149,1,nan,0.7241379310344828,0.6844199999979326,0.4,0.032750677
1683,63144,0.6561677898815845,1,nan,0.7586206896551724,0.6842749999979316,0.4,0.033722408
1684,63172,0.6539652874442632,1,nan,0.6785714285714286,0.6841349999979307,0.4,0.033920817
1685,63201,0.6614438397178009,1,nan,0.8275862068965517,0.6839899999979298,0.4,0.031770695
1686,63259,0.30419301597600434,0,nan,0.8103448275862069,0.6836999999979279,0.4,0.037574574
1687,63287,0.6596860157247941,1,nan,0.6428571428571429,0.6835599999979269,0.4,0.037079714
1688,63316,0.6601221904043282,1,nan,0.8275862068965517,0.683414999997926,0.4,0.031189159
1689,63345,0.6878953326278788,1,nan,0.7931034482758621,0.683269999997925,0.4,0.03100559
1690,63375,0.6487786433405518,1,nan,0.8,0.683119999997924,0.4,0.033264536
1691,63403,0.6500856215374843,1,nan,0.7142857142857143,0.6829799999979231,0.4,0.036483355
1692,63510,-0.33942683056592515,0,nan,0.8504672897196262,0.6824449999979196,0.4,0.04116582
1693,63539,0.6569233356973985,1,nan,0.8275862068965517,0.6822999999979187,0.4,0.034334615
1694,63604,0.218997074852194,0,nan,0.8307692307692308,0.6819749999979166,0.4,0.034452353
1695,63648,0.4803704821582583,0,nan,0.7045454545454546,0.6817549999979151,0.4,0.03159726
1696,63677,0.6842389002853808,1,nan,0.7586206896551724,0.6816099999979142,0.4,0.032003354
1697,63706,0.8029777462308648,1,nan,0.7586206896551724,0.6814649999979132,0.4,0.030188367
1698,63735,0.7066813909248413,1,nan,0.8275862068965517,0.6813199999979123,0.4,0.031769373
1699,63763,0.7001134191426768,1,nan,0.7142857142857143,0.6811799999979113,0.4,0.03082701
1700,63792,0.7336336951831437,1,nan,0.8275862068965517,0.6810349999979104,0.4,0.031073682
1701,63942,-1.745039309092028,0,nan,0.74,0.6802849999979055,0.4,0.049341887
1702,63971,0.6677403549300993,1,nan,0.7586206896551724,0.6801399999979045,0.4,0.031976428
1703,64000,0.6880739338484994,1,nan,0.6551724137931034,0.6799949999979036,0.4,0.03052107
1704,64028,0.6743123056142578,1,nan,0.7857142857142857,0.6798549999979027,0.4,0.031929605
1705,64057,0.6845595714726233,1,nan,0.7931034482758621,0.6797099999979017,0.4,0.032009166
1706,64086,0.7129043842804839,1,nan,0.7241379310344828,0.6795649999979008,0.4,0.03047408
1707,64116,0.6651981324335436,1,nan,0.7,0.6794149999978998,0.4,0.02988484
1708,64145,0.6896288485720596,1,nan,0.7931034482758621,0.6792699999978988,0.4,0.031521406
1709,64174,0.7136893383911043,1,nan,0.6896551724137931,0.6791249999978979,0.4,0.03051226
1710,64203,0.7119123224065491,1,0.78,0.6206896551724138,0.6789799999978969,0.4,0.030153822
1711,64232,0.6614222787596453,1,nan,0.6551724137931034,0.678834999997896,0.4,0.031544384
1712,64260,0.6514600351447475,1,nan,0.7142857142857143,0.6786949999978951,0.4,0.032594796
1713,64289,0.6617981886541056,1,nan,0.6206896551724138,0.6785499999978941,0.4,0.034433827
1714,64318,0.6781716327933157,1,nan,0.6551724137931034,0.6784049999978932,0.4,0.032191705
1715,64347,0.6784817541654017,1,nan,0.7931034482758621,0.6782599999978922,0.4,0.03126764
1716,64407,0.27815844905439757,0,nan,0.8166666666666667,0.6779599999978903,0.4,0.03752754
1717,64436,0.6436820842186792,1,nan,0.7586206896551724,0.6778149999978893,0.4,0.033129252
1718,64492,0.3500471751808244,0,nan,0.8392857142857143,0.6775349999978875,0.4,0.03248978
1719,64521,0.6886081863430151,1,nan,0.8275862068965517,0.6773899999978865,0.4,0.031633783
1720,64671,-1.6741151787393693,0,nan,0.7866666666666666,0.6766399999978816,0.4,0.049832597
1721,64701,0.6542994287002788,1,nan,0.7333333333333333,0.6764899999978806,0.4,0.029812079
1722,64730,0.6863498837629034,1,nan,0.7931034482758621,0.6763449999978797,0.4,0.031219942
1723,64759,0.6780416338191881,1,nan,0.8620689655172413,0.6761999999978787,0.4,0.02892052
1724,64789,0.6640214921987954,1,nan,0.7333333333333333,0.6760499999978777,0.4,0.029329648
1725,64817,0.6577850865569055,1,nan,0.8214285714285714,0.6759099999978768,0.4,0.033059176
1726,64846,0.6730354621644081,1,nan,0.8275862068965517,0.6757649999978759,0.4,0.037726007
1727,64875,0.6609093069131273,1,nan,0.8620689655172413,0.6756199999978749,0.4,0.02980637
1728,64904,0.6897514548343209,1,nan,0.7241379310344828,0.675474999997874,0.4,0.031601768
1729,64932,0.6844847920613322,1,nan,0.7142857142857143,0.675334999997873,0.4,0.03323324
1730,64961,0.670356355208972,1,nan,0.7931034482758621,0.6751899999978721,0.4,0.030542089
1731,64990,0.6405654764873058,1,nan,0.8275862068965517,0.6750449999978712,0.4,0.03550076
1732,65019,0.697719785703422,1,nan,0.6551724137931034,0.6748999999978702,0.4,0.02996534
1733,65048,0.7363622955186446,1,nan,0.7241379310344828,0.6747549999978693,0.4,0.029485263
1734,65077,0.6791481677492169,1,nan,0.7586206896551724,0.6746099999978683,0.4,0.03025022
1735,65108,0.6387443093543748,1,nan,0.6774193548387096,0.6744549999978673,0.4,0.029713579
1736,65137,0.6753168732736423,1,nan,0.8275862068965517,0.6743099999978663,0.4,0.0325691
1737,65165,0.659511182884594,1,nan,0.7857142857142857,0.6741699999978654,0.4,0.032811645
1738,65195,0.6618484973293557,1,nan,0.7666666666666667,0.6740199999978644,0.4,0.029726503
1739,65224,0.6422180552428212,1,nan,0.6896551724137931,0.6738749999978635,0.4,0.03314845
1740,65254,0.6620804764657855,1,1.0,0.5333333333333333,0.6737249999978625,0.4,0.03030415
1741,65285,0.6200052998431215,1,nan,0.6774193548387096,0.6735699999978615,0.4,0.036134854
1742,65313,0.6943088300248319,1,nan,0.8214285714285714,0.6734299999978606,0.4,0.03183075
1743,65342,0.6444639996609787,1,nan,0.7931034482758621,0.6732849999978596,0.4,0.033828188
1744,65396,0.4115339642361189,0,nan,0.8148148148148148,0.6730149999978579,0.4,0.032695875
1745,65425,0.6706243520836951,1,nan,0.8275862068965517,0.6728699999978569,0.4,0.03052067
1746,65454,0.663676100930946,1,nan,0.7586206896551724,0.672724999997856,0.4,0.032294832
1747,65483,0.6851540624161931,1,nan,0.8620689655172413,0.672579999997855,0.4,0.03137759
1748,65512,0.6420871220259181,1,nan,0.7931034482758621,0.672434999997854,0.4,0.034441292
1749,65541,0.6639444715296733,1,nan,0.7586206896551724,0.6722899999978531,0.4,0.02986187
1750,65570,0.6520052346885503,1,nan,0.8620689655172413,0.6721449999978522,0.4,0.032081425
1751,65599,0.6509091514551653,1,nan,0.7586206896551724,0.6719999999978512,0.4,0.03260393
1752,65628,0.708963180707141,1,nan,0.8620689655172413,0.6718549999978503,0.4,0.030907923
1753,65656,0.6614015046077402,1,nan,0.8571428571428571,0.6717149999978493,0.4,0.03374469
1754,65687,0.7162802183855836,1,nan,0.7419354838709677,0.6715599999978483,0.4,0.02295317
1755,65771,0.07579570665688729,0,nan,0.8095238095238095,0.6711399999978456,0.4,0.031585038
1756,65800,0.6977879484828815,1,nan,0.896551724137931,0.6709949999978446,0.4,0.0315268
1757,65829,0.6611403950951795,1,nan,0.8275862068965517,0.6708499999978437,0.4,0.031255275
1758,65859,0.6602777115013858,1,nan,0.6666666666666666,0.6706999999978427,0.4,0.029663721
1759,65889,0.7128731466552514,1,nan,0.5666666666666667,0.6705499999978417,0.4,0.029567992
1760,65945,0.40916951210641517,0,nan,0.7857142857142857,0.6702699999978399,0.4,0.03080528
1761,65978,0.6376447556326156,1,nan,0.7272727272727273,0.6701049999978388,0.4,0.026975606
1762,66008,0.6627858620733136,1,nan,0.8333333333333334,0.6699549999978378,0.4,0.030689025
1763,66037,0.6814974992454877,1,nan,0.8275862068965517,0.6698099999978369,0.4,0.030285833
1764,66067,0.6485685427292367,1,nan,0.7666666666666667,0.6696599999978359,0.4,0.035331853
1765,66097,0.6443457730186473,1,nan,0.8333333333333334,0.6695099999978349,0.4,0.03198213
1766,66126,0.6519276299999421,1,nan,0.8275862068965517,0.6693649999978339,0.4,0.03195349
1767,66191,0.3521530657244598,0,nan,0.7846153846153846,0.6690399999978318,0.4,0.028208915
1768,66341,-1.7036758813068953,0,nan,0.7133333333333334,0.6682899999978269,0.4,0.055069096
1769,66369,0.6491600370971674,1,nan,0.8214285714285714,0.668149999997826,0.4,0.034735497
1770,66454,-0.04891888520645715,0,1.0,0.7411764705882353,0.6677249999978232,0.4,0.051539574
1771,66484,0.6597881489505174,1,nan,0.7666666666666667,0.6675749999978222,0.4,0.028627645
1772,66515,0.7046185842579624,1,nan,0.7096774193548387,0.6674199999978212,0.4,0.022992149
1773,66545,0.6754792187322013,1,nan,0.7,0.6672699999978202,0.4,0.030725185
1774,66574,0.6897055199674952,1,nan,0.8275862068965517,0.6671249999978193,0.4,0.03207811
1775,66604,0.6877116457984951,1,nan,0.7333333333333333,0.6669749999978183,0.4,0.03042605
1776,66634,0.7155990814682487,1,nan,0.7333333333333333,0.6668249999978173,0.4,0.025741197
1777,66663,0.6739439713143812,1,nan,0.7241379310344828,0.6666799999978164,0.4,0.03117826
1778,66692,0.6938670679721403,1,nan,0.6551724137931034,0.6665349999978154,0.4,0.03145244
1779,66722,0.6816529382180585,1,nan,0.7666666666666667,0.6663849999978144,0.4,0.028215671
1780,66751,0.7010775732146148,1,nan,0.7931034482758621,0.6662399999978135,0.4,0.030363725
1781,66784,0.6017816388742747,1,nan,0.7575757575757576,0.6660749999978124,0.4,0.030927626
1782,66851,0.2289905894496147,0,nan,0.7611940298507462,0.6657399999978102,0.4,0.03223156
1783,66881,0.6454080074888349,1,nan,0.8333333333333334,0.6655899999978092,0.4,0.034034476
1784,66967,0.02697961080522815,0,nan,0.7790697674418605,0.6651599999978064,0.4,0.0375261
1785,66996,0.6721929323758091,1,nan,0.7586206896551724,0.6650149999978054,0.4,0.032324
1786,67025,0.6543620542049113,1,nan,0.7586206896551724,0.6648699999978045,0.4,0.032921564
1787,67054,0.6405686525000127,1,nan,0.7931034482758621,0.6647249999978035,0.4,0.032618176
1788,67084,0.6339020041887176,1,nan,0.8333333333333334,0.6645749999978026,0.4,0.032221578
1789,67113,0.637833763979414,1,nan,0.7241379310344828,0.6644299999978016,0.4,0.032657214
1790,67157,0.5254104869346731,1,nan,0.6818181818181818,0.6642099999978002,0.4,0.031138765
1791,67214,0.3246106285180843,0,nan,0.8070175438596491,0.6639249999977983,0.4,0.034862306
1792,67244,0.6666044627607095,1,nan,0.6333333333333333,0.6637749999977973,0.4,0.028726457
1793,67273,0.6884197240309409,1,nan,0.8620689655172413,0.6636299999977964,0.4,0.030999996
1794,67302,0.7302619481733958,1,nan,0.6551724137931034,0.6634849999977954,0.4,0.03114102
1795,67332,0.7127648505792414,1,nan,0.6666666666666666,0.6633349999977944,0.4,0.028652387
1796,67362,0.7035591381840423,1,nan,0.8333333333333334,0.6631849999977935,0.4,0.027611604
1797,67392,0.6432726556329563,1,nan,0.8333333333333334,0.6630349999977925,0.4,0.031498276
1798,67446,0.43159744397026456,0,nan,0.7592592592592593,0.6627649999977907,0.4,0.029816404
1799,67475,0.7773122514225812,1,nan,0.7931034482758621,0.6626199999977898,0.4,0.029510606
1800,67504,0.6855323452584776,1,1.0,0.7931034482758621,0.6624749999977888,0.4,0.031658832
1801,67533,0.6374119163500181,1,nan,0.896551724137931,0.6623299999977879,0.4,0.033137813
1802,67562,0.6996476746523976,1,nan,0.6896551724137931,0.6621849999977869,0.4,0.030155266
1803,67592,0.6422952535626061,1,nan,0.9,0.6620349999977859,0.4,0.03131288
1804,67621,0.6634633707625326,1,nan,0.7586206896551724,0.661889999997785,0.4,0.03376535
1805,67650,0.656770664112158,1,nan,0.7931034482758621,0.661744999997784,0.4,0.031925745
1806,67679,0.6581913457226231,1,nan,0.8275862068965517,0.6615999999977831,0.4,0.033780046
1807,67707,0.6645774128187056,1,nan,0.7857142857142857,0.6614599999977822,0.4,0.03296713
1808,67755,0.4426855402763017,0,nan,0.7291666666666666,0.6612199999977806,0.4,0.036563884
1809,67783,0.6511180043004433,1,nan,0.75,0.6610799999977797,0.4,0.03483494
1810,67811,0.6569783979141806,1,nan,0.8928571428571429,0.6609399999977787,0.4,0.03210478
1811,67840,0.6508254664445279,1,nan,0.7241379310344828,0.6607949999977778,0.4,0.033957217
1812,67870,0.65989727077913,1,nan,0.7666666666666667,0.6606449999977768,0.4,0.034405675
1813,67902,0.6348620737025419,1,nan,0.59375,0.6604849999977758,0.4,0.03108701
1814,67932,0.6498084730108533,1,nan,0.8333333333333334,0.6603349999977748,0.4,0.031325877
1815,67989,0.3141999756945477,0,nan,0.7894736842105263,0.6600499999977729,0.4,0.030400664
1816,68018,0.6421316893964033,1,nan,0.7586206896551724,0.659904999997772,0.4,0.03341559
1817,68047,0.6396772488763309,1,nan,0.8275862068965517,0.659759999997771,0.4,0.03317506
1818,68079,0.6400933122371695,1,nan,0.8125,0.65959999999777,0.4,0.029771913
1819,68108,0.7001963103291905,1,nan,0.6896551724137931,0.659454999997769,0.4,0.031159742
1820,68136,0.6669251466259674,1,nan,0.7142857142857143,0.6593149999977681,0.4,0.03317381
1821,68286,-1.8606269289549422,0,nan,0.76,0.6585649999977632,0.4,0.06119573
1822,68316,0.6467826037680842,1,nan,0.7333333333333333,0.6584149999977622,0.4,0.03249122
1823,68346,0.6882217989389277,1,nan,0.6333333333333333,0.6582649999977612,0.4,0.031188859
1824,68377,0.6316886996665587,1,nan,0.8387096774193549,0.6581099999977602,0.4,0.030997625
1825,68409,0.6274521419071827,1,nan,0.6875,0.6579499999977592,0.4,0.029918922
1826,68438,0.6807252014427628,1,nan,0.8275862068965517,0.6578049999977582,0.4,0.031508256
1827,68469,0.6668421582424424,1,nan,0.7741935483870968,0.6576499999977572,0.4,0.028752664
1828,68501,0.6668742261879332,1,nan,0.71875,0.6574899999977561,0.4,0.028815536
1829,68546,0.5289774464735819,1,nan,0.7111111111111111,0.6572649999977547,0.4,0.0306937
1830,68577,0.6376177037017324,1,1.0,0.7419354838709677,0.6571099999977537,0.4,0.029527223
1831,68608,0.6631495017559896,1,nan,0.6774193548387096,0.6569549999977526,0.4,0.030711507
1832,68639,0.6532785632178625,1,nan,0.6774193548387096,0.6567999999977516,0.4,0.03125759
1833,68687,0.4407361699409167,0,nan,0.7916666666666666,0.65655999999775,0.4,0.038310405
1834,68718,0.6303724487214732,1,nan,0.8064516129032258,0.656404999997749,0.4,0.031742297
1835,68747,0.6617637484304784,1,nan,0.7931034482758621,0.6562599999977481,0.4,0.032150596
1836,68776,0.6581919022060616,1,nan,0.8275862068965517,0.6561149999977471,0.4,0.03137546
1837,68805,0.6602527635702655,1,nan,0.7586206896551724,0.6559699999977462,0.4,0.03238409
1838,68834,0.6588417895269644,1,nan,0.7931034482758621,0.6558249999977452,0.4,0.032511912
1839,68864,0.6487502506731291,1,nan,0.7,0.6556749999977443,0.4,0.030900186
1840,68932,0.22972572176272288,0,nan,0.7058823529411765,0.655334999997742,0.4,0.031751934
1841,68962,0.6479322710795756,1,nan,0.7333333333333333,0.655184999997741,0.4,0.030291399
1842,68993,0.6633518575360858,1,nan,0.6774193548387096,0.65502999999774,0.4,0.030811198
1843,69023,0.6828669749742687,1,nan,0.7333333333333333,0.654879999997739,0.4,0.029258056
1844,69052,0.6375604282690976,1,nan,0.6896551724137931,0.6547349999977381,0.4,0.03537027
1845,69082,0.7067716709157783,1,nan,0.6333333333333333,0.6545849999977371,0.4,0.027219677
1846,69112,0.6571337022882837,1,nan,0.8,0.6544349999977361,0.4,0.028412359
1847,69141,0.7365094209143568,1,nan,0.6551724137931034,0.6542899999977352,0.4,0.03134458
1848,69170,0.7448874743345414,1,nan,0.7586206896551724,0.6541449999977342,0.4,0.030009005
1849,69201,0.6666971030864679,1,nan,0.7096774193548387,0.6539899999977332,0.4,0.027731702
1850,69229,0.6734559284888986,1,nan,0.75,0.6538499999977323,0.4,0.032555904
1851,69258,0.6669713610994137,1,nan,0.7241379310344828,0.6537049999977314,0.4,0.029872894
1852,69287,0.6590625008299975,1,nan,0.7586206896551724,0.6535599999977304,0.4,0.03087591
1853,69316,0.6442661126651201,1,nan,0.8275862068965517,0.6534149999977295,0.4,0.036425427
1854,69378,0.23871681506051634,0,nan,0.7096774193548387,0.6531049999977274,0.4,0.037058793
1855,69408,0.6816036223236284,1,nan,0.6333333333333333,0.6529549999977264,0.4,0.02719258
1856,69450,0.6025621354692299,1,nan,0.7142857142857143,0.6527449999977251,0.4,0.027551165
1857,69486,0.5895435130347102,1,nan,0.6944444444444444,0.6525649999977239,0.4,0.02968823
1858,69514,0.6555261675615311,1,nan,0.8928571428571429,0.652424999997723,0.4,0.034332868
1859,69543,0.6333614826879448,1,nan,0.7931034482758621,0.652279999997722,0.4,0.035441954
1860,69573,0.6726280417172806,1,1.0,0.7,0.652129999997721,0.4,0.029812638
1861,69603,0.7051375160085278,1,nan,0.7,0.65197999999772,0.4,0.028838487
1862,69633,0.6795114840512466,1,nan,0.5666666666666667,0.6518299999977191,0.4,0.027553063
1863,69662,0.6528816097287135,1,nan,0.896551724137931,0.6516849999977181,0.4,0.03146194
1864,69693,0.6451912079297413,1,nan,0.6451612903225806,0.6515299999977171,0.4,0.031299688
1865,69752,0.3293494918891645,0,nan,0.7457627118644068,0.6512349999977152,0.4,0.032465164
1866,69781,0.6404818279652176,1,nan,0.896551724137931,0.6510899999977142,0.4,0.032772675
1867,69813,0.6196481510354895,1,nan,0.75,0.6509299999977132,0.4,0.028874047
1868,69843,0.6626333741476176,1,nan,0.8333333333333334,0.6507799999977122,0.4,0.030906
1869,69875,0.6571070829635923,1,nan,0.5625,0.6506199999977111,0.4,0.024016177
1870,69916,0.5002985731817204,1,nan,0.8292682926829268,0.6504149999977098,0.4,0.030118449
1871,69945,0.6346390128775155,1,nan,0.8275862068965517,0.6502699999977088,0.4,0.03502256
1872,69974,0.6898213311878851,1,nan,0.7241379310344828,0.6501249999977079,0.4,0.032479677
1873,70017,0.4584639223179924,0,nan,0.7906976744186046,0.6499099999977065,0.4,0.032460835
1874,70047,0.6455453250604493,1,nan,0.7333333333333333,0.6497599999977055,0.4,0.03130084
1875,70075,0.6822379973981689,1,nan,0.75,0.6496199999977046,0.4,0.031579603
1876,70104,0.6690850208805357,1,nan,0.6551724137931034,0.6494749999977036,0.4,0.031462166
1877,70135,0.6392898538476239,1,nan,0.6451612903225806,0.6493199999977026,0.4,0.028823603
1878,70165,0.707149636070644,1,nan,0.6,0.6491699999977016,0.4,0.02889859
1879,70195,0.6560022999782322,1,nan,0.7,0.6490199999977007,0.4,0.031670924
1880,70260,0.23433020545820693,0,nan,0.8153846153846154,0.6486949999976985,0.4,0.0362546
1881,70294,0.5782997381801778,1,nan,0.8235294117647058,0.6485249999976974,0.4,0.03307038
1882,70325,0.633652429930791,1,nan,0.6774193548387096,0.6483699999976964,0.4,0.032795943
1883,70382,0.4223087262844507,0,nan,0.7368421052631579,0.6480849999976945,0.4,0.030253682
1884,70412,0.6738741520758357,1,nan,0.6666666666666666,0.6479349999976936,0.4,0.027173737
1885,70443,0.6286524421765862,1,nan,0.7419354838709677,0.6477799999976925,0.4,0.031960387
1886,70472,0.6568437451902069,1,nan,0.6551724137931034,0.6476349999976916,0.4,0.03162535
1887,70501,0.6465235039067694,1,nan,0.6551724137931034,0.6474899999976906,0.4,0.035718743
1888,70532,0.7014117616502278,1,nan,0.7741935483870968,0.6473349999976896,0.4,0.02985697
1889,70561,0.6770481822532226,1,nan,0.6551724137931034,0.6471899999976887,0.4,0.031077726
1890,70623,0.27523995456335804,0,1.0,0.7741935483870968,0.6468799999976866,0.4,0.039681382
1891,70773,-1.700577025276995,0,nan,0.7133333333333334,0.6461299999976817,0.4,0.049258124
1892,70801,0.6514859627350619,1,nan,0.7857142857142857,0.6459899999976808,0.4,0.034039117
1893,70829,0.6785086604743639,1,nan,0.7857142857142857,0.6458499999976799,0.4,0.031984814
1894,70857,0.6703367384800266,1,nan,0.7857142857142857,0.645709999997679,0.4,0.033280242
1895,70886,0.6579553136635865,1,nan,0.8275862068965517,0.645564999997678,0.4,0.03085404
1896,70943,0.366484132479466,0,nan,0.8596491228070176,0.6452799999976762,0.4,0.03293267
1897,70971,0.6581567266891749,1,nan,0.6785714285714286,0.6451399999976752,0.4,0.035176005
1898,71001,0.6522589057460747,1,nan,0.8,0.6449899999976743,0.4,0.03141793
1899,71032,0.628093996102796,1,nan,0.7419354838709677,0.6448349999976732,0.4,0.032438178
1900,71182,-1.7205753582926497,0,nan,0.7866666666666666,0.6440849999976683,0.4,0.04251715
1901,71212,0.6761179729167281,1,nan,0.7,0.6439349999976673,0.4,0.030816844
1902,71241,0.6544433903701488,1,nan,0.6896551724137931,0.6437899999976664,0.4,0.03144709
1903,71276,0.5801217965524421,1,nan,0.7142857142857143,0.6436149999976652,0.4,0.031019421
1904,71306,0.6458055245225303,1,nan,0.7333333333333333,0.6434649999976643,0.4,0.032092627
1905,71334,0.6564803448453009,1,nan,0.7857142857142857,0.6433249999976633,0.4,0.032054007
1906,71363,0.6728493059787801,1,nan,0.7241379310344828,0.6431799999976624,0.4,0.033078577
1907,71392,0.6415367450114667,1,nan,0.7586206896551724,0.6430349999976614,0.4,0.03379089
1908,71422,0.6723147181374386,1,nan,0.6333333333333333,0.6428849999976605,0.4,0.031121455
1909,71450,0.7216106691291158,1,nan,0.75,0.6427449999976595,0.4,0.0315096
1910,71478,0.6644199683463139,1,nan,0.7857142857142857,0.6426049999976586,0.4,0.032590352
1911,71507,0.6575661441139939,1,nan,0.5862068965517241,0.6424599999976577,0.4,0.03161009
1912,71536,0.6633002815490785,1,nan,0.7586206896551724,0.6423149999976567,0.4,0.034288768
1913,71565,0.6649919360835903,1,nan,0.6896551724137931,0.6421699999976558,0.4,0.033175103
1914,71594,0.6670612895343395,1,nan,0.7931034482758621,0.6420249999976548,0.4,0.03209273
1915,71623,0.6759289093268825,1,nan,0.6896551724137931,0.6418799999976539,0.4,0.032236606
1916,71652,0.67581949537284,1,nan,0.5862068965517241,0.6417349999976529,0.4,0.03293308
1917,71681,0.6580107594553997,1,nan,0.896551724137931,0.641589999997652,0.4,0.033503268
1918,71710,0.668754714629289,1,nan,0.6896551724137931,0.641444999997651,0.4,0.03191814
1919,71740,0.6699356673448724,1,nan,0.6666666666666666,0.64129499999765,0.4,0.03116792
1920,71769,0.6606141799110421,1,1.0,0.6896551724137931,0.6411499999976491,0.4,0.032631774
1921,71797,0.6604729945513563,1,nan,0.75,0.6410099999976482,0.4,0.033094093
1922,71826,0.6545655714724223,1,nan,0.7586206896551724,0.6408649999976472,0.4,0.03224714
1923,71855,0.6835033093316479,1,nan,0.7241379310344828,0.6407199999976463,0.4,0.031186283
1924,71884,0.6755587517727879,1,nan,0.5517241379310345,0.6405749999976453,0.4,0.031050244
1925,71913,0.65810413737613,1,nan,0.6896551724137931,0.6404299999976444,0.4,0.031257674
1926,71942,0.6643849885921038,1,nan,0.7931034482758621,0.6402849999976434,0.4,0.032336164
1927,71971,0.6655891649817096,1,nan,0.8275862068965517,0.6401399999976425,0.4,0.031561002
1928,72016,0.5296287671365576,1,nan,0.7111111111111111,0.639914999997641,0.4,0.029362116
1929,72045,0.6687192687756848,1,nan,0.6551724137931034,0.6397699999976401,0.4,0.032065675
1930,72074,0.6327398715612084,1,nan,0.7586206896551724,0.6396249999976391,0.4,0.035320405
1931,72103,0.6395310696365112,1,nan,0.7241379310344828,0.6394799999976382,0.4,0.034755643
1932,72132,0.640584913155253,1,nan,0.7241379310344828,0.6393349999976372,0.4,0.03248205
1933,72160,0.6557045174865533,1,nan,0.8214285714285714,0.6391949999976363,0.4,0.033670176
1934,72189,0.6660448711608187,1,nan,0.6551724137931034,0.6390499999976353,0.4,0.032626815
1935,72218,0.6928978259578218,1,nan,0.7586206896551724,0.6389049999976344,0.4,0.03168224
1936,72246,0.6559283895890142,1,nan,0.6785714285714286,0.6387649999976335,0.4,0.03347432
1937,72275,0.6375120617017654,1,nan,0.8275862068965517,0.6386199999976325,0.4,0.0340733
1938,72305,0.6408822222262625,1,nan,0.8,0.6384699999976315,0.4,0.03583104
1939,72335,0.6326267354965678,1,nan,0.8,0.6383199999976306,0.4,0.0322048
1940,72364,0.6463340684810932,1,nan,0.7931034482758621,0.6381749999976296,0.4,0.032943554
1941,72394,0.6372198677017162,1,nan,0.6666666666666666,0.6380249999976286,0.4,0.03247292
1942,72422,0.6610735329433092,1,nan,0.75,0.6378849999976277,0.4,0.031961083
1943,72451,0.6796627349753424,1,nan,0.6896551724137931,0.6377399999976268,0.4,0.031774692
1944,72480,0.6582625441275001,1,nan,0.7586206896551724,0.6375949999976258,0.4,0.031203033
1945,72509,0.6870056299254953,1,nan,0.7586206896551724,0.6374499999976249,0.4,0.030982105
1946,72538,0.6487776772077107,1,nan,0.6551724137931034,0.6373049999976239,0.4,0.033117477
1947,72658,-0.49890459338702176,0,nan,0.775,0.63670499999762,0.4,0.042113785
1948,72686,0.6680747038054806,1,nan,0.7857142857142857,0.6365649999976191,0.4,0.033383764
1949,72715,0.672131882198769,1,nan,0.7241379310344828,0.6364199999976181,0.4,0.03251812
1950,72745,0.6385690115946949,1,1.0,0.8666666666666667,0.6362699999976171,0.4,0.032504708
1951,72803,0.31746831229387407,0,nan,0.6379310344827587,0.6359799999976152,0.4,0.03915038
1952,72833,0.6483561700845595,1,nan,0.7333333333333333,0.6358299999976142,0.4,0.030844014
1953,72862,0.6565780471692706,1,nan,0.7241379310344828,0.6356849999976133,0.4,0.031046217
1954,72891,0.6896108077728197,1,nan,0.7241379310344828,0.6355399999976123,0.4,0.03290225
1955,72920,0.6669636281489583,1,nan,0.8275862068965517,0.6353949999976114,0.4,0.03173645
1956,72949,0.638816949910102,1,nan,0.8275862068965517,0.6352499999976104,0.4,0.035151288
1957,73034,0.013772970269171014,0,nan,0.6705882352941176,0.6348249999976077,0.4,0.041346274
1958,73063,0.6640169249471397,1,nan,0.6896551724137931,0.6346799999976067,0.4,0.032365166
1959,73091,0.6510323689583098,1,nan,0.8571428571428571,0.6345399999976058,0.4,0.034457024
1960,73120,0.6546196818780536,1,nan,0.6206896551724138,0.6343949999976048,0.4,0.03276446
1961,73180,0.288867017393736,0,nan,0.75,0.6340949999976029,0.4,0.03393546
1962,73210,0.648460444803708,1,nan,0.7333333333333333,0.6339449999976019,0.4,0.032186992
1963,73239,0.6459706850017919,1,nan,0.6206896551724138,0.633799999997601,0.4,0.03428708
1964,73306,0.16020993429251262,0,nan,0.7313432835820896,0.6334649999975988,0.4,0.037750475
1965,73335,0.6573669948416552,1,nan,0.6896551724137931,0.6333199999975978,0.4,0.032477465
1966,73365,0.6351884841538001,1,nan,0.8,0.6331699999975968,0.4,0.031551007
1967,73394,0.652148403646196,1,nan,0.8275862068965517,0.6330249999975959,0.4,0.032727588
1968,73423,0.6929397144633855,1,nan,0.8275862068965517,0.6328799999975949,0.4,0.030062456
1969,73451,0.6524293136318408,1,nan,0.75,0.632739999997594,0.4,0.033646893
1970,73511,0.3193452582230851,0,nan,0.6833333333333333,0.632439999997592,0.4,0.03610324
1971,73540,0.6787002580603054,1,nan,0.6551724137931034,0.6322949999975911,0.4,0.030349966
1972,73571,0.6476296588255928,1,nan,0.6129032258064516,0.6321399999975901,0.4,0.029882377
1973,73600,0.6602144461881794,1,nan,0.6551724137931034,0.6319949999975891,0.4,0.033009145
1974,73628,0.6575804560281149,1,nan,0.7857142857142857,0.6318549999975882,0.4,0.034202926
1975,73657,0.6918612179759827,1,nan,0.6896551724137931,0.6317099999975873,0.4,0.031866297
1976,73807,-1.8528495334853747,0,nan,0.7666666666666667,0.6309599999975823,0.4,0.061702568
1977,73836,0.7065767393919649,1,nan,0.5862068965517241,0.6308149999975814,0.4,0.031772546
1978,73867,0.6651332106377681,1,nan,0.6774193548387096,0.6306599999975804,0.4,0.029579118
1979,73896,0.6515715584818492,1,nan,0.7241379310344828,0.6305149999975794,0.4,0.033117857
1980,73924,0.6608134692174026,1,1.0,0.8928571428571429,0.6303749999975785,0.4,0.033377554
1981,73954,0.6950332207742241,1,nan,0.7666666666666667,0.6302249999975775,0.4,0.03066289
1982,74011,0.3200207725171581,0,nan,0.7368421052631579,0.6299399999975757,0.4,0.036389817
1983,74042,0.6564793712929602,1,nan,0.7741935483870968,0.6297849999975746,0.4,0.03053393
1984,74072,0.6829609605018944,1,nan,0.6333333333333333,0.6296349999975737,0.4,0.030132692
1985,74100,0.6664292047061222,1,nan,0.6785714285714286,0.6294949999975727,0.4,0.031127954
1986,74161,0.2872092245811697,0,nan,0.7868852459016393,0.6291899999975707,0.4,0.0324625
1987,74196,0.5912931818112881,1,nan,0.6857142857142857,0.6290149999975696,0.4,0.031935308
1988,74346,-1.6958781887509358,0,nan,0.72,0.6282649999975647,0.4,0.05064727
1989,74496,-1.7656069147865179,0,nan,0.74,0.6275149999975598,0.4,0.053617083
1990,74526,0.6569298726724384,1,nan,0.7333333333333333,0.6273649999975588,0.4,0.03099241
1991,74556,0.6584543322067987,1,nan,0.6,0.6272149999975578,0.4,0.032902427
1992,74584,0.6591778671370256,1,nan,0.7857142857142857,0.6270749999975569,0.4,0.033967275
1993,74613,0.6610927983499659,1,nan,0.7586206896551724,0.6269299999975559,0.4,0.032082032
1994,74643,0.662846897898826,1,nan,0.6333333333333333,0.626779999997555,0.4,0.031671487
1995,74716,0.24872777949751568,0,nan,0.726027397260274,0.6264149999975526,0.4,0.032333
1996,74746,0.660480868890692,1,nan,0.8,0.6262649999975516,0.4,0.02999462
1997,74775,0.6657598774789159,1,nan,0.7586206896551724,0.6261199999975506,0.4,0.031933136
1998,74804,0.649520505725754,1,nan,0.7586206896551724,0.6259749999975497,0.4,0.03299897
1999,74834,0.6642728118238181,1,nan,0.6666666666666666,0.6258249999975487,0.4,0.030110873
2000,74866,0.6052648781749931,1,nan,0.71875,0.6256649999975477,0.4,0.03273753
2001,74896,0.6675375712180285,1,nan,0.7333333333333333,0.6255149999975467,0.4,0.031692706
2002,74954,0.3294067237413625,0,nan,0.8103448275862069,0.6252249999975448,0.4,0.032589383
2003,74984,0.6779520166830151,1,nan,0.6333333333333333,0.6250749999975438,0.4,0.03256662
2004,75014,0.6639005599394623,1,nan,0.7333333333333333,0.6249249999975428,0.4,0.030613082
2005,75043,0.6769893927935061,1,nan,0.6896551724137931,0.6247799999975419,0.4,0.030762294
2006,75100,0.31909509414474335,0,nan,0.6666666666666666,0.62449499999754,0.4,0.034890667
2007,75129,0.6834916040438935,1,nan,0.7586206896551724,0.624349999997539,0.4,0.031442095
2008,75158,0.7196977861665801,1,nan,0.7586206896551724,0.6242049999975381,0.4,0.030082818
2009,75186,0.6850630571240769,1,nan,0.5714285714285714,0.6240649999975372,0.4,0.03353576
2010,75215,0.7283639919732969,1,1.0,0.6206896551724138,0.6239199999975362,0.4,0.030907966
2011,75244,0.6545560128304069,1,nan,0.7241379310344828,0.6237749999975353,0.4,0.03182705
2012,75272,0.6508120366321655,1,nan,0.75,0.6236349999975344,0.4,0.033625413
2013,75300,0.6564421332570829,1,nan,0.7142857142857143,0.6234949999975334,0.4,0.03367974
2014,75329,0.6751975618787928,1,nan,0.6551724137931034,0.6233499999975325,0.4,0.031826578
2015,75358,0.6457831938606159,1,nan,0.7931034482758621,0.6232049999975315,0.4,0.03277963
2016,75508,-1.7196594504124045,0,nan,0.6866666666666666,0.6224549999975266,0.4,0.049684647
2017,75537,0.655548085483211,1,nan,0.7931034482758621,0.6223099999975257,0.4,0.032397754
2018,75596,0.374542662455874,0,nan,0.711864406779661,0.6220149999975237,0.4,0.034337983
2019,75626,0.7364879240509268,1,nan,0.7333333333333333,0.6218649999975228,0.4,0.030436095
2020,75776,-1.8946176232870742,0,nan,0.7533333333333333,0.6211149999975178,0.4,0.089149885
2021,75804,0.6639154625066412,1,nan,0.6785714285714286,0.6209749999975169,0.4,0.03391004
2022,75833,0.6560904447730156,1,nan,0.7241379310344828,0.620829999997516,0.4,0.03224937
2023,75862,0.6606682939951575,1,nan,0.6551724137931034,0.620684999997515,0.4,0.032606963
2024,75891,0.6511606778187269,1,nan,0.6551724137931034,0.6205399999975141,0.4,0.030732995
2025,75920,0.6522287539566487,1,nan,0.6206896551724138,0.6203949999975131,0.4,0.031403333
2026,75973,0.41704017143333394,0,nan,0.660377358490566,0.6201299999975114,0.4,0.03146079
2027,76032,0.3223715641170536,0,nan,0.7288135593220338,0.6198349999975095,0.4,0.03439599
2028,76061,0.651372620314524,1,nan,0.7241379310344828,0.6196899999975085,0.4,0.031652328
2029,76090,0.6943732467499044,1,nan,0.6206896551724138,0.6195449999975076,0.4,0.03114268
2030,76119,0.6523091219030326,1,nan,0.7931034482758621,0.6193999999975066,0.4,0.032408193
2031,76148,0.645971245643802,1,nan,0.7241379310344828,0.6192549999975057,0.4,0.032976486
2032,76177,0.651526846214286,1,nan,0.7241379310344828,0.6191099999975047,0.4,0.032168783
2033,76327,-1.6330581074308022,0,nan,0.7066666666666667,0.6183599999974998,0.4,0.045683254
2034,76356,0.6565277442318758,1,nan,0.7931034482758621,0.6182149999974988,0.4,0.03170303
2035,76384,0.6769775982073236,1,nan,0.75,0.6180749999974979,0.4,0.032093298
2036,76412,0.6684400314181453,1,nan,0.6428571428571429,0.617934999997497,0.4,0.034257375
2037,76562,-1.5966036220797521,0,nan,0.7066666666666667,0.6171849999974921,0.4,0.045971945
2038,76592,0.6528388205442122,1,nan,0.8333333333333334,0.6170349999974911,0.4,0.031515148
2039,76622,0.7002222829865554,1,nan,0.7333333333333333,0.6168849999974901,0.4,0.03351182
2040,76650,0.6673197620434694,1,1.0,0.6071428571428571,0.6167449999974892,0.4,0.031348895
2041,76679,0.6430963304273565,1,nan,0.7586206896551724,0.6165999999974883,0.4,0.033658467
2042,76708,0.660311478317993,1,nan,0.7931034482758621,0.6164549999974873,0.4,0.031387158
2043,76736,0.6685298320898989,1,nan,0.7857142857142857,0.6163149999974864,0.4,0.03247724
2044,76765,0.7302047547389627,1,nan,0.896551724137931,0.6161699999974855,0.4,0.030830398
2045,76794,0.7225856518903018,1,nan,0.41379310344827586,0.6160249999974845,0.4,0.031841535
2046,76825,0.6234058656336271,1,nan,0.6451612903225806,0.6158699999974835,0.4,0.030490968
2047,76854,0.6927033064335938,1,nan,0.5517241379310345,0.6157249999974825,0.4,0.035192415
2048,76884,0.6896309012291432,1,nan,0.6,0.6155749999974816,0.4,0.03144117
2049,76913,0.722561131643668,1,nan,0.7241379310344828,0.6154299999974806,0.4,0.029576385
2050,76942,0.7160191761080283,1,nan,0.6551724137931034,0.6152849999974797,0.4,0.031042403
2051,76972,0.6899702851432402,1,nan,0.5666666666666667,0.6151349999974787,0.4,0.029087134
2052,77001,0.6720606848568439,1,nan,0.6206896551724138,0.6149899999974777,0.4,0.03149028
2053,77065,0.2789151241736657,0,nan,0.75,0.6146699999974756,0.4,0.03091939
2054,77094,0.6520099244326806,1,nan,0.5172413793103449,0.6145249999974747,0.4,0.032218143
2055,77162,0.21537664974638804,0,nan,0.7352941176470589,0.6141849999974724,0.4,0.033286832
2056,77191,0.6968877996087262,1,nan,0.7586206896551724,0.6140399999974715,0.4,0.03286843
2057,77219,0.6764035342206786,1,nan,0.7142857142857143,0.6138999999974706,0.4,0.033212196
2058,77250,0.6250440384061038,1,nan,0.8064516129032258,0.6137449999974696,0.4,0.03058799
2059,77278,0.6574870600353377,1,nan,0.75,0.6136049999974686,0.4,0.032991435
2060,77307,0.6456844769584895,1,nan,0.8275862068965517,0.6134599999974677,0.4,0.034539532
2061,77336,0.6426084841882189,1,nan,0.8275862068965517,0.6133149999974667,0.4,0.032037236
2062,77365,0.6467428398414949,1,nan,0.7931034482758621,0.6131699999974658,0.4,0.032766
2063,77394,0.666601066783582,1,nan,0.6206896551724138,0.6130249999974648,0.4,0.02997148
2064,77423,0.659969942547749,1,nan,0.6896551724137931,0.6128799999974639,0.4,0.03331757
2065,77453,0.6765864324018394,1,nan,0.7,0.6127299999974629,0.4,0.030334365
2066,77515,0.2297339422522795,0,nan,0.7419354838709677,0.6124199999974609,0.4,0.03660364
2067,77544,0.7008702636285772,1,nan,0.6896551724137931,0.6122749999974599,0.4,0.03218713
2068,77573,0.6546501009024844,1,nan,0.5517241379310345,0.612129999997459,0.4,0.030982634
2069,77602,0.6640691503819851,1,nan,0.6206896551724138,0.611984999997458,0.4,0.031170342
2070,77632,0.6549635954248623,1,1.0,0.7333333333333333,0.611834999997457,0.4,0.02948395
2071,77661,0.6611878951841661,1,nan,0.8275862068965517,0.6116899999974561,0.4,0.030869065
2072,77689,0.6718090338544473,1,nan,0.5714285714285714,0.6115499999974552,0.4,0.032928474
2073,77718,0.7329999493337703,1,nan,0.5517241379310345,0.6114049999974542,0.4,0.03118651
2074,77747,0.6588784711540778,1,nan,0.6551724137931034,0.6112599999974533,0.4,0.033526253
2075,77776,0.6797846607804525,1,nan,0.6896551724137931,0.6111149999974523,0.4,0.029764427
2076,77830,0.38513759976889994,0,nan,0.6296296296296297,0.6108449999974506,0.4,0.03238868
2077,77860,0.6666702604688218,1,nan,0.6,0.6106949999974496,0.4,0.03076129
2078,77889,0.6641941271953533,1,nan,0.6896551724137931,0.6105499999974486,0.4,0.033713985
2079,77918,0.7173673390622097,1,nan,0.5172413793103449,0.6104049999974477,0.4,0.03051803
2080,77947,0.7077665298082154,1,nan,0.6206896551724138,0.6102599999974467,0.4,0.029847205
2081,77978,0.6580590052319355,1,nan,0.6451612903225806,0.6101049999974457,0.4,0.03404481
2082,78007,0.6629794056535296,1,nan,0.7241379310344828,0.6099599999974448,0.4,0.032249443
2083,78036,0.6562355089864996,1,nan,0.6896551724137931,0.6098149999974438,0.4,0.031972706
2084,78065,0.6558873044848557,1,nan,0.7586206896551724,0.6096699999974429,0.4,0.031306267
2085,78094,0.675306702165936,1,nan,0.5862068965517241,0.6095249999974419,0.4,0.031905893
2086,78122,0.6580004672372606,1,nan,0.7857142857142857,0.609384999997441,0.4,0.03396744
2087,78226,-0.13329571996174983,0,nan,0.7115384615384616,0.6088649999974376,0.4,0.034606114
2088,78255,0.6783513573259824,1,nan,0.6206896551724138,0.6087199999974366,0.4,0.033293765
2089,78284,0.6791199876396516,1,nan,0.896551724137931,0.6085749999974357,0.4,0.031881936
2090,78342,0.3211754270615246,0,nan,0.7931034482758621,0.6082849999974338,0.4,0.036757328
2091,78374,0.6562844504352983,1,nan,0.5625,0.6081249999974327,0.4,0.028218277
2092,78524,-1.7399586264868945,0,nan,0.6866666666666666,0.6073749999974278,0.4,0.049216464
2093,78553,0.7125616394316574,1,nan,0.7931034482758621,0.6072299999974269,0.4,0.029270703
2094,78609,0.34237732351777106,0,nan,0.75,0.606949999997425,0.4,0.03548665
2095,78637,0.67669083458248,1,nan,0.7857142857142857,0.6068099999974241,0.4,0.033846732
2096,78666,0.656060702271891,1,nan,0.6896551724137931,0.6066649999974232,0.4,0.030337183
2097,78753,-0.017274121232211725,0,nan,0.7586206896551724,0.6062299999974203,0.4,0.035606608
2098,78785,0.6740890568692948,1,nan,0.53125,0.6060699999974193,0.4,0.028838407
2099,78814,0.6567173668368137,1,nan,0.8275862068965517,0.6059249999974183,0.4,0.034638714
2100,78843,0.6480187706263406,1,0.99,0.8620689655172413,0.6057799999974174,0.4,0.0350094
2101,78873,0.6427640239351519,1,nan,0.7,0.6056299999974164,0.4,0.03160856
2102,78901,0.6707126375267624,1,nan,0.7142857142857143,0.6054899999974155,0.4,0.031129533
2103,78930,0.6595912876333732,1,nan,0.7586206896551724,0.6053449999974145,0.4,0.031043299
2104,78960,0.6714626493274163,1,nan,0.7666666666666667,0.6051949999974136,0.4,0.029204192
2105,78989,0.6961059060038026,1,nan,0.5517241379310345,0.6050499999974126,0.4,0.03062973
2106,79020,0.6471343941750143,1,nan,0.6451612903225806,0.6048949999974116,0.4,0.032078963
2107,79052,0.6336250441584419,1,nan,0.71875,0.6047349999974105,0.4,0.031040506
2108,79093,0.5474304811476849,1,nan,0.6585365853658537,0.6045299999974092,0.4,0.029948343
2109,79123,0.6442621340007841,1,nan,0.6666666666666666,0.6043799999974082,0.4,0.031384025
2110,79152,0.6786186773169577,1,nan,0.7586206896551724,0.6042349999974073,0.4,0.032914426
2111,79182,0.6938596099115377,1,nan,0.7666666666666667,0.6040849999974063,0.4,0.028964939
2112,79211,0.7403272879807872,1,nan,0.6206896551724138,0.6039399999974053,0.4,0.02984115
2113,79241,0.6723045443661977,1,nan,0.6333333333333333,0.6037899999974043,0.4,0.031931393
2114,79271,0.677924336637858,1,nan,0.5333333333333333,0.6036399999974034,0.4,0.030534746
2115,79300,0.6751720004133848,1,nan,0.5862068965517241,0.6034949999974024,0.4,0.031989824
2116,79330,0.6678915259044826,1,nan,0.6666666666666666,0.6033449999974014,0.4,0.031472728
2117,79377,0.5136105613630433,1,nan,0.7021276595744681,0.6031099999973999,0.4,0.029794214
2118,79406,0.7311856763292288,1,nan,0.5862068965517241,0.6029649999973989,0.4,0.029318197
2119,79435,0.689866479608396,1,nan,0.7241379310344828,0.602819999997398,0.4,0.032216363
2120,79464,0.6922799547913472,1,nan,0.6896551724137931,0.602674999997397,0.4,0.031180618
2121,79523,0.385855343147262,0,nan,0.5254237288135594,0.6023799999973951,0.4,0.030370925
2122,79552,0.6708669560192964,1,nan,0.5517241379310345,0.6022349999973942,0.4,0.029954072
2123,79581,0.6529016518007826,1,nan,0.8275862068965517,0.6020899999973932,0.4,0.032363597
2124,79610,0.7000700622880554,1,nan,0.5517241379310345,0.6019449999973923,0.4,0.028927786
2125,79639,0.7841285061592591,1,nan,0.7241379310344828,0.6017999999973913,0.4,0.029181274
2126,79668,0.6590891141869836,1,nan,0.7241379310344828,0.6016549999973904,0.4,0.03115291
2127,79758,-0.031906313073280734,0,nan,0.7222222222222222,0.6012049999973874,0.4,0.047932535
2128,79788,0.687883835839673,1,nan,0.5,0.6010549999973864,0.4,0.030587614
2129,79818,0.7829963373134304,1,nan,0.7,0.6009049999973854,0.4,0.029431235
2130,79846,0.6596016596563958,1,1.0,0.75,0.6007649999973845,0.4,0.033705365
2131,79875,0.6669429389126349,1,nan,0.6896551724137931,0.6006199999973836,0.4,0.03208659
2132,79904,0.7531117391303976,1,nan,0.6206896551724138,0.6004749999973826,0.4,0.028956266
2133,79933,0.6515067050709642,1,nan,0.7931034482758621,0.6003299999973817,0.4,0.03375396
2134,79991,0.4362733584150833,0,nan,0.7413793103448276,0.6000399999973798,0.4,0.032906033
2135,80141,-1.7053049958124378,0,nan,0.7466666666666667,0.5992899999973749,0.4,0.053408153
2136,80170,0.6634873440209386,1,nan,0.6551724137931034,0.5991449999973739,0.4,0.03332543
2137,80199,0.6905510990950648,1,nan,0.7586206896551724,0.598999999997373,0.4,0.03109033
2138,80228,0.7157652388420144,1,nan,0.7586206896551724,0.598854999997372,0.4,0.03098381
2139,80257,0.7438062403407968,1,nan,0.6551724137931034,0.5987099999973711,0.4,0.02838585
2140,80287,0.7048353072650553,1,nan,0.6333333333333333,0.5985599999973701,0.4,0.031104606
2141,80318,0.7477064645748,1,nan,0.4838709677419355,0.5984049999973691,0.4,0.027712163
2142,80378,0.3231531539636249,0,nan,0.7333333333333333,0.5981049999973671,0.4,0.03172127
2143,80409,0.6708858174220687,1,nan,0.6774193548387096,0.5979499999973661,0.4,0.03188819
2144,80438,0.7242037144943569,1,nan,0.6896551724137931,0.5978049999973651,0.4,0.02962308
2145,80468,0.6485265888426539,1,nan,0.8,0.5976549999973642,0.4,0.033073004
2146,80497,0.7143679202797633,1,nan,0.5172413793103449,0.5975099999973632,0.4,0.032653738
2147,80531,0.5879489735909408,1,nan,0.7647058823529411,0.5973399999973621,0.4,0.032590356
2148,80559,0.6636542484262835,1,nan,0.7857142857142857,0.5971999999973612,0.4,0.03237272
2149,80588,0.6656623708523793,1,nan,0.6896551724137931,0.5970549999973602,0.4,0.03261755
2150,80634,0.42302589179755834,0,nan,0.7391304347826086,0.5968249999973587,0.4,0.032928187
2151,80784,-1.7132467721718032,0,nan,0.7266666666666667,0.5960749999973538,0.4,0.049910832
2152,80843,0.3812163518251689,0,nan,0.7627118644067796,0.5957799999973519,0.4,0.033327844
2153,80872,0.6853781991656036,1,nan,0.6896551724137931,0.5956349999973509,0.4,0.03307094
2154,80911,0.5172842000782877,1,nan,0.7948717948717948,0.5954399999973496,0.4,0.030501928
2155,80940,0.68202778778739,1,nan,0.6206896551724138,0.5952949999973487,0.4,0.031786773
2156,80970,0.6277867637177854,1,nan,0.8666666666666667,0.5951449999973477,0.4,0.032873597
2157,80999,0.6574484123919349,1,nan,0.7931034482758621,0.5949999999973468,0.4,0.034492366
2158,81032,0.644947713460631,1,nan,0.6363636363636364,0.5948349999973457,0.4,0.029090181
2159,81061,0.6748243474374396,1,nan,0.7586206896551724,0.5946899999973447,0.4,0.037798036
2160,81090,0.6784470317765334,1,1.0,0.6551724137931034,0.5945449999973438,0.4,0.03220402
2161,81119,0.6475890862333238,1,nan,0.5862068965517241,0.5943999999973428,0.4,0.032465395
2162,81150,0.6251225744298718,1,nan,0.7096774193548387,0.5942449999973418,0.4,0.033829324
2163,81179,0.693533519303346,1,nan,0.5517241379310345,0.5940999999973409,0.4,0.031034136
2164,81208,0.696745598083183,1,nan,0.5172413793103449,0.5939549999973399,0.4,0.032359555
2165,81268,0.37924371137616064,0,nan,0.75,0.593654999997338,0.4,0.03223814
2166,81298,0.6608702105598907,1,nan,0.7666666666666667,0.593504999997337,0.4,0.032195617
2167,81336,0.5607584040932558,1,nan,0.631578947368421,0.5933149999973357,0.4,0.029744443
2168,81365,0.7023915600739362,1,nan,0.7241379310344828,0.5931699999973348,0.4,0.03043831
2169,81394,0.7681641148385678,1,nan,0.6551724137931034,0.5930249999973338,0.4,0.031713717
2170,81423,0.6957480511978227,1,nan,0.5517241379310345,0.5928799999973329,0.4,0.03181864
2171,81453,0.654375854247535,1,nan,0.8,0.5927299999973319,0.4,0.03150776
2172,81483,0.6349940867948232,1,nan,0.8333333333333334,0.5925799999973309,0.4,0.0331543
2173,81513,0.6868901178318888,1,nan,0.43333333333333335,0.5924299999973299,0.4,0.030252893
2174,81573,0.3615056913653467,0,nan,0.8,0.592129999997328,0.4,0.031953823
2175,81602,0.6672491859925543,1,nan,0.7586206896551724,0.591984999997327,0.4,0.031138249
2176,81631,0.7272424579475899,1,nan,0.6206896551724138,0.5918399999973261,0.4,0.030007027
2177,81661,0.7024756867033168,1,nan,0.6,0.5916899999973251,0.4,0.032668572
2178,81723,0.29236157025501464,0,nan,0.6774193548387096,0.591379999997323,0.4,0.03832689
2179,81752,0.7066520977433548,1,nan,0.5862068965517241,0.5912349999973221,0.4,0.031278167
2180,81781,0.7583663442570527,1,nan,0.5172413793103449,0.5910899999973211,0.4,0.029610291
2181,81817,0.5973697778751434,1,nan,0.6666666666666666,0.59090999999732,0.4,0.029652655
2182,81846,0.6666969778884683,1,nan,0.6896551724137931,0.590764999997319,0.4,0.037455786
2183,81875,0.6686188868156784,1,nan,0.6896551724137931,0.5906199999973181,0.4,0.031422485
2184,81908,0.6396250679481532,1,nan,0.6363636363636364,0.590454999997317,0.4,0.02980647
2185,81938,0.6682798708483791,1,nan,0.8,0.590304999997316,0.4,0.029090635
2186,81974,0.5925620055805985,1,nan,0.7222222222222222,0.5901249999973148,0.4,0.031391326
2187,82006,0.6561138860092859,1,nan,0.625,0.5899649999973138,0.4,0.030288525
2188,82038,0.6830659273679976,1,nan,0.53125,0.5898049999973127,0.4,0.031226441
2189,82067,0.7127148237167862,1,nan,0.5862068965517241,0.5896599999973118,0.4,0.03163962
2190,82100,0.6590108507947458,1,0.99,0.7272727272727273,0.5894949999973107,0.4,0.03299783
2191,82132,0.6311257968939719,1,nan,0.6875,0.5893349999973096,0.4,0.033141933
2192,82162,0.693121462282825,1,nan,0.5333333333333333,0.5891849999973087,0.4,0.028805595
2193,82192,0.6753963363039817,1,nan,0.5333333333333333,0.5890349999973077,0.4,0.032045487
2194,82264,0.23219469226465184,0,nan,0.6666666666666666,0.5886749999973053,0.4,0.035581887
2195,82293,0.7161406102179235,1,nan,0.5172413793103449,0.5885299999973044,0.4,0.028631505
2196,82323,0.7258115789729058,1,nan,0.6333333333333333,0.5883799999973034,0.4,0.027987981
2197,82353,0.6515086158164012,1,nan,0.6666666666666666,0.5882299999973024,0.4,0.033043858
2198,82390,0.5830573000027243,1,nan,0.7297297297297297,0.5880449999973012,0.4,0.028924197
2199,82419,0.66859218889191,1,nan,0.6896551724137931,0.5878999999973002,0.4,0.03081198
2200,82448,0.7052399706378287,1,nan,0.4827586206896552,0.5877549999972993,0.4,0.031616796
2201,82487,0.5399054328266053,1,nan,0.6923076923076923,0.587559999997298,0.4,0.030148763
2202,82518,0.6487666572172596,1,nan,0.7096774193548387,0.587404999997297,0.4,0.031191997
2203,82555,0.5679521499760549,1,nan,0.6756756756756757,0.5872199999972958,0.4,0.029245093
2204,82705,-1.7972257015336897,0,nan,0.68,0.5864699999972909,0.4,0.05726012
2205,82765,0.39603557682403534,0,nan,0.6666666666666666,0.5861699999972889,0.4,0.03396775
2206,82796,0.7189324869412252,1,nan,0.6129032258064516,0.5860149999972879,0.4,0.030490994
2207,82825,0.6924528422216822,1,nan,0.6896551724137931,0.585869999997287,0.4,0.033277202
2208,82856,0.6401222826417157,1,nan,0.4838709677419355,0.5857149999972859,0.4,0.031188345
2209,82885,0.6893301847991768,1,nan,0.5517241379310345,0.585569999997285,0.4,0.031622205
2210,82915,0.6340869413895422,1,nan,0.6333333333333333,0.585419999997284,0.4,0.032652583
2211,82946,0.7261560102687437,1,nan,0.6774193548387096,0.585264999997283,0.4,0.030637812
2212,82976,0.7145698252768158,1,nan,0.7,0.585114999997282,0.4,0.031900365
2213,83025,0.46774211375877983,0,nan,0.673469387755102,0.5848699999972804,0.4,0.03507898
2214,83063,0.665998766787273,1,nan,0.7368421052631579,0.5846799999972792,0.4,0.025588097
2215,83092,0.6457106204173866,1,nan,0.7241379310344828,0.5845349999972782,0.4,0.033542912
2216,83126,0.6545588871183785,1,nan,0.5882352941176471,0.5843649999972771,0.4,0.029966429
2217,83161,0.6640162778306626,1,nan,0.6285714285714286,0.5841899999972759,0.4,0.030127713
2218,83198,0.5955606044753922,1,nan,0.6486486486486487,0.5840049999972747,0.4,0.028881643
2219,83227,0.6639136978454565,1,nan,0.6551724137931034,0.5838599999972738,0.4,0.033636466
2220,83256,0.7196949388271485,1,1.0,0.5517241379310345,0.5837149999972728,0.4,0.030635906
2221,83317,0.28348227372558044,0,nan,0.7540983606557377,0.5834099999972708,0.4,0.037456878
2222,83346,0.7158157783403999,1,nan,0.6551724137931034,0.5832649999972699,0.4,0.03126184
2223,83382,0.5717075791575059,1,nan,0.5833333333333334,0.5830849999972687,0.4,0.03010147
2224,83412,0.6602814080707433,1,nan,0.6333333333333333,0.5829349999972677,0.4,0.03195791
2225,83440,0.6729302075477481,1,nan,0.7857142857142857,0.5827949999972668,0.4,0.032238472
2226,83516,0.13035103620708677,0,nan,0.8157894736842105,0.5824149999972643,0.4,0.041404236
2227,83552,0.6454911157847236,1,nan,0.6111111111111112,0.5822349999972631,0.4,0.027731296
2228,83614,0.3042608898615654,0,nan,0.6129032258064516,0.5819249999972611,0.4,0.03559812
2229,83681,0.1930308145934988,0,nan,0.6268656716417911,0.5815899999972589,0.4,0.032982033
2230,83710,0.7139844934329385,1,nan,0.5862068965517241,0.581444999997258,0.4,0.03118055
2231,83741,0.6402828666248566,1,nan,0.6129032258064516,0.581289999997257,0.4,0.031196853
2232,83781,0.5369834975228743,1,nan,0.625,0.5810899999972556,0.4,0.028682407
2233,83810,0.6797807701274925,1,nan,0.5862068965517241,0.5809449999972547,0.4,0.02937814
2234,83845,0.6248463339915611,1,nan,0.6285714285714286,0.5807699999972535,0.4,0.029233295
2235,83874,0.7153257923009719,1,nan,0.5862068965517241,0.5806249999972526,0.4,0.03186874
2236,83905,0.6286845024725753,1,nan,0.6774193548387096,0.5804699999972516,0.4,0.033183996
2237,83935,0.626000517301635,1,nan,0.7333333333333333,0.5803199999972506,0.4,0.033988763
2238,83997,0.24853906092923628,0,nan,0.6451612903225806,0.5800099999972486,0.4,0.041516405
2239,84027,0.7005984703475815,1,nan,0.5333333333333333,0.5798599999972476,0.4,0.031405065
2240,84056,0.69852478999382,1,nan,0.6896551724137931,0.5797149999972466,0.4,0.033036467
2241,84085,0.6967981734627597,1,nan,0.6896551724137931,0.5795699999972457,0.4,0.031372443
2242,84114,0.6934142022485801,1,nan,0.4827586206896552,0.5794249999972447,0.4,0.030697448
2243,84143,0.7193104838365747,1,nan,0.7241379310344828,0.5792799999972438,0.4,0.030167209
2244,84201,0.33798434471373784,0,nan,0.5862068965517241,0.5789899999972419,0.4,0.03741999
2245,84259,0.38880159810912995,0,nan,0.7068965517241379,0.57869999999724,0.4,0.03199906
2246,84289,0.6432629136921735,1,nan,0.7,0.578549999997239,0.4,0.0319118
2247,84320,0.6396499508599311,1,nan,0.6451612903225806,0.578394999997238,0.4,0.031051159
2248,84355,0.6395491806566953,1,nan,0.4857142857142857,0.5782199999972368,0.4,0.028731046
2249,84384,0.7177430045528459,1,nan,0.7586206896551724,0.5780749999972359,0.4,0.031113517
2250,84442,0.40103461068150603,0,1.0,0.7413793103448276,0.577784999997234,0.4,0.032288432
2251,84592,-1.7315381355984139,0,nan,0.7,0.5770349999972291,0.4,0.046139017
2252,84621,0.6962019302181814,1,nan,0.6896551724137931,0.5768899999972281,0.4,0.03229619
2253,84668,0.4962980110293993,0,nan,0.7659574468085106,0.5766549999972266,0.4,0.030930234
2254,84697,0.7203683226742073,1,nan,0.5862068965517241,0.5765099999972256,0.4,0.031141696
2255,84727,0.7106183513722528,1,nan,0.5333333333333333,0.5763599999972246,0.4,0.033082414
2256,84765,0.5442853933716868,1,nan,0.631578947368421,0.5761699999972234,0.4,0.02907891
2257,84794,0.667815887379963,1,nan,0.6551724137931034,0.5760249999972225,0.4,0.033656705
2258,84822,0.657417238478642,1,nan,0.6428571428571429,0.5758849999972215,0.4,0.032789372
2259,84856,0.6144844457681995,1,nan,0.6176470588235294,0.5757149999972204,0.4,0.031523265
2260,84890,0.6266294632942533,1,nan,0.7647058823529411,0.5755449999972193,0.4,0.029854434
2261,84920,0.6337478131504373,1,nan,0.7333333333333333,0.5753949999972183,0.4,0.03428627
2262,84949,0.6901082581242806,1,nan,0.7931034482758621,0.5752499999972174,0.4,0.032680552
2263,84985,0.5488536416146108,1,nan,0.7222222222222222,0.5750699999972162,0.4,0.036871772
2264,85048,0.30623316106751086,0,nan,0.7301587301587301,0.5747549999972141,0.4,0.037081495
2265,85076,0.6853223616158193,1,nan,0.8214285714285714,0.5746149999972132,0.4,0.034047093
2266,85226,-1.7571919247610355,0,nan,0.7,0.5738649999972083,0.4,0.048711404
2267,85254,0.6725403934561147,1,nan,0.7857142857142857,0.5737249999972074,0.4,0.031514186
2268,85283,0.6837054093353289,1,nan,0.5862068965517241,0.5735799999972064,0.4,0.0311298
2269,85312,0.6673644089951323,1,nan,0.6896551724137931,0.5734349999972055,0.4,0.03328366
2270,85342,0.6426890596851969,1,nan,0.6333333333333333,0.5732849999972045,0.4,0.033242173
2271,85377,0.6131218108304214,1,nan,0.6571428571428571,0.5731099999972034,0.4,0.031255804
2272,85412,0.6310443856359451,1,nan,0.6571428571428571,0.5729349999972022,0.4,0.029804328
2273,85450,0.5361259520186907,1,nan,0.7894736842105263,0.572744999997201,0.4,0.030125137
2274,85485,0.5869851843679174,1,nan,0.6285714285714286,0.5725699999971998,0.4,0.032589138
2275,85515,0.6644584029402045,1,nan,0.6,0.5724199999971988,0.4,0.029287007
2276,85544,0.7085721674807075,1,nan,0.7241379310344828,0.5722749999971979,0.4,0.031018374
2277,85579,0.6142608300704584,1,nan,0.6857142857142857,0.5720999999971967,0.4,0.03107951
2278,85611,0.6286777386749367,1,nan,0.65625,0.5719399999971957,0.4,0.030438378
2279,85640,0.6696923629713447,1,nan,0.5862068965517241,0.5717949999971947,0.4,0.031415384
2280,85671,0.6615952262495918,1,1.0,0.6129032258064516,0.5716399999971937,0.4,0.031901293
2281,85821,-1.7917659372473915,0,nan,0.7666666666666667,0.5708899999971888,0.4,0.050514255
2282,85857,0.5711943884806288,1,nan,0.6944444444444444,0.5707099999971876,0.4,0.029294573
2283,85886,0.6844648335006287,1,nan,0.7586206896551724,0.5705649999971867,0.4,0.031231662
2284,85916,0.6410871183858029,1,nan,0.5666666666666667,0.5704149999971857,0.4,0.03324566
2285,85945,0.7195065362866789,1,nan,0.6896551724137931,0.5702699999971848,0.4,0.0313788
2286,85975,0.6962805885131511,1,nan,0.6666666666666666,0.5701199999971838,0.4,0.028665947
2287,86005,0.6359590750507598,1,nan,0.6666666666666666,0.5699699999971828,0.4,0.03419738
2288,86034,0.6764135240127642,1,nan,0.5172413793103449,0.5698249999971818,0.4,0.033752717
2289,86063,0.6953740773076504,1,nan,0.7241379310344828,0.5696799999971809,0.4,0.031394254
2290,86092,0.658481232186316,1,nan,0.5517241379310345,0.5695349999971799,0.4,0.035049792
2291,86121,0.6673239020981385,1,nan,0.7241379310344828,0.569389999997179,0.4,0.030507155
2292,86150,0.6828901574256918,1,nan,0.6551724137931034,0.569244999997178,0.4,0.032858204
2293,86178,0.6526824223544818,1,nan,0.75,0.5691049999971771,0.4,0.032397848
2294,86230,0.40971575071454536,0,nan,0.6538461538461539,0.5688449999971754,0.4,0.033288434
2295,86261,0.6691604146192973,1,nan,0.6129032258064516,0.5686899999971744,0.4,0.029986227
2296,86331,0.15043015115704128,0,nan,0.8142857142857143,0.5683399999971721,0.4,0.032583833
2297,86360,0.714533719189214,1,nan,0.7586206896551724,0.5681949999971712,0.4,0.029934036
2298,86390,0.6366942701381614,1,nan,0.7333333333333333,0.5680449999971702,0.4,0.033255965
2299,86422,0.6020392589734135,1,nan,0.78125,0.5678849999971691,0.4,0.03254774
2300,86452,0.6354156605889556,1,nan,0.6,0.5677349999971681,0.4,0.0320516
2301,86546,-0.1539113303406644,0,nan,0.6595744680851063,0.5672649999971651,0.4,0.033986863
2302,86575,0.7365150933011475,1,nan,0.6896551724137931,0.5671199999971641,0.4,0.031031149
2303,86635,0.36838857440456885,0,nan,0.6833333333333333,0.5668199999971621,0.4,0.033840615
2304,86668,0.612671728382099,1,nan,0.6666666666666666,0.5666549999971611,0.4,0.030442553
2305,86698,0.776369608948426,1,nan,0.7333333333333333,0.5665049999971601,0.4,0.030879157
2306,86726,0.6699480745590689,1,nan,0.6071428571428571,0.5663649999971592,0.4,0.033045325
2307,86759,0.6345466012737486,1,nan,0.7272727272727273,0.5661999999971581,0.4,0.030328194
2308,86788,0.752644318220435,1,nan,0.5862068965517241,0.5660549999971571,0.4,0.032050967
2309,86824,0.585555469396684,1,nan,0.7222222222222222,0.565874999997156,0.4,0.031161599
2310,86853,0.7662127647498346,1,1.0,0.7586206896551724,0.565729999997155,0.4,0.028548578
2311,86883,0.6683368918122639,1,nan,0.5666666666666667,0.565579999997154,0.4,0.032768536
2312,86917,0.6470420078069992,1,nan,0.5882352941176471,0.5654099999971529,0.4,0.031243987
2313,86948,0.6970271600295119,1,nan,0.6129032258064516,0.5652549999971519,0.4,0.030975468
2314,86979,0.6285111522846715,1,nan,0.7096774193548387,0.5650999999971509,0.4,0.032080755
2315,87017,0.5964881983459183,1,nan,0.5,0.5649099999971496,0.4,0.028460288
2316,87046,0.7479680182309548,1,nan,0.7241379310344828,0.5647649999971487,0.4,0.029616043
2317,87077,0.6684178019455871,1,nan,0.6451612903225806,0.5646099999971477,0.4,0.031211995
2318,87112,0.6311262580200063,1,nan,0.6,0.5644349999971465,0.4,0.031873453
2319,87141,0.673336014105947,1,nan,0.7931034482758621,0.5642899999971456,0.4,0.033020604
2320,87171,0.7230099396180194,1,nan,0.5,0.5641399999971446,0.4,0.030054893
2321,87206,0.5853786418432845,1,nan,0.6857142857142857,0.5639649999971434,0.4,0.032843962
2322,87235,0.6925522192460644,1,nan,0.7241379310344828,0.5638199999971425,0.4,0.034932755
2323,87272,0.5697998053849629,1,nan,0.6756756756756757,0.5636349999971413,0.4,0.030061312
2324,87301,0.6794378682101683,1,nan,0.6206896551724138,0.5634899999971403,0.4,0.031247044
2325,87330,0.7238099448360217,1,nan,0.6551724137931034,0.5633449999971394,0.4,0.03113632
2326,87360,0.6563836825111388,1,nan,0.6666666666666666,0.5631949999971384,0.4,0.033940177
2327,87389,0.6787716128605277,1,nan,0.7586206896551724,0.5630499999971375,0.4,0.031657215
2328,87419,0.6807375239226927,1,nan,0.6666666666666666,0.5628999999971365,0.4,0.03042743
2329,87448,0.6696429762766749,1,nan,0.5862068965517241,0.5627549999971355,0.4,0.031689145
2330,87483,0.5950927470927778,1,nan,0.7714285714285715,0.5625799999971344,0.4,0.031268664
2331,87517,0.6087483736423085,1,nan,0.7058823529411765,0.5624099999971333,0.4,0.03477903
2332,87546,0.7090649255623092,1,nan,0.7241379310344828,0.5622649999971323,0.4,0.030822001
2333,87577,0.6585945305496107,1,nan,0.6774193548387096,0.5621099999971313,0.4,0.02941646
2334,87606,0.6959594839186478,1,nan,0.6206896551724138,0.5619649999971303,0.4,0.034652505
2335,87636,0.6613546109987538,1,nan,0.6333333333333333,0.5618149999971294,0.4,0.027818216
2336,87666,0.6603411881087459,1,nan,0.8,0.5616649999971284,0.4,0.031130897
2337,87696,0.6697999094044637,1,nan,0.6,0.5615149999971274,0.4,0.031584684
2338,87727,0.6656873214609457,1,nan,0.6774193548387096,0.5613599999971264,0.4,0.031000542
2339,87756,0.7124260735955494,1,nan,0.8275862068965517,0.5612149999971254,0.4,0.030181507
2340,87811,0.3822990662645962,0,1.0,0.6363636363636364,0.5609399999971236,0.4,0.03158908
2341,87842,0.7253958355540586,1,nan,0.7096774193548387,0.5607849999971226,0.4,0.029557591
2342,87871,0.7009618439741752,1,nan,0.5862068965517241,0.5606399999971217,0.4,0.03166282
2343,87902,0.7265575001219339,1,nan,0.6129032258064516,0.5604849999971206,0.4,0.03055086
2344,87975,0.13256390138975183,0,nan,0.7945205479452054,0.5601199999971183,0.4,0.0314768
2345,88004,0.6816452055478762,1,nan,0.7241379310344828,0.5599749999971173,0.4,0.029577382
2346,88044,0.5612917885234845,1,nan,0.675,0.559774999997116,0.4,0.027875444
2347,88074,0.6923194798274854,1,nan,0.7,0.559624999997115,0.4,0.032248296
2348,88103,0.7050584795731387,1,nan,0.6896551724137931,0.5594799999971141,0.4,0.03033824
2349,88170,0.25915669212101944,0,nan,0.6716417910447762,0.5591449999971119,0.4,0.03828163
2350,88199,0.7591928257183523,1,nan,0.6896551724137931,0.5589999999971109,0.4,0.029882694
2351,88255,0.4286160344026996,0,nan,0.6071428571428571,0.5587199999971091,0.4,0.028370136
2352,88284,0.7349572967208727,1,nan,0.5517241379310345,0.5585749999971081,0.4,0.031019405
2353,88313,0.7216671447521261,1,nan,0.6206896551724138,0.5584299999971072,0.4,0.031294003
2354,88342,0.6912514020544935,1,nan,0.6551724137931034,0.5582849999971062,0.4,0.031577054
2355,88372,0.6871995658574932,1,nan,0.5333333333333333,0.5581349999971053,0.4,0.027171353
2356,88404,0.6061705716277301,1,nan,0.75,0.5579749999971042,0.4,0.03156966
2357,88432,0.6815864987686566,1,nan,0.7142857142857143,0.5578349999971033,0.4,0.032946378
2358,88461,0.7035349268762134,1,nan,0.5862068965517241,0.5576899999971023,0.4,0.032422207
2359,88490,0.6767331917616951,1,nan,0.5862068965517241,0.5575449999971014,0.4,0.03253838
2360,88519,0.675553618979714,1,nan,0.7241379310344828,0.5573999999971004,0.4,0.0309655
2361,88548,0.7072002292999291,1,nan,0.5517241379310345,0.5572549999970995,0.4,0.03049689
2362,88579,0.6348343283004414,1,nan,0.6129032258064516,0.5570999999970985,0.4,0.031330373
2363,88619,0.5445723396862141,1,nan,0.6,0.5568999999970972,0.4,0.027886147
2364,88648,0.6732865297997814,1,nan,0.7931034482758621,0.5567549999970962,0.4,0.030221429
2365,88682,0.608349934000499,1,nan,0.7941176470588235,0.5565849999970951,0.4,0.029983597
2366,88720,0.546591605598922,1,nan,0.7368421052631579,0.5563949999970939,0.4,0.030785272
2367,88748,0.6735437527985981,1,nan,0.6071428571428571,0.5562549999970929,0.4,0.03265246
2368,88803,0.373461695841832,0,nan,0.7636363636363637,0.5559799999970911,0.4,0.031336416
2369,88833,0.6544850572833951,1,nan,0.6,0.5558299999970902,0.4,0.031244194
2370,88861,0.6675709665089927,1,0.98,0.6785714285714286,0.5556899999970892,0.4,0.03296629
2371,88890,0.7114262662391438,1,nan,0.6551724137931034,0.5555449999970883,0.4,0.02930323
2372,88919,0.6930966063495234,1,nan,0.5172413793103449,0.5553999999970873,0.4,0.03281623
2373,88948,0.6966895155725372,1,nan,0.5862068965517241,0.5552549999970864,0.4,0.03254192
2374,88987,0.5448700441193672,1,nan,0.717948717948718,0.5550599999970851,0.4,0.030415935
2375,89016,0.7040178787500313,1,nan,0.6551724137931034,0.5549149999970842,0.4,0.027758371
2376,89058,0.4939276653480258,0,nan,0.7142857142857143,0.5547049999970828,0.4,0.026982535
2377,89087,0.7048603286580006,1,nan,0.5517241379310345,0.5545599999970818,0.4,0.027942175
2378,89237,-1.7648949312746935,0,nan,0.6733333333333333,0.5538099999970769,0.4,0.051155187
2379,89267,0.6628997982559104,1,nan,0.7333333333333333,0.5536599999970759,0.4,0.033318844
2380,89296,0.662516586166702,1,nan,0.5862068965517241,0.553514999997075,0.4,0.031490576
2381,89338,0.4915086257033797,0,nan,0.7857142857142857,0.5533049999970736,0.4,0.02915184
2382,89438,-0.11157263906781889,0,nan,0.63,0.5528049999970703,0.4,0.038084965
2383,89467,0.6395439073324563,1,nan,0.6896551724137931,0.5526599999970694,0.4,0.035579648
2384,89496,0.7032739100165278,1,nan,0.5862068965517241,0.5525149999970684,0.4,0.03180583
2385,89526,0.6340469237162836,1,nan,0.9,0.5523649999970675,0.4,0.03303658
2386,89555,0.6408783692838094,1,nan,0.7931034482758621,0.5522199999970665,0.4,0.033793595
2387,89584,0.7240413777841685,1,nan,0.6206896551724138,0.5520749999970656,0.4,0.03118777
2388,89613,0.695102752999736,1,nan,0.6206896551724138,0.5519299999970646,0.4,0.033166632
2389,89642,0.6524891502578141,1,nan,0.6551724137931034,0.5517849999970637,0.4,0.03337533
2390,89671,0.7376886149834603,1,nan,0.7931034482758621,0.5516399999970627,0.4,0.03087089
2391,89700,0.65903356656611,1,nan,0.5517241379310345,0.5514949999970618,0.4,0.031860683
2392,89729,0.7178073000504592,1,nan,0.5862068965517241,0.5513499999970608,0.4,0.033279847
2393,89768,0.5177362100181672,1,nan,0.6923076923076923,0.5511549999970595,0.4,0.030226622
2394,89918,-1.9104786945017542,0,nan,0.6666666666666666,0.5504049999970546,0.4,0.051823672
2395,89986,0.22275751213492445,0,nan,0.6764705882352942,0.5500649999970524,0.4,0.032239255
2396,90021,0.583733303425603,1,nan,0.6,0.5498899999970512,0.4,0.030169787
2397,90050,0.6881355134589073,1,nan,0.6206896551724138,0.5497449999970503,0.4,0.030872801
2398,90079,0.6619158595275564,1,nan,0.7586206896551724,0.5495999999970493,0.4,0.032300357
2399,90107,0.6624202984933393,1,nan,0.7142857142857143,0.5494599999970484,0.4,0.032379236
2400,90137,0.6651042818069455,1,1.0,0.7333333333333333,0.5493099999970474,0.4,0.030581627
2401,90194,0.392172098056758,0,nan,0.6491228070175439,0.5490249999970456,0.4,0.02958337
2402,90253,0.3124900437150936,0,nan,0.6949152542372882,0.5487299999970436,0.4,0.03726373
2403,90309,0.38508225906883475,0,nan,0.6785714285714286,0.5484499999970418,0.4,0.035129283
2404,90337,0.6641877651580959,1,nan,0.75,0.5483099999970409,0.4,0.03261252
2405,90365,0.6783798567022532,1,nan,0.6071428571428571,0.54816999999704,0.4,0.03401142
2406,90422,0.35395952002510367,0,nan,0.6491228070175439,0.5478849999970381,0.4,0.03423015
2407,90481,0.3712502410491323,0,nan,0.6101694915254238,0.5475899999970362,0.4,0.03509237
2408,90515,0.6523601239973156,1,nan,0.6470588235294118,0.5474199999970351,0.4,0.029863361
2409,90544,0.6515840268827575,1,nan,0.6896551724137931,0.5472749999970341,0.4,0.033336505
2410,90585,0.5214112053522324,1,nan,0.6585365853658537,0.5470699999970328,0.4,0.028504895
2411,90615,0.6472474020913171,1,nan,0.6333333333333333,0.5469199999970318,0.4,0.03282759
2412,90644,0.7133992723975793,1,nan,0.8275862068965517,0.5467749999970308,0.4,0.031394057
2413,90674,0.6401388356451909,1,nan,0.7333333333333333,0.5466249999970298,0.4,0.03249042
2414,90703,0.6492023697150988,1,nan,0.5862068965517241,0.5464799999970289,0.4,0.032732777
2415,90732,0.7191019861375415,1,nan,0.6206896551724138,0.546334999997028,0.4,0.03027043
2416,90762,0.6606329006574478,1,nan,0.6333333333333333,0.546184999997027,0.4,0.034040157
2417,90793,0.6332995688963962,1,nan,0.7741935483870968,0.546029999997026,0.4,0.032274734
2418,90822,0.6916347783473591,1,nan,0.6896551724137931,0.545884999997025,0.4,0.03211706
2419,90855,0.6139863737018344,1,nan,0.6363636363636364,0.5457199999970239,0.4,0.030192573
2420,90885,0.6556360185107647,1,nan,0.6666666666666666,0.5455699999970229,0.4,0.031893097
2421,90924,0.5320447698840052,1,nan,0.7435897435897436,0.5453749999970217,0.4,0.029021583
2422,90953,0.713488862299953,1,nan,0.7241379310344828,0.5452299999970207,0.4,0.031263597
2423,90994,0.5155502458237682,1,nan,0.5853658536585366,0.5450249999970194,0.4,0.02882735
2424,91023,0.6655193252275018,1,nan,0.5862068965517241,0.5448799999970184,0.4,0.031851005
2425,91051,0.6774658089226437,1,nan,0.5357142857142857,0.5447399999970175,0.4,0.03257898
2426,91087,0.5788914331664556,1,nan,0.6666666666666666,0.5445599999970163,0.4,0.030402591
2427,91123,0.5712112371728051,1,nan,0.6944444444444444,0.5443799999970151,0.4,0.029743863
2428,91158,0.5845056583936276,1,nan,0.6571428571428571,0.544204999997014,0.4,0.030994909
2429,91187,0.6958657997628376,1,nan,0.6896551724137931,0.544059999997013,0.4,0.031529207
2430,91217,0.6687201213821096,1,1.0,0.6666666666666666,0.5439099999970121,0.4,0.030894306
2431,91258,0.5009352229984074,1,nan,0.7317073170731707,0.5437049999970107,0.4,0.030415788
2432,91296,0.5470290566538907,1,nan,0.6052631578947368,0.5435149999970095,0.4,0.029780501
2433,91345,0.43091700207478567,0,nan,0.6326530612244898,0.5432699999970079,0.4,0.033351112
2434,91380,0.5968957500643768,1,nan,0.6857142857142857,0.5430949999970067,0.4,0.031022059
2435,91411,0.6594608869589629,1,nan,0.5161290322580645,0.5429399999970057,0.4,0.031039309
2436,91440,0.6624580873416471,1,nan,0.6206896551724138,0.5427949999970048,0.4,0.030468669
2437,91470,0.6847866733645482,1,nan,0.6333333333333333,0.5426449999970038,0.4,0.033110473
2438,91508,0.5752849745685432,1,nan,0.5789473684210527,0.5424549999970025,0.4,0.029365145
2439,91553,0.5345916708540385,1,nan,0.7111111111111111,0.542229999997001,0.4,0.03359687
2440,91582,0.6816603873254665,1,nan,0.7241379310344828,0.5420849999970001,0.4,0.03271901
2441,91624,0.49564484330759695,0,nan,0.6428571428571429,0.5418749999969987,0.4,0.030047385
2442,91653,0.7557577097360676,1,nan,0.6206896551724138,0.5417299999969978,0.4,0.029257076
2443,91713,0.37924618178702585,0,nan,0.5833333333333334,0.5414299999969958,0.4,0.03082545
2444,91754,0.5007924704519839,1,nan,0.6097560975609756,0.5412249999969945,0.4,0.028204067
2445,91785,0.6432402746439794,1,nan,0.4838709677419355,0.5410699999969935,0.4,0.030789794
2446,91815,0.6651112431952791,1,nan,0.5666666666666667,0.5409199999969925,0.4,0.033693943
2447,91844,0.76284692621196,1,nan,0.5172413793103449,0.5407749999969915,0.4,0.031255316
2448,91875,0.6464553874054378,1,nan,0.4838709677419355,0.5406199999969905,0.4,0.030606825
2449,91904,0.6584317199630185,1,nan,0.5862068965517241,0.5404749999969896,0.4,0.029789126
2450,91933,0.6886793762800523,1,nan,0.6551724137931034,0.5403299999969886,0.4,0.03055989
2451,91962,0.8290381146560358,1,nan,0.4482758620689655,0.5401849999969877,0.4,0.028269289
2452,91991,0.6837242386964959,1,nan,0.7931034482758621,0.5400399999969867,0.4,0.030983446
2453,92049,0.4009569913330717,0,nan,0.6896551724137931,0.5397499999969848,0.4,0.03454614
2454,92083,0.6009886063667476,1,nan,0.7647058823529411,0.5395799999969837,0.4,0.031498972
2455,92113,0.6992125298799152,1,nan,0.5,0.5394299999969827,0.4,0.030865218
2456,92143,0.6921988795180873,1,nan,0.6333333333333333,0.5392799999969817,0.4,0.03114487
2457,92177,0.6497564073412199,1,nan,0.6470588235294118,0.5391099999969806,0.4,0.029453926
2458,92206,0.6689279278808294,1,nan,0.6551724137931034,0.5389649999969797,0.4,0.033062313
2459,92258,0.40415405222558154,0,nan,0.7115384615384616,0.538704999996978,0.4,0.03359849
2460,92287,0.7119259034834233,1,1.0,0.5862068965517241,0.538559999996977,0.4,0.032186307
2461,92317,0.7411520205078548,1,nan,0.7333333333333333,0.538409999996976,0.4,0.030265192
2462,92346,0.7865039033591807,1,nan,0.7241379310344828,0.5382649999969751,0.4,0.027890276
2463,92417,0.13351583469257733,0,nan,0.676056338028169,0.5379099999969728,0.4,0.03905308
2464,92474,0.39453541405464443,0,nan,0.6842105263157895,0.5376249999969709,0.4,0.03411161
2465,92504,0.6580617161751257,1,nan,0.6666666666666666,0.5374749999969699,0.4,0.03171501
2466,92536,0.6396558085487403,1,nan,0.84375,0.5373149999969689,0.4,0.03113122
2467,92565,0.7256048186001913,1,nan,0.8620689655172413,0.5371699999969679,0.4,0.03038154
2468,92715,-1.6816789044877185,0,nan,0.6466666666666666,0.536419999996963,0.4,0.04987074
2469,92745,0.6351643583478291,1,nan,0.7333333333333333,0.536269999996962,0.4,0.033551235
2470,92777,0.6873030548290162,1,nan,0.5625,0.536109999996961,0.4,0.031355634
2471,92809,0.6500464689548046,1,nan,0.65625,0.5359499999969599,0.4,0.02940021
2472,92838,0.75236644732116,1,nan,0.5172413793103449,0.535804999996959,0.4,0.032261238
2473,92868,0.6798204845078804,1,nan,0.7,0.535654999996958,0.4,0.03017491
2474,92900,0.6414324134234733,1,nan,0.65625,0.5354949999969569,0.4,0.035211198
2475,92930,0.6967809270380323,1,nan,0.7,0.535344999996956,0.4,0.030990584
2476,92960,0.7077318769662939,1,nan,0.36666666666666664,0.535194999996955,0.4,0.030865487
2477,92990,0.7324989197572487,1,nan,0.6,0.535044999996954,0.4,0.030371215
2478,93020,0.7065216086149079,1,nan,0.5666666666666667,0.534894999996953,0.4,0.030731294
2479,93048,0.6995686076642191,1,nan,0.7142857142857143,0.5347549999969521,0.4,0.033883814
2480,93121,0.15561031760527677,0,nan,0.726027397260274,0.5343899999969497,0.4,0.036319297
2481,93150,0.7323253938712526,1,nan,0.5862068965517241,0.5342449999969487,0.4,0.029796671
2482,93194,0.5323693088110114,1,nan,0.6590909090909091,0.5340249999969473,0.4,0.030200029
2483,93224,0.7943208215219558,1,nan,0.5666666666666667,0.5338749999969463,0.4,0.028185226
2484,93258,0.6338268010726203,1,nan,0.7352941176470589,0.5337049999969452,0.4,0.032196958
2485,93292,0.6883371903554628,1,nan,0.5294117647058824,0.5335349999969441,0.4,0.030116089
2486,93321,0.6976899981480154,1,nan,0.6551724137931034,0.5333899999969431,0.4,0.031491924
2487,93351,0.6721675736386147,1,nan,0.7666666666666667,0.5332399999969422,0.4,0.03303299
2488,93381,0.64832255700926,1,nan,0.7333333333333333,0.5330899999969412,0.4,0.031890973
2489,93416,0.6201842968772491,1,nan,0.7142857142857143,0.53291499999694,0.4,0.029563049
2490,93484,0.18880319973941184,0,0.99,0.6911764705882353,0.5325749999969378,0.4,0.033251144
2491,93517,0.6487339454681755,1,nan,0.6060606060606061,0.5324099999969367,0.4,0.032879286
2492,93547,0.6939151551832257,1,nan,0.6,0.5322599999969357,0.4,0.031989742
2493,93583,0.5938315525619958,1,nan,0.7222222222222222,0.5320799999969346,0.4,0.029319031
2494,93616,0.6588935272711249,1,nan,0.6666666666666666,0.5319149999969335,0.4,0.0309175
2495,93646,0.7227622909971316,1,nan,0.5333333333333333,0.5317649999969325,0.4,0.029507034
2496,93676,0.7712220905247542,1,nan,0.4666666666666667,0.5316149999969315,0.4,0.02573397
2497,93826,-1.7370015031700499,0,nan,0.6733333333333333,0.5308649999969266,0.4,0.048679147
2498,93855,0.6833270369733468,1,nan,0.7241379310344828,0.5307199999969257,0.4,0.034136403
2499,93884,0.6734095182397173,1,nan,0.6896551724137931,0.5305749999969247,0.4,0.03180053
2500,93913,0.673432317320531,1,nan,0.7241379310344828,0.5304299999969238,0.4,0.03359219
2501,93942,0.6800770314227913,1,nan,0.7586206896551724,0.5302849999969228,0.4,0.031368524
2502,93971,0.7016998916677782,1,nan,0.6896551724137931,0.5301399999969219,0.4,0.03341342
2503,94001,0.7907797268548888,1,nan,0.5333333333333333,0.5299899999969209,0.4,0.028275175
2504,94067,0.2113493090144738,0,nan,0.6060606060606061,0.5296599999969187,0.4,0.033088483
2505,94096,0.7416631280959316,1,nan,0.5517241379310345,0.5295149999969178,0.4,0.032760166
2506,94130,0.6538285759782194,1,nan,0.7058823529411765,0.5293449999969166,0.4,0.03319738
2507,94158,0.7194359996607044,1,nan,0.6071428571428571,0.5292049999969157,0.4,0.033936832
2508,94188,0.654322942563138,1,nan,0.6333333333333333,0.5290549999969147,0.4,0.032577768
2509,94220,0.6352542087757829,1,nan,0.78125,0.5288949999969137,0.4,0.030674404
2510,94249,0.7093801490172449,1,nan,0.5862068965517241,0.5287499999969127,0.4,0.033009537
2511,94278,0.7520005991527104,1,nan,0.5862068965517241,0.5286049999969118,0.4,0.03207412
2512,94307,0.7542372237295452,1,nan,0.6206896551724138,0.5284599999969108,0.4,0.031546954
2513,94337,0.7093461737981064,1,nan,0.6666666666666666,0.5283099999969099,0.4,0.030369531
2514,94371,0.6172093896278205,1,nan,0.5588235294117647,0.5281399999969087,0.4,0.032415636
2515,94422,0.46244914491610056,0,nan,0.5490196078431373,0.5278849999969071,0.4,0.031950675
2516,94495,0.21526052600762302,0,nan,0.7123287671232876,0.5275199999969047,0.4,0.036800396
2517,94557,0.3168165777907668,0,nan,0.6612903225806451,0.5272099999969027,0.4,0.031081663
2518,94590,0.6958422260715791,1,nan,0.7878787878787878,0.5270449999969016,0.4,0.03171146
2519,94619,0.7199775710204643,1,nan,0.5517241379310345,0.5268999999969006,0.4,0.031525087
2520,94648,0.6714564175514681,1,1.0,0.7931034482758621,0.5267549999968997,0.4,0.031715687
2521,94677,0.6875433314139313,1,nan,0.5862068965517241,0.5266099999968987,0.4,0.03095933
2522,94706,0.7064151461249055,1,nan,0.6206896551724138,0.5264649999968978,0.4,0.031474713
2523,94735,0.6937656088623759,1,nan,0.7586206896551724,0.5263199999968968,0.4,0.033736385
2524,94808,0.2055013483213819,0,nan,0.6027397260273972,0.5259549999968944,0.4,0.036924176
2525,94837,0.6934492483741242,1,nan,0.6206896551724138,0.5258099999968935,0.4,0.032329258
2526,94901,0.30303670434002006,0,nan,0.625,0.5254899999968914,0.4,0.03569904
2527,94960,0.357662290280196,0,nan,0.711864406779661,0.5251949999968895,0.4,0.036353074
2528,95017,0.4090130546947669,0,nan,0.7017543859649122,0.5249099999968876,0.4,0.030220725
2529,95046,0.6849363911382754,1,nan,0.6896551724137931,0.5247649999968866,0.4,0.031934924
2530,95161,-0.34017637903526543,0,nan,0.6695652173913044,0.5241899999968829,0.4,0.03769994
2531,95190,0.6674678768340748,1,nan,0.7241379310344828,0.5240449999968819,0.4,0.030831162
2532,95223,0.6348508720499737,1,nan,0.6363636363636364,0.5238799999968808,0.4,0.030665029
2533,95252,0.7005720786566012,1,nan,0.6896551724137931,0.5237349999968799,0.4,0.030625122
2534,95287,0.6361766939979074,1,nan,0.5142857142857142,0.5235599999968787,0.4,0.031592563
2535,95316,0.7258229453714552,1,nan,0.6206896551724138,0.5234149999968778,0.4,0.030426461
2536,95346,0.714447938027527,1,nan,0.6333333333333333,0.5232649999968768,0.4,0.032584984
2537,95375,0.7244110280299512,1,nan,0.6896551724137931,0.5231199999968759,0.4,0.031213665
2538,95408,0.6334946931380603,1,nan,0.5454545454545454,0.5229549999968748,0.4,0.032392163
2539,95468,0.3244966443804108,0,nan,0.6,0.5226549999968728,0.4,0.037863735
2540,95541,0.10899043026287003,0,nan,0.6575342465753424,0.5222899999968704,0.4,0.03906461
2541,95598,0.42328211742407795,0,nan,0.7017543859649122,0.5220049999968686,0.4,0.03538697
2542,95634,0.5748391474027807,1,nan,0.6388888888888888,0.5218249999968674,0.4,0.0301509
2543,95663,0.6920760995435347,1,nan,0.5862068965517241,0.5216799999968664,0.4,0.031772375
2544,95813,-1.8570828956962668,0,nan,0.6333333333333333,0.5209299999968615,0.4,0.09141353
2545,95842,0.7514121226921042,1,nan,0.7586206896551724,0.5207849999968606,0.4,0.029299902
2546,95903,0.34610215837744096,0,nan,0.6721311475409836,0.5204799999968586,0.4,0.032349702
2547,96053,-1.6256184753189018,0,nan,0.6866666666666666,0.5197299999968537,0.4,0.04332119
2548,96110,0.38609732323211177,0,nan,0.6666666666666666,0.5194449999968518,0.4,0.036753036
2549,96139,0.6957316140518273,1,nan,0.6551724137931034,0.5192999999968508,0.4,0.032526057
2550,96168,0.7534034097958012,1,1.0,0.7241379310344828,0.5191549999968499,0.4,0.031048644
2551,96318,-1.6817360168873952,0,nan,0.6,0.518404999996845,0.4,0.046738386
2552,96347,0.7195477572731387,1,nan,0.5517241379310345,0.518259999996844,0.4,0.031300187
2553,96376,0.6909308391827793,1,nan,0.5517241379310345,0.5181149999968431,0.4,0.031352337
2554,96406,0.7247570619389503,1,nan,0.6,0.5179649999968421,0.4,0.031143937
2555,96438,0.6929589584264377,1,nan,0.59375,0.517804999996841,0.4,0.03291443
2556,96467,0.6765897673602421,1,nan,0.6896551724137931,0.5176599999968401,0.4,0.032830767
2557,96590,-0.36781610926903996,0,nan,0.6910569105691057,0.5170449999968361,0.4,0.040867962
2558,96619,0.6883940948826844,1,nan,0.6551724137931034,0.5168999999968351,0.4,0.03357594
2559,96655,0.5837898337931064,1,nan,0.75,0.5167199999968339,0.4,0.031262983
2560,96721,0.32528178483344294,0,nan,0.6212121212121212,0.5163899999968318,0.4,0.034343094
2561,96750,0.7805853230771465,1,nan,0.6551724137931034,0.5162449999968308,0.4,0.0293645
2562,96785,0.5734219514520349,1,nan,0.8,0.5160699999968297,0.4,0.029723892
2563,96815,0.6634199625145784,1,nan,0.5333333333333333,0.5159199999968287,0.4,0.03282087
2564,96844,0.6678225302612104,1,nan,0.7241379310344828,0.5157749999968277,0.4,0.031688835
2565,96876,0.6433030738183926,1,nan,0.59375,0.5156149999968267,0.4,0.033333372
2566,96905,0.7062556201442833,1,nan,0.5517241379310345,0.5154699999968257,0.4,0.033456407
2567,96935,0.6627053575378541,1,nan,0.5333333333333333,0.5153199999968248,0.4,0.03051557
2568,96964,0.6833403986608139,1,nan,0.5517241379310345,0.5151749999968238,0.4,0.034933027
2569,96993,0.6839897137894575,1,nan,0.4827586206896552,0.5150299999968229,0.4,0.032133054
2570,97026,0.6384598113249235,1,nan,0.696969696969697,0.5148649999968218,0.4,0.03338986
2571,97060,0.5827499301498043,1,nan,0.6470588235294118,0.5146949999968207,0.4,0.033811253
2572,97089,0.7001484919440651,1,nan,0.5862068965517241,0.5145499999968197,0.4,0.030655568
2573,97118,0.6852777964395017,1,nan,0.5172413793103449,0.5144049999968188,0.4,0.034494985
2574,97155,0.5669357796591264,1,nan,0.5675675675675675,0.5142199999968176,0.4,0.031044196
2575,97184,0.7488693062201903,1,nan,0.5172413793103449,0.5140749999968166,0.4,0.031214554
2576,97214,0.6605368565810084,1,nan,0.5333333333333333,0.5139249999968156,0.4,0.033491634
2577,97244,0.6562390185304252,1,nan,0.6333333333333333,0.5137749999968146,0.4,0.032006986
2578,97278,0.6052950654986816,1,nan,0.6764705882352942,0.5136049999968135,0.4,0.029690718
2579,97340,0.32222471110780215,0,nan,0.6129032258064516,0.5132949999968115,0.4,0.035807684
2580,97374,0.6477937190118083,1,0.95,0.6470588235294118,0.5131249999968104,0.4,0.030703
2581,97445,0.201960057995493,0,nan,0.676056338028169,0.5127699999968081,0.4,0.035867866
2582,97480,0.6029217408820322,1,nan,0.5428571428571428,0.5125949999968069,0.4,0.030807627
2583,97509,0.6878897132060603,1,nan,0.6551724137931034,0.512449999996806,0.4,0.033114597
2584,97570,0.34165511948130245,0,nan,0.7377049180327869,0.512144999996804,0.4,0.03436694
2585,97598,0.6735546226253205,1,nan,0.8214285714285714,0.512004999996803,0.4,0.031790756
2586,97654,0.36205620530523097,0,nan,0.7142857142857143,0.5117249999968012,0.4,0.02973839
2587,97685,0.6279605133298289,1,nan,0.5483870967741935,0.5115699999968002,0.4,0.031755302
2588,97728,0.4882140914006483,0,nan,0.6511627906976745,0.5113549999967988,0.4,0.030716997
2589,97758,0.6380990942270843,1,nan,0.5,0.5112049999967978,0.4,0.033174433
2590,97908,-1.7412009451595658,0,nan,0.68,0.5104549999967929,0.4,0.046683714
2591,97937,0.6757468008974142,1,nan,0.5517241379310345,0.5103099999967919,0.4,0.03420139
2592,97967,0.7507555487417774,1,nan,0.7,0.510159999996791,0.4,0.027772402
2593,97996,0.682696998541757,1,nan,0.6206896551724138,0.51001499999679,0.4,0.029618846
2594,98025,0.7089594917720963,1,nan,0.5862068965517241,0.5098699999967891,0.4,0.033611115
2595,98054,0.6569964891517222,1,nan,0.6896551724137931,0.5097249999967881,0.4,0.03371171
2596,98101,0.5424249940533337,1,nan,0.6808510638297872,0.5094899999967866,0.4,0.03332333
2597,98158,0.40084902388501364,0,nan,0.49122807017543857,0.5092049999967847,0.4,0.032567568
2598,98187,0.6742258326955441,1,nan,0.6896551724137931,0.5090599999967838,0.4,0.030143598
2599,98220,0.6772212083295593,1,nan,0.48484848484848486,0.5088949999967827,0.4,0.032874804
2600,98280,0.4102288603023454,0,nan,0.65,0.5085949999967807,0.4,0.036470033
2601,98309,0.6851501962899895,1,nan,0.6896551724137931,0.5084499999967798,0.4,0.030990852
2602,98337,0.6614794894711911,1,nan,0.6428571428571429,0.5083099999967788,0.4,0.033008657
2603,98366,0.6897249523747092,1,nan,0.6551724137931034,0.5081649999967779,0.4,0.031985484
2604,98395,0.727472742483497,1,nan,0.6896551724137931,0.5080199999967769,0.4,0.03298425
2605,98424,0.7408916730268167,1,nan,0.5172413793103449,0.507874999996776,0.4,0.02919997
2606,98458,0.5850199948962704,1,nan,0.7352941176470589,0.5077049999967749,0.4,0.03209325
2607,98487,0.687526074146063,1,nan,0.6896551724137931,0.5075599999967739,0.4,0.033030815
2608,98516,0.7434818470247728,1,nan,0.5517241379310345,0.507414999996773,0.4,0.03249063
2609,98545,0.7352785382258804,1,nan,0.5862068965517241,0.507269999996772,0.4,0.029695801
2610,98576,0.6529053897863901,1,0.89,0.4838709677419355,0.507114999996771,0.4,0.032253686
2611,98607,0.669684944935672,1,nan,0.6774193548387096,0.50695999999677,0.4,0.02829727
2612,98636,0.6630462209066286,1,nan,0.6206896551724138,0.506814999996769,0.4,0.032126367
2613,98697,0.3930995192357769,0,nan,0.5737704918032787,0.506509999996767,0.4,0.029191652
2614,98726,0.6274374231042888,1,nan,0.6551724137931034,0.5063649999967661,0.4,0.035010725
2615,98876,-1.7385594899181258,0,nan,0.54,0.5056149999967612,0.4,0.051788643
2616,98905,0.6792806904998719,1,nan,0.5862068965517241,0.5054699999967602,0.4,0.032204136
2617,98933,0.6497638567307888,1,nan,0.8214285714285714,0.5053299999967593,0.4,0.033083294
2618,98962,0.6968885698768221,1,nan,0.7241379310344828,0.5051849999967584,0.4,0.03215841
2619,99019,0.40039244787787776,0,nan,0.7543859649122807,0.5048999999967565,0.4,0.035641707
2620,99048,0.6815265765122651,1,nan,0.6551724137931034,0.5047549999967555,0.4,0.030937158
2621,99077,0.7192531072325137,1,nan,0.5862068965517241,0.5046099999967546,0.4,0.0306146
2622,99112,0.5819142738799065,1,nan,0.6571428571428571,0.5044349999967535,0.4,0.031885877
2623,99140,0.685997658593304,1,nan,0.6428571428571429,0.5042949999967525,0.4,0.03485444
2624,99174,0.6009542485585648,1,nan,0.4411764705882353,0.5041249999967514,0.4,0.03102593
2625,99207,0.622699184030493,1,nan,0.6363636363636364,0.5039599999967503,0.4,0.031604595
2626,99270,0.24575690374856363,0,nan,0.6190476190476191,0.5036449999967483,0.4,0.03326984
2627,99299,0.667812687089442,1,nan,0.4827586206896552,0.5034999999967473,0.4,0.034440313
2628,99328,0.6835289556560153,1,nan,0.6551724137931034,0.5033549999967464,0.4,0.03316673
2629,99357,0.6608245207120933,1,nan,0.5517241379310345,0.5032099999967454,0.4,0.03396708
2630,99386,0.6394291415196325,1,nan,0.6551724137931034,0.5030649999967445,0.4,0.032926258
2631,99419,0.6575425396728058,1,nan,0.48484848484848486,0.5028999999967434,0.4,0.031917505
2632,99448,0.6723126048426189,1,nan,0.6551724137931034,0.5027549999967424,0.4,0.034265563
2633,99478,0.6669302578329273,1,nan,0.7,0.5026049999967415,0.4,0.032172155
2634,99507,0.6530067012650322,1,nan,0.6551724137931034,0.5024599999967405,0.4,0.03259039
2635,99540,0.6305432576553716,1,nan,0.6363636363636364,0.5022949999967394,0.4,0.033064455
2636,99630,-0.02975488444675234,0,nan,0.5444444444444444,0.5018449999967365,0.4,0.03464544
2637,99658,0.6950153795393388,1,nan,0.6785714285714286,0.5017049999967356,0.4,0.03493948
2638,99687,0.6338650114689138,1,nan,0.7241379310344828,0.5015599999967346,0.4,0.03605632
2639,99722,0.5795465915427934,1,nan,0.6571428571428571,0.5013849999967335,0.4,0.03207038
2640,99751,0.6444726081567039,1,0.5,0.6896551724137931,0.5012399999967325,0.4,0.03379893
2641,99780,0.6754651476676103,1,nan,0.4482758620689655,0.5010949999967316,0.4,0.035428017
2642,99813,0.622027062866255,1,nan,0.7575757575757576,0.5009299999967305,0.4,0.03406377
2643,99883,0.18803540925137074,0,nan,0.6571428571428571,0.5005799999967282,0.4,0.033944074
2644,99911,0.6726210692257171,1,nan,0.7142857142857143,0.5004399999967273,0.4,0.03262779
2645,99939,0.6935165819842133,1,nan,0.6785714285714286,0.5002999999967264,0.4,0.033307884
2646,99967,0.6876174994763882,1,nan,0.5714285714285714,0.5001599999967254,0.4,0.031140003
2647,99997,0.6746630048650476,1,nan,0.6,0.5000099999967245,0.4,0.03300534
2648,100026,0.6445789342589713,1,nan,0.7586206896551724,0.49986499999672507,0.4,0.033248093
2649,100055,0.6451315042304862,1,nan,0.5172413793103449,0.49971999999672573,0.4,0.034598153
2650,100085,0.6821775184518868,1,nan,0.4666666666666667,0.4995699999967264,0.4,0.029804813
2651,100138,0.3685573463532681,0,nan,0.660377358490566,0.4993049999967276,0.4,0.034652337
2652,100167,0.6456987254373141,1,nan,0.6206896551724138,0.4991599999967283,0.4,0.032707836
2653,100195,0.6710687459713391,1,nan,0.6785714285714286,0.4990199999967289,0.4,0.031299863
2654,100224,0.682100240781828,1,nan,0.6206896551724138,0.4988749999967296,0.4,0.030562637
2655,100258,0.5967038246211767,1,nan,0.6764705882352942,0.49870499999673035,0.4,0.031336524
2656,100287,0.6331186425221532,1,nan,0.7931034482758621,0.498559999996731,0.4,0.03453591
2657,100315,0.6870633291857011,1,nan,0.6428571428571429,0.49841999999673164,0.4,0.03160456
2658,100364,0.49676784231929966,0,nan,0.5918367346938775,0.49817499999673276,0.4,0.031192118
2659,100394,0.6575101463789268,1,nan,0.6333333333333333,0.49802499999673344,0.4,0.030612169
2660,100422,0.6596326990396948,1,nan,0.5714285714285714,0.4978849999967341,0.4,0.032396693
2661,100450,0.6821884536569913,1,nan,0.5714285714285714,0.4977449999967347,0.4,0.03230706
2662,100478,0.6555435491372026,1,nan,0.6071428571428571,0.49760499999673535,0.4,0.034053516
2663,100507,0.6367181012232723,1,nan,0.6551724137931034,0.497459999996736,0.4,0.036123913
2664,100577,0.20587051245662424,0,nan,0.6857142857142857,0.4971099999967376,0.4,0.031064626
2665,100606,0.6583833527443407,1,nan,0.6206896551724138,0.49696499999673827,0.4,0.033097375
2666,100640,0.5882418427876384,1,nan,0.5882352941176471,0.49679499999673904,0.4,0.031988334
2667,100669,0.6684848123784725,1,nan,0.41379310344827586,0.4966499999967397,0.4,0.033591043
2668,100697,0.6693384275315895,1,nan,0.75,0.49650999999674034,0.4,0.032482337
2669,100726,0.6464291282075789,1,nan,0.6206896551724138,0.496364999996741,0.4,0.03182134
2670,100756,0.6398504457788813,1,0.56,0.7666666666666667,0.4962149999967417,0.4,0.03292088
2671,100785,0.6576270059859457,1,nan,0.6206896551724138,0.49606999999674234,0.4,0.030475214
2672,100814,0.6638524734784247,1,nan,0.6551724137931034,0.495924999996743,0.4,0.03451396
2673,100964,-1.8014502813010442,0,nan,0.6333333333333333,0.4951749999967464,0.4,0.051263586
2674,100993,0.6551580330098856,1,nan,0.4827586206896552,0.49502999999674707,0.4,0.03502439
2675,101050,0.36676838896269115,0,nan,0.5789473684210527,0.49474499999674837,0.4,0.03233182
2676,101083,0.6123039144666195,1,nan,0.6666666666666666,0.4945799999967491,0.4,0.033998407
2677,101204,-0.3476129796663757,0,nan,0.7024793388429752,0.4939749999967519,0.4,0.034997627
2678,101235,0.6265072742249136,1,nan,0.6774193548387096,0.4938199999967526,0.4,0.032335483
2679,101263,0.6810974404858479,1,nan,0.6785714285714286,0.4936799999967532,0.4,0.0331832
2680,101291,0.6453753138241303,1,nan,0.6785714285714286,0.49353999999675385,0.4,0.033546783
2681,101320,0.63788974484599,1,nan,0.6896551724137931,0.4933949999967545,0.4,0.032337558
2682,101349,0.6504603824792665,1,nan,0.5172413793103449,0.4932499999967552,0.4,0.033530045
2683,101378,0.6454733076861843,1,nan,0.5517241379310345,0.49310499999675583,0.4,0.033112682
2684,101407,0.6306359460618589,1,nan,0.4827586206896552,0.4929599999967565,0.4,0.032387804
2685,101436,0.6312546943842028,1,nan,0.6206896551724138,0.49281499999675715,0.4,0.033961426
2686,101465,0.6349794433436732,1,nan,0.5172413793103449,0.4926699999967578,0.4,0.033514265
2687,101493,0.6640388487959943,1,nan,0.6785714285714286,0.49252999999675845,0.4,0.03494143
2688,101525,0.5968410678741507,1,nan,0.71875,0.4923699999967592,0.4,0.036344502
2689,101675,-1.7634921432195898,0,nan,0.6666666666666666,0.4916199999967626,0.4,0.046488628
2690,101704,0.6292789293858053,1,nan,0.6206896551724138,0.49147499999676325,0.4,0.0352198
2691,101734,0.6434005559896272,1,nan,0.7,0.49132499999676393,0.4,0.0337556
2692,101766,0.6423980718146811,1,nan,0.625,0.49116499999676466,0.4,0.03213955
2693,101796,0.6192647427108515,1,nan,0.8666666666666667,0.49101499999676534,0.4,0.03282866
2694,101869,0.09706393279017766,0,nan,0.7671232876712328,0.490649999996767,0.4,0.04078892
2695,101898,0.6432521389190176,1,nan,0.7241379310344828,0.49050499999676767,0.4,0.033055913
2696,101926,0.6593355632313551,1,nan,0.6428571428571429,0.4903649999967683,0.4,0.034396958
2697,101956,0.6249185822963819,1,nan,0.7,0.490214999996769,0.4,0.035020802
2698,101985,0.6389398149128698,1,nan,0.7586206896551724,0.49006999999676965,0.4,0.032252688
2699,102014,0.6630298611187071,1,nan,0.7241379310344828,0.4899249999967703,0.4,0.0320097
2700,102043,0.6597615484597367,1,0.99,0.4482758620689655,0.48977999999677096,0.4,0.03433409
2701,102071,0.6674424476781037,1,nan,0.6428571428571429,0.4896399999967716,0.4,0.033402108
2702,102099,0.6794647390171502,1,nan,0.6785714285714286,0.48949999999677224,0.4,0.03268135
2703,102129,0.6311355965409929,1,nan,0.8,0.4893499999967729,0.4,0.031082656
2704,102186,0.3375006018257122,0,nan,0.5263157894736842,0.4890649999967742,0.4,0.038509253
2705,102249,0.3001902651208921,0,nan,0.6507936507936508,0.48874999999677565,0.4,0.036528476
2706,102278,0.6374160287421423,1,nan,0.5862068965517241,0.4886049999967763,0.4,0.03261535
2707,102307,0.7210719493371907,1,nan,0.6206896551724138,0.488459999996777,0.4,0.03200818
2708,102336,0.6448595699570849,1,nan,0.5862068965517241,0.48831499999677763,0.4,0.032504812
2709,102365,0.6608884189848678,1,nan,0.6896551724137931,0.4881699999967783,0.4,0.034616295
2710,102394,0.6478717527143192,1,nan,0.5862068965517241,0.48802499999677895,0.4,0.032830194
2711,102423,0.6871632963480585,1,nan,0.5517241379310345,0.4878799999967796,0.4,0.030670451
2712,102453,0.6362943104088918,1,nan,0.5666666666666667,0.4877299999967803,0.4,0.03225773
2713,102482,0.6446374063019809,1,nan,0.8275862068965517,0.48758499999678095,0.4,0.033471264
2714,102511,0.6304279442418738,1,nan,0.5862068965517241,0.4874399999967816,0.4,0.03569636
2715,102540,0.6523962285492511,1,nan,0.5862068965517241,0.4872949999967823,0.4,0.034565408
2716,102570,0.6528330158585189,1,nan,0.6333333333333333,0.48714499999678296,0.4,0.031392813
2717,102599,0.654018800193964,1,nan,0.6206896551724138,0.4869999999967836,0.4,0.03411147
2718,102628,0.6532327471340702,1,nan,0.4827586206896552,0.4868549999967843,0.4,0.034436706
2719,102677,0.44025045985275135,0,nan,0.6326530612244898,0.4866099999967854,0.4,0.033223435
2720,102706,0.6399085770624916,1,nan,0.7241379310344828,0.48646499999678605,0.4,0.03611218
2721,102735,0.650274039603293,1,nan,0.5172413793103449,0.4863199999967867,0.4,0.03123725
2722,102764,0.6890031986827818,1,nan,0.6206896551724138,0.48617499999678737,0.4,0.029918166
2723,102793,0.6394219626098185,1,nan,0.6896551724137931,0.48602999999678803,0.4,0.032514736
2724,102850,0.3551804527910595,0,nan,0.7017543859649122,0.48574499999678933,0.4,0.036487736
2725,102879,0.6464352819856958,1,nan,0.6206896551724138,0.48559999999679,0.4,0.03429188
2726,102909,0.6308123931763214,1,nan,0.6666666666666666,0.48544999999679067,0.4,0.03150124
2727,103059,-1.7285984473181277,0,nan,0.6333333333333333,0.4846999999967941,0.4,0.04625849
2728,103088,0.6434312877568678,1,nan,0.6206896551724138,0.48455499999679474,0.4,0.033057183
2729,103117,0.6310939866481418,1,nan,0.6206896551724138,0.4844099999967954,0.4,0.035005774
2730,103147,0.6445786418924762,1,1.0,0.5333333333333333,0.4842599999967961,0.4,0.033021204
2731,103180,0.6316565174239797,1,nan,0.6666666666666666,0.48409499999679684,0.4,0.03091904
2732,103246,0.19083344171899486,0,nan,0.7121212121212122,0.48376499999679834,0.4,0.031825602
2733,103274,0.6700778762948271,1,nan,0.5357142857142857,0.483624999996799,0.4,0.030335974
2734,103303,0.628906675323558,1,nan,0.6206896551724138,0.48347999999679964,0.4,0.03435227
2735,103331,0.6592960129570407,1,nan,0.6071428571428571,0.4833399999968003,0.4,0.0334919
2736,103361,0.6298758599416243,1,nan,0.7333333333333333,0.48318999999680096,0.4,0.032803528
2737,103390,0.6942109900139652,1,nan,0.5862068965517241,0.4830449999968016,0.4,0.03081089
2738,103540,-1.679873880316441,0,nan,0.58,0.48229499999680503,0.4,0.047154523
2739,103569,0.6648409419434829,1,nan,0.7241379310344828,0.4821499999968057,0.4,0.033589035
2740,103597,0.6771405015062599,1,nan,0.75,0.4820099999968063,0.4,0.03413486
2741,103626,0.7577814260482476,1,nan,0.5517241379310345,0.481864999996807,0.4,0.030157628
2742,103655,0.6887040372436705,1,nan,0.6551724137931034,0.48171999999680765,0.4,0.032204874
2743,103686,0.6333975812036496,1,nan,0.7096774193548387,0.48156499999680835,0.4,0.032941964
2744,103720,0.5838575681272977,1,nan,0.5294117647058824,0.4813949999968091,0.4,0.029766066
2745,103749,0.6457402699569527,1,nan,0.7241379310344828,0.4812499999968098,0.4,0.032444917
2746,103778,0.6374676795178122,1,nan,0.6551724137931034,0.48110499999681045,0.4,0.03517042
2747,103806,0.735604408335359,1,nan,0.7142857142857143,0.4809649999968111,0.4,0.032566547
2748,103835,0.6518310354166212,1,nan,0.6206896551724138,0.48081999999681174,0.4,0.03254423
2749,103864,0.6422147300695504,1,nan,0.5862068965517241,0.4806749999968124,0.4,0.03598172
2750,103893,0.6291086836364819,1,nan,0.7241379310344828,0.48052999999681306,0.4,0.035631288
2751,103922,0.6519960176301502,1,nan,0.5517241379310345,0.4803849999968137,0.4,0.03317259
2752,103951,0.6424512059243142,1,nan,0.7241379310344828,0.4802399999968144,0.4,0.03585634
2753,103980,0.6782890340230541,1,nan,0.4827586206896552,0.48009499999681504,0.4,0.03182992
2754,104009,0.6580901486242279,1,nan,0.5862068965517241,0.4799499999968157,0.4,0.03401331
2755,104038,0.6458115477778993,1,nan,0.5862068965517241,0.47980499999681636,0.4,0.031345088
2756,104067,0.670455070691102,1,nan,0.5862068965517241,0.479659999996817,0.4,0.033647686
2757,104102,0.5636463877738662,1,nan,0.6571428571428571,0.4794849999968178,0.4,0.030532612
2758,104131,0.6495027515135142,1,nan,0.6206896551724138,0.4793399999968185,0.4,0.032453787
2759,104160,0.6437058981297903,1,nan,0.6896551724137931,0.47919499999681914,0.4,0.032234065
2760,104190,0.6775526175746149,1,0.91,0.5,0.4790449999968198,0.4,0.030905852
2761,104285,-0.11050437119114342,0,nan,0.6736842105263158,0.478569999996822,0.4,0.036281735
2762,104328,0.5044064208806084,1,nan,0.4883720930232558,0.47835499999682296,0.4,0.029948888
2763,104357,0.6472223765040306,1,nan,0.5862068965517241,0.4782099999968236,0.4,0.031879198
2764,104386,0.6543991096074995,1,nan,0.5517241379310345,0.4780649999968243,0.4,0.03258962
2765,104414,0.6791497205566412,1,nan,0.6785714285714286,0.4779249999968249,0.4,0.031218633
2766,104443,0.6415855185091663,1,nan,0.6206896551724138,0.4777799999968256,0.4,0.032227885
2767,104471,0.733172084466662,1,nan,0.6428571428571429,0.4776399999968262,0.4,0.032251667
2768,104500,0.6564215516573615,1,nan,0.7241379310344828,0.4774949999968269,0.4,0.035862893
2769,104530,0.6402004109288408,1,nan,0.6666666666666666,0.47734499999682756,0.4,0.03256079
2770,104561,0.6319681032046074,1,nan,0.6451612903225806,0.47718999999682826,0.4,0.03142671
2771,104589,0.6690990087643325,1,nan,0.6428571428571429,0.4770499999968289,0.4,0.033035286
2772,104618,0.7080302975202867,1,nan,0.6551724137931034,0.47690499999682956,0.4,0.031462226
2773,104653,0.5726924571420611,1,nan,0.6,0.47672999999683036,0.4,0.030173605
2774,104683,0.6382940685305138,1,nan,0.6,0.47657999999683104,0.4,0.033226725
2775,104712,0.6553166363381311,1,nan,0.5172413793103449,0.4764349999968317,0.4,0.033681415
2776,104740,0.6756209586360336,1,nan,0.5714285714285714,0.47629499999683234,0.4,0.033340994
2777,104769,0.6523536559971692,1,nan,0.6206896551724138,0.476149999996833,0.4,0.032207932
2778,104797,0.7322562033732463,1,nan,0.6428571428571429,0.47600999999683363,0.4,0.031874254
2779,104826,0.7419320989717731,1,nan,0.6206896551724138,0.4758649999968343,0.4,0.031194838
2780,104854,0.6814350868650433,1,nan,0.7142857142857143,0.47572499999683493,0.4,0.033965625
2781,104883,0.6463833075377389,1,nan,0.41379310344827586,0.4755799999968356,0.4,0.03234842
2782,104912,0.656878899582994,1,nan,0.4482758620689655,0.47543499999683625,0.4,0.03264001
2783,104940,0.7028351593466766,1,nan,0.6785714285714286,0.4752949999968369,0.4,0.031443678
2784,104968,0.6944981774017162,1,nan,0.6071428571428571,0.4751549999968375,0.4,0.031535
2785,105028,0.33210188477543245,0,nan,0.7666666666666667,0.4748549999968389,0.4,0.03598637
2786,105057,0.680824205880791,1,nan,0.5172413793103449,0.47470999999683955,0.4,0.030652113
2787,105087,0.6412550686276544,1,nan,0.5333333333333333,0.47455999999684023,0.4,0.03357732
2788,105116,0.6447206043126076,1,nan,0.5862068965517241,0.4744149999968409,0.4,0.03430996
2789,105146,0.646745958185849,1,nan,0.6,0.4742649999968416,0.4,0.03041147
2790,105296,-1.7424238176237155,0,1.0,0.56,0.473514999996845,0.4,0.0475306
2791,105325,0.6581104408842251,1,nan,0.6206896551724138,0.47336999999684565,0.4,0.030885115
2792,105364,0.5282942276105117,1,nan,0.6666666666666666,0.47317499999684653,0.4,0.0309626
2793,105514,-1.779526069270467,0,nan,0.6066666666666667,0.47242499999684995,0.4,0.05422964
2794,105544,0.6496528166488107,1,nan,0.43333333333333335,0.47227499999685063,0.4,0.03116583
2795,105577,0.6117850995156504,1,nan,0.6363636363636364,0.4721099999968514,0.4,0.031641208
2796,105607,0.6559054672866449,1,nan,0.5333333333333333,0.47195999999685206,0.4,0.035649586
2797,105636,0.6695618824999285,1,nan,0.6206896551724138,0.4718149999968527,0.4,0.03468031
2798,105666,0.6414681959961441,1,nan,0.7,0.4716649999968534,0.4,0.033233054
2799,105695,0.6605217596228261,1,nan,0.7586206896551724,0.47151999999685407,0.4,0.03304016
2800,105759,0.26450654207383173,0,nan,0.703125,0.4711999999968555,0.4,0.03359807
2801,105909,-1.6356256243958276,0,nan,0.6266666666666667,0.47044999999685894,0.4,0.043509357
2802,105941,0.6313520565894624,1,nan,0.59375,0.47028999999685966,0.4,0.03410835
2803,106001,0.3629421642217331,0,nan,0.48333333333333334,0.46998999999686103,0.4,0.035082478
2804,106151,-1.6707415056960397,0,nan,0.6733333333333333,0.46923999999686444,0.4,0.051003687
2805,106181,0.6382409119270249,1,nan,0.6666666666666666,0.4690899999968651,0.4,0.03232198
2806,106216,0.5840140329746458,1,nan,0.6571428571428571,0.4689149999968659,0.4,0.034615804
2807,106245,0.6567092733229009,1,nan,0.5517241379310345,0.4687699999968666,0.4,0.03225418
2808,106274,0.7003988677300825,1,nan,0.5172413793103449,0.46862499999686724,0.4,0.030957198
2809,106303,0.6376923703797255,1,nan,0.5862068965517241,0.4684799999968679,0.4,0.033045992
2810,106331,0.6779562136900987,1,nan,0.5714285714285714,0.46833999999686854,0.4,0.03386622
2811,106360,0.6471536454815361,1,nan,0.7241379310344828,0.4681949999968692,0.4,0.033829927
2812,106389,0.654790954606834,1,nan,0.5172413793103449,0.46804999999686986,0.4,0.03205706
2813,106418,0.7140321798592706,1,nan,0.5862068965517241,0.4679049999968705,0.4,0.032249257
2814,106447,0.6400712693952596,1,nan,0.6551724137931034,0.4677599999968712,0.4,0.036551915
2815,106476,0.6470484975685225,1,nan,0.5517241379310345,0.46761499999687184,0.4,0.034532387
2816,106505,0.6488370529611014,1,nan,0.5862068965517241,0.4674699999968725,0.4,0.033219904
2817,106533,0.6903650048107135,1,nan,0.6071428571428571,0.46732999999687314,0.4,0.034197103
2818,106562,0.6391184697555897,1,nan,0.5862068965517241,0.4671849999968738,0.4,0.033861034
2819,106591,0.7375950873290074,1,nan,0.5172413793103449,0.46703999999687446,0.4,0.031123532
2820,106651,0.23566726166617968,0,0.96,0.6833333333333333,0.4667399999968758,0.4,0.03653524
2821,106742,-0.02451029357520096,0,nan,0.6263736263736264,0.4662849999968779,0.4,0.03483371
2822,106771,0.6310636002321213,1,nan,0.6551724137931034,0.46613999999687855,0.4,0.036180034
2823,106799,0.6784585759656343,1,nan,0.6785714285714286,0.4659999999968792,0.4,0.03515169
2824,106828,0.6777105118822206,1,nan,0.6206896551724138,0.46585499999687985,0.4,0.031957295
2825,106865,0.5874498785727923,1,nan,0.6216216216216216,0.4656699999968807,0.4,0.034249343
2826,106894,0.7521016818373928,1,nan,0.5172413793103449,0.46552499999688135,0.4,0.02973793
2827,106924,0.6456589016623279,1,nan,0.6333333333333333,0.46537499999688203,0.4,0.032616142
2828,106958,0.5833909641124934,1,nan,0.7352941176470589,0.4652049999968828,0.4,0.03548682
2829,106988,0.6450954325157405,1,nan,0.6333333333333333,0.4650549999968835,0.4,0.03187385
2830,107020,0.6236519432281168,1,nan,0.5,0.4648949999968842,0.4,0.030018825
2831,107050,0.6500499929128927,1,nan,0.4666666666666667,0.4647449999968849,0.4,0.032420848
2832,107081,0.6412535972982144,1,nan,0.8387096774193549,0.4645899999968856,0.4,0.03314047
2833,107110,0.6575955200006609,1,nan,0.6551724137931034,0.46444499999688627,0.4,0.031236706
2834,107139,0.7139051552166126,1,nan,0.5172413793103449,0.4642999999968869,0.4,0.031242603
2835,107170,0.6406338981241209,1,nan,0.6129032258064516,0.46414499999688763,0.4,0.03230777
2836,107198,0.6585290604326853,1,nan,0.6785714285714286,0.46400499999688827,0.4,0.032643143
2837,107229,0.6273277700905728,1,nan,0.5161290322580645,0.463849999996889,0.4,0.03187345
2838,107258,0.6637720705070693,1,nan,0.5517241379310345,0.46370499999688963,0.4,0.032467574
2839,107287,0.6684229271547854,1,nan,0.5517241379310345,0.4635599999968903,0.4,0.033338364
2840,107316,0.6598668794958467,1,nan,0.6896551724137931,0.46341499999689095,0.4,0.0322736
2841,107345,0.674568380968867,1,nan,0.5172413793103449,0.4632699999968916,0.4,0.03274164
2842,107374,0.6633567999949026,1,nan,0.6896551724137931,0.4631249999968923,0.4,0.032592062
2843,107403,0.6703994380817324,1,nan,0.4827586206896552,0.46297999999689293,0.4,0.032567736
2844,107432,0.6625161343636361,1,nan,0.6206896551724138,0.4628349999968936,0.4,0.03106088
2845,107461,0.6466209407060775,1,nan,0.5862068965517241,0.46268999999689425,0.4,0.03525454
2846,107491,0.6403579871181944,1,nan,0.6,0.46253999999689493,0.4,0.032023493
2847,107521,0.6342749927560127,1,nan,0.7,0.4623899999968956,0.4,0.03485588
2848,107550,0.6636094491742615,1,nan,0.6551724137931034,0.4622449999968963,0.4,0.032238785
2849,107607,0.3801455478366149,0,nan,0.631578947368421,0.4619599999968976,0.4,0.036677007
2850,107636,0.733397030542412,1,1.0,0.6206896551724138,0.46181499999689823,0.4,0.03184501
2851,107725,-0.006662579512513589,0,nan,0.6067415730337079,0.46136999999690026,0.4,0.040655453
2852,107753,0.6675187008036984,1,nan,0.6785714285714286,0.4612299999969009,0.4,0.034453873
2853,107785,0.6152844967062877,1,nan,0.53125,0.4610699999969016,0.4,0.03081774
2854,107836,0.4104744156340906,0,nan,0.5098039215686274,0.4608149999969028,0.4,0.03285619
2855,107865,0.676401625169121,1,nan,0.5862068965517241,0.46066999999690345,0.4,0.03430771
2856,107895,0.653842091945344,1,nan,0.6,0.46051999999690413,0.4,0.0329146
2857,107924,0.6680316224924269,1,nan,0.5517241379310345,0.4603749999969048,0.4,0.0320625
2858,107963,0.5407089022435763,1,nan,0.46153846153846156,0.4601799999969057,0.4,0.029067965
2859,108032,0.21157625492767052,0,nan,0.6811594202898551,0.45983499999690725,0.4,0.03709061
2860,108062,0.6624982230834341,1,nan,0.5666666666666667,0.45968499999690793,0.4,0.031850412
2861,108212,-1.6842934651847385,0,nan,0.5933333333333334,0.45893499999691134,0.4,0.045194026
2862,108241,0.682488889564824,1,nan,0.4827586206896552,0.458789999996912,0.4,0.03458031
2863,108269,0.6690429676432006,1,nan,0.6071428571428571,0.45864999999691264,0.4,0.031426143
2864,108298,0.6855660805635799,1,nan,0.5517241379310345,0.4585049999969133,0.4,0.034195878
2865,108328,0.657303778111771,1,nan,0.6666666666666666,0.458354999996914,0.4,0.033361968
2866,108357,0.6797779827192272,1,nan,0.4482758620689655,0.45820999999691464,0.4,0.031953506
2867,108386,0.6743010608738405,1,nan,0.5862068965517241,0.4580649999969153,0.4,0.033730242
2868,108415,0.6637982492083419,1,nan,0.5517241379310345,0.45791999999691596,0.4,0.031733487
2869,108446,0.6573043090600075,1,nan,0.6451612903225806,0.45776499999691667,0.4,0.03174061
2870,108504,0.3765948465322637,0,nan,0.5172413793103449,0.457474999996918,0.4,0.03142093
2871,108534,0.6431884125701506,1,nan,0.6333333333333333,0.45732499999691867,0.4,0.033160694
2872,108564,0.6330789382257185,1,nan,0.5333333333333333,0.45717499999691935,0.4,0.033542253
2873,108593,0.7031121995809329,1,nan,0.6206896551724138,0.45702999999692,0.4,0.030254168
2874,108623,0.652433131968037,1,nan,0.43333333333333335,0.4568799999969207,0.4,0.032646112
2875,108651,0.7262273288368464,1,nan,0.42857142857142855,0.45673999999692133,0.4,0.03262092
2876,108680,0.6597781817229912,1,nan,0.5862068965517241,0.456594999996922,0.4,0.032187127
2877,108709,0.6567168348456696,1,nan,0.6206896551724138,0.45644999999692265,0.4,0.032750092
2878,108859,-1.6149087297231817,0,nan,0.6133333333333333,0.45569999999692606,0.4,0.047003888
2879,108889,0.6382656967953769,1,nan,0.7666666666666667,0.45554999999692675,0.4,0.03594893
2880,108952,0.3284928319137964,0,1.0,0.6349206349206349,0.4552349999969282,0.4,0.032119147
2881,108981,0.6676174960030268,1,nan,0.5862068965517241,0.45508999999692884,0.4,0.033813264
2882,109011,0.651279603189375,1,nan,0.6,0.4549399999969295,0.4,0.031276837
2883,109041,0.6467399907095133,1,nan,0.5,0.4547899999969302,0.4,0.032665487
2884,109070,0.6587806395603237,1,nan,0.5862068965517241,0.45464499999693087,0.4,0.031766538
2885,109099,0.6854449250048177,1,nan,0.5172413793103449,0.4544999999969315,0.4,0.031305347
2886,109127,0.7172615214757492,1,nan,0.5357142857142857,0.45435999999693216,0.4,0.030425746
2887,109161,0.6043146781761533,1,nan,0.6176470588235294,0.45418999999693294,0.4,0.034981713
2888,109191,0.6511646195845415,1,nan,0.5333333333333333,0.4540399999969336,0.4,0.03193636
2889,109220,0.6812853915686694,1,nan,0.7241379310344828,0.4538949999969343,0.4,0.029626569
2890,109249,0.6957842647258867,1,nan,0.5517241379310345,0.45374999999693494,0.4,0.033849325
2891,109277,0.6844157547678174,1,nan,0.5714285714285714,0.4536099999969356,0.4,0.03273511
2892,109305,0.6786612037374338,1,nan,0.6071428571428571,0.4534699999969362,0.4,0.03393181
2893,109339,0.6085588652679557,1,nan,0.47058823529411764,0.453299999996937,0.4,0.032087922
2894,109368,0.6766621949835796,1,nan,0.3448275862068966,0.45315499999693765,0.4,0.033925824
2895,109398,0.6301069376086624,1,nan,0.4666666666666667,0.45300499999693833,0.4,0.034993652
2896,109428,0.645727092022512,1,nan,0.6,0.452854999996939,0.4,0.03319587
2897,109498,0.20688161054062304,0,nan,0.6285714285714286,0.4525049999969406,0.4,0.033484917
2898,109527,0.6549467925888561,1,nan,0.5517241379310345,0.45235999999694126,0.4,0.034473054
2899,109556,0.6787728851105816,1,nan,0.5862068965517241,0.4522149999969419,0.4,0.03142495
2900,109584,0.6884921923312652,1,nan,0.6071428571428571,0.45207499999694256,0.4,0.032704744
2901,109613,0.7130663094874188,1,nan,0.5172413793103449,0.4519299999969432,0.4,0.031023545
2902,109645,0.6300954823459473,1,nan,0.5625,0.45176999999694395,0.4,0.03043113
2903,109674,0.6836027915455223,1,nan,0.5517241379310345,0.4516249999969446,0.4,0.030496843
2904,109703,0.6714514734800021,1,nan,0.4482758620689655,0.45147999999694527,0.4,0.02955951
2905,109732,0.6541057815400384,1,nan,0.6206896551724138,0.45133499999694593,0.4,0.032093104
2906,109766,0.6000332141653557,1,nan,0.5,0.4511649999969467,0.4,0.032950275
2907,109795,0.6710649800971507,1,nan,0.6896551724137931,0.45101999999694736,0.4,0.032682445
2908,109830,0.6259724776275186,1,nan,0.37142857142857144,0.45084499999694816,0.4,0.028814105
2909,109858,0.7096187111115053,1,nan,0.5,0.4507049999969488,0.4,0.032675724
2910,109887,0.6637626752561923,1,1.0,0.5172413793103449,0.45055999999694946,0.4,0.033452354
2911,109917,0.640865558234123,1,nan,0.5333333333333333,0.45040999999695014,0.4,0.033116058
2912,109946,0.6732032047313147,1,nan,0.5172413793103449,0.4502649999969508,0.4,0.034798186
2913,109975,0.6732382760043203,1,nan,0.4482758620689655,0.45011999999695146,0.4,0.03106873
2914,110004,0.6690154937149855,1,nan,0.3793103448275862,0.4499749999969521,0.4,0.032511618
2915,110033,0.6791249802796365,1,nan,0.5517241379310345,0.4498299999969528,0.4,0.03284996
2916,110061,0.7148207072832723,1,nan,0.6071428571428571,0.4496899999969534,0.4,0.0324801
2917,110096,0.5914757912116624,1,nan,0.5714285714285714,0.4495149999969542,0.4,0.03173143
2918,110126,0.6584918970854403,1,nan,0.4666666666666667,0.4493649999969549,0.4,0.033384494
2919,110155,0.6612216833774291,1,nan,0.41379310344827586,0.44921999999695555,0.4,0.033235516
2920,110211,0.41384520188662166,0,nan,0.625,0.44893999999695683,0.4,0.03144446
2921,110239,0.6444276892347875,1,nan,0.6785714285714286,0.44879999999695747,0.4,0.033403426
2922,110273,0.6350377174705446,1,nan,0.5,0.44862999999695824,0.4,0.031484075
2923,110308,0.5817247227545235,1,nan,0.5714285714285714,0.44845499999695904,0.4,0.031080356
2924,110339,0.6323642418993627,1,nan,0.6129032258064516,0.44829999999695974,0.4,0.03239355
2925,110368,0.6897113409929339,1,nan,0.5862068965517241,0.4481549999969604,0.4,0.030367838
2926,110397,0.7384534068957083,1,nan,0.4482758620689655,0.44800999999696106,0.4,0.028326118
2927,110427,0.6496121281317514,1,nan,0.6666666666666666,0.44785999999696174,0.4,0.034653544
2928,110460,0.6062320026974528,1,nan,0.45454545454545453,0.4476949999969625,0.4,0.030676976
2929,110517,0.3619652166729741,0,nan,0.5789473684210527,0.4474099999969638,0.4,0.042288914
2930,110545,0.6538978998654696,1,nan,0.6428571428571429,0.44726999999696443,0.4,0.03383162
2931,110578,0.6263965443502985,1,nan,0.6060606060606061,0.4471049999969652,0.4,0.03206325
2932,110607,0.6450538473776954,1,nan,0.5517241379310345,0.44695999999696584,0.4,0.03478232
2933,110703,-0.08149862944866204,0,nan,0.6666666666666666,0.446479999996968,0.4,0.038237963
2934,110732,0.6500616597020707,1,nan,0.5517241379310345,0.4463349999969687,0.4,0.03521867
2935,110762,0.646795780820634,1,nan,0.6666666666666666,0.44618499999696937,0.4,0.034808163
2936,110795,0.6085982386730449,1,nan,0.696969696969697,0.4460199999969701,0.4,0.03428788
2937,110827,0.6190767038186666,1,nan,0.5,0.44585999999697085,0.4,0.031804577
2938,110856,0.6423793050028307,1,nan,0.6551724137931034,0.4457149999969715,0.4,0.03339931
2939,111006,-1.745624729905309,0,nan,0.6333333333333333,0.4449649999969749,0.4,0.050760515
2940,111035,0.6413123229723918,1,1.0,0.6896551724137931,0.4448199999969756,0.4,0.034541696
2941,111064,0.6816676639492284,1,nan,0.4827586206896552,0.44467499999697624,0.4,0.030970942
2942,111094,0.6503576299756735,1,nan,0.4,0.4445249999969769,0.4,0.032530885
2943,111123,0.6780867755432698,1,nan,0.3793103448275862,0.4443799999969776,0.4,0.0317556
2944,111153,0.6361261038654067,1,nan,0.3333333333333333,0.44422999999697826,0.4,0.034920238
2945,111182,0.6443043899936572,1,nan,0.6551724137931034,0.4440849999969789,0.4,0.033117406
2946,111211,0.660216943409095,1,nan,0.6551724137931034,0.4439399999969796,0.4,0.031097665
2947,111240,0.6745235777537817,1,nan,0.5517241379310345,0.44379499999698024,0.4,0.03333953
2948,111269,0.6608585832391163,1,nan,0.6551724137931034,0.4436499999969809,0.4,0.03260508
2949,111385,-0.3656917805369183,0,nan,0.75,0.44306999999698354,0.4,0.033243608
2950,111414,0.6375760627015898,1,nan,0.7586206896551724,0.4429249999969842,0.4,0.034805536
2951,111444,0.6511481590920678,1,nan,0.6,0.4427749999969849,0.4,0.03268798
2952,111474,0.6323168027054348,1,nan,0.6333333333333333,0.44262499999698557,0.4,0.03461436
2953,111503,0.7271380028972044,1,nan,0.6206896551724138,0.44247999999698623,0.4,0.030705787
2954,111534,0.6210902126804663,1,nan,0.6774193548387096,0.44232499999698693,0.4,0.034060284
2955,111564,0.667476407089369,1,nan,0.6,0.4421749999969876,0.4,0.029489478
2956,111593,0.7085500466473,1,nan,0.3793103448275862,0.4420299999969883,0.4,0.030874727
2957,111623,0.6376144572837144,1,nan,0.5,0.44187999999698896,0.4,0.033729956
2958,111652,0.6908764264958887,1,nan,0.5172413793103449,0.4417349999969896,0.4,0.032331206
2959,111682,0.6442285222870661,1,nan,0.6,0.4415849999969903,0.4,0.031938896
2960,111712,0.6579682664093023,1,nan,0.5,0.441434999996991,0.4,0.033195455
2961,111862,-1.8065529089416177,0,nan,0.6666666666666666,0.4406849999969944,0.4,0.046480164
2962,111892,0.6418654282387015,1,nan,0.6,0.4405349999969951,0.4,0.036670603
2963,111921,0.6406198830727683,1,nan,0.6206896551724138,0.44038999999699574,0.4,0.03518524
2964,111978,0.3974940279371433,0,nan,0.6666666666666666,0.44010499999699704,0.4,0.03103304
2965,112013,0.6017591725748622,1,nan,0.4857142857142857,0.43992999999699783,0.4,0.0313475
2966,112042,0.6734549483358354,1,nan,0.6206896551724138,0.4397849999969985,0.4,0.02976431
2967,112078,0.5578951748576679,1,nan,0.6944444444444444,0.4396049999969993,0.4,0.033318788
2968,112107,0.6505575769083685,1,nan,0.4827586206896552,0.439459999997,0.4,0.034012422
2969,112156,0.37709888829319693,0,nan,0.5510204081632653,0.4392149999970011,0.4,0.035332385
2970,112190,0.5863041935021107,1,0.99,0.6764705882352942,0.43904499999700186,0.4,0.03410249
2971,112255,0.22483445897441579,0,nan,0.5692307692307692,0.43871999999700334,0.4,0.032306116
2972,112284,0.6406709877278953,1,nan,0.6551724137931034,0.438574999997004,0.4,0.03397808
2973,112318,0.5960824877161728,1,nan,0.5882352941176471,0.4384049999970048,0.4,0.033616975
2974,112347,0.6746343841711193,1,nan,0.6551724137931034,0.43825999999700543,0.4,0.032170653
2975,112407,0.290714826900919,0,nan,0.6166666666666667,0.4379599999970068,0.4,0.038722884
2976,112435,0.6542737415069645,1,nan,0.5357142857142857,0.43781999999700744,0.4,0.033010606
2977,112467,0.6237996390791245,1,nan,0.65625,0.43765999999700816,0.4,0.035380375
2978,112496,0.6396268197311561,1,nan,0.5862068965517241,0.4375149999970088,0.4,0.034447495
2979,112526,0.65479455394828,1,nan,0.5333333333333333,0.4373649999970095,0.4,0.032258455
2980,112581,0.3809957360024272,0,nan,0.6,0.43708999999701076,0.4,0.030291615
2981,112611,0.6275794993483919,1,nan,0.5666666666666667,0.43693999999701144,0.4,0.036388125
2982,112640,0.6558869492378462,1,nan,0.5517241379310345,0.4367949999970121,0.4,0.030258156
2983,112670,0.6742764172523298,1,nan,0.6666666666666666,0.4366449999970128,0.4,0.029772362
2984,112703,0.6031868049499762,1,nan,0.6060606060606061,0.43647999999701353,0.4,0.03457886
2985,112742,0.5244192452755225,1,nan,0.5641025641025641,0.4362849999970144,0.4,0.03303659
2986,112892,-1.7481311240727497,0,nan,0.5466666666666666,0.43553499999701784,0.4,0.04893752
2987,112921,0.7085680104624772,1,nan,0.41379310344827586,0.4353899999970185,0.4,0.030270465
2988,112950,0.6565897843921208,1,nan,0.4482758620689655,0.43524499999701916,0.4,0.03457086
2989,112979,0.6524865383459026,1,nan,0.6551724137931034,0.4350999999970198,0.4,0.03341487
2990,113129,-1.8122941482667818,0,nan,0.6733333333333333,0.43434999999702323,0.4,0.09125537
2991,113159,0.6423916167252757,1,nan,0.5666666666666667,0.4341999999970239,0.4,0.034592047
2992,113189,0.6506719256889852,1,nan,0.6333333333333333,0.4340499999970246,0.4,0.03396161
2993,113225,0.5668041374098365,1,nan,0.5833333333333334,0.4338699999970254,0.4,0.03334603
2994,113255,0.6505436068851368,1,nan,0.4666666666666667,0.4337199999970261,0.4,0.032130945
2995,113283,0.6682866892459504,1,nan,0.6071428571428571,0.43357999999702673,0.4,0.034072526
2996,113312,0.6373883031309437,1,nan,0.6206896551724138,0.4334349999970274,0.4,0.03501176
2997,113341,0.6657476380164074,1,nan,0.5172413793103449,0.43328999999702805,0.4,0.031744033
2998,113371,0.6333940908503117,1,nan,0.5666666666666667,0.43313999999702874,0.4,0.03502692
2999,113521,-1.820358703878695,0,nan,0.5466666666666666,0.43238999999703215,0.4,0.04651175
3000,113550,0.6701072374180628,1,0.95,0.41379310344827586,0.4322449999970328,0.4,0.0320418
3001,113579,0.6629577388777274,1,nan,0.6206896551724138,0.43209999999703347,0.4,0.03244267
3002,113729,-1.8190372498264191,0,nan,0.5933333333333334,0.4313499999970369,0.4,0.051870354
3003,113759,0.6336567531445911,1,nan,0.5,0.43119999999703756,0.4,0.035880722
3004,113787,0.7289129184149677,1,nan,0.6428571428571429,0.4310599999970382,0.4,0.032192986
3005,113816,0.6858634930180136,1,nan,0.5862068965517241,0.43091499999703886,0.4,0.03075226
3006,113845,0.676835421030639,1,nan,0.4482758620689655,0.4307699999970395,0.4,0.030786728
3007,113873,0.6609124753019293,1,nan,0.6428571428571429,0.43062999999704016,0.4,0.03256217
3008,113916,0.5564418173877007,1,nan,0.627906976744186,0.43041499999704114,0.4,0.026944326
3009,113944,0.6705240229603624,1,nan,0.7142857142857143,0.4302749999970418,0.4,0.03403092
3010,113973,0.6702513156757803,1,nan,0.5172413793103449,0.43012999999704243,0.4,0.03242716
3011,114002,0.6465941230990792,1,nan,0.6551724137931034,0.4299849999970431,0.4,0.035291526
3012,114060,0.4107063132444264,0,nan,0.6206896551724138,0.4296949999970444,0.4,0.028981496
3013,114088,0.7443129954714303,1,nan,0.4642857142857143,0.42955499999704505,0.4,0.031057732
3014,114117,0.7532836016247786,1,nan,0.5862068965517241,0.4294099999970457,0.4,0.030697452
3015,114147,0.64446549619909,1,nan,0.5,0.4292599999970464,0.4,0.03495072
3016,114297,-1.78776590093236,0,nan,0.5933333333333334,0.4285099999970498,0.4,0.05015914
3017,114326,0.6676916703965581,1,nan,0.5862068965517241,0.42836499999705047,0.4,0.032300547
3018,114355,0.6928465961889437,1,nan,0.4827586206896552,0.4282199999970511,0.4,0.03122141
3019,114421,0.24178402899383933,0,nan,0.5151515151515151,0.42788999999705263,0.4,0.03805901
3020,114451,0.636620910647867,1,nan,0.5666666666666667,0.4277399999970533,0.4,0.035002
3021,114487,0.5697430776240209,1,nan,0.5555555555555556,0.42755999999705413,0.4,0.03217359
3022,114516,0.7408015825154787,1,nan,0.7586206896551724,0.4274149999970548,0.4,0.031343635
3023,114545,0.6522338864761125,1,nan,0.5862068965517241,0.42726999999705545,0.4,0.035284452
3024,114575,0.6574363077062988,1,nan,0.6333333333333333,0.42711999999705613,0.4,0.03349724
3025,114606,0.6450330476228603,1,nan,0.7096774193548387,0.42696499999705684,0.4,0.033366226
3026,114635,0.6740660957047473,1,nan,0.5517241379310345,0.4268199999970575,0.4,0.031077698
3027,114664,0.6494756342831645,1,nan,0.5517241379310345,0.42667499999705816,0.4,0.033993308
3028,114692,0.6713902360513189,1,nan,0.6071428571428571,0.4265349999970588,0.4,0.03335188
3029,114725,0.6334655235065054,1,nan,0.5757575757575758,0.42636999999705955,0.4,0.032119084
3030,114755,0.6538796069902699,1,1.0,0.5,0.42621999999706023,0.4,0.034590267
3031,114785,0.6547068763994162,1,nan,0.5666666666666667,0.4260699999970609,0.4,0.033459507
3032,114815,0.6447323992726433,1,nan,0.5,0.4259199999970616,0.4,0.035380445
3033,114844,0.7768880027282401,1,nan,0.6206896551724138,0.42577499999706225,0.4,0.030270211
3034,114874,0.6481823952114554,1,nan,0.6333333333333333,0.42562499999706294,0.4,0.03284273
3035,114903,0.6909295621896754,1,nan,0.41379310344827586,0.4254799999970636,0.4,0.03076237
3036,114932,0.7173463297134908,1,nan,0.5862068965517241,0.42533499999706426,0.4,0.030641384
3037,114962,0.6557060692090446,1,nan,0.5666666666666667,0.42518499999706494,0.4,0.03422272
3038,114992,0.6352004840377087,1,nan,0.7666666666666667,0.4250349999970656,0.4,0.035369582
3039,115021,0.6772564094520185,1,nan,0.5172413793103449,0.4248899999970663,0.4,0.033257183
3040,115051,0.6497900771766632,1,nan,0.4666666666666667,0.42473999999706696,0.4,0.032686073
3041,115080,0.6586610489697898,1,nan,0.6206896551724138,0.4245949999970676,0.4,0.030870907
3042,115111,0.6374148753564273,1,nan,0.6774193548387096,0.42443999999706833,0.4,0.03422231
3043,115140,0.6794600518218101,1,nan,0.4827586206896552,0.424294999997069,0.4,0.030170726
3044,115169,0.7240946487968449,1,nan,0.5172413793103449,0.42414999999706965,0.4,0.030729618
3045,115199,0.6419679725060481,1,nan,0.7,0.42399999999707033,0.4,0.03643318
3046,115250,0.4021190171445801,0,nan,0.6274509803921569,0.4237449999970715,0.4,0.037014235
3047,115278,0.6642666408877876,1,nan,0.5714285714285714,0.42360499999707213,0.4,0.034621067
3048,115307,0.644406623056348,1,nan,0.4482758620689655,0.4234599999970728,0.4,0.034822788
3049,115337,0.6528538638364811,1,nan,0.5333333333333333,0.42330999999707347,0.4,0.03405905
3050,115366,0.6767652357882027,1,nan,0.5517241379310345,0.42316499999707413,0.4,0.030928472
3051,115426,0.3486355174215118,0,nan,0.6,0.4228649999970755,0.4,0.02911159
3052,115456,0.6281908396306631,1,nan,0.6,0.4227149999970762,0.4,0.03487404
3053,115488,0.6099120267093655,1,nan,0.5,0.4225549999970769,0.4,0.035628766
3054,115517,0.682869654432777,1,nan,0.41379310344827586,0.42240999999707757,0.4,0.029666085
3055,115551,0.6094932610187935,1,nan,0.8235294117647058,0.42223999999707834,0.4,0.031407986
3056,115581,0.6330834591467469,1,nan,0.6666666666666666,0.422089999997079,0.4,0.034362767
3057,115640,0.308618786283392,0,nan,0.711864406779661,0.42179499999708037,0.4,0.030452317
3058,115669,0.6748584709376986,1,nan,0.5517241379310345,0.421649999997081,0.4,0.032201633
3059,115698,0.6800586189651334,1,nan,0.5517241379310345,0.4215049999970817,0.4,0.032358874
3060,115751,0.39182320338723586,0,0.9,0.49056603773584906,0.4212399999970829,0.4,0.034438033
3061,115782,0.6462985328759884,1,nan,0.41935483870967744,0.4210849999970836,0.4,0.03193453
3062,115812,0.6429513835173504,1,nan,0.6666666666666666,0.4209349999970843,0.4,0.03306601
3063,115840,0.7160089569951165,1,nan,0.39285714285714285,0.4207949999970849,0.4,0.032481197
3064,115871,0.6210231729662793,1,nan,0.6774193548387096,0.4206399999970856,0.4,0.03489853
3065,115902,0.6265462815790257,1,nan,0.5483870967741935,0.42048499999708633,0.4,0.03171849
3066,115932,0.6246667921468396,1,nan,0.6,0.420334999997087,0.4,0.035636663
3067,115968,0.5612083076300015,1,nan,0.6944444444444444,0.42015499999708783,0.4,0.03439295
3068,115997,0.677242690966994,1,nan,0.5517241379310345,0.4200099999970885,0.4,0.030910924
3069,116026,0.6670737893036658,1,nan,0.5862068965517241,0.41986499999708915,0.4,0.031907465
3070,116054,0.6753255931682829,1,nan,0.6071428571428571,0.4197249999970898,0.4,0.032566458
3071,116083,0.6740666530562993,1,nan,0.5517241379310345,0.41957999999709045,0.4,0.028963348
3072,116112,0.681963152417496,1,nan,0.3448275862068966,0.4194349999970911,0.4,0.03174351
3073,116141,0.717662670243189,1,nan,0.4827586206896552,0.41928999999709177,0.4,0.031957474
3074,116197,0.327051096720274,0,nan,0.6428571428571429,0.41900999999709304,0.4,0.0315155
3075,116226,0.6418195803906681,1,nan,0.6551724137931034,0.4188649999970937,0.4,0.035625927
3076,116283,0.35618029637325865,0,nan,0.5789473684210527,0.418579999997095,0.4,0.031916443
3077,116312,0.693116051408795,1,nan,0.5172413793103449,0.41843499999709566,0.4,0.03173861
3078,116341,0.660609432550542,1,nan,0.6206896551724138,0.4182899999970963,0.4,0.031896614
3079,116370,0.6810441355800112,1,nan,0.4482758620689655,0.418144999997097,0.4,0.033372186
3080,116400,0.6758304065128378,1,nan,0.5666666666666667,0.41799499999709766,0.4,0.03255146
3081,116466,0.2430447082061623,0,nan,0.5909090909090909,0.41766499999709916,0.4,0.036738154
3082,116495,0.6383392761718892,1,nan,0.6551724137931034,0.4175199999970998,0.4,0.034157265
3083,116563,0.24367689356768918,0,nan,0.5882352941176471,0.41717999999710137,0.4,0.031817656
3084,116592,0.6603344272458409,1,nan,0.6896551724137931,0.41703499999710203,0.4,0.032645445
3085,116622,0.6282892891090999,1,nan,0.6,0.4168849999971027,0.4,0.03385605
3086,116652,0.6604108616854766,1,nan,0.5333333333333333,0.4167349999971034,0.4,0.03257891
3087,116681,0.6515731730274346,1,nan,0.5862068965517241,0.41658999999710405,0.4,0.031854823
3088,116710,0.6472512491910638,1,nan,0.7586206896551724,0.4164449999971047,0.4,0.035017718
3089,116780,0.21291106368114043,0,nan,0.6428571428571429,0.4160949999971063,0.4,0.039905153
3090,116930,-1.7509906977210004,0,0.97,0.6,0.4153449999971097,0.4,0.048197307
3091,116959,0.6551307506378679,1,nan,0.5862068965517241,0.4151999999971104,0.4,0.031484395
3092,116987,0.7050396885759436,1,nan,0.5,0.415059999997111,0.4,0.030017952
3093,117022,0.5871981771461154,1,nan,0.5142857142857142,0.4148849999971118,0.4,0.03276848
3094,117051,0.6608124591379884,1,nan,0.5862068965517241,0.4147399999971125,0.4,0.03069853
3095,117080,0.6714279197125456,1,nan,0.5517241379310345,0.41459499999711313,0.4,0.031609625
3096,117109,0.6608355239446089,1,nan,0.5172413793103449,0.4144499999971138,0.4,0.033198807
3097,117138,0.6578653058094681,1,nan,0.7241379310344828,0.41430499999711445,0.4,0.03227141
3098,117167,0.6693780945093607,1,nan,0.4827586206896552,0.4141599999971151,0.4,0.034076743
3099,117224,0.32162845947212837,0,nan,0.631578947368421,0.4138749999971164,0.4,0.03685196
3100,117253,0.6550194748546332,1,nan,0.5862068965517241,0.41372999999711707,0.4,0.03428805
3101,117282,0.6715056186177644,1,nan,0.6551724137931034,0.41358499999711773,0.4,0.034002755
3102,117310,0.7210606890167952,1,nan,0.39285714285714285,0.41344499999711837,0.4,0.0328904
3103,117339,0.6899330101127017,1,nan,0.5862068965517241,0.413299999997119,0.4,0.02918629
3104,117367,0.7022186629969868,1,nan,0.5357142857142857,0.41315999999711966,0.4,0.032997493
3105,117396,0.6672371761453162,1,nan,0.41379310344827586,0.4130149999971203,0.4,0.029981866
3106,117429,0.6052284878098799,1,nan,0.7272727272727273,0.4128499999971211,0.4,0.03246077
3107,117458,0.6658236018222032,1,nan,0.5172413793103449,0.41270499999712174,0.4,0.033624355
3108,117524,0.24754601229310969,0,nan,0.7878787878787878,0.41237499999712324,0.4,0.032865077
3109,117553,0.6593852016787405,1,nan,0.4827586206896552,0.4122299999971239,0.4,0.03455366
3110,117583,0.6627971987984556,1,nan,0.5666666666666667,0.4120799999971246,0.4,0.032733936
3111,117612,0.6474348357159523,1,nan,0.5862068965517241,0.41193499999712524,0.4,0.034302223
3112,117640,0.6706554281196316,1,nan,0.5,0.4117949999971259,0.4,0.031818636
3113,117668,0.6660675110243952,1,nan,0.5357142857142857,0.4116549999971265,0.4,0.034226984
3114,117697,0.6906250841406907,1,nan,0.6206896551724138,0.4115099999971272,0.4,0.033448946
3115,117726,0.6622942922289312,1,nan,0.6206896551724138,0.41136499999712783,0.4,0.03410314
3116,117755,0.6739378017868154,1,nan,0.4827586206896552,0.4112199999971285,0.4,0.034425125
3117,117815,0.29244053990202257,0,nan,0.5333333333333333,0.41091999999712986,0.4,0.033649445
3118,117843,0.6798989991280819,1,nan,0.5,0.4107799999971305,0.4,0.032104813
3119,117898,0.38351425303421605,0,nan,0.5454545454545454,0.41050499999713175,0.4,0.040930025
3120,117926,0.6998852964475006,1,0.98,0.42857142857142855,0.4103649999971324,0.4,0.033090577
3121,118008,-0.025879472828689076,0,nan,0.6707317073170732,0.40995499999713425,0.4,0.043423973
3122,118068,0.3127312128129305,0,nan,0.6333333333333333,0.4096549999971356,0.4,0.03694134
3123,118097,0.6426078387306045,1,nan,0.6896551724137931,0.4095099999971363,0.4,0.035951246
3124,118125,0.677377873459613,1,nan,0.6785714285714286,0.4093699999971369,0.4,0.032041166
3125,118153,0.6563069763786109,1,nan,0.6785714285714286,0.40922999999713755,0.4,0.033947617
3126,118182,0.6583744639607724,1,nan,0.6206896551724138,0.4090849999971382,0.4,0.03364962
3127,118211,0.6604162790962695,1,nan,0.5517241379310345,0.40893999999713887,0.4,0.032244436
3128,118281,0.10897709720464899,0,nan,0.6428571428571429,0.40858999999714046,0.4,0.04137006
3129,118311,0.6506671257469874,1,nan,0.4666666666666667,0.40843999999714115,0.4,0.03509348
3130,118339,0.7085949589453188,1,nan,0.5,0.4082999999971418,0.4,0.03412648
3131,118368,0.6477264998625001,1,nan,0.6206896551724138,0.40815499999714244,0.4,0.033193156
3132,118396,0.6955369357556584,1,nan,0.42857142857142855,0.4080149999971431,0.4,0.031316668
3133,118425,0.6577431531804517,1,nan,0.5172413793103449,0.40786999999714374,0.4,0.03244778
3134,118453,0.6951795753426245,1,nan,0.5357142857142857,0.4077299999971444,0.4,0.0321426
3135,118483,0.6503739228968318,1,nan,0.5,0.40757999999714506,0.4,0.032451876
3136,118515,0.6476395120297114,1,nan,0.71875,0.4074199999971458,0.4,0.03181479
3137,118544,0.6608618730562579,1,nan,0.7241379310344828,0.40727499999714645,0.4,0.031460714
3138,118573,0.6583678487548523,1,nan,0.4827586206896552,0.4071299999971471,0.4,0.03232486
3139,118612,0.5227611748179805,1,nan,0.5641025641025641,0.406934999997148,0.4,0.03171312
3140,118640,0.678165452291094,1,nan,0.4642857142857143,0.40679499999714863,0.4,0.031898387
3141,118674,0.6197388435848007,1,nan,0.47058823529411764,0.4066249999971494,0.4,0.032488246
3142,118702,0.6843175637294749,1,nan,0.5357142857142857,0.40648499999715004,0.4,0.034262843
3143,118732,0.6478298500142928,1,nan,0.6333333333333333,0.4063349999971507,0.4,0.029621685
3144,118761,0.6716542264400929,1,nan,0.6206896551724138,0.4061899999971514,0.4,0.032130823
3145,118821,0.28822019173818947,0,nan,0.6,0.40588999999715275,0.4,0.033858743
3146,118851,0.6409621120025188,1,nan,0.4,0.40573999999715343,0.4,0.0317137
3147,118880,0.6521612831811049,1,nan,0.41379310344827586,0.4055949999971541,0.4,0.034091163
3148,118909,0.6498793888704286,1,nan,0.6206896551724138,0.40544999999715475,0.4,0.032718986
3149,118943,0.6117906537026601,1,nan,0.5,0.4052799999971555,0.4,0.03213253
3150,118973,0.6505760484869201,1,0.97,0.6,0.4051299999971562,0.4,0.03411676
3151,119001,0.7525600858095589,1,nan,0.42857142857142855,0.40498999999715685,0.4,0.031814888
3152,119059,0.34547144411717945,0,nan,0.5,0.40469999999715817,0.4,0.03458556
3153,119088,0.6731851735200013,1,nan,0.4827586206896552,0.4045549999971588,0.4,0.033482432
3154,119119,0.6493650467381236,1,nan,0.7096774193548387,0.40439999999715953,0.4,0.030734275
3155,119148,0.6547162522568178,1,nan,0.5172413793103449,0.4042549999971602,0.4,0.036247954
3156,119177,0.6509009480121359,1,nan,0.6896551724137931,0.40410999999716085,0.4,0.036565702
3157,119207,0.6472080633083828,1,nan,0.3333333333333333,0.40395999999716153,0.4,0.032860592
3158,119235,0.6906078125591404,1,nan,0.5357142857142857,0.40381999999716217,0.4,0.033925917
3159,119265,0.651949209391685,1,nan,0.5666666666666667,0.40366999999716285,0.4,0.031715985
3160,119294,0.6497875852596218,1,nan,0.7931034482758621,0.4035249999971635,0.4,0.03500507
3161,119323,0.6741164267633899,1,nan,0.4482758620689655,0.4033799999971642,0.4,0.031422842
3162,119351,0.6551515343884347,1,nan,0.6785714285714286,0.4032399999971648,0.4,0.033828244
3163,119449,-0.12906503811853165,0,nan,0.5,0.40274999999716704,0.4,0.03846711
3164,119509,0.28663700942623027,0,nan,0.5666666666666667,0.4024499999971684,0.4,0.036134128
3165,119538,0.6511933549792193,1,nan,0.41379310344827586,0.40230499999716907,0.4,0.034545705
3166,119571,0.6234371502781658,1,nan,0.6666666666666666,0.4021399999971698,0.4,0.032124843
3167,119600,0.6549783783986949,1,nan,0.6206896551724138,0.4019949999971705,0.4,0.03521688
3168,119660,0.31658617788040966,0,nan,0.5666666666666667,0.40169499999717184,0.4,0.037543554
3169,119689,0.6629483007981667,1,nan,0.5172413793103449,0.4015499999971725,0.4,0.035580486
3170,119718,0.6449165091744835,1,nan,0.5517241379310345,0.40140499999717316,0.4,0.0346765
3171,119800,0.0703199716327726,0,nan,0.6097560975609756,0.40099499999717503,0.4,0.039099827
3172,119830,0.6505654155169454,1,nan,0.6,0.4008449999971757,0.4,0.032480415
3173,119860,0.6316864699100323,1,nan,0.6666666666666666,0.4006949999971764,0.4,0.03483055
3174,119920,0.32607725835892,0,nan,0.6,0.40039499999717776,0.4,0.0365086
3175,119948,0.700377521959174,1,nan,0.6428571428571429,0.4002549999971784,0.4,0.032965112
3176,119977,0.6506790194962051,1,nan,0.6551724137931034,0.40010999999717906,0.4,0.035093054
3177,120037,0.3261820626104941,0,nan,0.6333333333333333,0.3998099999971804,0.4,0.032627903
3178,120066,0.6419509575099988,1,nan,0.5862068965517241,0.3996649999971811,0.4,0.035773966
3179,120096,0.6597337005576691,1,nan,0.6,0.39951499999718176,0.4,0.031600777
3180,120154,0.3310330128572726,0,1.0,0.4827586206896552,0.3992249999971831,0.4,0.034373537
3181,120183,0.6894600872599366,1,nan,0.5862068965517241,0.39907999999718374,0.4,0.030462591
3182,120211,0.6727169234968,1,nan,0.5,0.3989399999971844,0.4,0.03193057
3183,120241,0.6473825818913104,1,nan,0.6333333333333333,0.39878999999718506,0.4,0.0346393
3184,120270,0.6562432118541578,1,nan,0.5862068965517241,0.3986449999971857,0.4,0.034267697
3185,120299,0.6603119222372351,1,nan,0.4827586206896552,0.3984999999971864,0.4,0.0335686
3186,120327,0.6744652743692248,1,nan,0.5714285714285714,0.398359999997187,0.4,0.033751886
3187,120355,0.7081048208714292,1,nan,0.42857142857142855,0.39821999999718766,0.4,0.030697307
3188,120384,0.6899122556116972,1,nan,0.4482758620689655,0.3980749999971883,0.4,0.030476334
3189,120413,0.6784934711842869,1,nan,0.5172413793103449,0.397929999997189,0.4,0.03395277
3190,120442,0.66292434651672,1,nan,0.5172413793103449,0.39778499999718964,0.4,0.031917967
3191,120470,0.6704468984377197,1,nan,0.6071428571428571,0.3976449999971903,0.4,0.034012787
3192,120504,0.628807433966653,1,nan,0.5294117647058824,0.39747499999719105,0.4,0.032355823
3193,120536,0.6398837354925777,1,nan,0.28125,0.3973149999971918,0.4,0.033159625
3194,120674,-0.6163656086394782,0,nan,0.6884057971014492,0.3966249999971949,0.4,0.038647793
3195,120702,0.6733837754745274,1,nan,0.5714285714285714,0.39648499999719555,0.4,0.031678703
3196,120731,0.6543538573062413,1,nan,0.5172413793103449,0.3963399999971962,0.4,0.03289346
3197,120760,0.6675032128583402,1,nan,0.5172413793103449,0.3961949999971969,0.4,0.03381263
3198,120788,0.7519575901386351,1,nan,0.5714285714285714,0.3960549999971975,0.4,0.031247782
3199,120817,0.6637887121272195,1,nan,0.4827586206896552,0.39590999999719817,0.4,0.032974716
3200,120845,0.6813712218501878,1,nan,0.4642857142857143,0.3957699999971988,0.4,0.032879986
3201,120946,-0.17545688073238963,0,nan,0.5841584158415841,0.3952649999972011,0.4,0.037007764
3202,120975,0.6531311215970419,1,nan,0.5517241379310345,0.39511999999720177,0.4,0.034456167
3203,121009,0.6142639756349866,1,nan,0.5588235294117647,0.39494999999720254,0.4,0.0318069
3204,121038,0.6525316317800405,1,nan,0.6551724137931034,0.3948049999972032,0.4,0.035918895
3205,121068,0.6610332521204458,1,nan,0.5666666666666667,0.3946549999972039,0.4,0.032135338
3206,121097,0.6566978147030617,1,nan,0.4482758620689655,0.39450999999720454,0.4,0.03284451
3207,121133,0.5738282284573779,1,nan,0.5833333333333334,0.39432999999720536,0.4,0.030028824
3208,121162,0.6495629054772851,1,nan,0.6206896551724138,0.394184999997206,0.4,0.035026096
3209,121190,0.656881602962166,1,nan,0.6071428571428571,0.39404499999720666,0.4,0.031517886
3210,121219,0.6517294932750539,1,0.97,0.6206896551724138,0.3938999999972073,0.4,0.035545915
3211,121248,0.6482639629644189,1,nan,0.6551724137931034,0.393754999997208,0.4,0.034630764
3212,121280,0.6277847644147976,1,nan,0.5625,0.3935949999972087,0.4,0.03487378
3213,121309,0.6668236315232968,1,nan,0.5517241379310345,0.39344999999720937,0.4,0.032263327
3214,121337,0.6607852318973555,1,nan,0.7142857142857143,0.39330999999721,0.4,0.033147942
3215,121397,0.35440331780622447,0,nan,0.5666666666666667,0.39300999999721137,0.4,0.037515953
3216,121445,0.4806665664212566,0,nan,0.5,0.39276999999721246,0.4,0.029072925
3217,121474,0.6585617838549831,1,nan,0.5517241379310345,0.3926249999972131,0.4,0.033948492
3218,121503,0.6686059719215329,1,nan,0.4827586206896552,0.3924799999972138,0.4,0.03455358
3219,121532,0.6621858911693421,1,nan,0.6206896551724138,0.39233499999721444,0.4,0.03431663
3220,121560,0.7047908807567393,1,nan,0.4642857142857143,0.3921949999972151,0.4,0.03072655
3221,121595,0.563233559516253,1,nan,0.4857142857142857,0.3920199999972159,0.4,0.031846453
3222,121625,0.6383140154120928,1,nan,0.6333333333333333,0.39186999999721656,0.4,0.03174574
3223,121655,0.6342000925790141,1,nan,0.36666666666666664,0.39171999999721724,0.4,0.0344358
3224,121689,0.6080396770182775,1,nan,0.5,0.391549999997218,0.4,0.030955276
3225,121717,0.6894216714840571,1,nan,0.5,0.39140999999721865,0.4,0.03482699
3226,121747,0.6589981494548749,1,nan,0.36666666666666664,0.39125999999721933,0.4,0.03318568
3227,121776,0.6452358909747818,1,nan,0.6551724137931034,0.39111499999722,0.4,0.034593996
3228,121806,0.6662304990619607,1,nan,0.4,0.3909649999972207,0.4,0.031734426
3229,121840,0.5993190613389938,1,nan,0.5882352941176471,0.39079499999722145,0.4,0.034885436
3230,121869,0.6467220275391918,1,nan,0.6896551724137931,0.3906499999972221,0.4,0.03356693
3231,121898,0.6566792904253573,1,nan,0.4827586206896552,0.39050499999722277,0.4,0.03233263
3232,121927,0.6609908710697716,1,nan,0.41379310344827586,0.39035999999722343,0.4,0.033187862
3233,121956,0.6660986079629518,1,nan,0.4482758620689655,0.3902149999972241,0.4,0.030466516
3234,121990,0.6468786144032164,1,nan,0.5,0.39004499999722486,0.4,0.030694827
3235,122019,0.6664652671579017,1,nan,0.5517241379310345,0.3898999999972255,0.4,0.03251482
3236,122050,0.6356313309195372,1,nan,0.5483870967741935,0.3897449999972262,0.4,0.032516483
3237,122078,0.6728700173973181,1,nan,0.6071428571428571,0.38960499999722686,0.4,0.031176282
3238,122108,0.6589907363300942,1,nan,0.6666666666666666,0.38945499999722755,0.4,0.032682497
3239,122138,0.6568677076054541,1,nan,0.5666666666666667,0.38930499999722823,0.4,0.034203604
3240,122166,0.6760052025779896,1,1.0,0.5357142857142857,0.38916499999722887,0.4,0.03207298
3241,122195,0.6695751249415874,1,nan,0.5517241379310345,0.3890199999972295,0.4,0.03344652
3242,122224,0.6667707027474845,1,nan,0.4827586206896552,0.3888749999972302,0.4,0.03324016
3243,122253,0.6516032264906609,1,nan,0.6206896551724138,0.38872999999723085,0.4,0.0341751
3244,122281,0.6798768888428355,1,nan,0.5,0.3885899999972315,0.4,0.032703005
3245,122312,0.6557041792416696,1,nan,0.5483870967741935,0.3884349999972322,0.4,0.032700602
3246,122370,0.36052105095270903,0,nan,0.4827586206896552,0.3881449999972335,0.4,0.032070603
3247,122427,0.3103808886710102,0,nan,0.543859649122807,0.3878599999972348,0.4,0.0367497
3248,122460,0.6162504048626263,1,nan,0.5757575757575758,0.38769499999723556,0.4,0.030039052
3249,122490,0.641348315957198,1,nan,0.5333333333333333,0.38754499999723624,0.4,0.03244726
3250,122523,0.6053562094896214,1,nan,0.5757575757575758,0.387379999997237,0.4,0.03406369
3251,122553,0.6546546095063797,1,nan,0.5666666666666667,0.3872299999972377,0.4,0.03209551
3252,122582,0.6490088782880481,1,nan,0.4827586206896552,0.38708499999723833,0.4,0.033185337
3253,122617,0.5974236128198851,1,nan,0.5714285714285714,0.38690999999723913,0.4,0.031808417
3254,122674,0.3761760687399752,0,nan,0.7017543859649122,0.3866249999972404,0.4,0.035090715
3255,122702,0.6854006364257371,1,nan,0.5,0.38648499999724106,0.4,0.03099213
3256,122744,0.5081918565728389,1,nan,0.5238095238095238,0.386274999997242,0.4,0.030201191
3257,122773,0.6424047812958988,1,nan,0.6896551724137931,0.3861299999972427,0.4,0.034355078
3258,122802,0.6395407598113115,1,nan,0.5172413793103449,0.38598499999724334,0.4,0.034889188
3259,122835,0.6085490339534172,1,nan,0.5151515151515151,0.3858199999972441,0.4,0.029699052
3260,122864,0.6438928345710455,1,nan,0.5517241379310345,0.38567499999724475,0.4,0.034938667
3261,122893,0.6420037818294755,1,nan,0.8275862068965517,0.3855299999972454,0.4,0.03498161
3262,122922,0.6383466165597078,1,nan,0.6206896551724138,0.38538499999724607,0.4,0.033924904
3263,122951,0.651484926403828,1,nan,0.4827586206896552,0.38523999999724673,0.4,0.033481527
3264,122985,0.6019686801055482,1,nan,0.5,0.3850699999972475,0.4,0.031001715
3265,123013,0.6651636350203969,1,nan,0.6071428571428571,0.38492999999724814,0.4,0.033865597
3266,123042,0.6493447192598192,1,nan,0.6206896551724138,0.3847849999972488,0.4,0.032081373
3267,123073,0.6398477976056016,1,nan,0.45161290322580644,0.3846299999972495,0.4,0.032550298
3268,123101,0.6698912782260178,1,nan,0.5714285714285714,0.38448999999725014,0.4,0.03408014
3269,123136,0.6026252421326863,1,nan,0.5428571428571428,0.38431499999725094,0.4,0.037420265
3270,123170,0.5975212519328562,1,1.0,0.5882352941176471,0.3841449999972517,0.4,0.03364693
3271,123199,0.6410255218284587,1,nan,0.6551724137931034,0.3839999999972524,0.4,0.036003537
3272,123230,0.6334969396395076,1,nan,0.5161290322580645,0.3838449999972531,0.4,0.033480983
3273,123259,0.6465322096039607,1,nan,0.5862068965517241,0.38369999999725374,0.4,0.034422763
3274,123287,0.6622162040563333,1,nan,0.4642857142857143,0.3835599999972544,0.4,0.03299538
3275,123315,0.6791145557801813,1,nan,0.6428571428571429,0.383419999997255,0.4,0.03325487
3276,123343,0.6852964362857646,1,nan,0.6071428571428571,0.38327999999725565,0.4,0.03328668
3277,123375,0.6239876202450992,1,nan,0.65625,0.3831199999972564,0.4,0.033814956
3278,123405,0.6396186322733872,1,nan,0.6333333333333333,0.38296999999725706,0.4,0.032547016
3279,123433,0.6649658345282321,1,nan,0.5714285714285714,0.3828299999972577,0.4,0.0344074
3280,123463,0.6603177857023697,1,nan,0.5333333333333333,0.3826799999972584,0.4,0.033927545
3281,123493,0.6518591011002227,1,nan,0.5,0.38252999999725906,0.4,0.034344964
3282,123522,0.6502049552721902,1,nan,0.6206896551724138,0.3823849999972597,0.4,0.037117753
3283,123550,0.6978572831940604,1,nan,0.5,0.38224499999726036,0.4,0.032830145
3284,123579,0.6607645426569021,1,nan,0.4482758620689655,0.382099999997261,0.4,0.032420434
3285,123668,-0.027369100601809415,0,nan,0.6179775280898876,0.38165499999726304,0.4,0.032825474
3286,123696,0.6568739918245359,1,nan,0.75,0.3815149999972637,0.4,0.032449733
3287,123724,0.6763365473561289,1,nan,0.6785714285714286,0.3813749999972643,0.4,0.032686107
3288,123781,0.32395689552887474,0,nan,0.543859649122807,0.3810899999972656,0.4,0.037535314
3289,123810,0.6537553551706328,1,nan,0.4482758620689655,0.3809449999972663,0.4,0.036662374
3290,123839,0.6711075558059685,1,nan,0.6896551724137931,0.38079999999726694,0.4,0.032688346
3291,123873,0.6117197290121466,1,nan,0.6176470588235294,0.3806299999972677,0.4,0.03318207
3292,123906,0.6104445027129635,1,nan,0.6363636363636364,0.38046499999726846,0.4,0.034145072
3293,123944,0.5549968720768443,1,nan,0.5526315789473685,0.3802749999972693,0.4,0.03223985
3294,123978,0.5980877172733932,1,nan,0.4411764705882353,0.3801049999972701,0.4,0.035090066
3295,124007,0.6833855640624684,1,nan,0.4482758620689655,0.37995999999727076,0.4,0.030686365
3296,124039,0.6246307408944779,1,nan,0.53125,0.3797999999972715,0.4,0.032575272
3297,124095,0.379294954533435,0,nan,0.5892857142857143,0.37951999999727276,0.4,0.030840237
3298,124124,0.6515231537350573,1,nan,0.4482758620689655,0.3793749999972734,0.4,0.03635931
3299,124153,0.6517490726100963,1,nan,0.5172413793103449,0.3792299999972741,0.4,0.035302363
3300,124223,0.2440707289439823,0,0.73,0.5428571428571428,0.3788799999972757,0.4,0.028602066
3301,124253,0.6449236514014579,1,nan,0.4666666666666667,0.37872999999727636,0.4,0.032577157
3302,124288,0.5870749929328495,1,nan,0.5142857142857142,0.37855499999727715,0.4,0.031552333
3303,124438,-1.8670740619312172,0,nan,0.5333333333333333,0.37780499999728057,0.4,0.07581621
3304,124468,0.6519243708783392,1,nan,0.4666666666666667,0.37765499999728125,0.4,0.035372537
3305,124498,0.6557415078740909,1,nan,0.6666666666666666,0.37750499999728193,0.4,0.034665123
3306,124532,0.5961456969006877,1,nan,0.47058823529411764,0.3773349999972827,0.4,0.031035082
3307,124560,0.6787796507038816,1,nan,0.6071428571428571,0.37719499999728334,0.4,0.032951046
3308,124594,0.6085598826741414,1,nan,0.5882352941176471,0.3770249999972841,0.4,0.03171826
3309,124624,0.6378778775454652,1,nan,0.6,0.3768749999972848,0.4,0.033934105
3310,124663,0.5443366309640142,1,nan,0.5641025641025641,0.3766799999972857,0.4,0.03801459
3311,124708,0.5134735620511037,1,nan,0.5777777777777777,0.3764549999972867,0.4,0.03051461
3312,124737,0.6579954259003498,1,nan,0.5172413793103449,0.37630999999728737,0.4,0.033507135
3313,124765,0.6754357427210389,1,nan,0.5714285714285714,0.376169999997288,0.4,0.03239426
3314,124793,0.6722666554506745,1,nan,0.5357142857142857,0.37602999999728864,0.4,0.033481706
3315,124828,0.5712102190026006,1,nan,0.6,0.37585499999728944,0.4,0.034804724
3316,124856,0.6871760135858207,1,nan,0.6428571428571429,0.3757149999972901,0.4,0.032870106
3317,124885,0.6424351090500833,1,nan,0.5862068965517241,0.37556999999729074,0.4,0.03649417
3318,124914,0.738535547814757,1,nan,0.4482758620689655,0.3754249999972914,0.4,0.030640041
3319,124943,0.6526389463764724,1,nan,0.5172413793103449,0.37527999999729206,0.4,0.032305207
3320,124978,0.5976453773621173,1,nan,0.45714285714285713,0.37510499999729285,0.4,0.03216874
3321,125006,0.7168316909070542,1,nan,0.4642857142857143,0.3749649999972935,0.4,0.03225767
3322,125036,0.6447259103201941,1,nan,0.4,0.3748149999972942,0.4,0.0342642
3323,125065,0.6559490799487449,1,nan,0.4482758620689655,0.37466999999729483,0.4,0.0371577
3324,125097,0.6347493225999964,1,nan,0.5625,0.37450999999729556,0.4,0.033688486
3325,125158,0.28169382775857676,0,nan,0.6065573770491803,0.37420499999729695,0.4,0.03409474
3326,125187,0.6815386827253538,1,nan,0.6206896551724138,0.3740599999972976,0.4,0.032383807
3327,125216,0.6445980361508574,1,nan,0.5517241379310345,0.37391499999729827,0.4,0.034851186
3328,125244,0.6654438231548719,1,nan,0.7142857142857143,0.3737749999972989,0.4,0.032347165
3329,125272,0.6744597132646977,1,nan,0.42857142857142855,0.37363499999729954,0.4,0.032090247
3330,125301,0.6559603312945512,1,1.0,0.4827586206896552,0.3734899999973002,0.4,0.033627067
3331,125331,0.6393047975551874,1,nan,0.5333333333333333,0.3733399999973009,0.4,0.03415849
3332,125392,0.2554457202773769,0,nan,0.5081967213114754,0.3730349999973023,0.4,0.033972062
3333,125426,0.6040065630660554,1,nan,0.5882352941176471,0.37286499999730305,0.4,0.030564105
3334,125454,0.6582223742664804,1,nan,0.5714285714285714,0.3727249999973037,0.4,0.033275124
3335,125484,0.6528882661676079,1,nan,0.4666666666666667,0.37257499999730437,0.4,0.035169464
3336,125544,0.3138454511864881,0,nan,0.5333333333333333,0.37227499999730573,0.4,0.037617095
3337,125694,-1.8927404478707808,0,nan,0.5466666666666666,0.37152499999730915,0.4,0.052609794
3338,125723,0.6686889226638638,1,nan,0.41379310344827586,0.3713799999973098,0.4,0.035013866
3339,125753,0.64418802301344,1,nan,0.5,0.3712299999973105,0.4,0.03579297
3340,125806,0.4198094762172271,0,nan,0.4716981132075472,0.3709649999973117,0.4,0.033095557
3341,125834,0.665399741067685,1,nan,0.5,0.37082499999731233,0.4,0.03249953
3342,125862,0.6710666088676072,1,nan,0.75,0.37068499999731297,0.4,0.033889983
3343,125891,0.6978902977429233,1,nan,0.5172413793103449,0.37053999999731363,0.4,0.030142007
3344,125925,0.6028636240421259,1,nan,0.5882352941176471,0.3703699999973144,0.4,0.033736948
3345,125954,0.6591270405044775,1,nan,0.7931034482758621,0.37022499999731506,0.4,0.031938985
3346,125983,0.6432246182330659,1,nan,0.5862068965517241,0.3700799999973157,0.4,0.033708423
3347,126012,0.6473622011483877,1,nan,0.3793103448275862,0.3699349999973164,0.4,0.03528111
3348,126041,0.6396382390712645,1,nan,0.5862068965517241,0.36978999999731704,0.4,0.03428729
3349,126069,0.6727573452168658,1,nan,0.5714285714285714,0.3696499999973177,0.4,0.033150055
3350,126099,0.6458405233616942,1,nan,0.5666666666666667,0.36949999999731836,0.4,0.033289384
3351,126128,0.6530459874372467,1,nan,0.6206896551724138,0.369354999997319,0.4,0.032751888
3352,126163,0.5925515824744807,1,nan,0.45714285714285713,0.3691799999973198,0.4,0.031070314
3353,126192,0.6682042678365654,1,nan,0.5172413793103449,0.3690349999973205,0.4,0.03362992
3354,126222,0.657039309476547,1,nan,0.6,0.36888499999732116,0.4,0.031489924
3355,126252,0.6420679217471073,1,nan,0.5666666666666667,0.36873499999732184,0.4,0.03190336
3356,126287,0.5945421276831152,1,nan,0.42857142857142855,0.36855999999732264,0.4,0.033850253
3357,126316,0.654577466436304,1,nan,0.5172413793103449,0.3684149999973233,0.4,0.032403722
3358,126345,0.656340867111531,1,nan,0.5862068965517241,0.36826999999732396,0.4,0.03265693
3359,126374,0.6858320979612937,1,nan,0.4482758620689655,0.3681249999973246,0.4,0.03205586
3360,126404,0.6462094025769121,1,0.98,0.5333333333333333,0.3679749999973253,0.4,0.034503095
3361,126435,0.6250794118523668,1,nan,0.45161290322580644,0.367819999997326,0.4,0.033160016
3362,126466,0.637766528388594,1,nan,0.5161290322580645,0.3676649999973267,0.4,0.032367248
3363,126495,0.6556248313173367,1,nan,0.6206896551724138,0.3675199999973274,0.4,0.03452944
3364,126525,0.6445841853383745,1,nan,0.5,0.36736999999732806,0.4,0.0331159
3365,126559,0.6086926235667677,1,nan,0.5588235294117647,0.36719999999732883,0.4,0.032640256
3366,126596,0.5752357964417387,1,nan,0.5945945945945946,0.36701499999732967,0.4,0.03480359
3367,126624,0.6816236316043133,1,nan,0.39285714285714285,0.3668749999973303,0.4,0.03219563
3368,126653,0.6457410860552104,1,nan,0.5862068965517241,0.36672999999733097,0.4,0.032840576
3369,126681,0.7080212599229749,1,nan,0.4642857142857143,0.3665899999973316,0.4,0.031827785
3370,126710,0.6432970624261765,1,nan,0.5172413793103449,0.36644499999733227,0.4,0.03493112
3371,126738,0.6774171026879239,1,nan,0.5357142857142857,0.3663049999973329,0.4,0.032945734
3372,126766,0.6893649737790004,1,nan,0.5,0.36616499999733354,0.4,0.033670124
3373,126794,0.6803538218578797,1,nan,0.5,0.3660249999973342,0.4,0.032521345
3374,126823,0.6511990546641517,1,nan,0.5862068965517241,0.36587999999733484,0.4,0.033511467
3375,126857,0.6140574028208754,1,nan,0.47058823529411764,0.3657099999973356,0.4,0.03118029
3376,126887,0.6486220715912798,1,nan,0.3,0.3655599999973363,0.4,0.035991147
3377,126915,0.6652980112172564,1,nan,0.5357142857142857,0.36541999999733693,0.4,0.031973157
3378,126944,0.6521625333807812,1,nan,0.5172413793103449,0.3652749999973376,0.4,0.034943
3379,126973,0.6521393015816179,1,nan,0.6551724137931034,0.36512999999733825,0.4,0.036075182
3380,127003,0.6454536094340902,1,nan,0.43333333333333335,0.36497999999733893,0.4,0.032494973
3381,127032,0.6477936247746912,1,nan,0.5862068965517241,0.3648349999973396,0.4,0.03451652
3382,127060,0.6605949354347929,1,nan,0.6071428571428571,0.36469499999734023,0.4,0.034124386
3383,127089,0.6630268000121977,1,nan,0.3793103448275862,0.3645499999973409,0.4,0.03254887
3384,127117,0.6716400183638249,1,nan,0.6071428571428571,0.3644099999973415,0.4,0.03337671
3385,127145,0.6555392130004929,1,nan,0.5357142857142857,0.36426999999734216,0.4,0.03356635
3386,127173,0.6675014774908452,1,nan,0.5357142857142857,0.3641299999973428,0.4,0.032818194
3387,127202,0.6507219405683173,1,nan,0.6206896551724138,0.36398499999734346,0.4,0.033287562
3388,127231,0.6546267786338369,1,nan,0.4482758620689655,0.3638399999973441,0.4,0.031544853
3389,127259,0.6722159764587192,1,nan,0.5714285714285714,0.36369999999734476,0.4,0.031131921
3390,127289,0.6383565845143571,1,0.93,0.6,0.36354999999734544,0.4,0.033464573
3391,127319,0.6538760617053758,1,nan,0.5666666666666667,0.3633999999973461,0.4,0.035011932
3392,127348,0.6458252909895683,1,nan,0.3448275862068966,0.3632549999973468,0.4,0.034643997
3393,127377,0.6417523507982762,1,nan,0.5172413793103449,0.36310999999734744,0.4,0.03442894
3394,127406,0.6511860643316949,1,nan,0.4482758620689655,0.3629649999973481,0.4,0.033710074
3395,127434,0.667567168776637,1,nan,0.5714285714285714,0.36282499999734874,0.4,0.033055946
3396,127464,0.6439416238401632,1,nan,0.6666666666666666,0.3626749999973494,0.4,0.032902945
3397,127493,0.6713785406718278,1,nan,0.5172413793103449,0.3625299999973501,0.4,0.032668427
3398,127522,0.6662592424223053,1,nan,0.3448275862068966,0.36238499999735074,0.4,0.033563618
3399,127551,0.6520248018667747,1,nan,0.5517241379310345,0.3622399999973514,0.4,0.033278532
3400,127579,0.6769726020452771,1,nan,0.35714285714285715,0.36209999999735204,0.4,0.031669907
3401,127607,0.7027320124001719,1,nan,0.4642857142857143,0.3619599999973527,0.4,0.032397438
3402,127636,0.6590008450592724,1,nan,0.5862068965517241,0.36181499999735334,0.4,0.032964334
3403,127665,0.6516283975521002,1,nan,0.6206896551724138,0.361669999997354,0.4,0.034385238
3404,127696,0.6305372655885012,1,nan,0.6774193548387096,0.3615149999973547,0.4,0.03315919
3405,127728,0.6193661729685691,1,nan,0.53125,0.36135499999735543,0.4,0.03326063
3406,127757,0.6544424693472806,1,nan,0.4827586206896552,0.3612099999973561,0.4,0.03202423
3407,127787,0.6415906430366929,1,nan,0.6333333333333333,0.3610599999973568,0.4,0.034261003
3408,127816,0.6817151452732921,1,nan,0.5517241379310345,0.36091499999735743,0.4,0.03155062
3409,127846,0.6398056556831684,1,nan,0.4666666666666667,0.3607649999973581,0.4,0.03250873
3410,127877,0.618834475021304,1,nan,0.6129032258064516,0.3606099999973588,0.4,0.03429368
3411,127908,0.6351285475752493,1,nan,0.45161290322580644,0.3604549999973595,0.4,0.033211373
3412,127939,0.6300756602148161,1,nan,0.6129032258064516,0.36029999999736023,0.4,0.03209606
3413,127968,0.6378616214620675,1,nan,0.5172413793103449,0.3601549999973609,0.4,0.03473473
3414,127999,0.6272870691634044,1,nan,0.41935483870967744,0.3599999999973616,0.4,0.032747634
3415,128028,0.6814926637162633,1,nan,0.5517241379310345,0.35985499999736226,0.4,0.031285238
3416,128057,0.6567774785103448,1,nan,0.6896551724137931,0.3597099999973629,0.4,0.030817095
3417,128207,-1.7619702817688607,0,nan,0.5733333333333334,0.35895999999736633,0.4,0.0512977
3418,128237,0.6412231238924073,1,nan,0.5666666666666667,0.358809999997367,0.4,0.033174146
3419,128266,0.6629306115132723,1,nan,0.5172413793103449,0.3586649999973677,0.4,0.033534277
3420,128295,0.6506978556153777,1,0.99,0.4482758620689655,0.35851999999736833,0.4,0.035449106
3421,128323,0.6945822312124244,1,nan,0.39285714285714285,0.35837999999736897,0.4,0.033732906
3422,128352,0.6580149502638705,1,nan,0.5517241379310345,0.35823499999736963,0.4,0.033761814
3423,128394,0.49354853839028734,0,nan,0.5952380952380952,0.3580249999973706,0.4,0.032520585
3424,128424,0.6360756470046058,1,nan,0.5,0.35787499999737127,0.4,0.035334878
3425,128453,0.6461902376229272,1,nan,0.3103448275862069,0.35772999999737193,0.4,0.03449261
3426,128483,0.6567293308286655,1,nan,0.4,0.3575799999973726,0.4,0.033315007
3427,128513,0.6293825836756888,1,nan,0.5666666666666667,0.3574299999973733,0.4,0.03695659
3428,128543,0.6331489119481489,1,nan,0.6,0.357279999997374,0.4,0.035072144
3429,128571,0.6640582374717392,1,nan,0.6428571428571429,0.3571399999973746,0.4,0.03330786
3430,128609,0.5355538546970933,1,nan,0.6052631578947368,0.3569499999973755,0.4,0.039064758
3431,128637,0.7046312102146395,1,nan,0.35714285714285715,0.3568099999973761,0.4,0.0318433
3432,128666,0.6537453553031785,1,nan,0.6206896551724138,0.3566649999973768,0.4,0.0328624
3433,128710,0.46735155503568615,0,nan,0.5227272727272727,0.3564449999973778,0.4,0.030224694
3434,128738,0.6651382646833843,1,nan,0.39285714285714285,0.3563049999973784,0.4,0.034875005
3435,128767,0.6482988849590885,1,nan,0.5517241379310345,0.3561599999973791,0.4,0.0353638
3436,128797,0.6445530110503419,1,nan,0.6333333333333333,0.35600999999737976,0.4,0.034081813
3437,128859,0.26511553308784974,0,nan,0.532258064516129,0.35569999999738117,0.4,0.03179284
3438,128889,0.6470882669113569,1,nan,0.6333333333333333,0.35554999999738185,0.4,0.033546135
3439,128918,0.6728683124810495,1,nan,0.5862068965517241,0.3554049999973825,0.4,0.03186578
3440,128947,0.6575268813816948,1,nan,0.3103448275862069,0.35525999999738317,0.4,0.03412991
3441,129041,-0.022144051403778175,0,nan,0.5638297872340425,0.3547899999973853,0.4,0.04055678
3442,129071,0.6463354523361533,1,nan,0.5,0.354639999997386,0.4,0.03503727
3443,129221,-1.7624697462781875,0,nan,0.49333333333333335,0.3538899999973894,0.4,0.050161865
3444,129251,0.6486778503513052,1,nan,0.6666666666666666,0.3537399999973901,0.4,0.03360625
3445,129279,0.6787142147011893,1,nan,0.5,0.3535999999973907,0.4,0.032131713
3446,129307,0.6768591090401597,1,nan,0.4642857142857143,0.35345999999739136,0.4,0.030014366
3447,129335,0.6653443456353756,1,nan,0.5357142857142857,0.353319999997392,0.4,0.033491123
3448,129363,0.6703669924731013,1,nan,0.5,0.35317999999739264,0.4,0.032742757
3449,129393,0.6357767414209862,1,nan,0.6,0.3530299999973933,0.4,0.035308845
3450,129423,0.6581107052682006,1,1.0,0.26666666666666666,0.352879999997394,0.4,0.03521614
3451,129452,0.6491027504077147,1,nan,0.5862068965517241,0.35273499999739466,0.4,0.03481469
3452,129513,0.3393392893580698,0,nan,0.5081967213114754,0.35242999999739605,0.4,0.0315917
3453,129542,0.6585240488101897,1,nan,0.41379310344827586,0.3522849999973967,0.4,0.03358266
3454,129571,0.652506033688999,1,nan,0.4827586206896552,0.35213999999739737,0.4,0.03256274
3455,129599,0.694597511064957,1,nan,0.4642857142857143,0.351999999997398,0.4,0.03376514
3456,129627,0.675289037540997,1,nan,0.5,0.35185999999739864,0.4,0.032605033
3457,129655,0.6933907121045292,1,nan,0.42857142857142855,0.3517199999973993,0.4,0.032914463
3458,129712,0.33557739728583735,0,nan,0.5789473684210527,0.3514349999974006,0.4,0.03640078
3459,129740,0.6901381675870462,1,nan,0.5714285714285714,0.3512949999974012,0.4,0.032855667
3460,129768,0.6783209334115624,1,nan,0.5,0.35115499999740185,0.4,0.032579023
3461,129797,0.6500010884507871,1,nan,0.4482758620689655,0.3510099999974025,0.4,0.032635327
3462,129827,0.648116405375661,1,nan,0.43333333333333335,0.3508599999974032,0.4,0.034214843
3463,129857,0.6449160708360258,1,nan,0.4666666666666667,0.3507099999974039,0.4,0.03139877
3464,129887,0.636467287316864,1,nan,0.6333333333333333,0.35055999999740456,0.4,0.03325211
3465,129916,0.6502229769327268,1,nan,0.6206896551724138,0.3504149999974052,0.4,0.032798436
3466,129945,0.6395609720529353,1,nan,0.5517241379310345,0.3502699999974059,0.4,0.034674928
3467,129975,0.6541193567120596,1,nan,0.3333333333333333,0.35011999999740656,0.4,0.03163035
3468,130010,0.5744771024621671,1,nan,0.6571428571428571,0.34994499999740736,0.4,0.03002928
3469,130038,0.6726852318833667,1,nan,0.42857142857142855,0.349804999997408,0.4,0.03342187
3470,130068,0.6621075517132379,1,nan,0.36666666666666664,0.3496549999974087,0.4,0.03165749
3471,130097,0.6469337155584589,1,nan,0.5517241379310345,0.34950999999740934,0.4,0.03502369
3472,130125,0.6898089526575588,1,nan,0.4642857142857143,0.34936999999741,0.4,0.03303897
3473,130275,-1.8262971926367233,0,nan,0.5666666666666667,0.3486199999974134,0.4,0.05420443
3474,130305,0.6407497964318296,1,nan,0.5333333333333333,0.34846999999741407,0.4,0.033876818
3475,130335,0.6301004916736261,1,nan,0.3,0.34831999999741475,0.4,0.034267176
3476,130364,0.648550110449206,1,nan,0.3793103448275862,0.3481749999974154,0.4,0.034119256
3477,130393,0.6572598678491224,1,nan,0.41379310344827586,0.3480299999974161,0.4,0.032786723
3478,130422,0.6678994126201363,1,nan,0.4827586206896552,0.34788499999741673,0.4,0.03166966
3479,130452,0.655756469883978,1,nan,0.4666666666666667,0.3477349999974174,0.4,0.033913042
3480,130480,0.6778013321326537,1,0.97,0.42857142857142855,0.34759499999741805,0.4,0.031903688
3481,130509,0.6568794549034588,1,nan,0.6206896551724138,0.3474499999974187,0.4,0.033454966
3482,130539,0.644911856125706,1,nan,0.43333333333333335,0.3472999999974194,0.4,0.031717923
3483,130568,0.6637959301122168,1,nan,0.3793103448275862,0.34715499999742006,0.4,0.03439556
3484,130596,0.6780703344286569,1,nan,0.5714285714285714,0.3470149999974207,0.4,0.032088213
3485,130626,0.6742398315761845,1,nan,0.4666666666666667,0.3468649999974214,0.4,0.031108038
3486,130656,0.6454181678294373,1,nan,0.36666666666666664,0.34671499999742206,0.4,0.033951454
3487,130685,0.6569021642774057,1,nan,0.5862068965517241,0.3465699999974227,0.4,0.0330396
3488,130715,0.6305299571503782,1,nan,0.6333333333333333,0.3464199999974234,0.4,0.033679552
3489,130865,-1.9454157170658852,0,nan,0.5333333333333333,0.3456699999974268,0.4,0.053930283
3490,130893,0.6914435092924913,1,nan,0.4642857142857143,0.34552999999742745,0.4,0.033015225
3491,130923,0.6578529972036768,1,nan,0.43333333333333335,0.34537999999742813,0.4,0.032189485
3492,130962,0.5289746566545893,1,nan,0.5384615384615384,0.345184999997429,0.4,0.036511533
3493,130992,0.6611742826165079,1,nan,0.5,0.3450349999974297,0.4,0.02999229
3494,131021,0.6736705027606489,1,nan,0.4827586206896552,0.34488999999743036,0.4,0.031772032
3495,131050,0.640845187408345,1,nan,0.3793103448275862,0.344744999997431,0.4,0.033862695
3496,131079,0.6669965209191798,1,nan,0.5862068965517241,0.3445999999974317,0.4,0.032789275
3497,131108,0.6419775686281617,1,nan,0.5517241379310345,0.34445499999743234,0.4,0.03419385
3498,131138,0.6430132569808267,1,nan,0.36666666666666664,0.344304999997433,0.4,0.03496837
3499,131288,-1.760970401440178,0,nan,0.5333333333333333,0.34355499999743644,0.4,0.04807608
3500,131317,0.6548332007420344,1,nan,0.5517241379310345,0.3434099999974371,0.4,0.033612914
3501,131345,0.6905227738332171,1,nan,0.32142857142857145,0.34326999999743774,0.4,0.031572945
3502,131373,0.6717169810224609,1,nan,0.6071428571428571,0.3431299999974384,0.4,0.03203107
3503,131401,0.6544084003987793,1,nan,0.42857142857142855,0.342989999997439,0.4,0.03265321
3504,131430,0.640550195194657,1,nan,0.3448275862068966,0.34284499999743967,0.4,0.03445956
3505,131486,0.3778813278658121,0,nan,0.5892857142857143,0.34256499999744094,0.4,0.033193484
3506,131515,0.651666276153825,1,nan,0.4482758620689655,0.3424199999974416,0.4,0.034930754
3507,131545,0.6797683299494285,1,nan,0.43333333333333335,0.3422699999974423,0.4,0.031722832
3508,131576,0.6210573352484258,1,nan,0.6129032258064516,0.342114999997443,0.4,0.033180475
3509,131604,0.6630249905099288,1,nan,0.6071428571428571,0.34197499999744363,0.4,0.033036616
3510,131633,0.6451822365481197,1,0.78,0.4827586206896552,0.3418299999974443,0.4,0.035960145
3511,131663,0.6439326271388643,1,nan,0.36666666666666664,0.34167999999744497,0.4,0.033934798
3512,131691,0.6542813307427793,1,nan,0.6071428571428571,0.3415399999974456,0.4,0.033087526
3513,131722,0.6355652061911174,1,nan,0.5161290322580645,0.3413849999974463,0.4,0.032561693
3514,131752,0.6505072915031924,1,nan,0.26666666666666666,0.341234999997447,0.4,0.030935701
3515,131780,0.6558271376834588,1,nan,0.39285714285714285,0.34109499999744763,0.4,0.033346158
3516,131808,0.6867118060262156,1,nan,0.4642857142857143,0.34095499999744827,0.4,0.032313935
3517,131836,0.6730479063199831,1,nan,0.5714285714285714,0.3408149999974489,0.4,0.032190707
3518,131865,0.6492176817719233,1,nan,0.5517241379310345,0.34066999999744957,0.4,0.033767737
3519,131893,0.6862552005168223,1,nan,0.39285714285714285,0.3405299999974502,0.4,0.031712573
3520,131925,0.6134630361364221,1,nan,0.625,0.34036999999745093,0.4,0.033549752
3521,131954,0.6664625950035645,1,nan,0.3448275862068966,0.3402249999974516,0.4,0.030308671
3522,131984,0.6456410138637092,1,nan,0.7333333333333333,0.3400749999974523,0.4,0.030951051
3523,132046,0.298110422188295,0,nan,0.4838709677419355,0.3397649999974537,0.4,0.037575208
3524,132196,-1.8306762903069436,0,nan,0.6066666666666667,0.3390149999974571,0.4,0.06121299
3525,132258,0.2681590998846174,0,nan,0.532258064516129,0.3387049999974585,0.4,0.039902233
3526,132288,0.658889798921366,1,nan,0.5333333333333333,0.3385549999974592,0.4,0.03322682
3527,132318,0.6724924787526927,1,nan,0.36666666666666664,0.3384049999974599,0.4,0.032794558
3528,132348,0.6365881875182999,1,nan,0.4,0.33825499999746056,0.4,0.03393035
3529,132377,0.6517631251032168,1,nan,0.5862068965517241,0.3381099999974612,0.4,0.034397792
3530,132405,0.6779802557951795,1,nan,0.5714285714285714,0.33796999999746186,0.4,0.03355002
3531,132434,0.6532560911507141,1,nan,0.4827586206896552,0.3378249999974625,0.4,0.033125784
3532,132463,0.6461199329315993,1,nan,0.5517241379310345,0.3376799999974632,0.4,0.034671124
3533,132491,0.6739722349822047,1,nan,0.5,0.3375399999974638,0.4,0.033126067
3534,132551,0.3127303911810264,0,nan,0.7166666666666667,0.3372399999974652,0.4,0.038097266
3535,132579,0.6713966043723352,1,nan,0.5357142857142857,0.3370999999974658,0.4,0.03298026
3536,132609,0.6590361844559349,1,nan,0.3,0.3369499999974665,0.4,0.033255048
3537,132639,0.6534951022366431,1,nan,0.4,0.3367999999974672,0.4,0.033809945
3538,132669,0.6670489749221742,1,nan,0.6,0.33664999999746786,0.4,0.03247527
3539,132729,0.3194650331808976,0,nan,0.4,0.33634999999746923,0.4,0.036390536
3540,132771,0.5584235880582071,1,0.81,0.47619047619047616,0.3361399999974702,0.4,0.030606426
3541,132801,0.6664945440116625,1,nan,0.43333333333333335,0.33598999999747087,0.4,0.0331818
3542,132830,0.685062068449964,1,nan,0.3103448275862069,0.3358449999974715,0.4,0.030754693
3543,132860,0.6371545106047405,1,nan,0.5333333333333333,0.3356949999974722,0.4,0.035104215
3544,132890,0.6576900566350531,1,nan,0.43333333333333335,0.3355449999974729,0.4,0.035120897
3545,132920,0.6543464638368253,1,nan,0.4666666666666667,0.3353949999974736,0.4,0.029701216
3546,132951,0.6394767690775907,1,nan,0.45161290322580644,0.3352399999974743,0.4,0.03212605
3547,132979,0.6823258704547748,1,nan,0.5714285714285714,0.3350999999974749,0.4,0.033183064
3548,133010,0.6333228282839359,1,nan,0.5806451612903226,0.3349449999974756,0.4,0.033276867
3549,133038,0.6749862262028612,1,nan,0.6428571428571429,0.33480499999747626,0.4,0.033633646
3550,133096,0.3599752848305642,0,nan,0.5344827586206896,0.3345149999974776,0.4,0.035656344
3551,133126,0.6711504182779672,1,nan,0.5,0.33436499999747826,0.4,0.03318762
3552,133156,0.6390703277510998,1,nan,0.7333333333333333,0.33421499999747895,0.4,0.034860056
3553,133186,0.6640582620724399,1,nan,0.5,0.33406499999747963,0.4,0.029830057
3554,133216,0.6647292787450535,1,nan,0.43333333333333335,0.3339149999974803,0.4,0.032548197
3555,133248,0.6263507885295305,1,nan,0.28125,0.33375499999748104,0.4,0.033647932
3556,133276,0.6770225433303779,1,nan,0.5357142857142857,0.3336149999974817,0.4,0.03245304
3557,133306,0.6820378671693866,1,nan,0.4,0.33346499999748236,0.4,0.03233425
3558,133336,0.6409799499752621,1,nan,0.5666666666666667,0.33331499999748304,0.4,0.035483077
3559,133366,0.6557732486587271,1,nan,0.6,0.3331649999974837,0.4,0.033952825
3560,133396,0.6598507458540275,1,nan,0.5333333333333333,0.3330149999974844,0.4,0.033380754
3561,133426,0.6471982460472837,1,nan,0.5,0.3328649999974851,0.4,0.03430218
3562,133454,0.6748737426753437,1,nan,0.5357142857142857,0.3327249999974857,0.4,0.03265227
3563,133483,0.6685385261896116,1,nan,0.5172413793103449,0.3325799999974864,0.4,0.03394213
3564,133513,0.643160785231593,1,nan,0.6,0.33242999999748707,0.4,0.03429464
3565,133544,0.6337415172528831,1,nan,0.4838709677419355,0.3322749999974878,0.4,0.03276212
3566,133573,0.6546337705021176,1,nan,0.5517241379310345,0.33212999999748843,0.4,0.032291587
3567,133605,0.6129760088445141,1,nan,0.46875,0.33196999999748916,0.4,0.033649474
3568,133635,0.6576273534893884,1,nan,0.3333333333333333,0.33181999999748985,0.4,0.0319186
3569,133664,0.6480158158438483,1,nan,0.5172413793103449,0.3316749999974905,0.4,0.03539912
3570,133692,0.6808249064471724,1,1.0,0.4642857142857143,0.33153499999749114,0.4,0.03266852
3571,133722,0.6656183444678583,1,nan,0.4,0.3313849999974918,0.4,0.032414492
3572,133752,0.6753865576570417,1,nan,0.36666666666666664,0.3312349999974925,0.4,0.03272676
3573,133780,0.6723353053114896,1,nan,0.5,0.33109499999749314,0.4,0.033445925
3574,133930,-1.7808140888463635,0,nan,0.42,0.33034499999749656,0.4,0.04995451
3575,133959,0.6655957339760481,1,nan,0.5862068965517241,0.3301999999974972,0.4,0.031168625
3576,133988,0.6742751752933239,1,nan,0.5517241379310345,0.3300549999974979,0.4,0.033031426
3577,134018,0.6611750721694665,1,nan,0.36666666666666664,0.32990499999749856,0.4,0.033341113
3578,134048,0.6584163648427872,1,nan,0.5,0.32975499999749924,0.4,0.033196066
3579,134078,0.665304534326103,1,nan,0.4,0.3296049999974999,0.4,0.03273091
3580,134107,0.6901977817557705,1,nan,0.4827586206896552,0.3294599999975006,0.4,0.033377055
3581,134135,0.672940335441073,1,nan,0.6428571428571429,0.3293199999975012,0.4,0.031317703
3582,134179,0.4714096982532632,0,nan,0.4772727272727273,0.3290999999975022,0.4,0.0355307
3583,134209,0.6584947253363949,1,nan,0.43333333333333335,0.3289499999975029,0.4,0.035888206
3584,134270,0.2823040175348409,0,nan,0.5409836065573771,0.3286449999975043,0.4,0.036680598
3585,134300,0.6552986071225402,1,nan,0.4,0.328494999997505,0.4,0.03454314
3586,134330,0.6653185936706383,1,nan,0.4666666666666667,0.32834499999750566,0.4,0.03422225
3587,134387,0.33630731181611073,0,nan,0.47368421052631576,0.32805999999750696,0.4,0.036763027
3588,134416,0.6607040187464034,1,nan,0.5862068965517241,0.3279149999975076,0.4,0.03066776
3589,134446,0.670684943010105,1,nan,0.6333333333333333,0.3277649999975083,0.4,0.03306308
3590,134475,0.6646490830414542,1,nan,0.5862068965517241,0.32761999999750896,0.4,0.03227938
3591,134561,0.007539905115933165,0,nan,0.4883720930232558,0.3271899999975109,0.4,0.033753652
3592,134620,0.3170763703861571,0,nan,0.5423728813559322,0.32689499999751226,0.4,0.033549007
3593,134649,0.6881440526466434,1,nan,0.4827586206896552,0.3267499999975129,0.4,0.033289317
3594,134678,0.6691188567300955,1,nan,0.4827586206896552,0.3266049999975136,0.4,0.03286088
3595,134708,0.646312478907737,1,nan,0.4,0.32645499999751426,0.4,0.031993024
3596,134737,0.6721046140534844,1,nan,0.2413793103448276,0.3263099999975149,0.4,0.033072814
3597,134767,0.6470576726930182,1,nan,0.3,0.3261599999975156,0.4,0.03517645
3598,134917,-1.6310517846312662,0,nan,0.5466666666666666,0.325409999997519,0.4,0.042144913
3599,134946,0.6703716212713609,1,nan,0.4482758620689655,0.3252649999975197,0.4,0.03355238
3600,134976,0.6752963095216927,1,1.0,0.5333333333333333,0.32511499999752036,0.4,0.03344555
3601,135005,0.676585820386354,1,nan,0.4827586206896552,0.324969999997521,0.4,0.031695034
3602,135034,0.6509640052701452,1,nan,0.5862068965517241,0.3248249999975217,0.4,0.031678595
3603,135063,0.6551722459498672,1,nan,0.5517241379310345,0.32467999999752234,0.4,0.03203844
3604,135093,0.6753815368726368,1,nan,0.5333333333333333,0.324529999997523,0.4,0.03300292
3605,135123,0.6850551891169573,1,nan,0.5666666666666667,0.3243799999975237,0.4,0.032629102
3606,135153,0.695263260971718,1,nan,0.3333333333333333,0.3242299999975244,0.4,0.031105734
3607,135183,0.6786988093800606,1,nan,0.6666666666666666,0.32407999999752507,0.4,0.03356935
3608,135212,0.6528510772234852,1,nan,0.6206896551724138,0.32393499999752573,0.4,0.033222195
3609,135242,0.6784234691541401,1,nan,0.4,0.3237849999975264,0.4,0.032235216
3610,135272,0.6663647170218845,1,nan,0.5,0.3236349999975271,0.4,0.03340727
3611,135302,0.645461282635658,1,nan,0.5333333333333333,0.3234849999975278,0.4,0.034044888
3612,135332,0.6536837119453642,1,nan,0.3,0.32333499999752846,0.4,0.03370699
3613,135362,0.6749484816554947,1,nan,0.5,0.32318499999752914,0.4,0.032421563
3614,135512,-1.784098019096389,0,nan,0.5133333333333333,0.32243499999753256,0.4,0.04511029
3615,135540,0.6778153680412513,1,nan,0.5357142857142857,0.3222949999975332,0.4,0.032736678
3616,135568,0.6667103184221497,1,nan,0.5714285714285714,0.32215499999753383,0.4,0.03431549
3617,135625,0.34444824702937826,0,nan,0.5614035087719298,0.32186999999753513,0.4,0.033706643
3618,135654,0.6584868769694892,1,nan,0.6551724137931034,0.3217249999975358,0.4,0.03332111
3619,135684,0.6923994940682399,1,nan,0.5,0.32157499999753647,0.4,0.03206679
3620,135751,0.22339325971923862,0,nan,0.5373134328358209,0.321239999997538,0.4,0.03372328
3621,135780,0.6656639289314639,1,nan,0.3103448275862069,0.32109499999753865,0.4,0.03425571
3622,135810,0.6822702062887844,1,nan,0.43333333333333335,0.32094499999753934,0.4,0.03144561
3623,135960,-1.7642807841182466,0,nan,0.5066666666666667,0.32019499999754275,0.4,0.050752845
3624,135990,0.6998473490861367,1,nan,0.3333333333333333,0.32004499999754343,0.4,0.030868918
3625,136019,0.6760188719808888,1,nan,0.4482758620689655,0.3198999999975441,0.4,0.031553607
3626,136048,0.6474323783760058,1,nan,0.5517241379310345,0.31975499999754475,0.4,0.034809135
3627,136198,-1.677220569213097,0,nan,0.47333333333333333,0.31900499999754817,0.4,0.04370116
3628,136226,0.6686265744736644,1,nan,0.35714285714285715,0.3188649999975488,0.4,0.033454053
3629,136256,0.6455506371027044,1,nan,0.5666666666666667,0.3187149999975495,0.4,0.033342507
3630,136406,-1.8074372805675099,0,0.87,0.5533333333333333,0.3179649999975529,0.4,0.04942882
3631,136465,0.3411340261720712,0,nan,0.4406779661016949,0.31766999999755424,0.4,0.036613062
3632,136493,0.683823601036635,1,nan,0.4642857142857143,0.3175299999975549,0.4,0.031604137
3633,136523,0.6430873252512262,1,nan,0.5,0.31737999999755556,0.4,0.033019647
3634,136553,0.688612190129224,1,nan,0.36666666666666664,0.31722999999755624,0.4,0.029899212
3635,136583,0.6785575326862548,1,nan,0.5,0.3170799999975569,0.4,0.032166496
3636,136646,0.32860958129408413,0,nan,0.5714285714285714,0.31676499999755836,0.4,0.03521007
3637,136676,0.6900242859901675,1,nan,0.5666666666666667,0.31661499999755904,0.4,0.03202635
3638,136706,0.6902797160641114,1,nan,0.3,0.3164649999975597,0.4,0.030066341
3639,136736,0.6823568303624661,1,nan,0.5666666666666667,0.3163149999975604,0.4,0.031235632
3640,136766,0.6835451889696758,1,nan,0.4666666666666667,0.3161649999975611,0.4,0.03192188
3641,136812,0.5358121393823712,1,nan,0.5217391304347826,0.31593499999756214,0.4,0.032094277
3642,136842,0.6832947897428798,1,nan,0.43333333333333335,0.3157849999975628,0.4,0.031186879
3643,136901,0.3765997799899654,0,nan,0.4576271186440678,0.31548999999756416,0.4,0.03574052
3644,136929,0.678869547179854,1,nan,0.5714285714285714,0.3153499999975648,0.4,0.032943916
3645,136960,0.6241553878497694,1,nan,0.45161290322580644,0.3151949999975655,0.4,0.031102177
3646,136989,0.6682647896962177,1,nan,0.5517241379310345,0.31504999999756617,0.4,0.032475863
3647,137018,0.6475593065525335,1,nan,0.5172413793103449,0.3149049999975668,0.4,0.03435136
3648,137046,0.6808239949478572,1,nan,0.4642857142857143,0.31476499999756746,0.4,0.034315813
3649,137080,0.6027245043253675,1,nan,0.6176470588235294,0.31459499999756824,0.4,0.03138322
3650,137138,0.35374142851976675,0,nan,0.5517241379310345,0.31430499999756956,0.4,0.0373439
3651,137288,-1.7629216411187003,0,nan,0.5066666666666667,0.31355499999757297,0.4,0.049216073
3652,137381,-0.030131091654929998,0,nan,0.4946236559139785,0.3130899999975751,0.4,0.036200453
3653,137439,0.32056324417097926,0,nan,0.5862068965517241,0.3127999999975764,0.4,0.036908124
3654,137467,0.690803805724363,1,nan,0.39285714285714285,0.31265999999757704,0.4,0.032240715
3655,137497,0.6821933024748834,1,nan,0.5,0.3125099999975777,0.4,0.031750493
3656,137527,0.6527627885814418,1,nan,0.3333333333333333,0.3123599999975784,0.4,0.033810023
3657,137557,0.6496221760879379,1,nan,0.43333333333333335,0.3122099999975791,0.4,0.03454306
3658,137587,0.6582532602303732,1,nan,0.5,0.3120599999975798,0.4,0.033972867
3659,137617,0.6414121004682718,1,nan,0.43333333333333335,0.31190999999758046,0.4,0.03346511
3660,137645,0.6718611251084226,1,0.89,0.32142857142857145,0.3117699999975811,0.4,0.034790706
3661,137674,0.6600290237501357,1,nan,0.6551724137931034,0.31162499999758175,0.4,0.033557232
3662,137703,0.6781967323964613,1,nan,0.27586206896551724,0.3114799999975824,0.4,0.03349016
3663,137772,0.18691753639970554,0,nan,0.4057971014492754,0.311134999997584,0.4,0.034167394
3664,137802,0.6565068570618108,1,nan,0.43333333333333335,0.31098499999758467,0.4,0.03275106
3665,137832,0.6479773738517993,1,nan,0.43333333333333335,0.31083499999758535,0.4,0.032755036
3666,137869,0.5706467017997664,1,nan,0.5405405405405406,0.3106499999975862,0.4,0.029079622
3667,137900,0.6324326442560586,1,nan,0.5806451612903226,0.3104949999975869,0.4,0.033526283
3668,137930,0.6456347280056628,1,nan,0.6,0.3103449999975876,0.4,0.034687705
3669,137958,0.672900760825341,1,nan,0.5,0.3102049999975882,0.4,0.033128206
3670,137988,0.6462057851814905,1,nan,0.5333333333333333,0.3100549999975889,0.4,0.032742314
3671,138138,-1.7451531822295006,0,nan,0.56,0.3093049999975923,0.4,0.044532686
3672,138166,0.666611048391922,1,nan,0.5357142857142857,0.30916499999759295,0.4,0.034252997
3673,138206,0.5617009941801971,1,nan,0.55,0.30896499999759386,0.4,0.027216334
3674,138238,0.6216305790979921,1,nan,0.40625,0.3088049999975946,0.4,0.033347685
3675,138267,0.6536414828127441,1,nan,0.41379310344827586,0.30865999999759525,0.4,0.03690881
3676,138326,0.311156850504025,0,nan,0.3728813559322034,0.3083649999975966,0.4,0.03872089
3677,138356,0.6586616198171796,1,nan,0.5666666666666667,0.30821499999759727,0.4,0.03442304
3678,138384,0.6722874869573312,1,nan,0.5357142857142857,0.3080749999975979,0.4,0.03288287
3679,138413,0.6535899771073725,1,nan,0.3793103448275862,0.30792999999759857,0.4,0.03565576
3680,138443,0.6655157638500486,1,nan,0.4,0.30777999999759925,0.4,0.031151889
3681,138472,0.6568317016391887,1,nan,0.5172413793103449,0.3076349999975999,0.4,0.034943648
3682,138530,0.32586403852746815,0,nan,0.5689655172413793,0.30734499999760123,0.4,0.033929657
3683,138559,0.6486218672305375,1,nan,0.5517241379310345,0.3071999999976019,0.4,0.03486852
3684,138709,-1.7084049006134447,0,nan,0.47333333333333333,0.3064499999976053,0.4,0.05203372
3685,138738,0.670650691288912,1,nan,0.3793103448275862,0.30630499999760596,0.4,0.029266048
3686,138767,0.663428738546795,1,nan,0.5517241379310345,0.3061599999976066,0.4,0.03232933
3687,138797,0.6471351874411029,1,nan,0.5,0.3060099999976073,0.4,0.035554256
3688,138825,0.683549178958154,1,nan,0.35714285714285715,0.30586999999760794,0.4,0.03312141
3689,138912,0.023179676103020297,0,nan,0.4482758620689655,0.3054349999976099,0.4,0.04384288
3690,138944,0.6528665322030849,1,0.99,0.28125,0.30527499999761065,0.4,0.032459795
3691,138972,0.6943837660798626,1,nan,0.5357142857142857,0.3051349999976113,0.4,0.032159347
3692,139060,-0.013253893649466164,0,nan,0.5340909090909091,0.3046949999976133,0.4,0.03638724
3693,139089,0.6713338140829674,1,nan,0.41379310344827586,0.30454999999761395,0.4,0.034048315
3694,139119,0.6332020188970147,1,nan,0.5,0.30439999999761463,0.4,0.033505976
3695,139154,0.5955295949132324,1,nan,0.5714285714285714,0.30422499999761543,0.4,0.030622363
3696,139184,0.6639842996830486,1,nan,0.36666666666666664,0.3040749999976161,0.4,0.0323667
3697,139215,0.635015348805207,1,nan,0.41935483870967744,0.3039199999976168,0.4,0.033706732
3698,139245,0.6350563551325756,1,nan,0.5333333333333333,0.3037699999976175,0.4,0.03410841
3699,139274,0.6694582427445417,1,nan,0.3448275862068966,0.30362499999761816,0.4,0.035048082
3700,139303,0.6445783838649322,1,nan,0.5172413793103449,0.3034799999976188,0.4,0.03462435
3701,139338,0.5849783357603804,1,nan,0.4,0.3033049999976196,0.4,0.031501252
3702,139405,0.24232798161378555,0,nan,0.47761194029850745,0.30296999999762114,0.4,0.031788006
3703,139433,0.660922619420891,1,nan,0.5,0.3028299999976218,0.4,0.03324533
3704,139462,0.6773877646613999,1,nan,0.5172413793103449,0.30268499999762244,0.4,0.030708367
3705,139491,0.6647279772534223,1,nan,0.3793103448275862,0.3025399999976231,0.4,0.030532762
3706,139522,0.6236640413372077,1,nan,0.5806451612903226,0.3023849999976238,0.4,0.0327779
3707,139552,0.6654417221454432,1,nan,0.5333333333333333,0.3022349999976245,0.4,0.030463377
3708,139584,0.6623794897730302,1,nan,0.53125,0.3020749999976252,0.4,0.028317917
3709,139647,0.31934665211253477,0,nan,0.42857142857142855,0.30175999999762665,0.4,0.034844734
3710,139706,0.3203791723873308,0,nan,0.4915254237288136,0.301464999997628,0.4,0.0373341
3711,139741,0.5993654331295108,1,nan,0.34285714285714286,0.3012899999976288,0.4,0.02936776
3712,139771,0.7003005087586104,1,nan,0.5,0.30113999999762947,0.4,0.03166581
3713,139803,0.6470654605667585,1,nan,0.4375,0.3009799999976302,0.4,0.03105393
3714,139834,0.6729335978474664,1,nan,0.41935483870967744,0.3008249999976309,0.4,0.02924067
3715,139865,0.6464584019284718,1,nan,0.5161290322580645,0.3006699999976316,0.4,0.030800967
3716,139900,0.6072704173914665,1,nan,0.5142857142857142,0.3004949999976324,0.4,0.030885825
3717,139930,0.6512494774353416,1,nan,0.6666666666666666,0.3003449999976331,0.4,0.033201575
3718,140080,-1.7706481079725742,0,nan,0.5466666666666666,0.2995949999976365,0.4,0.050441112
3719,140117,0.5848661388058307,1,nan,0.35135135135135137,0.29940999999763734,0.4,0.029605608
3720,140147,0.6485501987691411,1,0.96,0.6,0.299259999997638,0.4,0.031298168
3721,140297,-1.6904418124271097,0,nan,0.52,0.29850999999764144,0.4,0.045749016
3722,140328,0.6410945593773785,1,nan,0.41935483870967744,0.29835499999764215,0.4,0.031615462
3723,140364,0.5952361837005953,1,nan,0.5,0.29817499999764296,0.4,0.029208
3724,140393,0.6876473597753082,1,nan,0.3448275862068966,0.2980299999976436,0.4,0.03161767
3725,140424,0.6413754893150583,1,nan,0.5483870967741935,0.29787499999764433,0.4,0.032560535
3726,140476,0.4023850518514773,0,nan,0.6346153846153846,0.2976149999976455,0.4,0.033841852
3727,140546,0.19121724006136664,0,nan,0.5,0.2972649999976471,0.4,0.033348802
3728,140576,0.6621175480621643,1,nan,0.5,0.2971149999976478,0.4,0.03298272
3729,140605,0.6549364651156694,1,nan,0.4482758620689655,0.29696999999764845,0.4,0.029445909
3730,140636,0.634858222556818,1,nan,0.5483870967741935,0.29681499999764915,0.4,0.031959336
3731,140671,0.62870922447906,1,nan,0.4857142857142857,0.29663999999764995,0.4,0.030134603
3732,140700,0.6818095256588882,1,nan,0.4827586206896552,0.2964949999976506,0.4,0.031450167
3733,140764,0.2786777041291909,0,nan,0.5,0.29617499999765207,0.4,0.030939419
3734,140822,0.33996448725320205,0,nan,0.3793103448275862,0.2958849999976534,0.4,0.03172352
3735,140853,0.6540790477444189,1,nan,0.5483870967741935,0.2957299999976541,0.4,0.0302243
3736,140886,0.6128038506006475,1,nan,0.48484848484848486,0.29556499999765484,0.4,0.032672346
3737,140940,0.42210834906395156,0,nan,0.5555555555555556,0.29529499999765607,0.4,0.033543266
3738,140971,0.6403912122860931,1,nan,0.7096774193548387,0.2951399999976568,0.4,0.03243252
3739,141002,0.6556534291133262,1,nan,0.3225806451612903,0.2949849999976575,0.4,0.032379515
3740,141031,0.6598707131725248,1,nan,0.5172413793103449,0.29483999999765814,0.4,0.03587431
3741,141061,0.6637060833948569,1,nan,0.5,0.2946899999976588,0.4,0.033686265
3742,141096,0.6061421457464986,1,nan,0.5142857142857142,0.2945149999976596,0.4,0.03094889
3743,141127,0.6551321306341165,1,nan,0.3870967741935484,0.2943599999976603,0.4,0.029577939
3744,141155,0.6814051331874598,1,nan,0.5714285714285714,0.29421999999766096,0.4,0.033561263
3745,141185,0.671372608653976,1,nan,0.3333333333333333,0.29406999999766165,0.4,0.03051252
3746,141215,0.6503618563264271,1,nan,0.36666666666666664,0.29391999999766233,0.4,0.032780524
3747,141245,0.6413425251293897,1,nan,0.4666666666666667,0.293769999997663,0.4,0.03318955
3748,141277,0.6662564986485148,1,nan,0.5,0.29360999999766374,0.4,0.02947538
3749,141308,0.6522414716855109,1,nan,0.3225806451612903,0.29345499999766445,0.4,0.031155013
3750,141337,0.6772079695745037,1,1.0,0.4827586206896552,0.2933099999976651,0.4,0.030261656
3751,141439,-0.18816066560515643,0,nan,0.45098039215686275,0.2927999999976674,0.4,0.04217502
3752,141471,0.6173239716566934,1,nan,0.59375,0.29263999999766815,0.4,0.03210738
3753,141501,0.6659127643330001,1,nan,0.43333333333333335,0.29248999999766884,0.4,0.030933158
3754,141531,0.6673177552186924,1,nan,0.4666666666666667,0.2923399999976695,0.4,0.033317193
3755,141559,0.667833751714441,1,nan,0.6785714285714286,0.29219999999767016,0.4,0.03334039
3756,141590,0.647789458085835,1,nan,0.6774193548387096,0.29204499999767086,0.4,0.031632014
3757,141621,0.6332731007979125,1,nan,0.5806451612903226,0.29188999999767157,0.4,0.03445568
3758,141653,0.6366883518374703,1,nan,0.46875,0.2917299999976723,0.4,0.032809965
3759,141682,0.6714987614500798,1,nan,0.4482758620689655,0.29158499999767296,0.4,0.031015981
3760,141714,0.6524535038259018,1,nan,0.46875,0.2914249999976737,0.4,0.028996123
3761,141745,0.6385431700013737,1,nan,0.41935483870967744,0.2912699999976744,0.4,0.031529214
3762,141775,0.656874231277677,1,nan,0.3333333333333333,0.29111999999767507,0.4,0.03337936
3763,141806,0.6496478832874502,1,nan,0.41935483870967744,0.2909649999976758,0.4,0.034215514
3764,141837,0.6368847539304616,1,nan,0.45161290322580644,0.2908099999976765,0.4,0.033923637
3765,141987,-1.7955934357115793,0,nan,0.5,0.2900599999976799,0.4,0.052046645
3766,142018,0.638251524493801,1,nan,0.45161290322580644,0.2899049999976806,0.4,0.035623647
3767,142047,0.6709886005199257,1,nan,0.5172413793103449,0.28975999999768126,0.4,0.03165014
3768,142076,0.6519407004704327,1,nan,0.6206896551724138,0.2896149999976819,0.4,0.03333522
3769,142105,0.6706344878101784,1,nan,0.4827586206896552,0.2894699999976826,0.4,0.03124343
3770,142182,0.17578434396543674,0,nan,0.5974025974025974,0.28908499999768433,0.4,0.028434828
3771,142211,0.6534347990275702,1,nan,0.5862068965517241,0.288939999997685,0.4,0.031041766
3772,142273,0.29306287419576593,0,nan,0.5806451612903226,0.2886299999976864,0.4,0.030648954
3773,142304,0.6719760093313721,1,nan,0.3870967741935484,0.2884749999976871,0.4,0.029374471
3774,142333,0.6574986868620534,1,nan,0.6551724137931034,0.28832999999768777,0.4,0.030030765
3775,142363,0.6475082264250236,1,nan,0.6333333333333333,0.28817999999768845,0.4,0.034191355
3776,142393,0.6633250083873552,1,nan,0.5333333333333333,0.28802999999768913,0.4,0.031954598
3777,142424,0.6638068445070976,1,nan,0.25806451612903225,0.28787499999768984,0.4,0.028503425
3778,142454,0.6374099463241815,1,nan,0.5,0.2877249999976905,0.4,0.035744447
3779,142485,0.6520664878965194,1,nan,0.45161290322580644,0.28756999999769123,0.4,0.030885294
3780,142557,0.17425164090131073,0,0.98,0.3888888888888889,0.28720999999769287,0.4,0.032659788
3781,142587,0.6417017681750532,1,nan,0.5333333333333333,0.28705999999769355,0.4,0.0316536
3782,142617,0.674294685056279,1,nan,0.36666666666666664,0.28690999999769423,0.4,0.03162402
3783,142665,0.46365997678895055,0,nan,0.6041666666666666,0.2866699999976953,0.4,0.033352878
3784,142697,0.6319253490792267,1,nan,0.53125,0.28650999999769605,0.4,0.03201804
3785,142726,0.6664636645689725,1,nan,0.3793103448275862,0.2863649999976967,0.4,0.033836506
3786,142756,0.6500699439290258,1,nan,0.4666666666666667,0.2862149999976974,0.4,0.033805307
3787,142785,0.6687042708791809,1,nan,0.4482758620689655,0.28606999999769805,0.4,0.031412818
3788,142815,0.6506340972317126,1,nan,0.43333333333333335,0.28591999999769874,0.4,0.033740286
3789,142844,0.6584305440006659,1,nan,0.5517241379310345,0.2857749999976994,0.4,0.03360535
3790,142874,0.6727314999044165,1,nan,0.43333333333333335,0.2856249999977001,0.4,0.030384623
3791,142906,0.6370600216373182,1,nan,0.46875,0.2854649999977008,0.4,0.032726873
3792,142937,0.6347933815376059,1,nan,0.41935483870967744,0.2853099999977015,0.4,0.03168267
3793,142966,0.6648353423077273,1,nan,0.3103448275862069,0.2851649999977022,0.4,0.029600274
3794,143004,0.5578625713589007,1,nan,0.42105263157894735,0.28497499999770304,0.4,0.02958928
3795,143066,0.2823543395736773,0,nan,0.5483870967741935,0.28466499999770445,0.4,0.034446314
3796,143096,0.6451601093698528,1,nan,0.5,0.28451499999770513,0.4,0.031555
3797,143160,0.27049229765032745,0,nan,0.65625,0.2841949999977066,0.4,0.032136723
3798,143191,0.6561520474575517,1,nan,0.41935483870967744,0.2840399999977073,0.4,0.032784596
3799,143221,0.6438534973015877,1,nan,0.4666666666666667,0.283889999997708,0.4,0.03504362
3800,143314,-0.12197924335026389,0,nan,0.5376344086021505,0.2834249999977101,0.4,0.041173503
3801,143344,0.6612566777598069,1,nan,0.4,0.2832749999977108,0.4,0.033458114
3802,143494,-1.7465818831245967,0,nan,0.4866666666666667,0.2825249999977142,0.4,0.04087176
3803,143523,0.6673660991644436,1,nan,0.5862068965517241,0.28237999999771485,0.4,0.031105105
3804,143553,0.6524339077478768,1,nan,0.5,0.28222999999771553,0.4,0.034566764
3805,143585,0.6624154587172382,1,nan,0.375,0.28206999999771626,0.4,0.029699232
3806,143614,0.6738833321603015,1,nan,0.3448275862068966,0.2819249999977169,0.4,0.03040031
3807,143645,0.6766998571182838,1,nan,0.45161290322580644,0.2817699999977176,0.4,0.031301912
3808,143677,0.6153408062820571,1,nan,0.4375,0.28160999999771835,0.4,0.034267873
3809,143708,0.6601387064852091,1,nan,0.41935483870967744,0.28145499999771906,0.4,0.029686296
3810,143737,0.6809245768333027,1,1.0,0.4827586206896552,0.2813099999977197,0.4,0.032053977
3811,143767,0.6674666779335541,1,nan,0.4,0.2811599999977204,0.4,0.030390095
3812,143847,0.08059534056692308,0,nan,0.5,0.2807599999977222,0.4,0.041737888
3813,143878,0.6501705377209777,1,nan,0.3548387096774194,0.2806049999977229,0.4,0.03225582
3814,143943,0.2852625381197309,0,nan,0.4153846153846154,0.2802799999977244,0.4,0.03291061
3815,143975,0.6395326526619296,1,nan,0.53125,0.28011999999772513,0.4,0.030362101
3816,144008,0.6162579422811618,1,nan,0.6060606060606061,0.2799549999977259,0.4,0.03310546
3817,144038,0.6412148990928312,1,nan,0.5,0.27980499999772657,0.4,0.03318972
3818,144068,0.6526466282735197,1,nan,0.36666666666666664,0.27965499999772725,0.4,0.033084553
3819,144097,0.724186587911184,1,nan,0.41379310344827586,0.2795099999977279,0.4,0.03127008
3820,144127,0.6531133489935691,1,nan,0.43333333333333335,0.2793599999977286,0.4,0.0342741
3821,144159,0.6632456288476544,1,nan,0.34375,0.2791999999977293,0.4,0.030266961
3822,144190,0.669207760259921,1,nan,0.3870967741935484,0.27904499999773,0.4,0.032485895
3823,144222,0.6558452527664841,1,nan,0.4375,0.27888499999773075,0.4,0.030835576
3824,144254,0.6438505880065597,1,nan,0.375,0.2787249999977315,0.4,0.028802335
3825,144283,0.6710091057237073,1,nan,0.5172413793103449,0.27857999999773214,0.4,0.03142813
3826,144341,0.32823213256797723,0,nan,0.5344827586206896,0.27828999999773346,0.4,0.038221687
3827,144373,0.645539694930557,1,nan,0.53125,0.2781299999977342,0.4,0.030993244
3828,144403,0.6567183905522728,1,nan,0.4,0.2779799999977349,0.4,0.03427167
3829,144433,0.6590355522938116,1,nan,0.5,0.27782999999773555,0.4,0.034425892
3830,144461,0.6680340217732006,1,nan,0.5357142857142857,0.2776899999977362,0.4,0.03226399
3831,144492,0.641562261781699,1,nan,0.45161290322580644,0.2775349999977369,0.4,0.036724016
3832,144525,0.6077883648556401,1,nan,0.48484848484848486,0.27736999999773765,0.4,0.034863558
3833,144583,0.3139396985250277,0,nan,0.4482758620689655,0.27707999999773897,0.4,0.036951434
3834,144668,0.05639226469884229,0,nan,0.4823529411764706,0.2766549999977409,0.4,0.034562595
3835,144697,0.6854347192345653,1,nan,0.41379310344827586,0.27650999999774156,0.4,0.032056134
3836,144757,0.31830977980856223,0,nan,0.4166666666666667,0.2762099999977429,0.4,0.03320093
3837,144787,0.6508389922426306,1,nan,0.43333333333333335,0.2760599999977436,0.4,0.03387545
3838,144817,0.6816986239447149,1,nan,0.3333333333333333,0.2759099999977443,0.4,0.03039823
3839,144846,0.6664223923849991,1,nan,0.6206896551724138,0.27576499999774495,0.4,0.031687066
3840,144876,0.6463050174705118,1,0.94,0.36666666666666664,0.27561499999774564,0.4,0.033944305
3841,144906,0.6361520587731854,1,nan,0.5333333333333333,0.2754649999977463,0.4,0.03499426
3842,144968,0.28258212832295715,0,nan,0.41935483870967744,0.27515499999774773,0.4,0.035614304
3843,145035,0.22786381986606108,0,nan,0.40298507462686567,0.27481999999774925,0.4,0.040067174
3844,145066,0.6520715283496454,1,nan,0.3225806451612903,0.27466499999774996,0.4,0.031198664
3845,145094,0.6790650192735151,1,nan,0.5714285714285714,0.2745249999977506,0.4,0.033496354
3846,145244,-1.8212282610810338,0,nan,0.56,0.273774999997754,0.4,0.05026231
3847,145274,0.6506812776227242,1,nan,0.43333333333333335,0.2736249999977547,0.4,0.030443965
3848,145304,0.6508272219990149,1,nan,0.3333333333333333,0.2734749999977554,0.4,0.03298493
3849,145336,0.6473898648392031,1,nan,0.25,0.2733149999977561,0.4,0.035515614
3850,145366,0.6538145491812497,1,nan,0.6,0.2731649999977568,0.4,0.03176745
3851,145468,-0.17688479620001474,0,nan,0.5784313725490197,0.2726549999977591,0.4,0.032394953
3852,145499,0.6582209379843189,1,nan,0.5161290322580645,0.2724999999977598,0.4,0.029740933
3853,145532,0.6342609030508171,1,nan,0.24242424242424243,0.27233499999776056,0.4,0.0344551
3854,145563,0.6684337288066375,1,nan,0.3870967741935484,0.27217999999776127,0.4,0.030385364
3855,145622,0.35454656315220845,0,nan,0.4067796610169492,0.2718849999977626,0.4,0.03327151
3856,145653,0.6345817442514062,1,nan,0.5161290322580645,0.2717299999977633,0.4,0.030191727
3857,145684,0.6423380019988902,1,nan,0.5483870967741935,0.271574999997764,0.4,0.032025956
3858,145716,0.647272107548069,1,nan,0.5,0.27141499999776475,0.4,0.029507251
3859,145747,0.6696750063764827,1,nan,0.3870967741935484,0.27125999999776546,0.4,0.030690685
3860,145808,0.28422968112126457,0,nan,0.5245901639344263,0.27095499999776684,0.4,0.03425963
3861,145838,0.6501279452237944,1,nan,0.6,0.2708049999977675,0.4,0.032198064
3862,145870,0.629746930146126,1,nan,0.46875,0.27064499999776825,0.4,0.032701585
3863,145901,0.6437314211833081,1,nan,0.3870967741935484,0.27048999999776896,0.4,0.030834503
3864,145977,0.143155071686895,0,nan,0.5394736842105263,0.2701099999977707,0.4,0.03974417
3865,146127,-1.781585225996806,0,nan,0.5466666666666666,0.2693599999977741,0.4,0.047516752
3866,146159,0.6418175135568744,1,nan,0.53125,0.26919999999777483,0.4,0.038082935
3867,146191,0.6508414747595924,1,nan,0.40625,0.26903999999777556,0.4,0.03063722
3868,146223,0.6523637468832296,1,nan,0.375,0.2688799999977763,0.4,0.02902902
3869,146251,0.6639154869056407,1,nan,0.6071428571428571,0.2687399999977769,0.4,0.032855716
3870,146285,0.6466205196048164,1,0.68,0.5,0.2685699999977777,0.4,0.027769662
3871,146346,0.33715697328358896,0,nan,0.3770491803278688,0.2682649999977791,0.4,0.039371215
3872,146375,0.6543151900037163,1,nan,0.5517241379310345,0.26811999999777975,0.4,0.033877425
3873,146406,0.6469677605057433,1,nan,0.3870967741935484,0.26796499999778045,0.4,0.032957572
3874,146465,0.30304934838235187,0,nan,0.4406779661016949,0.2676699999977818,0.4,0.036500804
3875,146496,0.6356591805138068,1,nan,0.3225806451612903,0.2675149999977825,0.4,0.036181223
3876,146526,0.6695483550018992,1,nan,0.4,0.2673649999977832,0.4,0.031939827
3877,146554,0.6916076320596867,1,nan,0.5357142857142857,0.2672249999977838,0.4,0.03187462
3878,146602,0.46119883127569083,0,nan,0.4583333333333333,0.2669849999977849,0.4,0.031637467
3879,146632,0.6258269675888801,1,nan,0.6,0.2668349999977856,0.4,0.036444757
3880,146667,0.584580479891401,1,nan,0.5428571428571428,0.2666599999977864,0.4,0.03063777
3881,146696,0.6498005142512335,1,nan,0.4827586206896552,0.26651499999778705,0.4,0.03406029
3882,146725,0.6439433362465949,1,nan,0.6896551724137931,0.2663699999977877,0.4,0.036472052
3883,146754,0.647343805652927,1,nan,0.5172413793103449,0.26622499999778837,0.4,0.03461593
3884,146784,0.6354871419256761,1,nan,0.43333333333333335,0.26607499999778905,0.4,0.035635356
3885,146814,0.6827378885664033,1,nan,0.4,0.26592499999778973,0.4,0.031114556
3886,146843,0.6519395929437991,1,nan,0.3793103448275862,0.2657799999977904,0.4,0.0347865
3887,146873,0.6490681712228467,1,nan,0.3333333333333333,0.2656299999977911,0.4,0.034329873
3888,146903,0.6623805898822679,1,nan,0.36666666666666664,0.26547999999779176,0.4,0.03138185
3889,146996,-0.09457041831962543,0,nan,0.5376344086021505,0.2650149999977939,0.4,0.04054104
3890,147028,0.6305436508061413,1,nan,0.40625,0.2648549999977946,0.4,0.031449262
3891,147093,0.23722025277672165,0,nan,0.4307692307692308,0.2645299999977961,0.4,0.035231054
3892,147122,0.6873248880002858,1,nan,0.27586206896551724,0.26438499999779674,0.4,0.029976252
3893,147153,0.6450233476931988,1,nan,0.3870967741935484,0.26422999999779745,0.4,0.036103193
3894,147183,0.6320201668087542,1,nan,0.6,0.26407999999779813,0.4,0.0369242
3895,147275,0.003848727420032727,0,nan,0.6304347826086957,0.2636199999978002,0.4,0.037100255
3896,147305,0.637438528847238,1,nan,0.5,0.2634699999978009,0.4,0.034306027
3897,147399,-0.09817310230702869,0,nan,0.5,0.26299999999780305,0.4,0.03799276
3898,147428,0.6481855097631277,1,nan,0.3448275862068966,0.2628549999978037,0.4,0.035351068
3899,147458,0.6402267312283503,1,nan,0.4666666666666667,0.2627049999978044,0.4,0.032462217
3900,147489,0.6523600281199129,1,0.91,0.3870967741935484,0.2625499999978051,0.4,0.030294897
3901,147519,0.635113796728684,1,nan,0.5666666666666667,0.2623999999978058,0.4,0.033645667
3902,147577,0.34720337106008337,0,nan,0.5344827586206896,0.2621099999978071,0.4,0.037206784
3903,147605,0.6787537573852707,1,nan,0.4642857142857143,0.26196999999780773,0.4,0.03197401
3904,147634,0.670533008648843,1,nan,0.41379310344827586,0.2618249999978084,0.4,0.030158022
3905,147666,0.6267613667794876,1,nan,0.40625,0.2616649999978091,0.4,0.03017316
3906,147697,0.6339341370027993,1,nan,0.5483870967741935,0.2615099999978098,0.4,0.03372333
3907,147727,0.6584799683037115,1,nan,0.43333333333333335,0.2613599999978105,0.4,0.031551335
3908,147756,0.647705621524741,1,nan,0.6206896551724138,0.26121499999781117,0.4,0.034175336
3909,147785,0.6733700681354271,1,nan,0.4827586206896552,0.26106999999781183,0.4,0.030890666
3910,147815,0.644140939506556,1,nan,0.5,0.2609199999978125,0.4,0.033716775
3911,147845,0.6534615434409331,1,nan,0.43333333333333335,0.2607699999978132,0.4,0.030799108
3912,147875,0.6628775350497762,1,nan,0.4,0.2606199999978139,0.4,0.032085814
3913,148025,-1.7569534001950198,0,nan,0.49333333333333335,0.2598699999978173,0.4,0.046181835
3914,148056,0.6414694715955631,1,nan,0.45161290322580644,0.259714999997818,0.4,0.032290094
3915,148086,0.6346025071632466,1,nan,0.5,0.2595649999978187,0.4,0.03482043
3916,148236,-1.6807929290279269,0,nan,0.4866666666666667,0.2588149999978221,0.4,0.048000038
3917,148294,0.29923280440614486,0,nan,0.46551724137931033,0.2585249999978234,0.4,0.037593625
3918,148325,0.6509270780669292,1,nan,0.41935483870967744,0.2583699999978241,0.4,0.029831005
3919,148353,0.6664191581425267,1,nan,0.5,0.25822999999782476,0.4,0.03190084
3920,148381,0.6583187302717294,1,nan,0.6428571428571429,0.2580899999978254,0.4,0.033186384
3921,148410,0.6603358701858298,1,nan,0.3103448275862069,0.25794499999782605,0.4,0.035292298
3922,148440,0.633059062134202,1,nan,0.4,0.25779499999782673,0.4,0.033245552
3923,148470,0.6381019841596105,1,nan,0.5666666666666667,0.2576449999978274,0.4,0.034263004
3924,148500,0.6470833487304527,1,nan,0.4,0.2574949999978281,0.4,0.0347474
3925,148530,0.6282455810692574,1,nan,0.36666666666666664,0.2573449999978288,0.4,0.032381143
3926,148560,0.6398039295666162,1,nan,0.43333333333333335,0.25719499999782947,0.4,0.032358125
3927,148589,0.6608614304879135,1,nan,0.3103448275862069,0.2570499999978301,0.4,0.032414522
3928,148619,0.6637746181258828,1,nan,0.43333333333333335,0.2568999999978308,0.4,0.033681784
3929,148649,0.6564344864917975,1,nan,0.5333333333333333,0.2567499999978315,0.4,0.033191357
3930,148678,0.6607489404614908,1,1.0,0.5517241379310345,0.25660499999783215,0.4,0.03240988
3931,148707,0.6464711197706268,1,nan,0.3793103448275862,0.2564599999978328,0.4,0.034681484
3932,148735,0.659729470693408,1,nan,0.5357142857142857,0.25631999999783345,0.4,0.03288745
3933,148764,0.6362476322253442,1,nan,0.3448275862068966,0.2561749999978341,0.4,0.03569553
3934,148794,0.6497294639269835,1,nan,0.6333333333333333,0.2560249999978348,0.4,0.03259237
3935,148823,0.6810759199778238,1,nan,0.41379310344827586,0.25587999999783545,0.4,0.03462264
3936,148857,0.5978646887989496,1,nan,0.5588235294117647,0.2557099999978362,0.4,0.032845486
3937,148887,0.6417748518186184,1,nan,0.4666666666666667,0.2555599999978369,0.4,0.036441926
3938,148916,0.6514970202816643,1,nan,0.3793103448275862,0.25541499999783757,0.4,0.03477878
3939,148977,0.28280898517976416,0,nan,0.4426229508196721,0.25510999999783895,0.4,0.035348963
3940,149007,0.6572964477846783,1,nan,0.4,0.25495999999783964,0.4,0.034948867
3941,149038,0.6238250881320783,1,nan,0.5161290322580645,0.25480499999784034,0.4,0.03291146
3942,149069,0.6501716172315235,1,nan,0.41935483870967744,0.25464999999784105,0.4,0.03061779
3943,149099,0.6320650937229535,1,nan,0.5333333333333333,0.25449999999784173,0.4,0.03235335
3944,149134,0.635840284158477,1,nan,0.4,0.2543249999978425,0.4,0.029032571
3945,149163,0.6497485273830048,1,nan,0.3103448275862069,0.2541799999978432,0.4,0.03483924
3946,149192,0.6790091560733342,1,nan,0.41379310344827586,0.25403499999784385,0.4,0.029709196
3947,149221,0.672554594069185,1,nan,0.5862068965517241,0.2538899999978445,0.4,0.032490794
3948,149252,0.6508096982278366,1,nan,0.45161290322580644,0.2537349999978452,0.4,0.031606037
3949,149281,0.680214116524348,1,nan,0.3448275862068966,0.25358999999784587,0.4,0.03095888
3950,149311,0.632857758316522,1,nan,0.5,0.25343999999784655,0.4,0.037249267
3951,149342,0.6628570752081222,1,nan,0.3870967741935484,0.25328499999784726,0.4,0.030045755
3952,149371,0.7116555814450759,1,nan,0.3448275862068966,0.2531399999978479,0.4,0.03150321
3953,149400,0.6532105918536444,1,nan,0.3448275862068966,0.2529949999978486,0.4,0.033595808
3954,149430,0.654152332014283,1,nan,0.4,0.25284499999784926,0.4,0.03365835
3955,149460,0.6529058754938026,1,nan,0.4,0.25269499999784995,0.4,0.033662733
3956,149490,0.6416061652854775,1,nan,0.5,0.2525449999978506,0.4,0.03494096
3957,149519,0.6466560863088278,1,nan,0.41379310344827586,0.2523999999978513,0.4,0.03587695
3958,149550,0.6468413551025616,1,nan,0.45161290322580644,0.252244999997852,0.4,0.03190647
3959,149621,0.1711488304351595,0,nan,0.4788732394366197,0.2518899999978536,0.4,0.036291618
3960,149681,0.35603638482561295,0,1.0,0.38333333333333336,0.251589999997855,0.4,0.03432022
3961,149709,0.6804033430616883,1,nan,0.6428571428571429,0.2514499999978556,0.4,0.032727223
3962,149738,0.6639525350174121,1,nan,0.41379310344827586,0.25130499999785627,0.4,0.032467294
3963,149767,0.651488147798863,1,nan,0.41379310344827586,0.25115999999785693,0.4,0.037865836
3964,149795,0.6994106089151995,1,nan,0.32142857142857145,0.25101999999785757,0.4,0.032471243
3965,149823,0.6639187336559057,1,nan,0.5714285714285714,0.2508799999978582,0.4,0.03336144
3966,149883,0.2864856791331619,0,nan,0.5,0.25057999999785957,0.4,0.036996935
3967,149912,0.6823450501136229,1,nan,0.3103448275862069,0.25043499999786023,0.4,0.032265667
3968,149941,0.6564598764154751,1,nan,0.27586206896551724,0.2502899999978609,0.4,0.034152463
3969,150003,0.25681840156277125,0,nan,0.532258064516129,0.24997999999786216,0.4,0.032039035
3970,150031,0.6966781563331585,1,nan,0.39285714285714285,0.24983999999786202,0.4,0.03261828
3971,150062,0.6430710885220704,1,nan,0.5161290322580645,0.24968499999786187,0.4,0.034684986
3972,150091,0.6766241759463971,1,nan,0.4482758620689655,0.24953999999786172,0.4,0.033304177
3973,150241,-1.7055880010310933,0,nan,0.48,0.24878999999786097,0.4,0.049765106
3974,150296,0.3926268927803821,0,nan,0.4,0.2485149999978607,0.4,0.034447454
3975,150326,0.6613267557110595,1,nan,0.4,0.24836499999786055,0.4,0.03291352
3976,150354,0.6919900196077565,1,nan,0.42857142857142855,0.2482249999978604,0.4,0.033826753
3977,150382,0.675132457476567,1,nan,0.32142857142857145,0.24808499999786027,0.4,0.033416025
3978,150424,0.5205937831205739,1,nan,0.5476190476190477,0.24787499999786006,0.4,0.027743515
3979,150453,0.6726973362356888,1,nan,0.3793103448275862,0.2477299999978599,0.4,0.031475153
3980,150483,0.6597888438127223,1,nan,0.36666666666666664,0.24757999999785976,0.4,0.032143157
3981,150512,0.6642981955701,1,nan,0.4482758620689655,0.24743499999785962,0.4,0.034788605
3982,150542,0.6450590411445359,1,nan,0.3333333333333333,0.24728499999785947,0.4,0.034415755
3983,150570,0.6803526920346434,1,nan,0.39285714285714285,0.24714499999785933,0.4,0.034497462
3984,150599,0.6856075294487192,1,nan,0.3448275862068966,0.24699999999785918,0.4,0.034238074
3985,150628,0.6522393492858896,1,nan,0.4482758620689655,0.24685499999785904,0.4,0.03215397
3986,150657,0.6753799484598804,1,nan,0.5172413793103449,0.2467099999978589,0.4,0.031842817
3987,150686,0.6733405704528348,1,nan,0.3448275862068966,0.24656499999785875,0.4,0.03592305
3988,150715,0.6608049349847938,1,nan,0.41379310344827586,0.2464199999978586,0.4,0.034132
3989,150744,0.6708135944798693,1,nan,0.4827586206896552,0.24627499999785846,0.4,0.03401831
3990,150773,0.6652193272586844,1,0.98,0.4482758620689655,0.2461299999978583,0.4,0.034711327
3991,150801,0.6629891962805863,1,nan,0.5714285714285714,0.24598999999785817,0.4,0.03372972
3992,150858,0.35137933301212654,0,nan,0.45614035087719296,0.2457049999978579,0.4,0.03849599
3993,150888,0.6373322116534087,1,nan,0.6333333333333333,0.24555499999785774,0.4,0.035974883
3994,150938,0.4452823584320128,0,nan,0.5,0.2453049999978575,0.4,0.033483863
3995,150967,0.663858446240513,1,nan,0.4827586206896552,0.24515999999785734,0.4,0.03283274
3996,150995,0.657055617124677,1,nan,0.4642857142857143,0.2450199999978572,0.4,0.033837177
3997,151024,0.6505333915244267,1,nan,0.41379310344827586,0.24487499999785706,0.4,0.035045743
3998,151054,0.6404844359634629,1,nan,0.5,0.2447249999978569,0.4,0.035796233
3999,151084,0.6620016407755827,1,nan,0.5,0.24457499999785676,0.4,0.033534776
4000,151112,0.6868948787269533,1,nan,0.39285714285714285,0.24443499999785662,0.4,0.030837148
4001,151140,0.6874006449071304,1,nan,0.4642857142857143,0.24429499999785648,0.4,0.032003723
4002,151170,0.6695189842563357,1,nan,0.3333333333333333,0.24414499999785633,0.4,0.03270004
4003,151200,0.6827817709268525,1,nan,0.2,0.24399499999785618,0.4,0.03164061
4004,151230,0.6650786485661286,1,nan,0.36666666666666664,0.24384499999785603,0.4,0.033293806
4005,151260,0.650569077116248,1,nan,0.3,0.24369499999785588,0.4,0.034372438
4006,151321,0.2612836603908183,0,nan,0.47540983606557374,0.24338999999785557,0.4,0.03915422
4007,151350,0.6661287652421033,1,nan,0.5172413793103449,0.24324499999785543,0.4,0.03480968
4008,151378,0.6915699989491508,1,nan,0.42857142857142855,0.2431049999978553,0.4,0.03139932
4009,151407,0.6814326407346678,1,nan,0.4827586206896552,0.24295999999785514,0.4,0.03253626
4010,151436,0.657270678260919,1,nan,0.5172413793103449,0.242814999997855,0.4,0.035932783
4011,151466,0.6591029001578264,1,nan,0.43333333333333335,0.24266499999785485,0.4,0.032364402
4012,151495,0.6726565923445917,1,nan,0.5172413793103449,0.2425199999978547,0.4,0.032184854
4013,151524,0.65253123931587,1,nan,0.3793103448275862,0.24237499999785456,0.4,0.034998782
4014,151552,0.6944051565657751,1,nan,0.35714285714285715,0.24223499999785442,0.4,0.034835123
4015,151581,0.676000497455518,1,nan,0.4827586206896552,0.24208999999785427,0.4,0.034634512
4016,151625,0.4976786108697665,0,nan,0.4318181818181818,0.24186999999785405,0.4,0.030561233
4017,151654,0.6677816275188186,1,nan,0.3448275862068966,0.2417249999978539,0.4,0.032370117
4018,151701,0.48610954345889745,0,nan,0.48936170212765956,0.24148999999785367,0.4,0.032029953
4019,151731,0.6548356891498284,1,nan,0.43333333333333335,0.24133999999785352,0.4,0.032662835
4020,151759,0.6787881881447698,1,1.0,0.5714285714285714,0.24119999999785338,0.4,0.033759076
4021,151788,0.6590081381540223,1,nan,0.5517241379310345,0.24105499999785324,0.4,0.034710266
4022,151821,0.6162056751690967,1,nan,0.5454545454545454,0.24088999999785307,0.4,0.03167451
4023,151850,0.6593073747690928,1,nan,0.4482758620689655,0.24074499999785293,0.4,0.035370365
4024,151879,0.6668354080823635,1,nan,0.5517241379310345,0.24059999999785278,0.4,0.031176394
4025,151908,0.6726300760344892,1,nan,0.3448275862068966,0.24045499999785264,0.4,0.032979056
4026,151938,0.650459098967304,1,nan,0.36666666666666664,0.2403049999978525,0.4,0.0330687
4027,151967,0.673330682999992,1,nan,0.27586206896551724,0.24015999999785234,0.4,0.032604042
4028,152028,0.28962422189145676,0,nan,0.4262295081967213,0.23985499999785204,0.4,0.03736304
4029,152056,0.6680509054891987,1,nan,0.6428571428571429,0.2397149999978519,0.4,0.033693172
4030,152084,0.6719012841564139,1,nan,0.4642857142857143,0.23957499999785176,0.4,0.033945207
4031,152117,0.6030183483165366,1,nan,0.48484848484848486,0.2394099999978516,0.4,0.03265141
4032,152147,0.6337507765600316,1,nan,0.4,0.23925999999785144,0.4,0.03474405
4033,152177,0.646170777874653,1,nan,0.6666666666666666,0.2391099999978513,0.4,0.03337228
4034,152205,0.6753488827846096,1,nan,0.42857142857142855,0.23896999999785115,0.4,0.035081837
4035,152241,0.5774019073069352,1,nan,0.3055555555555556,0.23878999999785097,0.4,0.030112999
4036,152283,0.5172810950035835,1,nan,0.5952380952380952,0.23857999999785076,0.4,0.030530462
4037,152312,0.6583674290362607,1,nan,0.3448275862068966,0.23843499999785062,0.4,0.032540202
4038,152347,0.5972655169217965,1,nan,0.45714285714285713,0.23825999999785044,0.4,0.03256115
4039,152391,0.49412414659296294,0,nan,0.38636363636363635,0.23803999999785022,0.4,0.03270536
4040,152426,0.6945487184402376,1,nan,0.45714285714285713,0.23786499999785005,0.4,0.028427057
4041,152457,0.6232227440148375,1,nan,0.4838709677419355,0.2377099999978499,0.4,0.034710016
4042,152491,0.6350072442854546,1,nan,0.47058823529411764,0.23753999999784972,0.4,0.03279632
4043,152555,0.24415386142439888,0,nan,0.484375,0.2372199999978494,0.4,0.032222826
4044,152584,0.6544182809220064,1,nan,0.5517241379310345,0.23707499999784926,0.4,0.035414718
4045,152613,0.7208609396502136,1,nan,0.3103448275862069,0.2369299999978491,0.4,0.03297253
4046,152647,0.6010076031953675,1,nan,0.4117647058823529,0.23675999999784894,0.4,0.0331642
4047,152678,0.6620562742781103,1,nan,0.3870967741935484,0.23660499999784879,0.4,0.03133719
4048,152707,0.6475481292715033,1,nan,0.4482758620689655,0.23645999999784864,0.4,0.03367075
4049,152736,0.6553489176353029,1,nan,0.5862068965517241,0.2363149999978485,0.4,0.035415716
4050,152765,0.6956573701685679,1,1.0,0.4482758620689655,0.23616999999784835,0.4,0.032694347
4051,152804,0.5586243578187419,1,nan,0.358974358974359,0.23597499999784816,0.4,0.031094478
4052,152874,0.20176809713349408,0,nan,0.45714285714285713,0.2356249999978478,0.4,0.031994905
4053,152903,0.6659495126620847,1,nan,0.41379310344827586,0.23547999999784766,0.4,0.033189643
4054,152931,0.7057449037074719,1,nan,0.35714285714285715,0.23533999999784752,0.4,0.033736713
4055,152960,0.6601255372099619,1,nan,0.3448275862068966,0.23519499999784738,0.4,0.035785798
4056,152989,0.6845349121811186,1,nan,0.3448275862068966,0.23504999999784723,0.4,0.0334461
4057,153018,0.6544829362039504,1,nan,0.4482758620689655,0.23490499999784709,0.4,0.034909464
4058,153168,-1.8376279520690932,0,nan,0.4066666666666667,0.23415499999784634,0.4,0.05223209
4059,153197,0.7121635487419864,1,nan,0.3103448275862069,0.2340099999978462,0.4,0.03098789
4060,153226,0.7024824648197011,1,nan,0.3448275862068966,0.23386499999784605,0.4,0.032892115
4061,153254,0.6669976619043056,1,nan,0.39285714285714285,0.2337249999978459,0.4,0.033120092
4062,153283,0.6737364470403643,1,nan,0.41379310344827586,0.23357999999784576,0.4,0.032523032
4063,153341,0.3904132234785972,0,nan,0.3793103448275862,0.23328999999784547,0.4,0.03818346
4064,153406,0.23284626838377476,0,nan,0.5384615384615384,0.23296499999784515,0.4,0.037104633
4065,153461,0.38478353225894046,0,nan,0.4909090909090909,0.23268999999784487,0.4,0.031927075
4066,153490,0.6817329962781142,1,nan,0.5517241379310345,0.23254499999784473,0.4,0.0336311
4067,153519,0.7514090366352147,1,nan,0.4827586206896552,0.23239999999784458,0.4,0.032030467
4068,153549,0.6622707301007336,1,nan,0.43333333333333335,0.23224999999784443,0.4,0.03445534
4069,153579,0.6540744214717276,1,nan,0.5,0.23209999999784428,0.4,0.036110274
4070,153608,0.7073114450242315,1,nan,0.3793103448275862,0.23195499999784414,0.4,0.03212013
4071,153637,0.6696103418198212,1,nan,0.41379310344827586,0.231809999997844,0.4,0.033536743
4072,153666,0.664787384641804,1,nan,0.41379310344827586,0.23166499999784385,0.4,0.03349435
4073,153695,0.6925014917166263,1,nan,0.41379310344827586,0.2315199999978437,0.4,0.033890184
4074,153724,0.7317351975913866,1,nan,0.4482758620689655,0.23137499999784356,0.4,0.032916673
4075,153753,0.6818527839966952,1,nan,0.3103448275862069,0.2312299999978434,0.4,0.032601766
4076,153782,0.6829418479791007,1,nan,0.4482758620689655,0.23108499999784327,0.4,0.03310094
4077,153813,0.6726962973203829,1,nan,0.45161290322580644,0.2309299999978431,0.4,0.031804264
4078,153842,0.6607887778644711,1,nan,0.5172413793103449,0.23078499999784297,0.4,0.033365782
4079,153992,-1.485193059956927,0,nan,0.48,0.23003499999784222,0.4,0.025293017
