episode,frames,return,Lc,La,Lbc,ratio,test
1.0,100.0,0.0,4.775463094119914e-05,0.16064399480819702,0.16938859224319458,0.0,0.0
2.0,200.0,0.0,0.0014325147882724802,0.1209945057829221,0.13124737640221915,0.0,0.0
3.0,300.0,0.0,0.0006194357949425467,0.08436122536659241,0.09432336390018463,0.01,0.0
4.0,400.0,0.0,0.00024972425100194026,0.1819699246968542,0.1918561863047736,0.01,0.0
5.0,500.0,0.0,0.0001225926300523699,0.057878523444135986,0.0678054148124324,0.0,0.0
6.0,600.0,0.0,4.9919856709576294e-05,0.04425524344498461,0.05418539995496923,0.01,0.0
7.0,700.0,0.0,2.9465004095422606e-05,0.0305144119148071,0.040407355015094466,0.01,0.0
8.0,800.0,0.0,2.0589943475594433e-05,0.02763131062189738,0.03751866693298022,0.01,0.0
9.0,900.0,0.0,1.6249197281414288e-05,0.03508803253883824,0.044974070371073836,0.05,0.0
10.0,1000.0,0.0,1.5789791943557486e-05,0.013552071918782434,0.023417948549123185,0.01,0.0
11.0,1100.0,0.0,1.3952479526952153e-05,0.00967761648020574,0.0195381511002779,0.04,0.0
12.0,1200.0,0.0,1.0755406986825857e-05,0.012542808387914429,0.022391266513453877,0.01,0.0
13.0,1300.0,0.0,1.0980957449646667e-05,0.01470153171569109,0.02453424986451864,0.01,0.0
14.0,1400.0,0.0,9.707486276090128e-06,0.015928306961777033,0.025749742570850585,0.03,0.0
15.0,1500.0,0.0,9.422917800889237e-06,0.01896525431295921,0.028774040783273763,0.03,0.0
16.0,1600.0,0.0,8.07988345191153e-06,0.0063845986320126445,0.016179440332756888,0.03,0.0
17.0,1700.0,0.0,6.946429107990822e-06,0.008436193082933172,0.018212289619965082,0.06,0.0
18.0,1800.0,0.0,5.832305396324955e-06,0.0052709047682583336,0.01502863106184772,0.07,0.0
19.0,1900.0,0.0,5.384580728442981e-06,0.0016195639036595821,0.011359745875705738,0.01,0.0
20.0,2000.0,0.0,4.536146422814897e-06,0.00710477285946791,0.016823852888475627,0.02,0.0
21.0,2100.0,0.0,3.70186591303869e-06,0.004633802466276215,0.014331008012338383,0.04,0.0
22.0,2200.0,0.0,3.168369636070912e-06,0.003910912234070045,0.013586764634099035,0.0,0.0
23.0,2300.0,0.0,2.6425808657264e-06,0.0017780693861740556,0.011433651236901906,0.03,0.0
24.0,2400.0,0.0,2.2368531606685873e-06,0.0024193294811993837,0.012054506922140718,0.04,0.0
25.0,2500.0,0.0,1.90787992693231e-06,0.0044061084918212146,0.014018542802659795,0.03,0.0
26.0,2600.0,1.0,0.00011064957550161125,0.019152250792831182,0.028758476600050927,0.03,0.0
27.0,2700.0,0.0,4.3972562147805897e-05,0.012517302001539905,0.02209327055606991,0.06,0.0
28.0,2800.0,0.0,9.63008386634101e-06,0.012342014470724043,0.021887405965201282,0.04,0.0
29.0,2900.0,0.0,5.977579068680175e-06,0.004598881034845752,0.014116097507732255,0.06,0.0
30.0,3000.0,0.0,9.195430607178423e-06,0.0007772440700952349,0.010269405914406324,0.01,0.0
31.0,3100.0,0.0,5.728619265710222e-06,0.0021759178799887497,0.011640333896502852,0.01,0.0
32.0,3200.0,0.0,5.301073348428256e-06,0.00019492627301764104,0.009629055895211716,0.06,0.0
33.0,3300.0,0.0,4.775134456735941e-06,0.0006408247645595111,0.010048034375358839,0.06,0.0
34.0,3400.0,0.0,3.925944035858485e-06,-1.3995026661591097e-06,0.009375548970913796,0.02,0.0
35.0,3500.0,0.0,3.5093094343143523e-06,-0.0024819995399893205,0.0068699008175719745,0.04,0.0
36.0,3600.0,0.0,5.160770964656487e-06,-0.00324339024456484,0.0060786349665639654,0.03,0.0
37.0,3700.0,0.0,3.4153979460901005e-06,-0.004509059207824369,0.004777470322248216,0.02,0.0
38.0,3800.0,0.0,7.01492999539639e-06,-0.004562562067263029,0.004693464534923535,0.06,0.0
39.0,3892.0,1.0,0.0001003739281681024,-0.0027954652415294397,0.0064332812877469945,0.06521739130434782,0.0
40.0,3992.0,0.0,5.283051361207721e-05,-0.004540520689946103,0.004652489643459293,0.04,0.0
41.0,4092.0,0.0,7.614409372464149e-05,-0.004237053261574687,0.004930524202653125,0.04,0.0
42.0,4192.0,0.0,5.7173375487898874e-05,-0.004281541895995169,0.004837109776282752,0.08,0.0
43.0,4292.0,0.0,9.888316075846953e-05,-0.0027196482553270207,0.006366137732156968,0.08,0.0
44.0,4392.0,0.0,3.735150533108989e-05,-0.004762294948758448,0.004277603576124152,0.1,0.0
45.0,4492.0,0.0,7.22073418624002e-05,-0.005759937667298591,0.0032346909504448033,0.09,0.0
46.0,4587.0,1.0,0.0001372464375992749,-0.0025541901933761797,0.006410248271514023,0.11578947368421053,0.0
47.0,4687.0,0.0,0.00013960249841327643,0.004745362239511131,0.013691305405470533,0.13,0.0
48.0,4787.0,0.0,0.00018981630346241865,-0.002048939852023958,0.006855418858048256,0.09,0.0
49.0,4887.0,0.0,9.490782364130275e-05,-0.003551635155944448,0.005300163910234053,0.06,0.0
50.0,4987.0,0.0,0.00011520947382966379,-0.003787352957945202,0.005020996008413969,0.07,0.0
51.0,5087.0,0.0,7.981970930134162e-05,-0.0054351519228834095,0.0033148771323583495,0.09,0.0
52.0,5187.0,0.0,0.0001331708811039789,-0.004696151539683342,0.004024475977057591,0.11,0.0
53.0,5287.0,0.0,8.67270040839685e-05,-0.004512149253860116,0.0041656859335489575,0.09,0.0
54.0,5387.0,0.0,5.141152897977008e-05,-0.005463523119688034,0.003158636736916378,0.05,0.0
55.0,5487.0,0.0,8.63323233625124e-05,-0.005243661771528423,0.003336257563205436,0.11,0.0
56.0,5587.0,0.0,4.8766632380647935e-05,-0.00534122696146369,0.0032006600219756363,0.1,0.0
57.0,5687.0,0.0,4.4942211243323985e-05,-0.005866906335577369,0.002630828538676724,0.1,0.0
58.0,5787.0,0.0,3.645782943294762e-05,-0.005675748558714986,0.002790379626094364,0.11,0.0
59.0,5887.0,0.0,2.809094709391502e-05,-0.005557942120358348,0.0028662029502447696,0.1,0.0
60.0,5987.0,0.0,2.7214077326789266e-05,-0.00615165307186544,0.002242663275101222,0.09,0.0
61.0,6087.0,0.0,2.637467038766772e-05,-0.006099952743388712,0.0022581267316127197,0.08,0.0
62.0,6187.0,0.0,3.588436311474652e-05,-0.005596008892171085,0.002743517360650003,0.05,0.0
63.0,6287.0,0.0,2.7958804521404092e-05,-0.005825623339042067,0.002465734239667654,0.08,0.0
64.0,6387.0,0.0,1.9765880228987953e-05,-0.006480375044047832,0.001782682168413885,0.07,0.0
65.0,6487.0,0.0,1.73966651777846e-05,-0.00626002300530672,0.0019669968483503907,0.11,0.0
66.0,6587.0,0.0,2.0325350151324527e-05,-0.006238663657568395,0.001953552674385719,0.04,0.0
67.0,6675.0,1.0,0.00011413682009023515,-0.005175635223911906,0.0030018503338479522,0.09090909090909091,0.0
68.0,6775.0,0.0,7.734499382422655e-05,-0.006056206454522908,0.0020902273338288067,0.12,0.0
69.0,6838.0,0.0,0.00010485597975650943,-0.005554039556060045,0.0025690049505866473,0.07936507936507936,0.0
70.0,6938.0,0.0,0.00010974400941449858,-0.0059718553489074115,0.0021340120572131125,0.06,0.0
71.0,7038.0,0.0,9.571879430950503e-05,-0.006120516173541546,0.0019692608632612975,0.08,0.0
72.0,7138.0,0.0,7.408204218336323e-05,-0.005965580428019166,0.002087745641474612,0.08,0.0
73.0,7238.0,0.0,5.344533461538958e-05,-0.005881788576953113,0.0021417175530223176,0.15,0.0
74.0,7338.0,0.0,5.072408681826346e-05,-0.0059399981983006,0.0020479092129971834,0.14,0.0
75.0,7438.0,0.0,6.154794143185427e-05,-0.005853732489049435,0.002121804589405656,0.11,0.0
76.0,7538.0,0.0,5.182748072002141e-05,-0.0062084194226190445,0.0017439860926242545,0.09,0.0
77.0,7638.0,0.0,3.588534261325549e-05,-0.006362581811845303,0.0015544955141376703,0.16,0.0
78.0,7738.0,0.0,3.696205415508302e-05,-0.006267467080615461,0.0016201247874414548,0.14,0.0
79.0,7838.0,0.0,3.7463042226590914e-05,-0.006235185582190752,0.001638166275806725,0.07,0.0
80.0,7938.0,0.0,3.489118322249851e-05,-0.00599851347040385,0.001832216719049029,0.08,0.0
81.0,8038.0,0.0,4.3289638188070964e-05,-0.005616569286212325,0.002182125529507175,0.2,0.0
82.0,8138.0,0.0,0.00013006509409024147,-0.0055491668870672585,0.002242312335292809,0.15,0.0
83.0,8238.0,0.0,0.00019068735269684112,-0.005609383177943528,0.0021704464475624263,0.12,0.0
84.0,8338.0,0.0,0.00018527715639720554,-0.005918907420709729,0.0018679928430356085,0.13,0.0
85.0,8422.0,1.0,0.0001726488405135266,-0.005371010817942165,0.0024234024333834115,0.09523809523809523,0.0
86.0,8522.0,0.0,0.0001696468633963377,-0.005819621989503503,0.001963203209452331,0.14,0.0
87.0,8622.0,0.0,0.00011232872395339655,-0.00552094159880653,0.002230787770822644,0.09,0.0
88.0,8722.0,0.0,0.00015826710929104593,-0.005970885045826435,0.0017701191286323592,0.11,0.0
89.0,8822.0,0.0,0.0001760363519497332,-0.005849429373629391,0.001862718376214616,0.06,0.0
90.0,8922.0,0.0,0.0001371965377984452,-0.006284219799563289,0.001389569044113159,0.1,0.0
91.0,9022.0,0.0,0.00019667856526211835,-0.005621213610284031,0.002036542723653838,0.11,0.0
92.0,9122.0,0.0,0.00016508072294527665,-0.006125535564497114,0.0015353475650772453,0.12,0.0
93.0,9222.0,0.0,0.0001705066775684827,-0.006164555954746902,0.0014813972811680287,0.04,0.0
94.0,9322.0,0.0,0.00016663071251969087,-0.006175715709105134,0.0014565830980427562,0.18,0.0
95.0,9422.0,0.0,0.0002512838548864238,-0.006260428954847157,0.001395669319317676,0.21,0.0
96.0,9522.0,0.0,0.0002079068139755691,-0.006018845499493181,0.0015921034576604142,0.21,0.0
97.0,9622.0,0.0,0.00023460530312149785,-0.0063297951174899935,0.0013042218721238895,0.16,0.0
98.0,9685.0,1.0,0.0002264964400276926,-0.0063146232730812496,0.001303650081686173,0.1746031746031746,0.0
99.0,9785.0,0.0,0.00020476783629419515,-0.006020515768323093,0.0015961436508223415,0.15,0.0
100.0,9878.0,1.0,0.00023540132131392476,-0.006203199180984689,0.0013865624887428136,0.1827956989247312,0.0
101.0,9978.0,0.0,0.0002199067285255296,-0.006214828500524163,0.001374079369707033,0.17,0.0
102.0,10078.0,0.0,0.00017455552544561214,-0.005983664039522409,0.001588282154116314,0.12,0.0
103.0,10178.0,0.0,0.00019157813389028889,-0.006066024829633534,0.0015334516420261934,0.2,0.0
104.0,10278.0,0.0,0.00015597660010826074,-0.006016037599183619,0.0015278358492651022,0.14,0.0
105.0,10378.0,0.0,0.00016088243668491487,-0.006300517655909062,0.0012316374419606292,0.11,0.0
106.0,10478.0,0.0,0.000193960970864282,-0.006373791028745472,0.001166548746114131,0.16,0.0
107.0,10578.0,0.0,0.000213771949565853,-0.006213950482197106,0.0012899567119893619,0.16,0.0
108.0,10678.0,0.0,0.00017557265331561212,-0.006280275322496891,0.0012602752505335958,0.19,0.0
109.0,10778.0,0.0,0.00020579546791850588,-0.00629306276794523,0.0012300691253039986,0.17,0.0
110.0,10842.0,1.0,0.0001974181499235783,-0.006650572533544619,0.0008682055704412051,0.203125,0.0
111.0,10942.0,0.0,0.00022667653644020902,-0.006387496194802225,0.001095922056119889,0.23,0.0
112.0,11042.0,0.0,0.00019633681364211953,-0.006643684166483581,0.0008246862655505538,0.26,0.0
113.0,11142.0,0.0,0.0002744575391261606,-0.006586011834442616,0.0009144637655117549,0.1,0.0
114.0,11242.0,0.0,0.00023605873364431317,-0.006511955820024014,0.0009539468446746469,0.22,0.0
115.0,11327.0,1.0,0.00023346104601788443,-0.006367060049053501,0.0011229685031781522,0.21176470588235294,0.0
116.0,11427.0,0.0,0.0002495171626287629,-0.006518832752481103,0.0009596362311276607,0.15,0.0
117.0,11527.0,0.0,0.00028507023671409115,-0.006488804239779711,0.0009831968176877127,0.16,0.0
118.0,11627.0,0.0,0.0002576950422371738,-0.0063888776069507,0.0010992620835895651,0.14,0.0
119.0,11727.0,0.0,0.00031497648749791553,-0.006461779407691211,0.0009910679192398674,0.15,0.0
120.0,11827.0,0.0,0.00030261917207099033,-0.0064287076983600856,0.0009931840578792618,0.19,0.0
121.0,11927.0,0.0,0.00033488946413854135,-0.006360922595486045,0.0010904478662996553,0.18,0.0
122.0,12027.0,0.0,0.0003074451152497204,-0.006436312217265368,0.0009988052438711747,0.08,0.0
123.0,12127.0,0.0,0.0003246185674652224,-0.006659091450273991,0.0007466391360503622,0.19,0.0
124.0,12227.0,0.0,0.0003114932097378187,-0.006617286242544651,0.000779219268297311,0.18,0.0
125.0,12327.0,0.0,0.00033192851420608347,-0.0063972291443496945,0.0010004560471861624,0.22,0.0
126.0,12427.0,0.0,0.0003209254718240118,-0.0066092257108539346,0.0007950951551902108,0.08,0.0
127.0,12527.0,0.0,0.000312212776261731,-0.00616008851211518,0.0012490989788784645,0.14,0.0
128.0,12627.0,0.0,0.0003330802553682588,-0.006116948975250125,0.0012636636040406302,0.19,0.0
129.0,12727.0,0.0,0.00032118109724251555,-0.006285138097591698,0.001080991562048439,0.24,0.0
130.0,12827.0,0.0,0.00032639464028761723,-0.006051048508379608,0.0013181977820931933,0.21,0.0
131.0,12927.0,0.0,0.00034822078618162777,-0.006466296245343983,0.0009218210220569745,0.14,0.0
132.0,13027.0,0.0,0.00040695594943827016,-0.0059451716486364605,0.0014429402892710641,0.2,0.0
133.0,13127.0,0.0,0.00034342788851063235,-0.0062034866167232396,0.0011658779642311856,0.27,0.0
134.0,13227.0,0.0,0.00034339964600803795,-0.0062224111030809584,0.0011341240772162564,0.17,0.0
135.0,13327.0,0.0,0.00033479420533694793,-0.006310049367602915,0.0010174053703667597,0.15,0.0
136.0,13427.0,0.0,0.00038840429726406,-0.00636584953404963,0.0009807587674004025,0.19,0.0
137.0,13527.0,0.0,0.00044826658078818584,-0.005748389798682183,0.0016065140857244842,0.14,0.0
138.0,13627.0,0.0,0.0003843190026964294,-0.005939287133514881,0.0013944663087022491,0.22,0.0
139.0,13727.0,0.0,0.00034426733785949184,-0.005767373195849359,0.0015553248580545188,0.25,0.0
140.0,13827.0,0.0,0.0003522576680552447,-0.006222735494375229,0.0011436520220013335,0.22,0.0
141.0,13927.0,0.0,0.0003564091686712345,-0.0064568219007924196,0.0009270965472387616,0.22,0.0
142.0,14027.0,0.0,0.00042521945062617305,-0.006521083880215883,0.0008329722395865246,0.26,0.0
143.0,14127.0,0.0,0.00040013609708694275,-0.006139117991551757,0.001199618191458285,0.29,0.0
144.0,14227.0,0.0,0.0003941137815127149,-0.005950187691487372,0.001368422147934325,0.21,0.0
145.0,14327.0,0.0,0.00039040038027451376,-0.006324874237179756,0.0010271952269249596,0.23,0.0
146.0,14412.0,1.0,0.0004531073464450481,-0.00623021555297515,0.0011747260814231326,0.21176470588235294,0.0
147.0,14512.0,0.0,0.00047131594837992454,-0.005985991777852178,0.0014151233062148095,0.31,0.0
148.0,14584.0,1.0,0.0004531352313076948,-0.005865926602079223,0.0015743636156710433,0.20833333333333334,0.0
149.0,14681.0,1.0,0.00047320867054519654,-0.005537746145303563,0.0019457398922201822,0.21649484536082475,0.0
150.0,14781.0,0.0,0.0005291211578878574,-0.006559331603348255,0.0009082888017292134,0.13,0.0
151.0,14881.0,0.0,0.00045671787782339377,-0.006339564830996096,0.0011541462995228358,0.05,0.0
152.0,14981.0,0.0,0.0004433579892793205,-0.005760230128653347,0.0017520368238911033,0.22,0.0
153.0,15081.0,0.0,0.0005500889543327503,-0.006137586336117238,0.0013881944995955565,0.23,0.0
154.0,15181.0,0.0,0.00042909516792860814,-0.006429344099014998,0.0011326909257331863,0.27,0.0
155.0,15281.0,0.0,0.0004709806336904876,-0.00629698988283053,0.0012945906227105298,0.15,0.0
156.0,15381.0,0.0,0.00047014178679091853,-0.006596088889054954,0.0009396532553364523,0.32,0.0
157.0,15481.0,0.0,0.00044826398137956855,-0.0066106373164802786,0.0010339151881635189,0.22,0.0
158.0,15581.0,0.0,0.0005121123671415262,-0.0065285807894542814,0.001106940813770052,0.26,0.0
159.0,15681.0,0.0,0.00042340736021287737,-0.006584773762151599,0.0010215333444648423,0.27,0.0
160.0,15781.0,0.0,0.0004284577307407744,-0.006685397103428841,0.0009539753396529704,0.24,0.0
161.0,15848.0,1.0,0.0004988995946703979,-0.0065405979099224755,0.001089829313412392,0.208955223880597,0.0
162.0,15948.0,0.0,0.0005009725553099997,-0.006672077162656933,0.0009838691740878857,0.15,0.0
163.0,16048.0,0.0,0.0004393373754282948,-0.0066983308410272,0.0009749833094247151,0.17,0.0
164.0,16148.0,0.0,0.0005329681318835355,-0.006619907594285906,0.001025918007362634,0.24,0.0
165.0,16248.0,0.0,0.000491645299771335,-0.006463195686228574,0.0012630649050697684,0.32,0.0
166.0,16348.0,0.0,0.0005385984679742251,-0.006886403202079236,0.0008165559606277384,0.23,0.0
167.0,16448.0,0.0,0.0005293347692349926,-0.0067428564187139274,0.0009296776437258814,0.24,0.0
168.0,16548.0,0.0,0.0005161040113307536,-0.006539445472881198,0.001165341516607441,0.2,0.0
169.0,16631.0,1.0,0.000507689051677933,-0.006679161384432431,0.0010812766839475203,0.30120481927710846,0.0
170.0,16731.0,0.0,0.0005820466490695252,-0.006714006422553212,0.0010523540969006717,0.28,0.0
171.0,16800.0,1.0,0.0005774936825205721,-0.0066551497152102165,0.0011888971211442697,0.391304347826087,0.0
172.0,16900.0,0.0,0.0006263427439262159,-0.006659650029614567,0.0011595936569210607,0.18,0.0
173.0,17000.0,0.0,0.0005581584779429249,-0.007084747641347349,0.0007749224071449134,0.19,0.0
174.0,17100.0,0.0,0.0006050355167826637,-0.007024975824169815,0.0008249487950524781,0.3,0.0
175.0,17200.0,0.0,0.0006430261011701078,-0.006525683840736747,0.0012795847369125113,0.21,0.0
176.0,17300.0,0.0,0.0006788224328192883,-0.007086186311207712,0.0008283251372631639,0.18,0.0
177.0,17400.0,0.0,0.0006540826932177879,-0.006903618611395359,0.0009678315138444305,0.21,0.0
178.0,17500.0,0.0,0.0006486519561440218,-0.0068604546808637675,0.0010110842910944484,0.29,0.0
179.0,17600.0,0.0,0.0006805784808238968,-0.006860558390617371,0.0009981808127486147,0.25,0.0
180.0,17700.0,0.0,0.0006405900933896192,-0.006665038554929197,0.0012827651944826357,0.26,0.0
181.0,17800.0,0.0,0.0007902032564743422,-0.006960863461717964,0.0008964579700841568,0.36,0.0
182.0,17900.0,0.0,0.0007445414841640741,-0.006882978463545441,0.000997146859881468,0.22,0.0
183.0,18000.0,0.0,0.0007568469957914204,-0.006621604328975081,0.0012510844072676263,0.11,0.0
184.0,18100.0,0.0,0.0007523090860922821,-0.006936956271529198,0.0010188153557828628,0.29,0.0
185.0,18200.0,0.0,0.0007080882517038845,-0.006885814429260791,0.0011236147987074218,0.33,0.0
186.0,18288.0,1.0,0.0007138604841285004,-0.007035865887618539,0.0009910809153966097,0.25,0.0
187.0,18388.0,0.0,0.0007555868724011816,-0.0072638196079060436,0.0008125872383243404,0.2,0.0
188.0,18488.0,0.0,0.0007148943841457367,-0.007310678376816213,0.0007558656329638325,0.25,0.0
189.0,18588.0,0.0,0.0007044794617104344,-0.00696270399261266,0.0010757293604547159,0.23,0.0
190.0,18685.0,1.0,0.0008790736109469586,-0.006999684416103302,0.0011293062377365824,0.35051546391752575,0.0
191.0,18785.0,0.0,0.0008658677057246677,-0.007220128527842462,0.0008536808619101067,0.38,0.0
192.0,18885.0,0.0,0.0008553662791382521,-0.006780420979484916,0.0013655149639816954,0.23,0.0
193.0,18985.0,0.0,0.0008462469346704893,-0.0068386618606746195,0.0013066491985227913,0.24,0.0
194.0,19085.0,0.0,0.0008162886780337431,-0.006928902612999082,0.001265392346540466,0.33,0.0
195.0,19182.0,1.0,0.0009672760149732846,-0.0068349685500731176,0.0013628681757386543,0.27835051546391754,0.0
196.0,19282.0,0.0,0.000976589639321901,-0.007343382430262863,0.0009161796010448598,0.35,0.0
197.0,19382.0,0.0,0.0009072547327377833,-0.007360274619422853,0.0009118665065034293,0.23,0.0
198.0,19482.0,0.0,0.0009291969815967604,-0.007340928125195205,0.0009754987929773051,0.25,0.0
199.0,19582.0,0.0,0.0009502955473726615,-0.0072837178921327,0.0010639640109729952,0.34,0.0
200.0,19682.0,0.0,0.0009809041331754998,-0.0072910421015694735,0.0009941239585168659,0.42,0.0
201.0,19782.0,0.0,0.0009450304124038666,-0.007161217364482581,0.0012163319444516674,0.23,0.0
202.0,19882.0,0.0,0.0009311811288353056,-0.007250575656071305,0.0011441841820487753,0.38,0.0
203.0,19965.0,1.0,0.0010632652816003614,-0.007261052121778569,0.0011370045284415226,0.3253012048192771,0.0
204.0,20065.0,0.0,0.0010342712339479476,-0.007429622798226774,0.00100647950603161,0.28,0.0
205.0,20165.0,0.0,0.001046951733296737,-0.007480607801117003,0.0010530944034690037,0.29,0.0
206.0,20265.0,0.0,0.0011360460694413632,-0.007407667799852789,0.001141378902248107,0.27,0.0
207.0,20365.0,0.0,0.001089511878672056,-0.007204520562663674,0.001368955747166183,0.34,0.0
208.0,20465.0,0.0,0.001134023362537846,-0.007364929565228522,0.0012365262460662051,0.27,0.0
209.0,20562.0,0.0,0.0011916010701769637,-0.007456821096657785,0.0011731395038857711,0.29896907216494845,0.0
210.0,20662.0,0.0,0.0012432393216295168,-0.0071780612366274,0.0014854925594408996,0.35,0.0
211.0,20762.0,0.0,0.0012430284381844104,-0.007589421514421701,0.0011069237024639734,0.45,0.0
212.0,20862.0,0.0,0.0014127658429788426,-0.007587822349742055,0.0011436928645707667,0.33,0.0
213.0,20947.0,1.0,0.0013604086947024746,-0.007686349201728316,0.001158443688045201,0.3058823529411765,0.0
214.0,21047.0,0.0,0.0013688606093637645,-0.007831577281467616,0.0009900739771546796,0.33,0.0
215.0,21147.0,0.0,0.0013974299264373257,-0.007751642484217882,0.0011358010800904595,0.3,0.0
216.0,21247.0,0.0,0.0014010519906878472,-0.008059951774775982,0.0008783467800822109,0.32,0.0
217.0,21347.0,0.0,0.0013964820880210027,-0.007892667399719357,0.0011587554545258172,0.34,0.0
218.0,21447.0,0.0,0.001451569437631406,-0.00756393960211426,0.001472160477133002,0.35,0.0
219.0,21547.0,0.0,0.0014315367530798539,-0.007861407343298196,0.0012402562925126403,0.35,0.0
220.0,21647.0,0.0,0.0014206621993798762,-0.007816550694406033,0.0012866600218694657,0.3,0.0
221.0,21747.0,0.0,0.0014743934624129906,-0.008315988904796541,0.00089964908111142,0.39,0.0
222.0,21795.0,0.0,0.0015327744137418147,-0.008103382385646304,0.0011860001013701549,0.16666666666666666,0.0
223.0,21850.0,0.0,0.0016155423638834195,-0.00816927275366404,0.0011008511911231008,0.32727272727272727,0.0
224.0,21950.0,0.0,0.001494655993883498,-0.008375475155189634,0.0010133718146244064,0.46,0.0
225.0,22050.0,0.0,0.0014998513110913336,-0.008361393343657255,0.0010028242153930478,0.31,0.0
226.0,22150.0,0.0,0.0014962069387547672,-0.008461512615904212,0.0008827883977210149,0.26,0.0
227.0,22250.0,0.0,0.0015166852343827487,-0.008616412337869406,0.0008176804840331897,0.35,0.0
228.0,22350.0,0.0,0.0015347763855243102,-0.008800411350093781,0.0007127797522116453,0.3,0.0
229.0,22450.0,0.0,0.0015412996098166333,-0.008521698308177292,0.0009909872467687819,0.39,0.0
230.0,22550.0,0.0,0.0015708040865138172,-0.00840466215275228,0.0011955403692263645,0.29,0.0
231.0,22650.0,0.0,0.001661193315521814,-0.008680145121179522,0.0009035690114251337,0.27,0.0
232.0,22750.0,0.0,0.0015657466824632138,-0.008791436445899308,0.0008093123909202405,0.3,0.0
233.0,22850.0,0.0,0.0016587386548053474,-0.008781085573136806,0.0008923802997742314,0.27,0.0
234.0,22950.0,0.0,0.0016878338099922984,-0.008752485113218427,0.0009861964898300356,0.39,0.0
235.0,23050.0,0.0,0.0016489783918950706,-0.00885985530912876,0.0008978048368589953,0.39,0.0
236.0,23150.0,0.0,0.001660062270821072,-0.008710347642190754,0.0011168873411952517,0.45,0.0
237.0,23250.0,0.0,0.0017424594471231103,-0.008927821312099696,0.0009738726426439825,0.32,0.0
238.0,23350.0,0.0,0.0015731446095742286,-0.008880526279099285,0.001000589724862948,0.42,0.0
239.0,23450.0,0.0,0.0016601448704022914,-0.00925239156000316,0.0007577097616740503,0.35,0.0
240.0,23550.0,0.0,0.0016720848955446854,-0.009219671124592424,0.0007860479965165723,0.37,0.0
241.0,23650.0,0.0,0.0015949727455154062,-0.009350736495107412,0.0007110192783875391,0.35,0.0
242.0,23750.0,0.0,0.0016416655387729406,-0.009290828052908182,0.0008228967113245744,0.37,0.0
243.0,23850.0,0.0,0.001655258841929026,-0.009468021905049681,0.0006843103271967266,0.45,0.0
244.0,23950.0,0.0,0.0015827495872508734,-0.009535337761044503,0.0006702324429352303,0.38,0.0
245.0,24050.0,0.0,0.001602044077590108,-0.00947629743721336,0.0008032425997953396,0.3,0.0
246.0,24150.0,0.0,0.0015429048147052526,-0.009475253848358988,0.0008152000831614714,0.31,0.0
247.0,24250.0,0.0,0.0014960359560791403,-0.009152262597344816,0.0011659346566011664,0.43,0.0
248.0,24350.0,0.0,0.0015315995545824989,-0.009164795083925127,0.001099083845037967,0.18,0.0
249.0,24450.0,0.0,0.0014314260601531715,-0.00922259621322155,0.001075739413499832,0.33,0.0
250.0,24550.0,0.0,0.0014662451483309269,-0.00932132262736559,0.0009948440792504698,0.42,0.0
251.0,24650.0,0.0,0.0015551921824226156,-0.00954532764852047,0.0008390698552830145,0.44,0.0
252.0,24750.0,0.0,0.0014721505012130365,-0.009378309263847768,0.0010200026235543192,0.41,0.0
253.0,24850.0,0.0,0.0015512550808489322,-0.009678242704831063,0.0008012244732526596,0.21,0.0
254.0,24950.0,0.0,0.0014062065706821158,-0.009769983631558716,0.0007439123316726182,0.34,0.0
255.0,25047.0,1.0,0.001373296317322775,-0.009495593948270549,0.00105089114405234,0.28865979381443296,0.0
256.0,25147.0,0.0,0.0013987488677958027,-0.009645586721599103,0.0009035143311484717,0.43,0.0
257.0,25247.0,0.0,0.0013476513139903546,-0.009621727601625026,0.0009270645251672249,0.32,0.0
258.0,25347.0,0.0,0.0014013684407109394,-0.009964949255809187,0.0007250559329986572,0.34,0.0
259.0,25447.0,0.0,0.0014742970140650868,-0.009896811954677105,0.0007211054785875603,0.34,0.0
260.0,25547.0,0.0,0.001325824472005479,-0.009806694672442972,0.0008608887594891712,0.4,0.0
261.0,25647.0,0.0,0.0013157907669665292,-0.009932380989193917,0.0007587297713325824,0.44,0.0
262.0,25747.0,0.0,0.001421634377911687,-0.009918217058293521,0.000815625614777673,0.39,0.0
263.0,25847.0,0.0,0.0013708166166907176,-0.009870139663107694,0.0008879339339910075,0.36,0.0
264.0,25947.0,0.0,0.0013561340275919066,-0.009840693469159304,0.0009820689185289666,0.54,0.0
265.0,26047.0,0.0,0.0014038366812746971,-0.009925288767553865,0.0008846311911474914,0.36,0.0
266.0,26147.0,0.0,0.0013345356832724065,-0.009788705427199602,0.0010547547020541969,0.47,0.0
267.0,26247.0,0.0,0.001373789301724173,-0.010198728777468205,0.0006995844232733361,0.28,0.0
268.0,26347.0,0.0,0.001384574138210155,-0.009962621335871518,0.0009640788024989889,0.32,0.0
269.0,26447.0,0.0,0.0012601861043367536,-0.010149859115481377,0.0008010725973872468,0.52,0.0
270.0,26547.0,0.0,0.0013417645101435483,-0.010045764171518385,0.0008944171451730654,0.33,0.0
271.0,26609.0,1.0,0.0013439471724503223,-0.010259368802390752,0.0007343860488617793,0.27419354838709675,0.0
272.0,26709.0,0.0,0.001288794683641754,-0.010062406584620476,0.0009729824705573265,0.33,0.0
273.0,26809.0,0.0,0.0012308696913532913,-0.010322130983695388,0.0007321598287671804,0.36,0.0
274.0,26909.0,0.0,0.0012310789653565734,-0.010118232686072587,0.000923161191312829,0.36,0.0
275.0,27009.0,0.0,0.0012383408041205257,-0.010121379299089312,0.0008800812100525946,0.47,0.0
276.0,27109.0,0.0,0.0012301903881598265,-0.010119381891563535,0.0009660881932359188,0.28,0.0
277.0,27209.0,0.0,0.001239191595814191,-0.010278333798050881,0.0008504495382658206,0.39,0.0
278.0,27228.0,0.0,0.0011428536718564206,-0.010158180847371879,0.0009198483588223002,0.21052631578947367,0.0
279.0,27328.0,0.0,0.0012676605663727968,-0.010107546434737743,0.0009877344472624828,0.43,0.0
280.0,27428.0,0.0,0.0012268776691053062,-0.010274523831903935,0.0008748395805014298,0.47,0.0
281.0,27528.0,0.0,0.001214064541272819,-0.010336664076894521,0.0008358125772792846,0.23,0.0
282.0,27628.0,0.0,0.0012945138284703717,-0.010059616263024509,0.001080871088342974,0.35,0.0
283.0,27728.0,0.0,0.0011844148806994781,-0.010264737252146005,0.0008798678312450647,0.37,0.0
284.0,27828.0,0.0,0.001135767821688205,-0.010281789526343345,0.000870516765571665,0.3,0.0
285.0,27928.0,0.0,0.0011406398273538798,-0.010407103961333632,0.0007243210781598463,0.44,0.0
286.0,28028.0,0.0,0.0011348746594740079,-0.010280842082574964,0.0008414761669700966,0.37,0.0
287.0,28128.0,0.0,0.001162543707760051,-0.010292127830907702,0.0009123062444268726,0.35,0.0
288.0,28228.0,0.0,0.001125319715938531,-0.010357047645375133,0.0008322987085557543,0.42,0.0
289.0,28328.0,0.0,0.0011607493116753175,-0.010436898814514279,0.000768506069725845,0.43,0.0
290.0,28428.0,0.0,0.0011520705732982605,-0.010269896779209375,0.0008919381305167917,0.23,0.0
291.0,28528.0,0.0,0.001141760924947448,-0.010349687589332461,0.0008644382355851121,0.37,0.0
292.0,28628.0,0.0,0.0011655936297029256,-0.010425623720511795,0.0008419550870894455,0.5,0.0
293.0,28728.0,0.0,0.001079129827558063,-0.010381953846663237,0.0008274979521229398,0.48,0.0
294.0,28828.0,0.0,0.0011363639507908374,-0.010342638939619064,0.0009118647934519686,0.51,0.0
295.0,28908.0,0.0,0.0011358255382219796,-0.010313929634867236,0.0009098898317461135,0.6,0.0
296.0,29008.0,0.0,0.0010658719774801284,-0.010509833041578532,0.0007925951771903784,0.53,0.0
297.0,29108.0,0.0,0.0010537355701671913,-0.01038081744685769,0.0008831415686290711,0.46,0.0
298.0,29208.0,0.0,0.0010912715911399573,-0.010453176693990826,0.0007918810573755763,0.47,0.0
299.0,29308.0,0.0,0.0010442434920696542,-0.010498646087944508,0.0007186067648581229,0.47,0.0
300.0,29408.0,0.0,0.0010634005983592943,-0.010344797056168318,0.00087894655065611,0.44,0.0
301.0,29508.0,0.0,0.001069946697098203,-0.010391644490882755,0.0008443422350683249,0.17,0.0
302.0,29608.0,0.0,0.0009978008083999157,-0.01054138422012329,0.0006708315422292799,0.38,0.0
303.0,29708.0,0.0,0.0011138913105241954,-0.01034365851432085,0.0008693692737142555,0.41,0.0
304.0,29808.0,0.0,0.0010084515193011612,-0.01028350189793855,0.0009064573135401588,0.38,0.0
305.0,29908.0,0.0,0.0009964035835582762,-0.01047778788022697,0.0006826449862273876,0.38,0.0
306.0,30008.0,0.0,0.0009313579188892618,-0.010551575059071183,0.000683669932623161,0.45,0.0
307.0,30108.0,0.0,0.0009975293430034072,-0.01047895772382617,0.0006985645333770663,0.41,0.0
308.0,30208.0,0.0,0.000943914937088266,-0.010532368626445531,0.000659711175103439,0.27,0.0
309.0,30308.0,0.0,0.00100660014199093,-0.010138301798142492,0.0010223755906918087,0.57,0.0
310.0,30408.0,0.0,0.0010026212478987872,-0.010431606816127896,0.0007655309485562612,0.48,0.0
311.0,30508.0,0.0,0.0010182260372675956,-0.010528148766607046,0.0006520898549933917,0.48,0.0
312.0,30608.0,0.0,0.0009514958225190639,-0.01049434150569141,0.0006611394594074227,0.42,0.0
313.0,30708.0,0.0,0.0009241907828254625,-0.010431391866877675,0.0007356040853483136,0.44,0.0
314.0,30808.0,0.0,0.0010305797535693274,-0.010297918603755533,0.0009049794454767835,0.41,0.0
315.0,30908.0,0.0,0.0009584377083228901,-0.010377304991707206,0.0007645455117744859,0.52,0.0
316.0,31008.0,0.0,0.0009496677404968068,-0.010134182265028357,0.001000474477186799,0.44,0.0
317.0,31108.0,0.0,0.0010058318916708231,-0.010030690897256136,0.0010727511535515077,0.59,0.0
318.0,31208.0,0.0,0.001010781613877043,-0.010489318538457155,0.0006542224892473314,0.57,0.0
319.0,31308.0,0.0,0.0009111449687043204,-0.010419974708929658,0.0007137824056553655,0.36,0.0
320.0,31408.0,0.0,0.0008964976225979627,-0.010419379766099156,0.000680658868222963,0.33,0.0
321.0,31508.0,0.0,0.0009616022068075835,-0.01016469911672175,0.0009405739222711418,0.41,0.0
322.0,31608.0,0.0,0.0009094358875881881,-0.009977170154452325,0.0011187867220724002,0.42,0.0
323.0,31708.0,0.0,0.0008788207394536585,-0.010185933783650397,0.0008537143522698898,0.51,0.0
324.0,31808.0,0.0,0.0009266434365417808,-0.01032734703272581,0.0007855229910637717,0.43,0.0
325.0,31908.0,0.0,0.0009857212845236062,-0.01025803463999182,0.0007919912737270351,0.3,0.0
326.0,32008.0,0.0,0.000989178857416846,-0.010272974828258157,0.0007489453245943878,0.32,0.0
327.0,32108.0,0.0,0.0009722385375062004,-0.010350560620427132,0.0006594930881692562,0.53,0.0
328.0,32208.0,0.0,0.0009059890813659877,-0.010324938166886568,0.0006539506117405836,0.58,0.0
329.0,32308.0,0.0,0.0008975976426154375,-0.010173987820744515,0.0008149865735322237,0.59,0.0
330.0,32408.0,0.0,0.0008836230012821034,-0.01009567447938025,0.0009281638763786759,0.35,0.0
331.0,32508.0,0.0,0.0008487975061871111,-0.010289695970714092,0.0006427225543302483,0.43,0.0
332.0,32608.0,0.0,0.0008157011476578191,-0.010379946888424457,0.000616844114556443,0.4,0.0
333.0,32708.0,0.0,0.0008911676960997283,-0.010107738794758916,0.0008705066432594322,0.54,0.0
334.0,32808.0,0.0,0.000885704672546126,-0.010258950321003794,0.0006513053725939244,0.53,0.0
335.0,32908.0,0.0,0.0008714715141104534,-0.010091877509839833,0.0008628441416658461,0.42,0.0
336.0,33008.0,0.0,0.0008390933909686282,-0.010049992008134723,0.0008722283248789608,0.54,0.0
337.0,33108.0,0.0,0.0008808341628173366,-0.009849224942736328,0.0010796102781023365,0.67,0.0
338.0,33208.0,0.0,0.0009303014597389848,-0.010250545078888536,0.000655361186945811,0.57,0.0
339.0,33308.0,0.0,0.0009247430379036814,-0.010272502526640892,0.000650521597272018,0.31,0.0
340.0,33408.0,0.0,0.0008585702383425087,-0.010128321135416627,0.0007441461701819207,0.35,0.0
341.0,33508.0,0.0,0.0008765714391483925,-0.009982944875955581,0.0008617830910952762,0.47,0.0
342.0,33608.0,0.0,0.000843103300430812,-0.010018109679222106,0.0007819864357588813,0.38,0.0
343.0,33708.0,0.0,0.00086548532708548,-0.010109950476326048,0.0007263327777036466,0.39,0.0
344.0,33808.0,0.0,0.0007994992600288242,-0.010219513177871705,0.0006231942414888181,0.43,0.0
345.0,33908.0,0.0,0.0008647580054821447,-0.010102855982258916,0.0006993984984001145,0.54,0.0
346.0,34008.0,0.0,0.0008900357317179441,-0.009829541426151991,0.0009537260813522152,0.47,0.0
347.0,34108.0,0.0,0.0008004675299162045,-0.009980049571022392,0.000777393139724154,0.43,0.0
348.0,34208.0,0.0,0.0009424434002721682,-0.009991410383954645,0.0007670111270272173,0.5,0.0
349.0,34308.0,0.0,0.0008513798657804728,-0.010076676411554217,0.0006748182918818201,0.63,0.0
350.0,34408.0,0.0,0.0009490044246194884,-0.010088668940588831,0.0006650063884444535,0.51,0.0
351.0,34508.0,0.0,0.0009301051101647317,-0.00980016054585576,0.0009105885007011238,0.55,0.0
352.0,34608.0,0.0,0.0009773814445361495,-0.009859679848887026,0.0009156325076764915,0.42,0.0
353.0,34708.0,0.0,0.0009814436058513821,-0.009940935191698372,0.0007910478704434353,0.34,0.0
354.0,34808.0,0.0,0.0009633158997166902,-0.009765572887845337,0.0009027060405060183,0.29,0.0
355.0,34908.0,0.0,0.0008789570484077558,-0.009879340510815382,0.0008316157828085124,0.48,0.0
356.0,35008.0,0.0,0.0008711770080844872,-0.009937009289860726,0.0007223238934238907,0.32,0.0
357.0,35108.0,0.0,0.0009390130912652239,-0.009958155304193497,0.0007817932417674456,0.66,0.0
358.0,35208.0,0.0,0.0008250722254160792,-0.009868963318876923,0.0008222571102669462,0.32,0.0
359.0,35308.0,0.0,0.0009112173278117553,-0.009804823324084283,0.0008424451937025879,0.53,0.0
360.0,35408.0,0.0,0.0008824706007726491,-0.009799926239065827,0.0008721008204156533,0.37,0.0
361.0,35508.0,0.0,0.0009067430475261062,-0.009714007885195315,0.0008819476021744776,0.29,0.0
362.0,35608.0,0.0,0.0008160443749511614,-0.00978288812097162,0.0008492875001684297,0.22,0.0
363.0,35702.0,1.0,0.000846166862794099,-0.00984028437511718,0.0007356797906005398,0.18085106382978725,0.0
364.0,35802.0,0.0,0.0009386014949996025,-0.009968164339661599,0.0006310727284289896,0.53,0.0
365.0,35902.0,0.0,0.0009354637679643929,-0.009939016550779342,0.0006326735293259845,0.5,0.0
366.0,35984.0,1.0,0.0009577821815250124,-0.009574897570262959,0.0009904448537471158,0.47560975609756095,0.0
367.0,36084.0,0.0,0.0009772359527414664,-0.009842561362311243,0.0007168055337388069,0.58,0.0
368.0,36184.0,0.0,0.0009280700978706591,-0.009562228508293628,0.0009580108258523978,0.51,0.0
369.0,36284.0,0.0,0.0008904021640773862,-0.009522879351861776,0.0010267751483479515,0.41,0.0
370.0,36384.0,0.0,0.0008806380862370133,-0.009686741176992655,0.0008828986994922161,0.71,0.0
371.0,36484.0,0.0,0.0008861534151947126,-0.00957867742050439,0.0009257497264479752,0.61,0.0
372.0,36584.0,0.0,0.0009545979538233951,-0.009606500416994094,0.0008763401338364929,0.23,0.0
373.0,36684.0,0.0,0.0008589466841658577,-0.00933446794282645,0.0011302899778820575,0.55,0.0
374.0,36784.0,0.0,0.0010181984485825523,-0.009267778168432415,0.0011655576451448724,0.59,0.0
375.0,36884.0,0.0,0.0009372281265677884,-0.009420350277796388,0.0010316905356012286,0.37,0.0
376.0,36984.0,0.0,0.0009069709049072117,-0.009609222379513085,0.0008018228173023089,0.58,0.0
377.0,37084.0,0.0,0.0008929773984709755,-0.009501126138493418,0.0008964080296573229,0.53,0.0
378.0,37184.0,0.0,0.0009306354424916208,-0.009357968932017685,0.0010364469612250105,0.55,0.0
379.0,37284.0,0.0,0.00087056677963119,-0.009391217231750489,0.0010234436535392888,0.15,0.0
380.0,37384.0,0.0,0.000934750625747256,-0.009394510565325618,0.0010245655832113699,0.37,0.0
381.0,37481.0,1.0,0.0009526774130003123,-0.009458117926320465,0.0009190027524606738,0.4536082474226804,0.0
382.0,37581.0,0.0,0.0009808049857383595,-0.009536406332626939,0.0008179136298713274,0.31,0.0
383.0,37681.0,0.0,0.0009393623372307047,-0.009352374654263258,0.001015116586786462,0.48,0.0
384.0,37781.0,0.0,0.0008781720994738861,-0.009419594104401767,0.0009255898671108299,0.57,0.0
385.0,37881.0,0.0,0.0009286627336405217,-0.009341333466582,0.0010905769100645556,0.61,0.0
386.0,37981.0,0.0,0.0009456400433555246,-0.009381356197409332,0.0009762438017060049,0.4,0.0
387.0,38081.0,0.0,0.000870646692928858,-0.009381423015147447,0.0009521266620140523,0.57,0.0
388.0,38179.0,0.0,0.0009069796229893228,-0.00949664639156996,0.0008063456619738088,0.6428571428571429,0.0
389.0,38279.0,0.0,0.0009102343517588451,-0.009346270225942135,0.0009019981492019724,0.36,0.0
390.0,38326.0,0.0,0.0008624347863084776,-0.009168834663293463,0.0011132657688923497,0.6808510638297872,0.0
391.0,38426.0,0.0,0.0009142573940334841,-0.009368061879649758,0.0009151591602130793,0.56,0.0
392.0,38526.0,0.0,0.0008884678722824902,-0.009183583590202033,0.00107287504375563,0.3,0.0
393.0,38626.0,0.0,0.0009451658325269818,-0.00928319881670177,0.0009536126395687461,0.39,0.0
394.0,38726.0,0.0,0.000967596581322141,-0.009098243797197939,0.0011192918056622148,0.44,0.0
395.0,38826.0,0.0,0.0009011889278190211,-0.009254805096425116,0.000939156870736042,0.61,0.0
396.0,38926.0,0.0,0.0009502111619804055,-0.009199486915022134,0.0010366945760324597,0.5,0.0
397.0,39026.0,0.0,0.0009693758026696742,-0.009252106035128237,0.000973265249049291,0.45,0.0
398.0,39126.0,0.0,0.0009732484462438151,-0.00929324007127434,0.0009113617794355378,0.42,0.0
399.0,39226.0,0.0,0.0009153669886291027,-0.009378891391679644,0.0008241109972004779,0.49,0.0
400.0,39326.0,0.0,0.0009607396210776642,-0.009307152321562172,0.0008702620101394132,0.47,0.0
401.0,39426.0,0.0,0.0009395757579477504,-0.009260477065108717,0.000942744856729405,0.73,0.0
402.0,39448.0,0.0,0.0008947421341541816,-0.009421247396279465,0.0007397095561662519,0.5454545454545454,0.0
403.0,39548.0,0.0,0.0009415511979022995,-0.009113014447502793,0.0010653710168844555,0.43,0.0
404.0,39637.0,1.0,0.0009147969893378656,-0.009010371422457896,0.0011108062266675608,0.6404494382022472,0.0
405.0,39737.0,0.0,0.0009294164716266096,-0.009192021982744335,0.0009029467396612745,0.52,0.0
406.0,39837.0,0.0,0.000944311172934249,-0.009384374441578984,0.0007640192858525552,0.58,0.0
407.0,39937.0,0.0,0.0009353313647443429,-0.009211911987513303,0.000868538131180685,0.4,0.0
408.0,39993.0,1.0,0.000960612805751485,-0.009365001535375736,0.0007905081417577874,0.44642857142857145,0.0
409.0,40054.0,1.0,0.0008596547766680234,-0.009242602654534285,0.0008544896693029975,0.4098360655737705,0.0
410.0,40154.0,0.0,0.0008488885354017839,-0.00935133493039757,0.0007331212682765908,0.57,0.0
411.0,40254.0,0.0,0.0008739745110506192,-0.009190337685868143,0.0009058728971285745,0.63,0.0
412.0,40354.0,0.0,0.0009365867055021226,-0.00932261158246547,0.0007633320927561727,0.64,0.0
413.0,40454.0,0.0,0.000999675540952012,-0.00917617482598871,0.0008686777892580722,0.49,0.0
414.0,40554.0,0.0,0.0010269282123772428,-0.009101934102363884,0.0009492024048813618,0.33,0.0
415.0,40654.0,0.0,0.0009969830402405933,-0.009191493717953563,0.0008336774414055981,0.58,0.0
416.0,40754.0,0.0,0.001031448176363483,-0.009076446108520032,0.0009932480129646137,0.75,0.0
417.0,40854.0,0.0,0.000935273053473793,-0.009024650128558277,0.001046774048008956,0.43,0.0
418.0,40954.0,0.0,0.000998380554956384,-0.008997424403205515,0.001039150832075393,0.53,0.0
419.0,41054.0,0.0,0.0009843403054401278,-0.009069703626446426,0.0009630118784843944,0.49,0.0
420.0,41154.0,0.0,0.0009744166268501431,-0.009247945542447268,0.0007940189394867048,0.76,0.0
421.0,41250.0,1.0,0.0009918912613405457,-0.009085572344095757,0.0009509972339098264,0.4583333333333333,0.0
422.0,41350.0,0.0,0.0009759545570705086,-0.009299265719018877,0.0007393059536116198,0.26,0.0
423.0,41450.0,0.0,0.0009626336005749181,-0.009235495310276747,0.0007775337107887026,0.51,0.0
424.0,41550.0,0.0,0.0010788680292898789,-0.009112230520695448,0.0008481263734574896,0.5,0.0
425.0,41627.0,1.0,0.0010133658659753281,-0.009190138060502805,0.0008012728329805367,0.6883116883116883,0.0
426.0,41727.0,0.0,0.0009888513362966479,-0.009080923642031849,0.0009085012637660839,0.77,0.0
427.0,41827.0,0.0,0.0009824864886468277,-0.009012368018738925,0.0009210397300194017,0.54,0.0
428.0,41927.0,0.0,0.0009859124856302515,-0.008878505458123982,0.0010975495625461917,0.53,0.0
429.0,42027.0,0.0,0.0010169643245171755,-0.008639757558703422,0.0013288912738789805,0.51,0.0
430.0,42127.0,0.0,0.0010056989639997483,-0.009084589038975537,0.0008857719926163555,0.61,0.0
431.0,42227.0,0.0,0.0010522603132994846,-0.008986245696432889,0.000971576307201758,0.45,0.0
432.0,42327.0,0.0,0.001053762329975143,-0.00907053896225989,0.000860255217703525,0.61,0.0
433.0,42415.0,1.0,0.0010432109173217957,-0.009019743746400556,0.0008783944843096172,0.5568181818181818,0.0
434.0,42515.0,0.0,0.0011113747401395812,-0.009035487384535372,0.0009293838172743563,0.53,0.0
435.0,42615.0,0.0,0.0010553593025542797,-0.009020075160078704,0.0008882431780511978,0.62,0.0
436.0,42715.0,0.0,0.0011257981945527718,-0.008897474883124232,0.0010697187634650619,0.46,0.0
437.0,42815.0,0.0,0.0011241823446471245,-0.008857145975343882,0.0010908892317092979,0.62,0.0
438.0,42915.0,0.0,0.0011307288974057883,-0.008940433352254331,0.0009838937927270307,0.64,0.0
439.0,42951.0,0.0,0.001060209756057399,-0.009083532184983293,0.0008914807355419422,0.8055555555555556,0.0
440.0,43051.0,0.0,0.001163120346609503,-0.009087843522429466,0.0009240399496047758,0.42,0.0
441.0,43151.0,0.0,0.0011897766095353291,-0.009014115873724223,0.0009188249742146581,0.63,0.0
442.0,43251.0,0.0,0.0011283829720923678,-0.009068831061013043,0.0008503186456800904,0.76,0.0
443.0,43351.0,0.0,0.0011823365371674299,-0.008817948116920889,0.0010784738190704956,0.62,0.0
444.0,43451.0,0.0,0.0012098784232512116,-0.008946789689362048,0.0009923012705985456,0.73,0.0
445.0,43551.0,0.0,0.0011493926256662234,-0.008977834121324121,0.0009529420427861623,0.53,0.0
446.0,43651.0,0.0,0.0010935590596636757,-0.008955668560229241,0.0009489205451973248,0.44,0.0
447.0,43751.0,0.0,0.0011238914960995316,-0.0088601801590994,0.0010520424935384653,0.56,0.0
448.0,43851.0,0.0,0.0010443350509740411,-0.0090636515757069,0.0009000441219541244,0.38,0.0
449.0,43925.0,1.0,0.001086492818226484,-0.009052350689229128,0.0009057714363538056,0.6216216216216216,0.0
450.0,44025.0,0.0,0.0011037789576221258,-0.009043549005873501,0.0008546119829406962,0.48,0.01
451.0,44125.0,0.0,0.001159860038314946,-0.008795328405685723,0.0010570416430709883,0.71,0.01
452.0,44225.0,0.0,0.0012220258096931503,-0.008966756877489388,0.0009929901928990147,0.72,0.01
453.0,44288.0,1.0,0.001233948891731127,-0.009078496047073887,0.0009317535062557057,0.6666666666666666,0.01
454.0,44388.0,0.0,0.0012792585621355101,-0.008953100927174091,0.0009338822032441386,0.67,0.01
455.0,44488.0,0.0,0.0012212757335510105,-0.009103748262859881,0.0008682408556342125,0.55,0.01
456.0,44588.0,0.0,0.0011870415817247704,-0.008881097678095102,0.0010511961657903156,0.42,0.01
457.0,44688.0,0.0,0.0011955992237199099,-0.008883140096440912,0.001088066722440999,0.67,0.01
458.0,44788.0,0.0,0.001223183262627572,-0.008803130509331823,0.0011587409052299337,0.58,0.01
459.0,44888.0,0.0,0.0011558965925360098,-0.008857910702936352,0.001062716249434743,0.81,0.01
460.0,44988.0,0.0,0.0011227351159323008,-0.008923689345829188,0.000999961279303534,0.49,0.01
461.0,45088.0,0.0,0.0011728759715333582,-0.008934568879194558,0.0010148369027592708,0.58,0.01
462.0,45163.0,1.0,0.0011952173570170998,-0.008892001770436763,0.0010466775911239286,0.5466666666666666,0.01
463.0,45263.0,0.0,0.0011996855709003286,-0.009062105333432555,0.0008459705638233572,0.5,0.01
464.0,45363.0,0.0,0.0012421157368225977,-0.009058113666251302,0.0008937358277034946,0.25,0.01
465.0,45463.0,0.0,0.0012957798398565501,-0.008945948332548142,0.0010278856809600256,0.61,0.01
466.0,45563.0,0.0,0.0012991330691147595,-0.009075054628774525,0.0008846811021794565,0.39,0.01
467.0,45663.0,0.0,0.0013879512017592787,-0.008936240789480507,0.0009384403660078533,0.61,0.01
468.0,45741.0,1.0,0.0012472929009116995,-0.009081941599456163,0.0008878726915169794,0.6923076923076923,0.01
469.0,45841.0,0.0,0.00128977142740041,-0.00914759211242199,0.0008493569184793159,0.49,0.01
470.0,45902.0,1.0,0.0013916738861866418,-0.009019112084671611,0.0009717784013759467,0.6065573770491803,0.01
471.0,46002.0,0.0,0.0013344426272669807,-0.009128557662479579,0.000859545542334672,0.55,0.01
472.0,46102.0,0.0,0.0012875493703177199,-0.009054493349976838,0.0008906662842491642,0.46,0.01
473.0,46202.0,0.0,0.0013264128792798147,-0.009030869747512042,0.0009578660811530427,0.7,0.01
474.0,46302.0,0.0,0.0012980393302859739,-0.00873915443662554,0.0012590784320491365,0.66,0.01
475.0,46402.0,0.0,0.001384382198448293,-0.009090682412497698,0.0009782574299606495,0.68,0.01
476.0,46502.0,0.0,0.0013928124227095395,-0.009007118409499526,0.001017026301997248,0.75,0.01
477.0,46602.0,0.0,0.0015912375901825726,-0.009133309326134622,0.0009453672374365852,0.42,0.01
478.0,46702.0,0.0,0.0015678793366532772,-0.00921409870032221,0.0008588979611522518,0.49,0.01
479.0,46802.0,0.0,0.0015866008447483182,-0.008943027625791728,0.0012005878231138923,0.69,0.01
480.0,46902.0,0.0,0.001710240379325114,-0.00912036542315036,0.0010308224384789355,0.35,0.01
481.0,47002.0,0.0,0.001772681723232381,-0.009260298381559551,0.0009208631617366336,0.48,0.01
482.0,47102.0,0.0,0.00174541691201739,-0.009295330606400967,0.0009203952299139929,0.75,0.01
483.0,47202.0,0.0,0.002054591617779806,-0.009346564342267811,0.000976518417301122,0.48,0.01
484.0,47302.0,0.0,0.0019444362912327052,-0.009213642948307097,0.0009968578023836017,0.69,0.01
485.0,47402.0,0.0,0.001973412142833695,-0.009173236750066281,0.0010569005883007776,0.53,0.01
486.0,47502.0,0.0,0.0020429957145825027,-0.009364675590768456,0.0009580128735979088,0.72,0.01
487.0,47602.0,0.0,0.0020520825067069383,-0.009361839960329235,0.0009456515917554498,0.89,0.01
488.0,47702.0,0.0,0.0019657313567586245,-0.009331708387471736,0.0009616900121909566,0.51,0.01
489.0,47802.0,0.0,0.0017479592841118574,-0.009290692023932933,0.0009594461125379894,0.53,0.01
490.0,47902.0,0.0,0.0016168591217137873,-0.009293813887052239,0.0009236341917130631,0.7,0.01
491.0,48002.0,0.0,0.0014595534646650776,-0.009273198591545224,0.0009584054132574238,0.57,0.01
492.0,48102.0,0.0,0.0014468038856284692,-0.009312122925184668,0.0009440049425757024,0.53,0.01
493.0,48202.0,0.0,0.0014140566880814732,-0.009465590491890908,0.0007790261288755573,0.43,0.01
494.0,48295.0,1.0,0.0013684170046490767,-0.009417633005287699,0.000845603861405404,0.7849462365591398,0.01
495.0,48373.0,1.0,0.0013689782271961658,-0.009341663776490932,0.0009345457611533885,0.7435897435897436,0.01
496.0,48473.0,0.0,0.0013020497804973274,-0.009376606713049114,0.0008326155648683197,0.65,0.01
497.0,48573.0,0.0,0.001290890288655646,-0.009278232692740857,0.0010045081633143127,0.43,0.01
498.0,48673.0,0.0,0.001296109647373669,-0.009291543257422746,0.0009257747320225462,0.56,0.01
499.0,48773.0,0.0,0.0012846798886312172,-0.009220443768426775,0.0009789164608810096,0.81,0.01
500.0,48873.0,0.0,0.001274769710144028,-0.009362182412296534,0.0008712501142872498,0.68,0.01
501.0,48946.0,1.0,0.0012063253344011123,-0.0092541469605512,0.0009165999965187264,0.6027397260273972,0.01
502.0,49046.0,0.0,0.0012612302339402959,-0.009266933207400144,0.0009207599406363443,0.64,0.01
503.0,49146.0,0.0,0.0013104380789445713,-0.009328415929339827,0.0008312289862078614,0.39,0.01
504.0,49246.0,0.0,0.0011829284456325694,-0.009311226452700794,0.000885643939836882,0.62,0.01
505.0,49346.0,0.0,0.0011829589487751945,-0.009200974591076374,0.0009573942507267929,0.83,0.01
506.0,49446.0,0.0,0.0012599382310872897,-0.00918268082663417,0.0009695724425546359,0.74,0.01
507.0,49506.0,0.0,0.0012048715628528346,-0.009236134309321641,0.0008537512762510839,0.6833333333333333,0.01
508.0,49606.0,0.0,0.0012338304775767028,-0.009333356460556387,0.0008441028895322234,0.52,0.01
509.0,49706.0,0.0,0.0011571654386352747,-0.009213631772436202,0.0009193997128750198,0.55,0.01
510.0,49806.0,0.0,0.0011999011650914327,-0.009392460426315665,0.0007679482872481458,0.67,0.0
511.0,49906.0,0.0,0.0012114073423435913,-0.009242162192240357,0.0008842740426189266,0.61,0.0
512.0,49987.0,1.0,0.0011249344636410199,-0.009151999666183084,0.0010074417611273627,0.7654320987654321,0.0
513.0,50087.0,0.0,0.0011810205865185708,-0.009319560313597321,0.0008088301969110034,0.89,0.0
514.0,50150.0,1.0,0.0011424756662491414,-0.009420575618389108,0.0007171800989742642,0.6349206349206349,0.0
515.0,50250.0,0.0,0.0010858563915826381,-0.009301479370333255,0.0008066723996307701,0.58,0.0
516.0,50350.0,0.0,0.0011953701841412112,-0.009302903153002261,0.0008136432078026701,0.79,0.0
517.0,50450.0,0.0,0.0011324685771251098,-0.009299995377659798,0.0008847862832772079,0.83,0.0
518.0,50550.0,0.0,0.0012619544309563934,-0.009299234636127949,0.0008310671619256027,0.58,0.0
519.0,50650.0,0.0,0.0012336483085528015,-0.009259433709084988,0.0007905491237761452,0.65,0.0
520.0,50750.0,0.0,0.0011384847725275904,-0.008995772199705243,0.000988301008619601,0.65,0.0
521.0,50850.0,0.0,0.0011423140129772945,-0.009111356930807233,0.0009607006661826744,0.66,0.0
522.0,50950.0,0.0,0.0011458270251750945,-0.009014706946909428,0.0009712493230472319,0.72,0.0
523.0,51050.0,0.0,0.0011174140818184242,-0.009054732117801905,0.000991367634560447,0.75,0.0
524.0,51150.0,0.0,0.0011466001201188192,-0.008968583503738047,0.001074566914467141,0.74,0.0
525.0,51250.0,0.0,0.001199708707863465,-0.009089019089005888,0.0009785207666573115,0.52,0.0
526.0,51350.0,0.0,0.001197034204378724,-0.00922294385265559,0.000814205728675006,0.64,0.0
527.0,51450.0,0.0,0.0011568031646311283,-0.009231291664764284,0.0007955289806704968,0.26,0.0
528.0,51550.0,0.0,0.0011701713904039934,-0.009145759781822561,0.0008392315362289082,0.75,0.0
529.0,51636.0,1.0,0.0011527343053468178,-0.009065759725608798,0.0009117343197008161,0.5813953488372093,0.0
530.0,51736.0,0.0,0.00115256033197511,-0.00908897812012583,0.0009025116451084614,0.55,0.0
531.0,51836.0,0.0,0.001180128077394329,-0.009133612625300885,0.000842818984092446,0.52,0.0
532.0,51936.0,0.0,0.0011827168683521449,-0.009043849119916559,0.0008866451508947648,0.42,0.0
533.0,52012.0,1.0,0.0011558689684055647,-0.009084509532457511,0.0008733501354551041,0.7105263157894737,0.0
534.0,52112.0,0.0,0.0011277926818002014,-0.008967051096260548,0.0009267110683140345,0.94,0.0
535.0,52212.0,0.0,0.0012005731486715377,-0.009139972319826484,0.0008367073789122514,0.82,0.0
536.0,52312.0,0.0,0.0011483339942060411,-0.009136094246059656,0.0008391183611820452,0.71,0.0
537.0,52412.0,0.0,0.0012185750395292416,-0.009147315518930554,0.0008388056940748357,0.87,0.0
538.0,52512.0,0.0,0.0012046220753109084,-0.009007509942166507,0.0008957632241072133,0.42,0.0
539.0,52595.0,1.0,0.0011812238378943987,-0.009013484602412546,0.0009086032738875463,0.6987951807228916,0.0
540.0,52695.0,0.0,0.0011944979609688744,-0.009073468893766402,0.0008855565926933196,0.48,0.01
541.0,52795.0,0.0,0.001159035164746456,-0.009155736891552807,0.000828013331774855,0.67,0.01
542.0,52895.0,0.0,0.0012325841933488845,-0.009166048085317015,0.0007482882632757537,0.46,0.01
543.0,52995.0,0.0,0.0011421684763627128,-0.009094884530641138,0.0008334138526697643,0.54,0.01
544.0,53095.0,0.0,0.001120922933332622,-0.008947632517665624,0.0009201164936530403,0.55,0.01
545.0,53195.0,0.0,0.0012179001478943973,-0.008979619154706598,0.0008932263412862085,0.58,0.01
546.0,53295.0,0.0,0.0011129597929539158,-0.008989686728455126,0.00089913567120675,0.51,0.01
547.0,53395.0,0.0,0.0012166901188902556,-0.00889812524896115,0.0009931114420760423,0.56,0.01
548.0,53478.0,1.0,0.001102862418180399,-0.009052290929010115,0.0007789199086570978,0.3855421686746988,0.01
549.0,53578.0,0.0,0.0011671647481853143,-0.008995344974100589,0.0007983256666921079,0.63,0.01
550.0,53678.0,1.0,0.001185697058099322,-0.00900549253448844,0.000865828761307057,0.77,0.01
551.0,53778.0,0.0,0.001123782205977477,-0.008823526734486222,0.0009361696863197721,0.78,0.01
552.0,53878.0,0.0,0.0010743120120605453,-0.008874912397004664,0.0009629183556535281,0.48,0.01
553.0,53978.0,0.0,0.001101617471431382,-0.00887321206741035,0.000951085298001999,0.67,0.01
554.0,54078.0,0.0,0.0011157520243432373,-0.008718625670298933,0.0010588541653123685,0.46,0.01
555.0,54178.0,0.0,0.001196645934251137,-0.008900081291794777,0.0009195725823519751,0.62,0.01
556.0,54278.0,0.0,0.00113687617238611,-0.00883084341417998,0.0009457035017840098,0.75,0.01
557.0,54378.0,0.0,0.001202992101898417,-0.008915790878236294,0.0009056124699418433,0.62,0.01
558.0,54460.0,1.0,0.0011805056157044884,-0.008913592384310394,0.0009187628453307808,0.6829268292682927,0.01
559.0,54555.0,1.0,0.001203225441522112,-0.008858636957838346,0.0009175181382727858,0.6421052631578947,0.01
560.0,54655.0,0.0,0.0011585670773638411,-0.00886431344319135,0.0009439758847292979,0.79,0.01
561.0,54755.0,0.0,0.0011517312587238848,-0.008809414701536298,0.001000281146989437,0.47,0.01
562.0,54855.0,0.0,0.0011464139301097021,-0.008883083257824182,0.0009048556446214207,0.61,0.01
563.0,54955.0,0.0,0.001127406731247902,-0.00889483475126326,0.0008852525663678534,0.82,0.01
564.0,55055.0,0.0,0.0011860669375164433,-0.008748099962249399,0.0009622234757989645,0.61,0.01
565.0,55155.0,0.0,0.0011218146409373731,-0.008853335408493876,0.0008929358699242585,0.37,0.01
566.0,55255.0,0.0,0.0011478609160985797,-0.008890270991250872,0.0008599315120954998,0.92,0.01
567.0,55355.0,0.0,0.001187426676042378,-0.008832495184615255,0.0008937406042241491,0.6,0.01
568.0,55455.0,0.0,0.001184380067861639,-0.008869067034684121,0.0008364010285004043,0.64,0.01
569.0,55555.0,0.0,0.0010870929108932614,-0.00881498898845166,0.0008341164732701145,0.57,0.01
570.0,55655.0,0.0,0.0011305444221943618,-0.008796653174795211,0.0009011975460452959,0.8,0.01
571.0,55755.0,0.0,0.0011303860630141572,-0.008674079203046858,0.0009887910286488478,0.58,0.01
572.0,55855.0,0.0,0.0011415723309619351,-0.008732846886850894,0.0009129235049476847,0.78,0.01
573.0,55955.0,0.0,0.0011801587830996142,-0.008603202039375901,0.0009796802164055408,0.3,0.01
574.0,55977.0,0.0,0.0011312656570225954,-0.008523139721629295,0.0009546575416937809,0.5,0.01
575.0,56077.0,0.0,0.0011251833551796154,-0.008767552161589264,0.0008393251794041135,0.63,0.01
576.0,56177.0,0.0,0.001183289831969887,-0.008744195732288063,0.0008740026282612235,0.93,0.01
577.0,56277.0,0.0,0.0011112637596670538,-0.00885032664053142,0.0007600056068622507,0.37,0.01
578.0,56377.0,0.0,0.0011156819347525016,-0.008840805031359195,0.0007210754204425029,0.7,0.01
579.0,56477.0,0.0,0.001119327699416317,-0.008654643199406564,0.0009092168236384168,0.62,0.01
580.0,56577.0,0.0,0.0010684570256853476,-0.008438706435263156,0.0011304351268336178,0.84,0.01
581.0,56672.0,1.0,0.001097251406846274,-0.008566745949026785,0.0009574510160171868,0.6947368421052632,0.01
582.0,56772.0,0.0,0.0011535868846112862,-0.008670189380645753,0.0008716032930533401,0.82,0.01
583.0,56872.0,0.0,0.001097672058385797,-0.008631349229253828,0.0008237498326343484,0.1,0.01
584.0,56972.0,0.0,0.0010877925856038928,-0.008556286138482392,0.0009396808457677253,0.78,0.01
585.0,57072.0,0.0,0.0011347093567019328,-0.008568479982204735,0.0009227779369393829,0.77,0.01
586.0,57131.0,1.0,0.0011852633936125468,-0.008549506957563808,0.000892032576642015,0.6610169491525424,0.01
587.0,57231.0,0.0,0.001226709212642163,-0.008537139096297323,0.0009165860604844056,0.67,0.01
588.0,57331.0,0.0,0.0011448889086022973,-0.00846473835874349,0.000914498071942944,0.5,0.01
589.0,57431.0,0.0,0.0011071755806915462,-0.008386096805334092,0.0010236836968397255,0.88,0.01
590.0,57474.0,0.0,0.0011139281559735537,-0.008372998460694107,0.000962037778578612,0.3488372093023256,0.01
591.0,57574.0,0.0,0.0010406600043643265,-0.008591179107315838,0.000803349569614511,0.62,0.01
592.0,57674.0,0.0,0.0010783160134451464,-0.008585270950570703,0.0008262227749219164,0.71,0.01
593.0,57774.0,0.0,0.0011344151600496844,-0.008521793666295708,0.0008815711023635231,0.68,0.01
594.0,57874.0,0.0,0.0011182001431006938,-0.008522618399001657,0.0008313845412340015,0.67,0.01
595.0,57974.0,0.0,0.0011278460634639486,-0.00846279352903366,0.0009199678529694211,0.69,0.01
596.0,58064.0,1.0,0.0010982748696632268,-0.008451224216777417,0.0009154000629981359,0.6444444444444445,0.01
597.0,58164.0,0.0,0.0010986151010729372,-0.008439640556462109,0.0009237153345020488,0.63,0.01
598.0,58264.0,0.0,0.0010682331031421199,-0.008379415296949445,0.0009574309912568423,0.52,0.01
599.0,58364.0,0.0,0.0010520651401020587,-0.008508452903479338,0.0008365891530411318,0.59,0.01
600.0,58450.0,1.0,0.0010515259163248417,-0.00846849592554188,0.0008451959262412517,0.6511627906976745,0.02
601.0,58499.0,0.0,0.001062995293272697,-0.008524526984487869,0.0008212039276852976,0.3469387755102041,0.02
602.0,58599.0,0.0,0.0010751769854687155,-0.008386127818375826,0.000953421707963571,0.69,0.02
603.0,58699.0,0.0,0.0011257106362609192,-0.00841796948108822,0.0008763018727768212,0.6,0.02
604.0,58799.0,0.0,0.001064295761170797,-0.008475497327744962,0.0007657073275186122,0.63,0.02
605.0,58899.0,0.0,0.0010548325057607145,-0.008406312088482082,0.0008455879820394329,0.88,0.02
606.0,58999.0,0.0,0.001085658054216765,-0.00839909783564508,0.0008507014121278189,0.36,0.02
607.0,59099.0,0.0,0.0011155469453660771,-0.008369633220136166,0.0008296563995827455,0.5,0.02
608.0,59199.0,0.0,0.0011160103743895887,-0.008372032712213696,0.0008301691805536393,0.6,0.02
609.0,59299.0,0.0,0.0010732566221849993,-0.008376664468087255,0.00080908130374155,0.58,0.02
610.0,59399.0,0.0,0.00110324312816374,-0.008445829045958817,0.0007594378163048532,0.77,0.02
611.0,59499.0,0.0,0.001047970424988307,-0.008511996204033494,0.0007265757066488731,0.68,0.02
612.0,59599.0,0.0,0.001117320928024128,-0.008435145830735563,0.0007867174709099345,0.85,0.02
613.0,59699.0,0.0,0.0010639920819085092,-0.008339248495176435,0.0008061987048131414,0.67,0.02
614.0,59799.0,0.0,0.0010047609388129785,-0.008259351556189358,0.0009088914564927108,0.68,0.02
615.0,59899.0,0.0,0.0010079893539659678,-0.00832144110929221,0.0008118757615739014,0.62,0.02
616.0,59999.0,0.0,0.0011005588679108768,-0.008459025332704186,0.0007132498583814594,0.7,0.02
617.0,60089.0,1.0,0.0010255574164653404,-0.008392230147081944,0.0007581588496880916,0.7888888888888889,0.02
618.0,60189.0,0.0,0.0010341660602716728,-0.008330008778721094,0.0007998608333582524,0.49,0.02
619.0,60289.0,0.0,0.0010226938920095564,-0.0082388338400051,0.0008859791806025896,0.55,0.02
620.0,60389.0,0.0,0.0011405514960642904,-0.00835285371169448,0.0007607668168202508,0.82,0.02
621.0,60489.0,0.0,0.0010393917560577392,-0.00820635912939906,0.0008443287678528577,0.45,0.02
622.0,60589.0,0.0,0.0011182683997321874,-0.008155021728016435,0.0008972088070004247,0.45,0.02
623.0,60689.0,0.0,0.0011144549812888726,-0.008259414322674274,0.0007624391163699329,0.79,0.02
624.0,60789.0,0.0,0.0009930788807105274,-0.008206006698310375,0.0008400305089890026,0.72,0.02
625.0,60889.0,0.0,0.0010323459969367832,-0.008090418842621148,0.0009657489086384884,0.53,0.02
626.0,60989.0,0.0,0.0010140578303253279,-0.0081375626148656,0.0009130298913805746,0.88,0.02
627.0,61089.0,0.0,0.0010221925372024998,-0.008164225220680237,0.0008344114226929378,0.43,0.02
628.0,61152.0,0.0,0.0010644241184410122,-0.008182863564422679,0.0008381148467638663,0.4603174603174603,0.02
629.0,61252.0,0.0,0.001026825049193576,-0.008238694802857936,0.0007335250155301765,0.53,0.02
630.0,61352.0,0.0,0.0010382950661005452,-0.008168736412189901,0.0008228290901752189,0.68,0.0
631.0,61452.0,0.0,0.000978705659508705,-0.00828742839396,0.0007618767087114975,0.64,0.0
632.0,61552.0,0.0,0.0010274163755821064,-0.00823499203659594,0.0007036493800114841,0.73,0.0
633.0,61652.0,0.0,0.0009831638203468174,-0.008135360428132116,0.0008231765707023442,0.59,0.0
634.0,61752.0,0.0,0.001029355546925217,-0.008024333058856428,0.0008477455757383722,0.74,0.0
635.0,61852.0,0.0,0.0010054179950384423,-0.008036231040023267,0.0007976443682855461,0.57,0.0
636.0,61952.0,0.0,0.0010110336053185164,-0.00809885300695896,0.0007981965455110185,0.72,0.0
637.0,62052.0,0.0,0.0009762293816311285,-0.008093954101204871,0.0008662782967439852,0.76,0.0
638.0,62135.0,1.0,0.0009516228792672775,-0.007926849137812135,0.0009702947972544346,0.5903614457831325,0.0
639.0,62235.0,0.0,0.0010054066986776888,-0.0081005282048136,0.0008084302082716022,0.54,0.0
640.0,62335.0,0.0,0.0009495716140372678,-0.008041158937849104,0.0008662634386564605,0.49,0.0
641.0,62435.0,0.0,0.0009947094961535185,-0.007949111927300691,0.0008887346788833384,0.86,0.0
642.0,62535.0,0.0,0.000983060043072328,-0.008103341381065547,0.0007690725977590774,0.54,0.0
643.0,62635.0,0.0,0.0010174438706599177,-0.008076800885610282,0.0007999256878974848,0.71,0.0
644.0,62735.0,0.0,0.0010301350557710975,-0.008084511472843588,0.0007586529884429183,0.8,0.0
645.0,62835.0,0.0,0.000995763554237783,-0.008135411511175335,0.0007228306024626364,0.56,0.0
646.0,62935.0,0.0,0.0009586132830008865,-0.008101489949040116,0.0007077427413605619,0.38,0.0
647.0,63035.0,0.0,0.0009457893832586706,-0.008012511059641838,0.0008049237259547226,0.68,0.0
648.0,63135.0,0.0,0.000983712081797421,-0.008064033035188913,0.0007171409990405664,0.6,0.0
649.0,63235.0,0.0,0.0010008959157858043,-0.008011182681657373,0.0008122623979579657,0.67,0.0
650.0,63335.0,0.0,0.0010431952925864607,-0.00800519399344921,0.0007724145955580752,0.75,0.0
651.0,63435.0,0.0,0.0009504835127154365,-0.007882838631048798,0.0008496361985453404,0.67,0.0
652.0,63535.0,0.0,0.0009741962136467919,-0.008019067798741161,0.0007318618542922195,0.51,0.0
653.0,63635.0,0.0,0.0009993066726019606,-0.007913047624751925,0.0008204720474896021,0.55,0.0
654.0,63735.0,0.0,0.0009954388666665182,-0.007918324749916793,0.0008504309083218687,0.89,0.0
655.0,63835.0,0.0,0.0009321680519497022,-0.007936943126842379,0.0007618375489255413,0.6,0.0
656.0,63935.0,0.0,0.0009265817882260308,-0.008002275340259076,0.0007028374355286359,0.55,0.0
657.0,63999.0,1.0,0.0009288955734518822,-0.008044848080317024,0.0006822324367021793,0.796875,0.0
658.0,64096.0,1.0,0.001028956302931321,-0.007983804421172929,0.000701908942386412,0.6391752577319587,0.0
659.0,64196.0,0.0,0.0009015038015786559,-0.007918119835667313,0.0007461736003460828,0.86,0.0
660.0,64281.0,1.0,0.0009507622925893349,-0.007949360799701774,0.0006937687783433562,0.7058823529411765,0.0
661.0,64381.0,0.0,0.0009421249292790889,-0.007788420361466705,0.0008594328023900743,0.64,0.0
662.0,64438.0,1.0,0.0009307950988346548,-0.0077086722543626505,0.000980841028075175,0.5964912280701754,0.0
663.0,64538.0,0.0,0.0009251076023792848,-0.007810198096558451,0.0008554577067843638,0.49,0.0
664.0,64636.0,1.0,0.0009860957667412122,-0.007854981875351193,0.0007602402110933326,0.6632653061224489,0.0
665.0,64736.0,0.0,0.0009316960716387257,-0.007771314498968423,0.0008588969707489013,0.81,0.0
666.0,64836.0,0.0,0.000958186401403509,-0.007837804737500847,0.000760019622539403,0.61,0.0
667.0,64936.0,0.0,0.0009300914139021188,-0.007676028697751462,0.0008680948097025975,0.65,0.0
668.0,65036.0,0.0,0.000943396021029912,-0.007806857293471694,0.0007797542336629704,0.88,0.0
669.0,65136.0,0.0,0.0009162942506372928,-0.007773980782367289,0.0008177212478767615,0.67,0.0
670.0,65236.0,0.0,0.0009636204125126824,-0.00786842118948698,0.0006807140867749695,0.47,0.0
671.0,65336.0,0.0,0.0009288449661107734,-0.007800831301137805,0.0007343365148699376,0.77,0.0
672.0,65417.0,1.0,0.0009394330145032318,-0.00784622638106898,0.0007358255615043971,0.6790123456790124,0.0
673.0,65517.0,0.0,0.0009269807027885691,-0.00775704906322062,0.000729391586210113,0.67,0.0
674.0,65617.0,0.0,0.0009233005624264479,-0.007722724177874625,0.0007848709910467733,0.75,0.0
675.0,65717.0,0.0,0.0009053104469785467,-0.007679911907762289,0.0007893081892689224,0.56,0.0
676.0,65817.0,0.0,0.0009169273014413193,-0.007690143608488143,0.0008035675635619555,0.87,0.0
677.0,65900.0,0.0,0.0008943579433182905,-0.007590747028813663,0.0008470467470603131,0.6506024096385542,0.0
678.0,66000.0,0.0,0.0009216624888358638,-0.007731292159296572,0.0006988492187520024,0.58,0.0
679.0,66100.0,0.0,0.000950204010005109,-0.007690082150511444,0.0007543555536540225,0.56,0.0
680.0,66200.0,0.0,0.0009081540460465476,-0.007444000318646431,0.0009544709643523674,0.57,0.0
681.0,66300.0,0.0,0.0010164343571523204,-0.007654444216750562,0.0007685082622629124,0.82,0.0
682.0,66400.0,0.0,0.000904876136337407,-0.0076236557960510255,0.0008172512533201371,0.66,0.0
683.0,66489.0,1.0,0.0009107413712177384,-0.0076531665975207025,0.0007781515158241971,0.7528089887640449,0.0
684.0,66589.0,0.0,0.0009348236856749282,-0.007699852609075606,0.0007208916076342576,0.34,0.0
685.0,66689.0,0.0,0.00092386084550526,-0.007716366345994175,0.0006686905883543659,0.27,0.0
686.0,66789.0,0.0,0.000912284727091901,-0.0076535695418715475,0.0006774674387997947,0.63,0.0
687.0,66889.0,0.0,0.000984161669621244,-0.007616787170991302,0.0007468006732233335,0.93,0.0
688.0,66989.0,0.0,0.0009068357682554051,-0.007568007563240826,0.0008626085115247406,0.68,0.0
689.0,67089.0,0.0,0.0009044918173458427,-0.007592259184457361,0.0007329703601135407,0.84,0.0
690.0,67189.0,0.0,0.0009093450650107115,-0.0075806550728157165,0.0007593654599622824,0.65,0.01
691.0,67289.0,0.0,0.0008799413085216657,-0.007608287539333105,0.0007227982909535058,0.82,0.01
692.0,67389.0,0.0,0.0008747727930312976,-0.007592446664348245,0.0007122298525064252,0.66,0.01
693.0,67489.0,0.0,0.0009194059716537595,-0.007564100809395314,0.0007159978234267328,0.75,0.01
694.0,67589.0,0.0,0.0009502325498033315,-0.007480243975296616,0.0007371714414330199,0.9,0.01
695.0,67689.0,0.0,0.0009294373402372003,-0.007234504576772451,0.0009922417538473383,0.63,0.01
696.0,67789.0,0.0,0.0008938718994613737,-0.007413676935248077,0.0008090451059979387,0.88,0.01
697.0,67889.0,0.0,0.0008731848944444209,-0.007356580309569836,0.0008424583182204514,0.62,0.01
698.0,67954.0,0.0,0.0008777773939073086,-0.007325192025074592,0.0008396100501368681,0.38461538461538464,0.01
699.0,68054.0,0.0,0.0009116198535775766,-0.007438556039705873,0.0007497135404264555,0.78,0.01
700.0,68128.0,1.0,0.0008669793888976848,-0.007477559791122739,0.0007105853714951867,0.4594594594594595,0.01
701.0,68228.0,0.0,0.0008459581399802118,-0.007338660601526499,0.0008038039910024963,0.88,0.01
702.0,68328.0,0.0,0.0008920271636452526,-0.007398417508229613,0.0007841603258566466,0.68,0.01
703.0,68428.0,0.0,0.0009148959198500961,-0.00723402745090425,0.0009224304587405641,0.78,0.01
704.0,68528.0,0.0,0.0008768888580380007,-0.0073905028635635975,0.0007675615820335224,0.75,0.01
705.0,68612.0,0.0,0.0009321298130089417,-0.007379015957537506,0.0008268454264561157,0.47619047619047616,0.01
706.0,68712.0,0.0,0.0008537015051115304,-0.007067365711554885,0.0010210302827181295,0.71,0.01
707.0,68812.0,0.0,0.0009150138380937278,-0.007404527449980378,0.0007591708237305283,0.56,0.01
708.0,68912.0,0.0,0.0008545555459568277,-0.007248203060589731,0.0008974921572371386,0.67,0.01
709.0,69012.0,0.0,0.0008756809233454988,-0.007227043909952044,0.000836616377637256,0.66,0.01
710.0,69112.0,0.0,0.0009099535731365904,-0.0072007273370400075,0.0008800261138821952,0.7,0.01
711.0,69212.0,0.0,0.0009260589338373393,-0.007198561667464674,0.0008914300997275859,0.59,0.01
712.0,69312.0,0.0,0.0008562872034963221,-0.007359865079633892,0.0007442015121341683,0.68,0.01
713.0,69412.0,0.0,0.0008640335072414018,-0.0074111922690644864,0.0006787147744034882,0.89,0.01
714.0,69512.0,0.0,0.0008960464713163674,-0.007426360780373216,0.0006542845504009165,0.64,0.01
715.0,69612.0,0.0,0.0008776972297346219,-0.007239806451834739,0.0007640979436109774,0.79,0.01
716.0,69639.0,0.0,0.0008666476264975414,-0.007238317401734767,0.0008261443263445808,0.6296296296296297,0.01
717.0,69739.0,0.0,0.0008495639526518062,-0.007180588841438293,0.0008561057058977895,0.78,0.01
718.0,69839.0,0.0,0.0008322799866436981,-0.00720316453371197,0.0007932981997146271,0.68,0.01
719.0,69939.0,0.0,0.0008342855900991708,-0.007322956169955433,0.0006738703414157499,0.65,0.01
720.0,70039.0,0.0,0.0007986375974724069,-0.007279930696822703,0.0007388584606815129,0.39,0.02
721.0,70127.0,1.0,0.0008630418246453205,-0.007263705869924955,0.0006918908880338263,0.5568181818181818,0.02
722.0,70227.0,0.0,0.0008502198901260272,-0.007065222254022956,0.0009087146844831295,0.5,0.02
723.0,70327.0,0.0,0.0008456708258017898,-0.007271695593371988,0.0007205533604428638,0.87,0.02
724.0,70392.0,0.0,0.0008704805370563498,-0.007158865557553676,0.000803450297546358,0.5846153846153846,0.02
725.0,70481.0,1.0,0.0008619666711709807,-0.007146476856903748,0.0008526142365155281,0.7078651685393258,0.02
726.0,70581.0,0.0,0.0009187361056683585,-0.007123580048792064,0.0008158715577155817,0.72,0.02
727.0,70681.0,0.0,0.0008992570743430406,-0.007232937947846949,0.0007940354107995517,0.63,0.02
728.0,70781.0,0.0,0.0008568084862781689,-0.007183377766050398,0.0007069786812644452,0.37,0.02
729.0,70846.0,0.0,0.000907259071783091,-0.0071644894563807895,0.0007713879270550724,0.46153846153846156,0.02
730.0,70946.0,0.0,0.0008653295290423557,-0.007110847076401115,0.0008245307437027804,0.38,0.02
731.0,71046.0,0.0,0.0008551600243663415,-0.007131989547051489,0.0007395466578600463,0.74,0.02
732.0,71146.0,0.0,0.0008045260980725288,-0.00718156844843179,0.0007148317609971855,0.9,0.02
733.0,71245.0,1.0,0.0008615736362778327,-0.00695471643385562,0.0009472455854076102,0.696969696969697,0.02
734.0,71308.0,1.0,0.0008783247783809663,-0.00708871969716653,0.0008141450079930354,0.5873015873015873,0.02
735.0,71387.0,1.0,0.0008615959616955606,-0.00708142920291122,0.0007927164411808871,0.5063291139240507,0.02
736.0,71487.0,0.0,0.0008537846521358006,-0.0070955113833770156,0.0007901025189494249,0.44,0.02
737.0,71587.0,0.0,0.0008727854565950111,-0.0069712918158620595,0.0009404835780151188,0.43,0.02
738.0,71687.0,0.0,0.0008432328153867275,-0.0071304499078541994,0.0007387718009704259,0.62,0.02
739.0,71787.0,0.0,0.00083748011267744,-0.007082769433036446,0.0007777874247403816,0.78,0.02
740.0,71887.0,0.0,0.0008320055209333077,-0.0070297682005912064,0.0008130402180540841,0.53,0.02
741.0,71987.0,0.0,0.0008333377301460132,-0.007006981922313571,0.0007936278491979465,0.58,0.02
742.0,72087.0,0.0,0.0008522727229865268,-0.006998296175152063,0.0008059384528314694,0.57,0.02
743.0,72187.0,0.0,0.0008759760530665517,-0.0070140539947897195,0.0008164393510378432,0.65,0.02
744.0,72287.0,0.0,0.0008769502432551235,-0.00703839155845344,0.0008033853827510029,0.89,0.02
745.0,72387.0,0.0,0.0008842952351551503,-0.0069001219561323525,0.0008835433110652957,0.4,0.02
746.0,72487.0,0.0,0.0009129421232501045,-0.007042502285912633,0.0007425437848723959,0.51,0.02
747.0,72549.0,1.0,0.000838251908369843,-0.007071948031924905,0.0006656035738189765,0.5,0.02
748.0,72649.0,0.0,0.0008591252233600243,-0.006949408994987607,0.0008476210122171324,0.35,0.02
749.0,72718.0,1.0,0.0008975610548657352,-0.0070027864565128,0.0007572957268997055,0.7681159420289855,0.02
750.0,72818.0,0.0,0.0008885588333941996,-0.007028908357024193,0.0007366968237329275,0.52,0.0
751.0,72918.0,0.0,0.0008098174069891684,-0.006976460495498032,0.0007977362784731668,0.47,0.0
752.0,73018.0,0.0,0.0009004062711028382,-0.007050903923809529,0.0007095285390096251,0.68,0.0
753.0,73067.0,0.0,0.0008612187550764303,-0.006913973427168569,0.0008016349605227611,0.673469387755102,0.0
754.0,73167.0,0.0,0.0007741666259244084,-0.006959129732567817,0.000831020130426623,0.66,0.0
755.0,73267.0,0.0,0.0008263314561918378,-0.006942246779799461,0.0007673486671410501,0.5,0.0
756.0,73367.0,0.0,0.0008814284193795174,-0.006942198877222836,0.0007832380390027538,0.77,0.0
757.0,73467.0,0.0,0.0009120493664522655,-0.00695615372620523,0.000811525694152806,0.37,0.0
758.0,73543.0,1.0,0.0009290813522008983,-0.006971435915482671,0.0006906788571780597,0.5394736842105263,0.0
759.0,73643.0,0.0,0.0008680962322978303,-0.007028411137871444,0.0006913290650118143,0.31,0.0
760.0,73743.0,0.0,0.0008960059011587873,-0.006884210268035531,0.0007842532836366445,0.68,0.0
761.0,73843.0,0.0,0.0010021676565520464,-0.006895378306508064,0.0008073893358232453,0.76,0.0
762.0,73943.0,0.0,0.000917365305358544,-0.006857263152487576,0.0008321389992488548,0.72,0.0
763.0,74043.0,0.0,0.0009123850340256467,-0.006933394686784595,0.0007277780571894255,0.36,0.0
764.0,74143.0,0.0,0.0009211426047841087,-0.006882744110189378,0.0007140789541881531,0.66,0.0
765.0,74243.0,0.0,0.0008563299424713478,-0.006967581873759628,0.0006799900006444659,0.58,0.0
766.0,74328.0,1.0,0.0008638829718727399,-0.00674577108310426,0.0008804289288544917,0.6941176470588235,0.0
767.0,74428.0,0.0,0.0008911008515860886,-0.006816151635721326,0.0008088097703875974,0.35,0.0
768.0,74528.0,0.0,0.0008635158854303881,-0.006976053705438971,0.0006753964365634602,0.43,0.0
769.0,74628.0,0.0,0.0008819379797205328,-0.0067494646785780784,0.000872304361400893,0.81,0.0
770.0,74722.0,0.0,0.0008752383310298257,-0.006677376943580965,0.0008950230109436002,0.776595744680851,0.0
771.0,74822.0,0.0,0.0009202985785668716,-0.006802005334757269,0.0008271864586276934,0.82,0.0
772.0,74922.0,0.0,0.0009252211009152234,-0.006734956600703299,0.0007957785889448132,0.64,0.0
773.0,75022.0,0.0,0.0008592463511740789,-0.006795427422039211,0.000789223532192409,0.85,0.0
774.0,75122.0,0.0,0.0008289405354298652,-0.006788779334165156,0.0007804259922704659,0.63,0.0
775.0,75222.0,0.0,0.0008284219208871946,-0.006730913673527539,0.0008114319335436449,0.66,0.0
776.0,75322.0,0.0,0.0008882847119821236,-0.006797358319163322,0.0007914899259048979,0.72,0.0
777.0,75400.0,1.0,0.000892350294564564,-0.006702936952933669,0.0007899219557517567,0.6794871794871795,0.0
778.0,75500.0,0.0,0.0008836101443739608,-0.0067487200954929,0.0007543611567234621,0.81,0.0
779.0,75593.0,1.0,0.0008567084498222798,-0.006641366569105015,0.0009166398739707606,0.7096774193548387,0.0
780.0,75693.0,0.0,0.0008379427826730535,-0.006657251734286547,0.0008247028272307944,0.28,0.0
781.0,75793.0,0.0,0.0008677066100062803,-0.006449699338991195,0.0010233982390491292,0.64,0.0
782.0,75893.0,0.0,0.0009352653386304155,-0.00655270392075181,0.0008893907941819635,0.65,0.0
783.0,75993.0,0.0,0.0008661769761238248,-0.006735188304446638,0.0007331407946185209,0.48,0.0
784.0,76093.0,0.0,0.0008771687431726605,-0.006592452423647046,0.0008484128834970761,0.74,0.0
785.0,76193.0,0.0,0.0008942521031713113,-0.006607956006191671,0.0008714459532347973,0.66,0.0
786.0,76293.0,0.0,0.0008721399575006217,-0.006691260300576687,0.0007682804012438282,0.74,0.0
787.0,76393.0,0.0,0.0009048849082319066,-0.006709291115403176,0.0007359865472244564,0.46,0.0
788.0,76493.0,0.0,0.0008767060629907064,-0.0067191825108602644,0.0006852838923805393,0.86,0.0
789.0,76593.0,0.0,0.0007993614170118235,-0.006569544174708426,0.0008757633843924851,0.78,0.0
790.0,76693.0,0.0,0.000905432675499469,-0.006730792466551065,0.0007247671807999723,0.67,0.0
791.0,76793.0,0.0,0.0009446622058749198,-0.00667879254091531,0.0007510760441073217,0.41,0.0
792.0,76893.0,0.0,0.0008493180375080555,-0.0067323498241603375,0.0006853269414568786,0.62,0.0
793.0,76993.0,0.0,0.0008455174911068753,-0.006606710320338607,0.0007983656124270056,0.6,0.0
794.0,77093.0,0.0,0.0008611412695609033,-0.006606158767826855,0.0007907285058172419,0.81,0.0
795.0,77193.0,0.0,0.0008989064791239798,-0.006685168452095241,0.0007103076539351604,0.66,0.0
796.0,77293.0,0.0,0.000907363464939408,-0.0065841060318052765,0.0008127575190155767,0.88,0.0
797.0,77393.0,0.0,0.0008690575946820899,-0.006622426793910563,0.0007263603681349196,0.73,0.0
798.0,77493.0,0.0,0.0008303195249754936,-0.006568245110101998,0.0007352407310099807,0.46,0.0
799.0,77593.0,0.0,0.0009078904567286372,-0.006490437760949135,0.0008902531464991625,0.58,0.0
800.0,77693.0,0.0,0.0009192129492294044,-0.0066424994356930256,0.000717754295328632,0.73,0.0
801.0,77793.0,0.0,0.0008927965007023886,-0.006586972828954458,0.0007267057419812772,0.57,0.0
802.0,77893.0,0.0,0.0008887175150448457,-0.006491266349330544,0.0008432925428496674,0.61,0.0
803.0,77993.0,0.0,0.0008799127995735034,-0.006502149268053472,0.0008379285098635592,0.76,0.0
804.0,78093.0,0.0,0.0009049068769672885,-0.006614222927019,0.000676803609385388,0.54,0.0
805.0,78193.0,0.0,0.0008440442231949419,-0.006629277938045562,0.0006711238899151794,0.62,0.0
806.0,78293.0,0.0,0.0009009590186178684,-0.006488572750240565,0.00076049819967011,0.65,0.0
807.0,78393.0,0.0,0.0008598627676838078,-0.0065732889669016005,0.0006561138838878833,0.59,0.0
808.0,78493.0,0.0,0.0009165415307506919,-0.00663181662093848,0.0006015912885777653,0.55,0.0
809.0,78571.0,1.0,0.0009326487593054294,-0.006492092345769589,0.000791030643785444,0.44871794871794873,0.0
810.0,78671.0,0.0,0.0008357951027574017,-0.006241690390743316,0.0010431841018726119,0.69,0.0
811.0,78771.0,0.0,0.0008771602768683806,-0.00651573022827506,0.0007428656498086639,0.47,0.0
812.0,78871.0,0.0,0.0008871346368687227,-0.006445542359724641,0.000762302758230362,0.83,0.0
813.0,78971.0,0.0,0.0008154929074225948,-0.006481238012202084,0.000700008980347775,0.67,0.0
814.0,79071.0,0.0,0.0008600566640961916,-0.006512019238434732,0.0007243226023274474,0.43,0.0
815.0,79171.0,0.0,0.0008607289654901251,-0.006461440781131387,0.0007596608449239283,0.69,0.0
816.0,79225.0,0.0,0.0008266614146392654,-0.006426559243765142,0.000738154992750087,0.5370370370370371,0.0
817.0,79300.0,1.0,0.0008854087931104005,-0.006451853035638729,0.0007347854176380982,0.5333333333333333,0.0
818.0,79400.0,0.0,0.0008335514820646495,-0.0064066417701542375,0.0007701002943213097,0.55,0.0
819.0,79500.0,0.0,0.0008829574869014322,-0.006586964530870318,0.0006527095143974293,0.74,0.0
820.0,79600.0,0.0,0.0008817478339187801,-0.00649119836743921,0.0006627127261890565,0.52,0.0
821.0,79700.0,0.0,0.0008424445238779299,-0.006430776361376047,0.0007206477003637702,0.88,0.0
822.0,79761.0,1.0,0.0008727615006405432,-0.0064892073726800625,0.0007035809623451568,0.6065573770491803,0.0
823.0,79861.0,0.0,0.0008650345937348902,-0.006457274588756263,0.0007118000958871562,0.46,0.0
824.0,79913.0,0.0,0.0008685246933824741,-0.006435576351717687,0.0007402548267586658,0.5769230769230769,0.0
825.0,80013.0,0.0,0.0009176408633356914,-0.006461186809465289,0.000689664245583117,0.76,0.0
826.0,80113.0,0.0,0.0008311416208744049,-0.006371568827889859,0.0007651864839135669,0.65,0.0
827.0,80213.0,0.0,0.0008643373043742031,-0.00634983477415517,0.0007917993652517908,0.75,0.0
828.0,80313.0,0.0,0.0008760038617765531,-0.0063002586946822705,0.0008252306043868884,0.65,0.0
829.0,80413.0,0.0,0.0009610626008361578,-0.006345318271778524,0.0007524725070106797,0.62,0.0
830.0,80513.0,0.0,0.0009033581969561056,-0.006349434773437679,0.0007009684639342594,0.45,0.0
831.0,80570.0,0.0,0.0008507687026602134,-0.006385432981085359,0.0006906547047005835,0.5964912280701754,0.0
832.0,80670.0,0.0,0.0009342217777157202,-0.0064335516048595305,0.0006675291211286094,0.62,0.0
833.0,80770.0,0.0,0.000885382685228251,-0.006354732089675963,0.0006717218348057941,0.88,0.0
834.0,80870.0,0.0,0.0008861840833560564,-0.006140231606550515,0.0009014153009047731,0.63,0.0
835.0,80970.0,0.0,0.0008437174514983781,-0.0062169556319713595,0.0008316262614971493,0.75,0.0
836.0,81037.0,1.0,0.0008874976991870399,-0.006046210947349223,0.0009644662348011425,0.5373134328358209,0.0
837.0,81137.0,0.0,0.0009196181170409545,-0.006394318244419992,0.0006780336053634528,0.64,0.0
838.0,81237.0,0.0,0.0008799660066142679,-0.006282920460216701,0.0007568636577343569,0.84,0.0
839.0,81337.0,0.0,0.0008800862514181063,-0.006372097595594824,0.000662229782610666,0.54,0.0
840.0,81437.0,0.0,0.0009124357032123953,-0.006300627640448511,0.000672081067750696,0.33,0.0
841.0,81537.0,0.0,0.0009500555571867153,-0.006352773774415255,0.0006818319219746627,0.74,0.0
842.0,81637.0,0.0,0.0009455469850217923,-0.006273752765264362,0.0007720564176270273,0.69,0.0
843.0,81737.0,0.0,0.0008634250669274479,-0.006296515455469489,0.0006864982786646579,0.83,0.0
844.0,81825.0,1.0,0.0008617673176393674,-0.006248882199129598,0.0007225449209561867,0.8295454545454546,0.0
845.0,81925.0,0.0,0.0008557164651574567,-0.006120780142955482,0.0008327646375983022,0.65,0.0
846.0,82025.0,0.0,0.0008878282806836069,-0.0061544518824666735,0.0007773827452911064,0.68,0.0
847.0,82125.0,0.0,0.0009033832733985037,-0.006286421157419682,0.0007481428283790592,0.59,0.0
848.0,82225.0,0.0,0.0009824382013175637,-0.006223002236802131,0.0007556159549858421,0.64,0.0
849.0,82290.0,1.0,0.0008507974768200746,-0.006267187113945301,0.0007154872618579807,0.7538461538461538,0.0
850.0,82390.0,0.0,0.0009020838461583481,-0.006166546205058694,0.0007802100136177615,0.45,0.0
851.0,82490.0,0.0,0.0009145754115888849,-0.006249362379312515,0.0007193050684873015,0.27,0.0
852.0,82590.0,0.0,0.0009250594134209678,-0.006173140173777938,0.0007555293585755862,0.62,0.0
853.0,82690.0,0.0,0.0008694324182579294,-0.0060366276768036185,0.0008731401746626944,0.49,0.0
854.0,82790.0,0.0,0.0009361215942772105,-0.006079937675967813,0.0008467004260455723,0.64,0.0
855.0,82890.0,0.0,0.0008517459785798565,-0.006119324238970876,0.0008532266669499223,0.52,0.0
856.0,82990.0,0.0,0.0008972121484111994,-0.006189726111479103,0.0007101483229780569,0.68,0.0
857.0,83090.0,0.0,0.0009192962467204779,-0.006133056683465838,0.0007331613276619464,0.63,0.0
858.0,83190.0,0.0,0.0009230516327079386,-0.0060841217963024975,0.0007929471654642839,0.36,0.0
859.0,83290.0,0.0,0.0008709574479144066,-0.006183372642844916,0.0006626621939358301,0.58,0.0
860.0,83390.0,0.0,0.0009516787447500974,-0.006173365446738899,0.0007139077546889894,0.69,0.0
861.0,83490.0,0.0,0.0009468653716612608,-0.006154536232352257,0.00073427852767054,0.59,0.0
862.0,83590.0,0.0,0.0008581959299044684,-0.006009485092945397,0.0008298013238527347,0.33,0.0
863.0,83690.0,0.0,0.0008295212453231216,-0.005927020865492523,0.000895542530779494,0.87,0.0
864.0,83790.0,0.0,0.0008449265721719712,-0.005988736629951745,0.0008325227157911286,0.61,0.0
865.0,83890.0,0.0,0.0008528892381582409,-0.006127104414626956,0.0006662981890258379,0.66,0.0
866.0,83962.0,0.0,0.0009216846592607908,-0.0060993299121037126,0.0007197082397599135,0.5972222222222222,0.0
867.0,84017.0,0.0,0.0008538876215673306,-0.006037878524512053,0.0008240065854889426,0.7090909090909091,0.0
868.0,84037.0,0.0,0.0009479399450356141,-0.006094538886100054,0.0008028781594475731,0.3,0.0
869.0,84137.0,0.0,0.0009586937149288132,-0.006079836585558951,0.0007090286927996203,0.45,0.0
870.0,84237.0,0.0,0.0010080821166047827,-0.005941998492926359,0.0008649379927373957,0.64,0.03
871.0,84305.0,1.0,0.0009147406475248692,-0.0060220505898434884,0.0007509145331877174,0.75,0.03
872.0,84405.0,0.0,0.0008922543132212013,-0.006105857309885323,0.0007069094202597626,0.35,0.03
873.0,84505.0,0.0,0.0008788358484162018,-0.006106076915748417,0.0007049173167615663,0.71,0.03
874.0,84605.0,0.0,0.0008804495993535965,-0.005894659701734781,0.000905231966462452,0.8,0.03
875.0,84705.0,0.0,0.0009056164667708799,-0.005945725152269005,0.0008334348160133232,0.46,0.03
876.0,84805.0,0.0,0.0009198849933454767,-0.005998613871634006,0.0007734528100991156,0.66,0.03
877.0,84905.0,0.0,0.0008823847590247169,-0.005946467991452664,0.0007764624897390604,0.77,0.03
878.0,85005.0,0.0,0.0008417142141843215,-0.006058871543500572,0.000767636836390011,0.61,0.03
879.0,85105.0,0.0,0.0008904298266861587,-0.005884065139107406,0.0008687195095990319,0.67,0.03
880.0,85205.0,0.0,0.0009269054618198425,-0.005803605783730745,0.0008759761611872818,0.59,0.03
881.0,85305.0,0.0,0.0008442933257902041,-0.0059199172584339975,0.0007631507658516056,0.51,0.03
882.0,85405.0,0.0,0.0009148739412194118,-0.005894094365648925,0.0008231813061865978,0.44,0.03
883.0,85505.0,0.0,0.000910848113708198,-0.006001902532298118,0.0007375679592951201,0.68,0.03
884.0,85605.0,0.0,0.0009286288125440478,-0.005901171630248427,0.0007412846031365916,0.58,0.03
885.0,85680.0,1.0,0.0008580806090806921,-0.005926085667063792,0.0007353860135966291,0.6933333333333334,0.03
886.0,85780.0,0.0,0.0009208270424278453,-0.005833563685882837,0.0008592199388658628,0.29,0.03
887.0,85880.0,0.0,0.0009375894186086953,-0.005906138084828854,0.0007949708570959047,0.76,0.03
888.0,85980.0,0.0,0.0009563733381219208,-0.006000122218392789,0.0007017789184465073,0.78,0.03
889.0,86080.0,0.0,0.0009280636598123237,-0.00589766999706626,0.0007799435907509178,0.29,0.03
890.0,86180.0,0.0,0.0008522971032653004,-0.0059760606847703455,0.0006748633841925767,0.74,0.03
891.0,86280.0,0.0,0.0009130674600601196,-0.005914493466261775,0.0007163879578001797,0.58,0.03
892.0,86315.0,0.0,0.0009972930969005184,-0.005892596673220396,0.000809105478193877,0.37142857142857144,0.03
893.0,86415.0,0.0,0.0009097539889626205,-0.005945218848064542,0.000696530488494318,0.64,0.03
894.0,86515.0,0.0,0.0009090479934820905,-0.005936542865820229,0.0006646433880086989,0.44,0.03
895.0,86615.0,0.0,0.0009038012311793864,-0.005911235343664885,0.0007112598931416869,0.91,0.03
896.0,86686.0,1.0,0.0008956675989959966,-0.005729625198308011,0.0008885199029874188,0.43661971830985913,0.03
897.0,86786.0,0.0,0.0010121799836633727,-0.005757133085280657,0.0008627822980633937,0.6,0.03
898.0,86886.0,0.0,0.0009007477102568373,-0.005664433729834855,0.0009414906505844556,0.69,0.03
899.0,86986.0,0.0,0.0009151457209372893,-0.005850303955376148,0.0007361604350444395,0.59,0.03
900.0,87086.0,0.0,0.0009033547688159161,-0.005828158643562347,0.0007617027789819985,0.64,0.01
901.0,87186.0,0.0,0.0009326044993940741,-0.005866603173781186,0.0007621280971216038,0.82,0.01
902.0,87286.0,0.0,0.0009980935958446935,-0.005889245239086449,0.0007179691825876944,0.66,0.01
903.0,87386.0,0.0,0.0009920582041377203,-0.005903191203251481,0.0006793408797238954,0.64,0.01
904.0,87486.0,0.0,0.0008998012251686305,-0.005911949966102839,0.0006631225241289939,0.65,0.01
905.0,87586.0,0.0,0.0008800062324735336,-0.005846414861734956,0.000714638319623191,0.58,0.01
906.0,87686.0,0.0,0.0009159824092057533,-0.005880591571331024,0.0006634663345175796,0.44,0.01
907.0,87786.0,0.0,0.000925616646418348,-0.005686169436667114,0.0009485591185512021,0.83,0.01
908.0,87886.0,0.0,0.0009704320935998112,-0.005747405653819442,0.0007754837544052862,0.59,0.01
909.0,87986.0,0.0,0.0009573874319903552,-0.005617248797789216,0.0008825006647384725,0.63,0.01
910.0,88080.0,1.0,0.0009271038709792922,-0.005680390876381004,0.0008330449351713934,0.5851063829787234,0.01
911.0,88180.0,0.0,0.0008819843386299908,-0.005617594295181334,0.000878263543418143,0.57,0.01
912.0,88280.0,0.0,0.0008857779018580914,-0.005657360104378313,0.0008396562133566476,0.68,0.01
913.0,88380.0,0.0,0.0009708805417176336,-0.005759898726828396,0.000766094967693789,0.27,0.01
914.0,88480.0,0.0,0.0009322679205797613,-0.005696828560903668,0.0008327927402569913,0.74,0.01
915.0,88580.0,0.0,0.000864742494886741,-0.0057027592160739,0.000821411594224628,0.43,0.01
916.0,88680.0,0.0,0.0009147984004812315,-0.005760926553048194,0.0006647005301783792,0.9,0.01
917.0,88780.0,0.0,0.0008946169109549373,-0.005834541139192879,0.0006301676564908121,0.7,0.01
918.0,88849.0,1.0,0.0009120325709733626,-0.005760295093869386,0.000674250875633426,0.6666666666666666,0.01
919.0,88949.0,0.0,0.0009084058093139902,-0.0057198121445253495,0.0007848643290344626,0.58,0.01
920.0,89049.0,0.0,0.000903367280261591,-0.005591755325440317,0.0009023920516483486,0.48,0.01
921.0,89129.0,0.0,0.0008904785914637614,-0.005640104456688277,0.0008084997920377645,0.825,0.01
922.0,89202.0,1.0,0.000878599985847122,-0.005581603162245799,0.0008587342147134908,0.6986301369863014,0.01
923.0,89302.0,0.0,0.0009314278309466317,-0.005583348493091762,0.0008865551758208312,0.68,0.01
924.0,89402.0,0.0,0.0009516237367643044,-0.00577368070371449,0.0006910674189566635,0.51,0.01
925.0,89502.0,0.0,0.0008683733391808345,-0.005643802033737302,0.0007708156801527366,0.77,0.01
926.0,89602.0,0.0,0.000883196645299904,-0.005679378141649067,0.0007882458213134669,0.58,0.01
927.0,89702.0,0.0,0.0008844839374069124,-0.00568696539150551,0.0007245221786433831,0.54,0.01
928.0,89802.0,0.0,0.0008588945501833223,-0.005770169328898191,0.000676994937384734,0.89,0.01
929.0,89867.0,1.0,0.0008595746897089367,-0.005721298483415292,0.0006478259646638224,0.7384615384615385,0.01
930.0,89967.0,0.0,0.0008647661173017695,-0.00554223963059485,0.0008514211603323929,0.78,0.03
931.0,90067.0,0.0,0.0008876721427077427,-0.005609428505413234,0.0007232460666273255,0.75,0.03
932.0,90167.0,0.0,0.0008945281011983752,-0.005680257920175791,0.0006560108876874438,0.43,0.03
933.0,90267.0,0.0,0.0009210255413199775,-0.005745740318670869,0.0006518288244842552,0.74,0.03
934.0,90367.0,0.0,0.0009610056888777762,-0.005562253296375275,0.0007985134613409172,0.81,0.03
935.0,90467.0,0.0,0.0008887795981718228,-0.005587779865600169,0.0007666510925628245,0.55,0.03
936.0,90534.0,1.0,0.0009121734999926455,-0.005614202490437831,0.000725632946966077,0.6119402985074627,0.03
937.0,90634.0,0.0,0.0009446651709731669,-0.00549785953015089,0.0008620509633328765,0.9,0.03
938.0,90732.0,1.0,0.0008792214212007821,-0.0056078625814419015,0.0007524814568661933,0.5510204081632653,0.03
939.0,90832.0,0.0,0.0008983385178726167,-0.005587677920702845,0.0008010666386689991,0.68,0.03
940.0,90932.0,0.0,0.000946743696113117,-0.005359949714038521,0.0009749370637291576,0.68,0.03
941.0,91032.0,0.0,0.0009338479122379795,-0.005452093086205423,0.0008516210633388255,0.7,0.03
942.0,91132.0,0.0,0.0009621090040309355,-0.005665784385055304,0.0006830226742022206,0.52,0.03
943.0,91232.0,0.0,0.0008676097629358992,-0.005586548820137978,0.0007447458244860172,0.78,0.03
944.0,91332.0,0.0,0.000935135567560792,-0.005571066625416279,0.0007356532424455509,0.43,0.03
945.0,91432.0,0.0,0.0009628278424497694,-0.005556728332303465,0.0007683903936413117,0.55,0.03
946.0,91532.0,0.0,0.0009749607555568218,-0.0056342896539717914,0.0006947497432702221,0.66,0.03
947.0,91632.0,0.0,0.0009636529110139235,-0.005445518209598959,0.0008511335232469719,0.57,0.03
948.0,91732.0,0.0,0.0009228008158970625,-0.005637248766142875,0.0006871797911298927,0.66,0.03
949.0,91832.0,0.0,0.0009256049047689885,-0.0056924299011006955,0.0006655153837346006,0.35,0.03
950.0,91932.0,0.0,0.0009346481930697336,-0.005533615341410041,0.0007890196138760075,0.52,0.03
951.0,92032.0,0.0,0.0009663599048508331,-0.005529824867844582,0.0007550022366922349,0.81,0.03
952.0,92132.0,0.0,0.0010015452903462574,-0.005595856448635459,0.0007075002054625656,0.74,0.03
953.0,92232.0,0.0,0.000970589259522967,-0.005597420281264931,0.0007509206249960698,0.61,0.03
954.0,92332.0,0.0,0.0009474323666654527,-0.005454076803289354,0.0008308825726271607,0.14,0.03
955.0,92432.0,0.0,0.0009785452275536954,-0.005545270550064743,0.0007252084388164803,0.71,0.03
956.0,92532.0,0.0,0.0009321398864267394,-0.005610829414799809,0.0006799570025759749,0.74,0.03
957.0,92632.0,0.0,0.0008522104739677161,-0.005565699003636837,0.0007114107163215522,0.39,0.03
958.0,92732.0,0.0,0.0009538985806284472,-0.0054390384955331685,0.0007977903468417935,0.71,0.03
959.0,92832.0,0.0,0.0009921012731501833,-0.00545763764064759,0.0007324327806418296,0.63,0.03
960.0,92932.0,0.0,0.0009455983072984964,-0.005569976582191885,0.0006885000978945755,0.69,0.0
961.0,93032.0,0.0,0.0009553091682028025,-0.005640382710844279,0.000651607171894284,0.61,0.0
962.0,93132.0,0.0,0.0009475801984081045,-0.005621403031982481,0.0006166401927475818,0.19,0.0
963.0,93210.0,1.0,0.000869665929946141,-0.005600922346974795,0.0006702779465763925,0.46153846153846156,0.0
964.0,93310.0,0.0,0.0009660631226142869,-0.0054085150687024,0.0008494601328857244,0.56,0.0
965.0,93410.0,0.0,0.001090246548410505,-0.005493287120480091,0.0007552194398886058,0.59,0.0
966.0,93510.0,0.0,0.0009874183998908848,-0.005188798238523304,0.001007156404957641,0.63,0.0
967.0,93610.0,0.0,0.0010317494737682863,-0.005462196816224605,0.0007820122169505339,0.32,0.0
968.0,93710.0,0.0,0.0009919453106704168,-0.0055198895838111635,0.0007221882384328637,0.78,0.0
969.0,93810.0,0.0,0.000907502921181731,-0.005567617416381836,0.0007010939763858915,0.67,0.0
970.0,93910.0,0.0,0.0009434440277982503,-0.005476437145844102,0.0007581533848133404,0.54,0.0
971.0,93976.0,1.0,0.0009260645866478709,-0.0055126861288127575,0.0007026430832797125,0.5151515151515151,0.0
972.0,94046.0,1.0,0.0009031874277362866,-0.005547364718014641,0.0006912090986069026,0.6142857142857143,0.0
973.0,94146.0,0.0,0.0009620632487349212,-0.00539770518662408,0.0008230975254264195,0.5,0.0
974.0,94246.0,0.0,0.0010200867149978876,-0.005377690659370274,0.0008249494251504075,0.69,0.0
975.0,94346.0,0.0,0.0009726564883021638,-0.0053738034749403595,0.0007840209896676242,0.49,0.0
976.0,94446.0,0.0,0.0009869118558708577,-0.005311091195326298,0.0008719778888917062,0.73,0.0
977.0,94546.0,0.0,0.000903901822748594,-0.005540323010645807,0.0006550990857067518,0.69,0.0
978.0,94646.0,0.0,0.0009429144550813362,-0.005361173935234546,0.0008186342308181338,0.68,0.0
979.0,94715.0,1.0,0.0010440994401637843,-0.00517843589456617,0.0009061056615251616,0.7101449275362319,0.0
980.0,94743.0,0.0,0.0009351897959796977,-0.0055033220477136114,0.0007545905360270158,0.35714285714285715,0.0
981.0,94843.0,0.0,0.0009978688787668944,-0.005299538045655936,0.0008545708356541581,0.62,0.0
982.0,94943.0,0.0,0.0009846535173710436,-0.005423163301311433,0.0007183991752390284,0.85,0.0
983.0,95043.0,0.0,0.0009050675260368734,-0.005376104535534978,0.0007905195113562513,0.42,0.0
984.0,95143.0,0.0,0.0009372299251845106,-0.005439185863360762,0.0006732138684310485,0.45,0.0
985.0,95243.0,0.0,0.0009271884273039177,-0.0052982209133915605,0.0008812147749995347,0.66,0.0
986.0,95343.0,0.0,0.0009439837437821552,-0.0053756589908152816,0.0007568755924876314,0.45,0.0
987.0,95443.0,0.0,0.0009452416276326403,-0.005454338300041855,0.000685960764385527,0.61,0.0
988.0,95496.0,0.0,0.0009454064749901727,-0.005299952680701917,0.0007972568995648784,0.660377358490566,0.0
989.0,95596.0,0.0,0.0009823167219292373,-0.005206182964611799,0.0009045345311460551,0.37,0.0
990.0,95696.0,0.0,0.0008818270359188318,-0.005312406229786575,0.000806378518755082,0.59,0.02
991.0,95796.0,0.0,0.0009190285322256387,-0.005391936646774411,0.0006822753160668071,0.57,0.02
992.0,95896.0,0.0,0.0010034100600751117,-0.005442752153612673,0.0007014483436068986,0.65,0.02
993.0,95996.0,0.0,0.0010060833918396383,-0.00545801714528352,0.000606046437897021,0.69,0.02
994.0,96096.0,0.0,0.0009532616887008771,-0.0052772599272429945,0.0007832208809850272,0.5,0.02
995.0,96196.0,0.0,0.0009084370665368624,-0.005425946000032127,0.0007116231584222987,0.49,0.02
996.0,96296.0,0.0,0.0009164207766298205,-0.0053298781742341815,0.0007543528136739042,0.76,0.02
997.0,96366.0,1.0,0.0009521432220935822,-0.005336468613573483,0.0007339776485293572,0.5285714285714286,0.02
998.0,96466.0,0.0,0.0008772797434357927,-0.00533427010755986,0.0006729119880765211,0.52,0.02
999.0,96566.0,0.0,0.0009337574418168515,-0.005122033793013543,0.0009095506339508575,0.82,0.02
1000.0,96639.0,1.0,0.0009614746277667071,-0.005454688160744024,0.0006238962350212267,0.547945205479452,0.02
1001.0,96707.0,1.0,0.0009695012499030461,-0.005029033198404838,0.000989940246226444,0.5147058823529411,0.02
1002.0,96807.0,0.0,0.0008890112605877221,-0.00535502917598933,0.0007552260093507357,0.7,0.02
1003.0,96907.0,0.0,0.0008994598832214252,-0.0052487465087324384,0.0008295943298435304,0.73,0.02
1004.0,97007.0,0.0,0.0008934901555767283,-0.005276282969862223,0.0007644597832404543,0.51,0.02
1005.0,97078.0,1.0,0.0010344429863092136,-0.005185326062877413,0.0008547018164470398,0.43661971830985913,0.02
1006.0,97178.0,0.0,0.0009787772624986245,-0.005145499035716056,0.000912143113091588,0.73,0.02
1007.0,97278.0,0.0,0.000976516418159008,-0.005301845790818334,0.0007657533045858145,0.44,0.02
1008.0,97378.0,0.0,0.000996497215819545,-0.005313037717714905,0.0007221275316260289,0.63,0.02
1009.0,97478.0,0.0,0.0009618120017694309,-0.005282501839101315,0.000721702193695819,0.82,0.02
1010.0,97578.0,0.0,0.0009629161207703874,-0.00531869841273874,0.0007196197751909494,0.38,0.02
1011.0,97678.0,0.0,0.0009477917751064525,-0.005258677429519593,0.0007294190376705956,0.52,0.02
1012.0,97778.0,0.0,0.0009478518617106602,-0.005314674295950681,0.0007353166522807441,0.74,0.02
1013.0,97878.0,0.0,0.0009755159681662918,-0.00523438050178811,0.0007829670899081975,0.68,0.02
1014.0,97978.0,0.0,0.0008562703203642741,-0.00518979842076078,0.0007784795270708855,0.66,0.02
1015.0,98078.0,0.0,0.0010098504676716402,-0.005246559369843453,0.0007565412657277192,0.38,0.02
1016.0,98163.0,0.0,0.0009403086760464837,-0.005260219750925899,0.0007381460757802844,0.6705882352941176,0.02
1017.0,98263.0,0.0,0.0009576923795975745,-0.005309147783555091,0.0007176245473965537,0.66,0.02
1018.0,98363.0,0.0,0.001087419442483224,-0.005275834379717708,0.000757111060374882,0.82,0.02
1019.0,98463.0,0.0,0.0009501527115935459,-0.005261215628124773,0.0007045870758884121,0.58,0.02
1020.0,98563.0,0.0,0.0009936377772828565,-0.005305214822292328,0.0007085176673717797,0.95,0.0
1021.0,98663.0,0.0,0.0009245300205657259,-0.00511357864132151,0.0008750995027367026,0.87,0.0
1022.0,98760.0,1.0,0.0009127384436931269,-0.0051554120769820265,0.0008605214288295007,0.422680412371134,0.0
1023.0,98860.0,0.0,0.0009667325374903157,-0.0052843289962038395,0.0006665866362163798,0.4,0.0
1024.0,98960.0,0.0,0.0009949094784678892,-0.00527369839604944,0.0007115977494686377,0.64,0.0
1025.0,99060.0,0.0,0.000938632901525125,-0.005234824386425316,0.0006934353895485401,0.61,0.0
1026.0,99160.0,0.0,0.0009309099975507707,-0.005210329920519143,0.0007640415830246638,0.63,0.0
1027.0,99260.0,0.0,0.0010097285470692442,-0.005244157908018679,0.0007068877569690813,0.4,0.0
1028.0,99360.0,0.0,0.0009104356670286507,-0.005230452916584909,0.0006685476312122773,0.36,0.0
1029.0,99460.0,0.0,0.0009502423740923405,-0.005334644471295178,0.0006187946844147519,0.41,0.0
1030.0,99560.0,0.0,0.001045972925494425,-0.005240520471706986,0.0007023546403797809,0.39,0.0
1031.0,99660.0,0.0,0.0009604047355242074,-0.005200341022573412,0.0007498030835995451,0.75,0.0
1032.0,99760.0,0.0,0.0009436089330120012,-0.005115594821982086,0.0007689334709721152,0.7,0.0
1033.0,99860.0,0.0,0.0009144796326290817,-0.0051620416971854865,0.000714768013858702,0.66,0.0
1034.0,99960.0,0.0,0.0009251896548084915,-0.005139853020664304,0.0007612840540241451,0.8,0.0
1035.0,100043.0,1.0,0.000949913490681449,-0.005084418761824448,0.0007457025875113007,0.7951807228915663,0.0
1036.0,100143.0,0.0,0.0010139273008098826,-0.005125778608489781,0.0007436653297918383,0.43,0.0
1037.0,100243.0,0.0,0.0009203156031435356,-0.005077383834868669,0.0007626394176622853,0.83,0.0
1038.0,100343.0,0.0,0.0009276489925105125,-0.005193443160969764,0.0006911658440367319,0.74,0.0
1039.0,100443.0,0.0,0.0009462931461166591,-0.005096932032611221,0.0007059081691113534,0.67,0.0
1040.0,100543.0,0.0,0.0009472907497547567,-0.004991601598449052,0.0008627069725480396,0.29,0.0
1041.0,100643.0,0.0,0.0009970125468680634,-0.004921175211202353,0.0009443258534884081,0.66,0.0
1042.0,100743.0,0.0,0.0009889580437447876,-0.005090125736314803,0.0007659324181440752,0.63,0.0
1043.0,100843.0,0.0,0.0009628406539559365,-0.005085348251741379,0.0007944207695254591,0.61,0.0
1044.0,100943.0,0.0,0.0009462364343926311,-0.0051385031919926405,0.0007143201889994088,0.58,0.0
1045.0,101043.0,0.0,0.0009159803943475708,-0.005140168340876699,0.0007138786162249744,0.64,0.0
1046.0,101143.0,0.0,0.0009227108681807294,-0.005001005055382848,0.0007980349361605476,0.47,0.0
1047.0,101243.0,0.0,0.0009672608610708267,-0.0050413556396961216,0.0007810877653537319,0.46,0.0
1048.0,101343.0,0.0,0.0008815485239028931,-0.004977810368873179,0.000755088527512271,0.64,0.0
1049.0,101443.0,0.0,0.0009325291396817193,-0.005216296936850995,0.0005938131063885522,0.81,0.0
1050.0,101543.0,0.0,0.000976302576600574,-0.005184771288186312,0.0005886492534773424,0.08,0.02
1051.0,101643.0,0.0,0.0009625274600693956,-0.005232814603950828,0.0005661218130262568,0.95,0.02
1052.0,101743.0,0.0,0.0010584711522096768,-0.005132024828344584,0.0007002656847180333,0.68,0.02
1053.0,101843.0,0.0,0.0009819181048078462,-0.005059687022585422,0.0007055592371034436,0.59,0.02
1054.0,101943.0,0.0,0.0009398823283845558,-0.0051076391455717384,0.0006854273138742428,0.69,0.02
1055.0,102043.0,0.0,0.0009424185066018254,-0.004996464278083295,0.0007999388594180346,0.91,0.02
1056.0,102143.0,0.0,0.0009447574848309159,-0.004984997203573585,0.0008010575306252577,0.4,0.02
1057.0,102243.0,0.0,0.0009397780243307352,-0.004971978564281016,0.0007951376601704396,0.08,0.02
1058.0,102343.0,0.0,0.0009440747409826145,-0.004987889199983328,0.0007867947069462389,0.36,0.02
1059.0,102443.0,0.0,0.0009675664966925979,-0.005070345210842788,0.0006907064118422568,0.95,0.02
1060.0,102543.0,0.0,0.0009000920568360015,-0.005047080097720027,0.0006934859248576686,0.53,0.02
1061.0,102643.0,0.0,0.0010861028649378568,-0.004975365546997636,0.0007549729679885786,0.72,0.02
1062.0,102743.0,0.0,0.0009934034221805632,-0.004979989845305681,0.0007851996998942922,0.84,0.02
1063.0,102843.0,0.0,0.0009709620120702311,-0.0048882112721912565,0.0008480713433527854,0.7,0.02
1064.0,102923.0,1.0,0.00114302027359372,-0.005095339802210219,0.0006490854146250058,0.6375,0.02
1065.0,103023.0,0.0,0.0009932755335466936,-0.004993675486184656,0.0006695436453446746,0.79,0.02
1066.0,103123.0,0.0,0.0010517640080070123,-0.005017505902796984,0.000665816798718879,0.63,0.02
1067.0,103223.0,0.0,0.0008791079506045207,-0.0050098827271722254,0.0007162957094260492,0.55,0.02
1068.0,103323.0,0.0,0.0009543268725974485,-0.005009496198035777,0.0006928883634100203,0.77,0.02
1069.0,103423.0,0.0,0.0009605995961464942,-0.004891991196200251,0.0007980129240604583,0.75,0.02
1070.0,103523.0,0.0,0.0009370297001441941,-0.005022491379640996,0.0006698036442685407,0.8,0.02
1071.0,103610.0,1.0,0.0009209643634592836,-0.004999164101164574,0.0006529382449586812,0.42528735632183906,0.02
1072.0,103710.0,0.0,0.0009130944381467998,-0.005048377260100097,0.0006409967930812854,0.76,0.02
1073.0,103810.0,0.0,0.0009736967377830297,-0.005107461228035391,0.0005902991164475679,0.44,0.02
1074.0,103910.0,0.0,0.00099661500134971,-0.005043035722337663,0.0006291107469587587,0.67,0.02
1075.0,104010.0,0.0,0.0010260209382977337,-0.005034592708107084,0.0005897184328932781,0.62,0.02
1076.0,104110.0,0.0,0.0009079605079023167,-0.004904812034219504,0.0007391593707143329,0.78,0.02
1077.0,104210.0,0.0,0.0009735916589852422,-0.004960573904681951,0.0006818026539986021,0.73,0.02
1078.0,104298.0,1.0,0.0009054039956853641,-0.004956407483074476,0.0006657816011284012,0.23863636363636365,0.02
1079.0,104398.0,0.0,0.0009668576199328527,-0.004838255892973393,0.0008019851936842315,0.41,0.02
1080.0,104498.0,0.0,0.000959854484826792,-0.004827558051329106,0.000774044114004937,0.82,0.05
1081.0,104575.0,1.0,0.0009652348923158239,-0.004802061157155927,0.0008062114693411904,0.6363636363636364,0.05
1082.0,104675.0,0.0,0.0009281228308100254,-0.004966845561284572,0.0006618777295807377,0.82,0.05
1083.0,104775.0,0.0,0.000976967496681027,-0.0048732060356996955,0.0007546258211368695,0.48,0.05
1084.0,104875.0,0.0,0.0009451472951332108,-0.0048172299051657316,0.0007967690523946658,0.53,0.05
1085.0,104975.0,0.0,0.0009800147108035163,-0.004935226829256862,0.0006681418122025207,0.78,0.05
1086.0,105075.0,0.0,0.0008912665577372536,-0.004944762436207384,0.0006792133883573115,0.59,0.05
1087.0,105175.0,0.0,0.0009852747106924653,-0.004894292124081403,0.0007546730767353437,0.51,0.05
1088.0,105234.0,0.0,0.0009579518632331894,-0.004850755998138654,0.0007335144510469005,0.6271186440677966,0.05
1089.0,105334.0,0.0,0.0009445929859066382,-0.004932781551033259,0.0006904305714124349,0.93,0.05
1090.0,105434.0,0.0,0.0010260538931470364,-0.004908682373352349,0.0007087158488866407,0.58,0.05
1091.0,105534.0,0.0,0.0009897720848675818,-0.004761177483014762,0.0008325372249237262,0.73,0.05
1092.0,105627.0,1.0,0.0009921798926918336,-0.004921835011011491,0.0006974773385727237,0.6021505376344086,0.05
1093.0,105727.0,0.0,0.0009592941997107118,-0.004963536197319627,0.0006210929792723618,0.52,0.05
1094.0,105827.0,0.0,0.0009779730392619967,-0.004826158445794136,0.0007314462607610039,0.66,0.05
1095.0,105907.0,1.0,0.0009215393598424271,-0.004764903208706528,0.0007694142075706622,0.575,0.05
1096.0,106007.0,0.0,0.0009908524970524014,-0.004763141996227205,0.0008122055490093771,0.85,0.05
1097.0,106107.0,0.0,0.0010091304028173908,-0.004886348214931786,0.0007622562450706027,0.79,0.05
1098.0,106207.0,0.0,0.0010504388628760353,-0.00480411916738376,0.000754934037104249,0.56,0.05
1099.0,106288.0,1.0,0.000966651350070067,-0.004776840078081062,0.0008216948183052196,0.6790123456790124,0.05
1100.0,106388.0,0.0,0.001056112017831765,-0.004887764339800924,0.0006779352667217608,0.45,0.05
1101.0,106454.0,1.0,0.0009707658830324583,-0.004945520396259698,0.0006666594241378885,0.8181818181818182,0.05
1102.0,106554.0,0.0,0.0009951313093188219,-0.00495747055625543,0.0006354903071769514,0.86,0.05
1103.0,106654.0,0.0,0.0009329120488837362,-0.004883970944210887,0.0006950349848193582,0.19,0.05
1104.0,106754.0,0.0,0.0009505053039174527,-0.004910440924577415,0.0006284406082704663,0.72,0.05
1105.0,106854.0,0.0,0.001041017173556611,-0.00480885308701545,0.0007298986782552675,0.44,0.05
1106.0,106954.0,0.0,0.0010313481657067314,-0.004832715259399265,0.0007259409318794496,0.5,0.05
1107.0,107054.0,0.0,0.0009050664299866184,-0.004924974262248725,0.0005907380790449679,0.27,0.05
1108.0,107154.0,0.0,0.0009460691036656499,-0.004753392504062504,0.0007951545385003556,0.45,0.05
1109.0,107231.0,1.0,0.0010251820891756904,-0.0049140194443042405,0.0005796412949060247,0.5974025974025974,0.05
1110.0,107331.0,0.0,0.0009974146325839684,-0.004690656578168273,0.0008485591076896526,0.65,0.03
1111.0,107431.0,0.0,0.0010028294008225204,-0.00479034653166309,0.0007917899907624815,0.69,0.03
1112.0,107531.0,0.0,0.0009441909578163177,-0.004806120055727661,0.0007020200818078592,0.57,0.03
1113.0,107631.0,0.0,0.0009699286799877882,-0.004728229073807597,0.0007652286789380014,0.65,0.03
1114.0,107731.0,0.0,0.0009833193774102255,-0.004858092360664159,0.0006784951541339979,0.56,0.03
1115.0,107831.0,0.0,0.0011704518686747177,-0.0049111258378252386,0.0006164516913850093,0.84,0.03
1116.0,107931.0,0.0,0.0010057625151239336,-0.004862732687033713,0.000618298662448069,0.75,0.03
1117.0,108031.0,0.0,0.001018448621034622,-0.004746882298495621,0.0007069885825330858,0.79,0.03
1118.0,108131.0,0.0,0.0011097805731697008,-0.0047447498841211196,0.0007818788294389378,0.9,0.03
1119.0,108209.0,1.0,0.0009771809683372385,-0.004825563158075779,0.0007042483171412292,0.8076923076923077,0.03
1120.0,108309.0,0.0,0.0010882023110752926,-0.004629550047684461,0.0008772157461498864,0.7,0.03
1121.0,108409.0,0.0,0.0010026189195923507,-0.004759754312690347,0.0007270613047876396,0.78,0.03
1122.0,108477.0,1.0,0.0009899765222251195,-0.004779953851967174,0.0006842445284693146,0.6176470588235294,0.03
1123.0,108526.0,0.0,0.000989974127151072,-0.00470272539069458,0.0007914345959743143,0.5510204081632653,0.03
1124.0,108626.0,0.0,0.0009429200750309973,-0.004645705621223897,0.0007970640806888695,0.4,0.03
1125.0,108726.0,0.0,0.001113578553777188,-0.0046903614769689735,0.0007274412838160061,0.89,0.03
1126.0,108786.0,0.0,0.0010931969921027,-0.004693568358197809,0.0007364132878137752,0.8833333333333333,0.03
1127.0,108886.0,0.0,0.0009511761524481698,-0.00474805342964828,0.0006792824309377466,0.67,0.03
1128.0,108986.0,0.0,0.0009567397012142465,-0.004737975420430303,0.0006969384153489955,0.45,0.03
1129.0,109086.0,0.0,0.0009698201122228056,-0.004782144739292562,0.0006341317886835896,0.47,0.03
1130.0,109186.0,0.0,0.0009891781967598945,-0.00476013605017215,0.0007052812591427937,0.39,0.03
1131.0,109286.0,0.0,0.0009939182631205766,-0.004729437809437513,0.0007273103659099434,0.8,0.03
1132.0,109386.0,0.0,0.0010689607146196066,-0.004767744462005794,0.0006752735472400673,0.59,0.03
1133.0,109486.0,0.0,0.001106989465188235,-0.0045632813218981026,0.0008597558990004472,0.92,0.03
1134.0,109586.0,0.0,0.0010716463025892153,-0.0047031036810949445,0.0007312664249911904,0.79,0.03
1135.0,109655.0,1.0,0.0010093855325712998,-0.004642862549888483,0.000669710408766295,0.5652173913043478,0.03
1136.0,109755.0,0.0,0.0009771259763510897,-0.004620305853895843,0.000756301945366431,0.64,0.03
1137.0,109855.0,0.0,0.0010779443534556777,-0.004696458801627159,0.0007454136727028526,0.79,0.03
1138.0,109955.0,0.0,0.001059648264781572,-0.004656513533554971,0.0007583104824880138,0.66,0.03
1139.0,110009.0,1.0,0.0009095967236337148,-0.0047858360749496905,0.0006191089274512638,0.6111111111111112,0.03
1140.0,110109.0,0.0,0.0010036015557125212,-0.004510954306460917,0.0009264272524160333,0.56,0.04
1141.0,110209.0,0.0,0.0009606101614190266,-0.004726457740180195,0.0006847900204593316,0.55,0.04
1142.0,110309.0,0.0,0.0010440695600118489,-0.00464031863026321,0.0007372500766359736,0.53,0.04
1143.0,110409.0,0.0,0.0010431387886637822,-0.004753332678228616,0.0006845981207152363,0.65,0.04
1144.0,110509.0,0.0,0.0010139708122005686,-0.0045680376864038405,0.0008074210028280504,0.51,0.04
1145.0,110609.0,0.0,0.0010025154321920127,-0.004704850087873638,0.0006711610016645864,0.58,0.04
1146.0,110709.0,0.0,0.001015201870468445,-0.004644153255503625,0.0007348812316195108,0.67,0.04
1147.0,110799.0,1.0,0.0010330491848031267,-0.004594345732281606,0.0007278875320076219,0.6555555555555556,0.04
1148.0,110899.0,0.0,0.0009414150146767497,-0.004692189209163189,0.0006252498355752323,0.68,0.04
1149.0,110999.0,0.0,0.0009629492793465033,-0.004555366046261043,0.0007819965443923139,0.66,0.04
1150.0,111099.0,0.0,0.001070658820681274,-0.004777014493010938,0.0006383111394825391,0.77,0.04
1151.0,111199.0,0.0,0.00109421135566663,-0.004774900288321077,0.0006286343239480629,0.75,0.04
1152.0,111299.0,0.0,0.0009776682127267122,-0.004762798948213458,0.0005819223128492013,0.72,0.04
1153.0,111399.0,0.0,0.0010050942888483404,-0.004608416247647256,0.0007181532648974098,0.81,0.04
1154.0,111462.0,1.0,0.000994939057688628,-0.0045896613238645455,0.0007806736853487405,0.6031746031746031,0.04
1155.0,111562.0,0.0,0.0010017334396252408,-0.00466261432506144,0.000742074938461883,0.79,0.04
1156.0,111662.0,0.0,0.0009871942788595334,-0.004511441001668572,0.0008370535264839419,0.89,0.04
1157.0,111762.0,0.0,0.0009403573087183759,-0.0045249443128705024,0.0008136706615914591,0.66,0.04
1158.0,111862.0,0.0,0.0010565086087444798,-0.004531891928054393,0.0008568553831719328,0.56,0.04
1159.0,111962.0,0.0,0.0009857805405044928,-0.004479368117172271,0.0008696900426002685,0.57,0.04
1160.0,112062.0,0.0,0.0009814413322601467,-0.004608444306068122,0.0007273674177122303,0.49,0.04
1161.0,112162.0,0.0,0.001032280484214425,-0.0046182134607806805,0.0007070421868411358,0.62,0.04
1162.0,112262.0,0.0,0.000983910684590228,-0.0046896544308401645,0.0006755756329221186,0.67,0.04
1163.0,112340.0,1.0,0.0011249949024297679,-0.004564393681879991,0.000792867559096358,0.717948717948718,0.04
1164.0,112440.0,0.0,0.0010114218958187848,-0.004586711400188506,0.0008303478824382183,0.77,0.04
1165.0,112540.0,0.0,0.001047615379211493,-0.004605554603040218,0.0007923732393828686,0.67,0.04
1166.0,112640.0,0.0,0.001020903576281853,-0.0045799094904214145,0.0007593070942675695,0.66,0.04
1167.0,112740.0,0.0,0.0010189984150929376,-0.004586941711604595,0.0007884129241574556,0.77,0.04
1168.0,112840.0,0.0,0.0010105425503570587,-0.00453802217496559,0.00078024273228948,0.71,0.04
1169.0,112940.0,0.0,0.0010573625267716125,-0.004714396295603365,0.0006880760219064541,0.83,0.04
1170.0,113040.0,0.0,0.0010496284783584997,-0.004619145046453923,0.0006512670914526098,0.34,0.0
1171.0,113100.0,1.0,0.0010436890365478273,-0.0046750912714439135,0.0006288869335548952,0.7,0.0
1172.0,113200.0,0.0,0.0010785332176601514,-0.004642531336285174,0.0007517737190937624,0.51,0.0
1173.0,113268.0,1.0,0.0010158891998477938,-0.004635739948271829,0.00068798183265779,0.6176470588235294,0.0
1174.0,113368.0,0.0,0.0010284096689429133,-0.004490123866125941,0.0008292739996977616,0.7,0.0
1175.0,113468.0,0.0,0.000992960169678554,-0.004666737490333616,0.0006268793011258822,0.57,0.0
1176.0,113568.0,0.0,0.0010433973174076528,-0.004635007502511144,0.0006782053501228802,0.62,0.0
1177.0,113668.0,0.0,0.0010312469030031935,-0.004576475045178085,0.0006984770047711209,0.8,0.0
1178.0,113768.0,0.0,0.0009859285916900262,-0.004544608583673834,0.0007646881527034566,0.76,0.0
1179.0,113868.0,0.0,0.0009784816502360627,-0.004647206563968212,0.0007206357683753595,0.78,0.0
1180.0,113968.0,0.0,0.0010016823920886964,-0.004587811033707112,0.0007008605702139903,0.69,0.0
1181.0,114068.0,0.0,0.0009627393388655037,-0.004506752884481102,0.0008062549013993702,0.42,0.0
1182.0,114168.0,0.0,0.0009073249489301815,-0.004602082935161888,0.0006668340024771169,0.58,0.0
1183.0,114268.0,0.0,0.0010730058391345664,-0.004607238562311977,0.000758498870418407,0.8,0.0
1184.0,114368.0,0.0,0.0010795328114181757,-0.004498669211752713,0.0008109935923130251,0.63,0.0
1185.0,114450.0,1.0,0.0010331887482074884,-0.004351064219230377,0.0009509636221947603,0.7804878048780488,0.0
1186.0,114550.0,0.0,0.0010195468773599714,-0.004569778947625309,0.0007546643393288832,0.53,0.0
1187.0,114605.0,1.0,0.0009484437103806572,-0.004473830344663425,0.0008105862081389535,0.4727272727272727,0.0
1188.0,114705.0,0.0,0.0009834027715260162,-0.004538570325821638,0.0007485414404072799,0.65,0.0
1189.0,114805.0,0.0,0.0009474687022157013,-0.004591632026713342,0.000722884570423048,0.64,0.0
1190.0,114905.0,0.0,0.001054074540734291,-0.0045779961347579955,0.0007439301180420443,0.62,0.0
1191.0,115005.0,0.0,0.0010383958264719695,-0.0045009064325131475,0.0007362063322216273,0.29,0.0
1192.0,115105.0,0.0,0.0009721488080685958,-0.004521652541588992,0.0007728280483570416,0.44,0.0
1193.0,115205.0,0.0,0.001022980521665886,-0.00446303142933175,0.0007666558635537513,0.5,0.0
1194.0,115305.0,0.0,0.0009940472716698423,-0.0044770073727704585,0.00073683421840542,0.39,0.0
1195.0,115405.0,0.0,0.0009871161245973781,-0.004577676795888692,0.000663255794061115,0.53,0.0
1196.0,115505.0,0.0,0.0010575073421932757,-0.004535594591870904,0.0007244649085623678,0.54,0.0
1197.0,115605.0,0.0,0.0009743452194379643,-0.004361933227628469,0.0009266729588853196,0.58,0.0
1198.0,115705.0,0.0,0.0010514870524639265,-0.004606778160668909,0.000660240211582277,0.91,0.0
1199.0,115805.0,0.0,0.0010215907997917384,-0.004477582939434796,0.0007630935592169408,0.51,0.0
1200.0,115905.0,0.0,0.0010102154494961723,-0.004484481404069811,0.0007365128681703936,0.32,0.03
1201.0,116005.0,0.0,0.001058341969619505,-0.004506792710162699,0.0008082432807714212,0.45,0.03
1202.0,116084.0,1.0,0.0009322713749612906,-0.00456714531100249,0.0006889355305546919,0.6329113924050633,0.03
1203.0,116164.0,0.0,0.0010320871428120882,-0.004340358337503858,0.0009112859894230496,0.3125,0.03
1204.0,116264.0,0.0,0.001035101468442008,-0.0045032683969475325,0.0007564924203325063,0.62,0.03
1205.0,116328.0,0.0,0.001094517277124396,-0.004623355835065013,0.0005904884349092754,0.65625,0.03
1206.0,116412.0,1.0,0.0010360977411480797,-0.00458435748337901,0.0006590373460702332,0.7619047619047619,0.03
1207.0,116486.0,1.0,0.0009607826996707936,-0.004347468820727758,0.0008402429444391306,0.47297297297297297,0.03
1208.0,116586.0,0.0,0.0010826933209318668,-0.00437765869544819,0.000885265834222082,0.37,0.03
1209.0,116686.0,0.0,0.0011760930524906143,-0.0043664972996339205,0.0008822475660417695,0.72,0.03
1210.0,116736.0,0.0,0.0011381003854330628,-0.004397132834419608,0.000952902459539473,0.66,0.03
1211.0,116836.0,0.0,0.0011247726064175366,-0.004312454054597765,0.0008952993412094656,0.62,0.03
1212.0,116936.0,0.0,0.0010929438786115497,-0.004501479181926698,0.000754653463663999,0.63,0.03
1213.0,117036.0,0.0,0.0009986987413140014,-0.004228225827682763,0.0010539737228828017,0.85,0.03
1214.0,117084.0,1.0,0.001013849614537321,-0.004440522699345213,0.0007992565485134643,0.8541666666666666,0.03
1215.0,117121.0,0.0,0.0010454802588257637,-0.004461972319797889,0.00077582142123877,0.35135135135135137,0.03
1216.0,117207.0,1.0,0.0010166628527195128,-0.004574613044644857,0.0007324094326048548,0.5930232558139535,0.03
1217.0,117289.0,1.0,0.0010294778316520246,-0.004399549045668143,0.0008873681327691529,0.35365853658536583,0.03
1218.0,117389.0,0.0,0.0011020113551057876,-0.004611241617240012,0.0006297072833694983,0.79,0.03
1219.0,117489.0,0.0,0.0010582799994153902,-0.004465567043516785,0.0007058133478858508,0.45,0.03
1220.0,117589.0,0.0,0.0010568268998758868,-0.0045214044232852755,0.0007909059166559018,0.76,0.03
1221.0,117689.0,0.0,0.0010569283470977097,-0.0045090297725982964,0.0007947390452318359,0.71,0.03
1222.0,117789.0,0.0,0.0010021561168832703,-0.004406754977535457,0.0008057065540924668,0.58,0.03
1223.0,117889.0,0.0,0.0010013103572418913,-0.004392336097080261,0.000829189250653144,0.75,0.03
1224.0,117989.0,0.0,0.0009959242265904322,-0.004524130134377628,0.000751816426491132,0.57,0.03
1225.0,118089.0,0.0,0.0011614288564305753,-0.00440081408014521,0.0007783565219142474,0.91,0.03
1226.0,118189.0,0.0,0.0010994629049673676,-0.004405478006228805,0.0008566714281914756,0.73,0.03
1227.0,118289.0,0.0,0.001106523327762261,-0.004501917939633131,0.0007509122730698436,0.41,0.03
1228.0,118379.0,1.0,0.0011419628708002469,-0.004434112376636929,0.0008686065429679325,0.5333333333333333,0.03
1229.0,118479.0,0.0,0.0010162506316555664,-0.004403786712791771,0.000861698196385987,0.61,0.03
1230.0,118559.0,1.0,0.001110284574679099,-0.0045997336419532076,0.0007016177780315048,0.5625,0.0
1231.0,118659.0,0.0,0.0010583854140713811,-0.004573437019716948,0.0007639511427260004,0.53,0.0
1232.0,118757.0,1.0,0.0010998939147352108,-0.004550242984230269,0.0007135993204131836,0.7551020408163265,0.0
1233.0,118857.0,0.0,0.0010915511730127036,-0.00463915373198688,0.0006443837290862575,0.62,0.0
1234.0,118957.0,0.0,0.0010377969540422782,-0.004577002336736769,0.0006539647467434407,0.73,0.0
1235.0,119057.0,0.0,0.0010158680891618132,-0.004364723328035325,0.0008770180949068163,0.52,0.0
1236.0,119157.0,0.0,0.0010388100874843076,-0.004486114985775202,0.0007409076557087246,0.73,0.0
1237.0,119257.0,0.0,0.0010732888348866255,-0.004268339793197811,0.0009182330283510964,0.5,0.0
1238.0,119357.0,0.0,0.0010377860575681553,-0.004537300514057279,0.0007024245831416919,0.75,0.0
1239.0,119423.0,1.0,0.000969313552504349,-0.004657060641682509,0.0006373821258118065,0.6363636363636364,0.0
1240.0,119523.0,0.0,0.0010511182161280885,-0.0043938086368143555,0.0008155155158601702,0.69,0.0
1241.0,119623.0,0.0,0.0010001716995611787,-0.004318451099097728,0.0009020881453761831,0.6,0.0
1242.0,119723.0,0.0,0.000945879255887121,-0.004160724529065192,0.0010253072511113715,0.33,0.0
1243.0,119823.0,0.0,0.0010114765615435318,-0.0044905326049774884,0.0007831402226292994,0.55,0.0
1244.0,119923.0,0.0,0.0010561389452777804,-0.004483139330986887,0.0006930898217251525,0.63,0.0
1245.0,120023.0,0.0,0.001068521952838637,-0.004395020839292556,0.0008824814995750785,0.9,0.0
1246.0,120123.0,0.0,0.0010979900570237079,-0.004231920361053199,0.0009548587499011773,0.92,0.0
1247.0,120223.0,0.0,0.0010209243319695815,-0.004426283766515553,0.0007525692494527903,0.46,0.0
1248.0,120289.0,1.0,0.0011650521703290217,-0.004578691176985475,0.000616894503543859,0.8333333333333334,0.0
1249.0,120389.0,0.0,0.0011283111362718045,-0.004446792916860431,0.0007352412983891554,0.73,0.0
1250.0,120489.0,0.0,0.0010468145966297015,-0.004219832699745894,0.001002229993173387,0.46,0.0
1251.0,120589.0,0.0,0.0009907694498542696,-0.004514363259077072,0.000754237938526785,0.66,0.0
1252.0,120689.0,0.0,0.0010602789337281137,-0.0041792439040727915,0.0010286411340348423,0.69,0.0
1253.0,120789.0,0.0,0.001049108348088339,-0.00444499452598393,0.0007291916277608834,0.79,0.0
1254.0,120889.0,0.0,0.0010764056502375753,-0.004493654684629291,0.0007102298096287996,0.33,0.0
1255.0,120989.0,0.0,0.0011469024239340797,-0.004498414937406778,0.0006911968150234316,0.73,0.0
1256.0,121089.0,0.0,0.0010786496300715953,-0.004504529009573162,0.0006488419821835123,0.53,0.0
1257.0,121164.0,1.0,0.0010358318810661635,-0.004495437256991863,0.0006529466031740109,0.6666666666666666,0.0
1258.0,121264.0,0.0,0.001020669264253229,-0.00453417518408969,0.0006386812035634648,0.81,0.0
1259.0,121364.0,0.0,0.0010520391375757755,-0.003925533832516521,0.0013170749571872874,0.88,0.0
1260.0,121464.0,0.0,0.0011215018760412931,-0.004482281683012843,0.000723158927867189,0.48,0.06
1261.0,121564.0,0.0,0.0011298341222573073,-0.004481941603589803,0.000739809198275907,0.76,0.06
1262.0,121664.0,0.0,0.0011003130621975287,-0.004389138636179268,0.0007528870701207779,0.79,0.06
1263.0,121764.0,0.0,0.0010913552070269362,-0.004585867337882518,0.0005959682114189491,0.5,0.06
1264.0,121864.0,0.0,0.000995030209305696,-0.004499888813588768,0.0006546170706860721,0.6,0.06
1265.0,121964.0,0.0,0.0010165284795220942,-0.004491754954215139,0.0006749734022014308,0.74,0.06
1266.0,122064.0,0.0,0.0010695230757119135,-0.004389030535239726,0.0007403921862714924,0.56,0.06
1267.0,122164.0,0.0,0.0010247199336299673,-0.004380292168352753,0.0008064483531052247,0.77,0.06
1268.0,122264.0,0.0,0.0011394080560421572,-0.004312358917668462,0.0008670503823668696,0.76,0.06
1269.0,122364.0,0.0,0.001100424464675598,-0.004392510394100099,0.0007627709582448005,0.87,0.06
1270.0,122464.0,0.0,0.0010212435439461841,-0.004592855260707438,0.0006019296463637147,0.82,0.06
1271.0,122534.0,1.0,0.0011234046242732023,-0.004350270979505564,0.0008163855136704765,0.7285714285714285,0.06
1272.0,122634.0,0.0,0.0010356365313054993,-0.004509519687853753,0.0006685651604493615,0.87,0.06
1273.0,122694.0,1.0,0.0011217577596350262,-0.004424028129627307,0.0007509986656562736,0.5833333333333334,0.06
1274.0,122794.0,0.0,0.0010539158387109636,-0.004196346115786582,0.0009427067081560381,0.22,0.06
1275.0,122894.0,0.0,0.001095903167151846,-0.0044240678451024,0.0007406002481002361,0.55,0.06
1276.0,122994.0,0.0,0.001079632707987912,-0.004424603590741753,0.0007311636002850719,0.51,0.06
1277.0,123094.0,0.0,0.001071300285984762,-0.004514813923742622,0.0006468748448241968,0.82,0.06
1278.0,123194.0,0.0,0.0010424069809960202,-0.004374473891220987,0.0007317312613304239,0.54,0.06
1279.0,123294.0,0.0,0.0011120081134140493,-0.00457182199228555,0.000564712555060396,0.58,0.06
1280.0,123394.0,0.0,0.0010028942313510924,-0.004389535139780492,0.000769876136619132,0.08,0.06
1281.0,123494.0,0.0,0.0009855616459390148,-0.004362753250170499,0.0008061181564698927,0.68,0.06
1282.0,123594.0,0.0,0.0010562666732585057,-0.004413098529912531,0.0006696777745673899,0.4,0.06
1283.0,123694.0,0.0,0.0010981726070167497,-0.004424944287165999,0.0007008040296204854,0.57,0.06
1284.0,123794.0,0.0,0.0010588814632501453,-0.004148308373987675,0.0009652129077585414,0.59,0.06
1285.0,123838.0,0.0,0.001172771292410537,-0.004464233135381205,0.0007235710915913594,0.6363636363636364,0.06
1286.0,123938.0,0.0,0.0010633762978250162,-0.004414661154150963,0.0007098442503775005,0.64,0.06
1287.0,124002.0,1.0,0.0009836297949732398,-0.004471394990105182,0.0006334921422421758,0.6875,0.06
1288.0,124102.0,0.0,0.0010558178997598588,-0.004472987756598741,0.0006876009136612993,0.52,0.06
1289.0,124202.0,0.0,0.0010717816586839036,-0.00436042136978358,0.0007452950577135198,0.53,0.06
1290.0,124302.0,0.0,0.001056668168748729,-0.004389969340991229,0.0007253247189510148,0.63,0.0
1291.0,124402.0,0.0,0.001091050804243423,-0.00435820446582511,0.0007709125700057484,0.49,0.0
1292.0,124502.0,0.0,0.0011041207314701751,-0.0045090072182938454,0.0005867422289156821,0.93,0.0
1293.0,124602.0,0.0,0.0010903367481660097,-0.004185220217332244,0.0009305450521787861,0.52,0.0
1294.0,124702.0,0.0,0.0011086633359082042,-0.004346174669917673,0.0007767327183682937,0.63,0.0
1295.0,124721.0,0.0,0.001196326672614209,-0.0043179543174215055,0.0006675916129576141,0.8947368421052632,0.0
1296.0,124821.0,0.0,0.0011025663366308436,-0.0044116239715367555,0.000718875571328681,0.89,0.0
1297.0,124921.0,0.0,0.000994198911357671,-0.0044342330400832,0.0007095734577160328,0.67,0.0
1298.0,125021.0,0.0,0.0011108712351415306,-0.00430162931792438,0.0008009872579714284,0.55,0.0
1299.0,125121.0,0.0,0.0010236226225970313,-0.004188907362986356,0.0009210555300523993,0.84,0.0
1300.0,125221.0,0.0,0.000996692476910539,-0.004428132115863264,0.0006768153849407099,0.43,0.0
1301.0,125321.0,0.0,0.0010055106686195359,-0.004250324578024447,0.0008531706925714389,0.4,0.0
1302.0,125421.0,0.0,0.0010430401476332917,-0.004195869930554181,0.0008989368343463866,0.45,0.0
1303.0,125521.0,0.0,0.0010397723730420695,-0.0041261790110729635,0.0009378715688944794,0.62,0.0
1304.0,125621.0,0.0,0.0011620882357237861,-0.004413498006761074,0.000658094971004175,0.57,0.0
1305.0,125655.0,0.0,0.0011080168119138654,-0.004239949048496783,0.0008470666661570944,0.7941176470588235,0.0
1306.0,125683.0,0.0,0.001163586847334435,-0.004208515132112163,0.0008320424614274609,0.5714285714285714,0.0
1307.0,125783.0,0.0,0.0010510543803684414,-0.004268929611425847,0.0008060694063897245,0.79,0.0
1308.0,125848.0,1.0,0.0011370569879475695,-0.00411965912566162,0.000929555716440798,0.5692307692307692,0.0
1309.0,125948.0,0.0,0.0010891254554735498,-0.004081170465797186,0.0009625632352253888,0.81,0.0
1310.0,126046.0,1.0,0.0010515939312445341,-0.004215501714497805,0.0008384092872468185,0.4387755102040816,0.0
1311.0,126146.0,0.0,0.0010478083358611912,-0.0043010749574750665,0.0008343638839141931,0.39,0.0
1312.0,126242.0,1.0,0.0010946876949068003,-0.004347033716233757,0.000757504776326338,0.8958333333333334,0.0
1313.0,126342.0,0.0,0.0010436310654040426,-0.004188550473190844,0.0008722193574067206,0.68,0.0
1314.0,126442.0,0.0,0.0011228092649253085,-0.004315880024805665,0.0007791024891776033,0.71,0.0
1315.0,126542.0,0.0,0.001171728175249882,-0.004332126341760159,0.0007431568794709165,0.3,0.0
1316.0,126637.0,1.0,0.001002884705820562,-0.004346898867209491,0.0007190550545745186,0.6105263157894737,0.0
1317.0,126697.0,1.0,0.0010983241974220923,-0.004303815215826035,0.0007651407989518096,0.7166666666666667,0.0
1318.0,126797.0,0.0,0.0010780850041192025,-0.004482207538094371,0.0006484228703629924,0.79,0.0
1319.0,126897.0,0.0,0.0011226495209848508,-0.004219404645264149,0.0007988510465656872,0.7,0.0
1320.0,126997.0,0.0,0.0010760780883720144,-0.00440802909201011,0.0007049998998991214,0.57,0.01
1321.0,127097.0,0.0,0.0010923903837101534,-0.004383371635340154,0.0006929927188321017,0.63,0.01
1322.0,127154.0,0.0,0.001001339370033524,-0.004409032032351222,0.0006761344207405815,0.5263157894736842,0.01
1323.0,127213.0,1.0,0.0010834943623503008,-0.004095891391921599,0.0009442762088452829,0.8305084745762712,0.01
1324.0,127313.0,0.0,0.0010470595763763413,-0.004295365146826952,0.0007422087849408854,0.47,0.01
1325.0,127402.0,0.0,0.001059262535215638,-0.004218858347556899,0.000868779423828446,0.5842696629213483,0.01
1326.0,127455.0,1.0,0.0010910627151013545,-0.004274889835560659,0.0008012103548334946,0.5660377358490566,0.01
1327.0,127543.0,1.0,0.001072214078951881,-0.004102638631593436,0.0009711710140849887,0.6704545454545454,0.01
1328.0,127621.0,1.0,0.0010070921629309081,-0.004244562363825166,0.0008470994936756026,0.5897435897435898,0.01
1329.0,127721.0,0.0,0.001024988144636154,-0.004353192739654332,0.000766166142129805,0.64,0.01
1330.0,127821.0,0.0,0.000978464965010062,-0.004296180019155145,0.0007647787083988077,0.78,0.01
1331.0,127921.0,0.0,0.0010873520316090435,-0.0041240879893302915,0.0009000247716903686,0.31,0.01
1332.0,128021.0,0.0,0.001076993464375846,-0.0042098273732699455,0.0008524719721754081,0.51,0.01
1333.0,128121.0,0.0,0.0010817742528161033,-0.004403542836662382,0.0007662352452462073,0.44,0.01
1334.0,128221.0,0.0,0.001152344725560397,-0.0041685660928487776,0.0008187398823793046,0.27,0.01
1335.0,128321.0,0.0,0.0010861893062246964,-0.004419724135659635,0.000666993773629656,0.58,0.01
1336.0,128421.0,0.0,0.0010732708830619231,-0.0043903212109580635,0.0006620851787738502,0.9,0.01
1337.0,128521.0,0.0,0.0011426719604060054,-0.003940772649366408,0.0011034569417824969,0.72,0.01
1338.0,128621.0,0.0,0.0011696829000720755,-0.004333347680512816,0.0007535010887659155,0.52,0.01
1339.0,128690.0,1.0,0.0010773495558406348,-0.004036138367339753,0.000990436055766675,0.5217391304347826,0.01
1340.0,128790.0,0.0,0.001039471781696193,-0.004288781145587564,0.000729045008047251,0.58,0.01
1341.0,128890.0,0.0,0.0010899206681642681,-0.004303347347304225,0.0008109044065349735,0.51,0.01
1342.0,128976.0,1.0,0.0011173564998898655,-0.004287149480998863,0.0007649122144780555,0.6162790697674418,0.01
1343.0,129076.0,0.0,0.0010736910492414608,-0.004227726312819868,0.0008026526172761805,0.61,0.01
1344.0,129176.0,0.0,0.0012109468929702417,-0.004189847458619624,0.000826035636710003,0.72,0.01
1345.0,129235.0,1.0,0.001034224993880775,-0.004301269712336993,0.0007771023843137516,0.7627118644067796,0.01
1346.0,129296.0,1.0,0.0009932542452588677,-0.00425776180460072,0.0007189885817170448,0.6721311475409836,0.01
1347.0,129360.0,1.0,0.0011447435326772393,-0.004304769296140876,0.0007005026782280765,0.578125,0.01
1348.0,129460.0,0.0,0.001093248178367503,-0.004209789857268334,0.0008099673128162976,0.27,0.01
1349.0,129560.0,0.0,0.0010659981914795935,-0.004200819036923349,0.0007976064158719964,0.57,0.01
1350.0,129608.0,0.0,0.0011486145655605167,-0.004092078631704983,0.0009230665740081653,0.6458333333333334,0.0
1351.0,129708.0,0.0,0.0011497635254636407,-0.003983390901703387,0.0010193565167719498,0.48,0.0
1352.0,129796.0,1.0,0.0011221325304094617,-0.004262903477700258,0.0007357397220899161,0.8181818181818182,0.0
1353.0,129896.0,0.0,0.001090570272062905,-0.0043215832440182565,0.0007096307157189585,0.73,0.0
1354.0,129996.0,0.0,0.0011071456637000666,-0.004356966523919255,0.0006567261352029163,0.83,0.0
1355.0,130096.0,0.0,0.0010839864611625672,-0.004462524754926562,0.0006375058720004744,0.88,0.0
1356.0,130196.0,0.0,0.0011572883278131484,-0.004216287899762392,0.0008232584489451255,0.6,0.0
1357.0,130296.0,0.0,0.0010771346132969484,-0.004123713134322316,0.00083684411336435,0.67,0.0
1358.0,130396.0,0.0,0.0011139676108723505,-0.0040708059212192895,0.000879355375218438,0.67,0.0
1359.0,130496.0,0.0,0.00107094160921406,-0.004439499678555876,0.0005913186924590264,0.52,0.0
1360.0,130596.0,0.0,0.00104506115836557,-0.0043099545640870925,0.000711537364841206,0.81,0.0
1361.0,130696.0,0.0,0.001176006831228733,-0.004236156451515854,0.0007674579371814616,0.46,0.0
1362.0,130796.0,0.0,0.0011149399366695435,-0.0042549324710853395,0.0007228106053662486,0.68,0.0
1363.0,130862.0,1.0,0.0011711546720824008,-0.004312201156139825,0.0006898399471097174,0.6212121212121212,0.0
1364.0,130897.0,0.0,0.0011103917794701244,-0.004210536973550916,0.000704555246297137,0.2857142857142857,0.0
1365.0,130997.0,0.0,0.0010562298132572323,-0.004196944476570934,0.000772689972363878,0.54,0.0
1366.0,131097.0,0.0,0.0011828415998024866,-0.004208318432793021,0.0007758743195154238,0.7,0.0
1367.0,131197.0,0.0,0.0011403337493538857,-0.004330009915865958,0.000641278269031318,0.55,0.0
1368.0,131297.0,0.0,0.0010532328631961717,-0.004372781249694526,0.0006080027416464872,0.79,0.0
1369.0,131397.0,0.0,0.0011334309307858348,-0.004193416547495872,0.0007797479059081524,0.55,0.0
1370.0,131497.0,0.0,0.0010725393862230704,-0.0042884602746926246,0.0006645743105036672,0.75,0.0
1371.0,131597.0,0.0,0.0011478738248115405,-0.004218101126607508,0.0007376391255820635,0.6,0.0
1372.0,131697.0,0.0,0.0011551864590728655,-0.004138189146760851,0.0008169773210829589,0.58,0.0
1373.0,131797.0,0.0,0.0010735881986329331,-0.004237443071324378,0.0007402159670891706,0.44,0.0
1374.0,131897.0,0.0,0.001098841142375022,-0.004248771693091839,0.0007940617470012512,0.51,0.0
1375.0,131997.0,0.0,0.0010385738732293249,-0.004239327635150403,0.0007128116428793874,0.51,0.0
1376.0,132097.0,0.0,0.0010681516933254897,-0.004280950601678341,0.0006622040891670622,0.67,0.0
1377.0,132197.0,0.0,0.0012068807799369098,-0.004283069246448576,0.0007331627907115035,0.53,0.0
1378.0,132297.0,0.0,0.001091944504296407,-0.0042703757900744675,0.0006882141630921979,0.56,0.0
1379.0,132397.0,0.0,0.0011163045867579058,-0.004249317464418709,0.0007241373867145739,0.67,0.0
1380.0,132497.0,0.0,0.0011595923732966185,-0.004233370549045503,0.0007309465861180797,0.39,0.01
1381.0,132551.0,1.0,0.0011946353511626108,-0.00432450108713022,0.0006583242003991338,0.7222222222222222,0.01
1382.0,132651.0,0.0,0.0011094478127779439,-0.004291088718455285,0.0007030309124093037,0.46,0.01
1383.0,132751.0,0.0,0.0010633063036948442,-0.004252825444564223,0.0007345292078389321,0.85,0.01
1384.0,132804.0,1.0,0.0012136259300739697,-0.004039958167715736,0.000914992054293969,0.6981132075471698,0.01
1385.0,132894.0,0.0,0.001103031344892871,-0.004026872672451039,0.0008902059602809863,0.7111111111111111,0.01
1386.0,132994.0,0.0,0.0010996478417655453,-0.004166632469277829,0.000772077022556914,0.69,0.01
1387.0,133065.0,1.0,0.00111234516010318,-0.004241853699901365,0.0007783690630212347,0.7746478873239436,0.01
1388.0,133165.0,0.0,0.0010842044523451477,-0.004280232826713473,0.0006973662247764878,0.5,0.01
1389.0,133265.0,0.0,0.001077859066426754,-0.004158697812817991,0.0007896400601021014,0.62,0.01
1390.0,133365.0,0.0,0.001155023985193111,-0.004134289950598031,0.0007600097155955154,0.61,0.01
1391.0,133465.0,0.0,0.0011309634533245116,-0.004313675630837679,0.0006613285026105586,0.57,0.01
1392.0,133565.0,0.0,0.001097099669277668,-0.004298027250915766,0.0006600473323487676,0.62,0.01
1393.0,133665.0,0.0,0.0011595968215260654,-0.00416939485585317,0.0007414631258143345,0.73,0.01
1394.0,133765.0,0.0,0.0011961214925395325,-0.00413710713153705,0.0007812392868800089,0.29,0.01
1395.0,133865.0,0.0,0.00112609040515963,-0.004311906753573566,0.0006855171568167862,0.66,0.01
1396.0,133965.0,0.0,0.0011236661975272,-0.004183465370442718,0.0007692663744091987,0.9,0.01
1397.0,134065.0,0.0,0.0011306387709919363,-0.004250797992572188,0.000724922207009513,0.69,0.01
1398.0,134165.0,0.0,0.00117876076255925,-0.00420092266285792,0.0007249540217162576,0.74,0.01
1399.0,134265.0,0.0,0.0010657434060703963,-0.0042238172073848545,0.000732143837667536,0.74,0.01
1400.0,134365.0,0.0,0.001047006463049911,-0.004086218604352325,0.000777575930551393,0.49,0.01
1401.0,134465.0,0.0,0.0011769489827565848,-0.004251531509216875,0.0007207998067315202,0.78,0.01
1402.0,134537.0,1.0,0.001115842555817734,-0.00435380218227187,0.0005656056174403704,0.7638888888888888,0.01
1403.0,134637.0,0.0,0.0011319995735539123,-0.004114240759517998,0.0007435450311459135,0.76,0.01
1404.0,134737.0,0.0,0.00107717462698929,-0.004253550374414772,0.0006697275757323951,0.64,0.01
1405.0,134792.0,1.0,0.0011180709126744081,-0.0041479218751192095,0.0007129100000549277,0.8545454545454545,0.01
1406.0,134892.0,0.0,0.001068206728086807,-0.004227252406999469,0.0007234303931181785,0.52,0.01
1407.0,134957.0,1.0,0.0011418950573827784,-0.003903470947765387,0.0010029652514136754,0.5692307692307692,0.01
1408.0,135018.0,1.0,0.0011432814568311709,-0.004137333730602118,0.000776757576577289,0.639344262295082,0.01
1409.0,135118.0,0.0,0.0010744002053979785,-0.004050647048279643,0.0008357184943452012,0.73,0.01
1410.0,135218.0,0.0,0.0011052324378397315,-0.003947028545662761,0.0008815358590800315,0.52,0.02
1411.0,135318.0,0.0,0.0011759373726090417,-0.004021481345407665,0.0008839896823337767,0.62,0.02
1412.0,135418.0,0.0,0.0010834560298826545,-0.004195918564219028,0.0006956432723382022,0.81,0.02
1413.0,135518.0,0.0,0.0011540645937202498,-0.004101026300340891,0.0007710285967914387,0.58,0.02
1414.0,135618.0,0.0,0.0011627298180246727,-0.0041685620020143685,0.0006454843853134662,0.74,0.02
1415.0,135718.0,0.0,0.0012134239642182364,-0.004163465157616884,0.0007993243493547198,0.53,0.02
1416.0,135818.0,0.0,0.001163150214124471,-0.003917003145907074,0.000910450110968668,0.84,0.02
1417.0,135918.0,0.0,0.0011001463053980842,-0.004215260508935899,0.0006436163546459284,0.59,0.02
1418.0,136018.0,0.0,0.0010770778136793525,-0.004099424299784005,0.0007085114257642999,0.44,0.02
1419.0,136104.0,1.0,0.0011658386569632607,-0.0041233279314541885,0.0007343506800934,0.6976744186046512,0.02
1420.0,136204.0,0.0,0.001129233693354763,-0.00413993027061224,0.0007140256898128428,0.8,0.02
1421.0,136304.0,0.0,0.0011741851380793378,-0.004169470842462033,0.0007229851503507234,0.77,0.02
1422.0,136404.0,0.0,0.00110009366995655,-0.004227320551872253,0.0006418121649767272,0.84,0.02
1423.0,136504.0,0.0,0.001120781889767386,-0.004041536427102983,0.0008570571940799709,0.81,0.02
1424.0,136583.0,1.0,0.0011927837305525436,-0.004041299162008152,0.0007751174963704204,0.5949367088607594,0.02
1425.0,136683.0,0.0,0.0010962880484294147,-0.003959188715089113,0.000912261605844833,0.7,0.02
1426.0,136783.0,0.0,0.0011080199573189021,-0.004047833720687777,0.0008051147065998521,0.65,0.02
1427.0,136883.0,0.0,0.00114713890128769,-0.00407503976020962,0.0008104243912384846,0.68,0.02
1428.0,136975.0,1.0,0.0011379958184830764,-0.003933381236097573,0.0008411792210687923,0.6847826086956522,0.02
1429.0,137075.0,0.0,0.00117159147572238,-0.004025353745091707,0.000832124939915957,0.71,0.02
1430.0,137131.0,1.0,0.001080987773353367,-0.004035458608996123,0.0008736682931547486,0.7142857142857143,0.02
1431.0,137193.0,1.0,0.0011584880731759532,-0.004047147088473843,0.000829799581908681,0.5645161290322581,0.02
1432.0,137293.0,0.0,0.0011314311891328544,-0.004055092392954976,0.0007855805847793817,0.7,0.02
1433.0,137393.0,0.0,0.0011002949631074444,-0.0041689097927883265,0.0006644985057937447,0.7,0.02
1434.0,137493.0,0.0,0.0011213518591830507,-0.004163774715270847,0.0007045826182002202,0.65,0.02
1435.0,137593.0,0.0,0.0011382766341557727,-0.004061574693769217,0.0007597356493351981,0.8,0.02
1436.0,137693.0,0.0,0.0011165024858200922,-0.004107269069645553,0.0007226958351384383,0.41,0.02
1437.0,137762.0,1.0,0.0011426690810670455,-0.00408411031399948,0.000801382431983138,0.6086956521739131,0.02
1438.0,137862.0,0.0,0.0011027770722284913,-0.0038612128607928755,0.0009510123266954906,0.59,0.02
1439.0,137962.0,0.0,0.0011841644963715226,-0.00414727239869535,0.0007294380319945048,0.51,0.02
1440.0,138060.0,0.0,0.0011916990458433116,-0.004079045685084194,0.0008145959256989026,0.6530612244897959,0.01
1441.0,138160.0,0.0,0.0011133116506971419,-0.004057632186450064,0.0007732705210219137,0.57,0.01
1442.0,138260.0,0.0,0.0011769054766045883,-0.004235217995010317,0.0006793690691119991,0.74,0.01
1443.0,138360.0,0.0,0.00118237187853083,-0.004182078675366938,0.0007120189638226293,0.64,0.01
1444.0,138460.0,0.0,0.0011523737065726892,-0.004057811044622213,0.0007670071914617438,0.68,0.01
1445.0,138560.0,0.0,0.0011895502696279436,-0.00416509346337989,0.0006514482457714621,0.79,0.01
1446.0,138660.0,0.0,0.0010414475022116677,-0.004136216666083783,0.0007319361108238809,0.68,0.01
1447.0,138709.0,1.0,0.001143044814686006,-0.004088638635466294,0.0007900472407286265,0.6122448979591837,0.01
1448.0,138809.0,0.0,0.001205792884575203,-0.003984826470259577,0.0008636113362445031,0.81,0.01
1449.0,138909.0,0.0,0.001179539588629268,-0.004063439439050853,0.0007507990847807378,0.72,0.01
1450.0,139009.0,0.0,0.0011683157843071967,-0.004034922721330076,0.0007706854521529749,0.62,0.01
1451.0,139109.0,0.0,0.0010944124934030696,-0.00418229047441855,0.0006909367151092738,0.83,0.01
1452.0,139209.0,0.0,0.0011633443983737378,-0.004054528090637177,0.0007866198409465142,0.66,0.01
1453.0,139278.0,1.0,0.0011911341444710674,-0.004094599850772732,0.0007445958849596049,0.5942028985507246,0.01
1454.0,139378.0,0.0,0.0012106588616734371,-0.003923218580894172,0.0009260721191822086,0.62,0.01
1455.0,139478.0,0.0,0.0011351992224808783,-0.003871094558853656,0.0009413214813685045,0.81,0.01
1456.0,139578.0,0.0,0.0011048866203054787,-0.003878117403946817,0.0009539964571013116,0.75,0.01
1457.0,139678.0,0.0,0.001096257757744752,-0.003945761101786047,0.0008691428040037863,0.5,0.01
1458.0,139731.0,1.0,0.001081521857863749,-0.004089656466055872,0.0007839963405133875,0.6415094339622641,0.01
1459.0,139831.0,0.0,0.0012156382278772071,-0.004073934820480645,0.0007942295121029019,0.69,0.01
1460.0,139931.0,0.0,0.001079014691640623,-0.004089396521449089,0.0007848062725679483,0.65,0.01
1461.0,140007.0,1.0,0.0011280668986728415,-0.004212740597339641,0.0006512011796554649,0.6447368421052632,0.01
1462.0,140107.0,0.0,0.0012335587246343493,-0.003998858535196632,0.0009012398173217661,0.69,0.01
1463.0,140207.0,0.0,0.0011461850960040466,-0.004080869487952441,0.0007382611239154358,0.72,0.01
1464.0,140307.0,0.0,0.0011466267786454409,-0.004155107089318335,0.000738222612417303,0.83,0.01
1465.0,140407.0,0.0,0.0010745182645041495,-0.0037668939540162682,0.0009999368985882029,0.8,0.01
1466.0,140507.0,0.0,0.0011711498792283236,-0.0040258498094044625,0.0008533130417345092,0.66,0.01
1467.0,140607.0,0.0,0.001128386730561033,-0.0038150715082883833,0.0010370952935772949,0.64,0.01
1468.0,140707.0,0.0,0.0012335619865916669,-0.00401004578685388,0.000827323611738393,0.61,0.01
1469.0,140807.0,0.0,0.001169909454183653,-0.004177011982537806,0.0006876883511722553,0.39,0.01
1470.0,140907.0,0.0,0.0011471311148488893,-0.0040871638269163665,0.0008117142492847051,0.64,0.04
1471.0,141007.0,0.0,0.0011786699650110676,-0.004168692331295461,0.00067396153244772,0.77,0.04
1472.0,141076.0,1.0,0.0011776312755461297,-0.004142567289291301,0.0006892082479232382,0.7391304347826086,0.04
1473.0,141176.0,0.0,0.0011602984758792446,-0.0041155681875534355,0.0007312028019805438,0.66,0.04
1474.0,141240.0,1.0,0.001016206120766583,-0.003802630821155617,0.0009429784777239547,0.546875,0.04
1475.0,141340.0,0.0,0.0011371833505108952,-0.00382590597262606,0.0010200493462616577,0.76,0.04
1476.0,141440.0,0.0,0.0010602666123304516,-0.004163722605444491,0.0006396328700066079,0.6,0.04
1477.0,141540.0,0.0,0.0011521717777941377,-0.0040432012593373656,0.0007495817469316535,0.92,0.04
1478.0,141640.0,0.0,0.0010930331511190162,-0.004082672195509076,0.0007405128231039271,0.49,0.04
1479.0,141740.0,0.0,0.0011276409070705995,-0.0040638879104517404,0.0007562109277932904,0.56,0.04
1480.0,141840.0,0.0,0.0010987590241711587,-0.003986250557936728,0.0008397000905824826,0.52,0.04
1481.0,141940.0,0.0,0.0011386152612976729,-0.0038762225140817463,0.0009199122514110059,0.58,0.04
1482.0,142019.0,1.0,0.001156501763034612,-0.004044255453951751,0.0008275330477818564,0.5822784810126582,0.04
1483.0,142100.0,1.0,0.0011504160622594717,-0.00399367310060763,0.0008945476524618074,0.7283950617283951,0.04
1484.0,142200.0,0.0,0.0011189776047831402,-0.00392062611412257,0.0008715313088032417,0.45,0.04
1485.0,142300.0,0.0,0.0011728446220513433,-0.004090182310901583,0.0007398444414138794,0.43,0.04
1486.0,142400.0,0.0,0.0010774306586245075,-0.0040334924054332075,0.0007310934536508284,0.85,0.04
1487.0,142500.0,0.0,0.0011604515003273263,-0.003915565279312432,0.0008857346167496871,0.19,0.04
1488.0,142600.0,0.0,0.001135452925809659,-0.0037335142423398793,0.001061552057217341,0.68,0.04
1489.0,142658.0,1.0,0.0010840873442718695,-0.003820895080872137,0.0009273435232522577,0.3620689655172414,0.04
1490.0,142758.0,0.0,0.0011483362293802201,-0.004023761569987983,0.0007683167274808511,0.69,0.04
1491.0,142818.0,1.0,0.0012211014613664399,-0.004045184973316888,0.0008057990756545527,0.8666666666666667,0.04
1492.0,142918.0,0.0,0.0012466960289748386,-0.003997845805715769,0.0008429882256314158,0.6,0.04
1493.0,142992.0,1.0,0.00112787085645077,-0.004064734480847177,0.0007039104359038803,0.5540540540540541,0.04
1494.0,143089.0,0.0,0.0011643333601784537,-0.00394446578011224,0.0008615297814423084,0.8144329896907216,0.04
1495.0,143189.0,0.0,0.0011403855518437923,-0.003996050211135298,0.0007913820412068163,0.42,0.04
1496.0,143258.0,1.0,0.0011392521968894246,-0.003905265274849059,0.0008714893858954041,0.7391304347826086,0.04
1497.0,143337.0,1.0,0.001154893760928955,-0.004117314759759775,0.0006283188162848967,0.7341772151898734,0.04
1498.0,143437.0,0.0,0.0011300432548159733,-0.004002086687833071,0.0007743319313158281,0.68,0.04
1499.0,143537.0,0.0,0.001096553622628562,-0.004054088403936475,0.0007989263132913039,0.42,0.04
1500.0,143608.0,1.0,0.0011661212742131886,-0.0038754925243294153,0.000904693215155751,0.5070422535211268,0.1
1501.0,143708.0,0.0,0.001187740316381678,-0.003971243367996067,0.0008916218532249332,0.57,0.1
1502.0,143808.0,0.0,0.0011753271776251495,-0.004043956513050943,0.0007170589598536025,0.85,0.1
1503.0,143908.0,0.0,0.001104905444663018,-0.00412566740764305,0.0007045670853403863,0.52,0.1
1504.0,144008.0,0.0,0.0011795876483665778,-0.0040030793589539825,0.0008154805138474331,0.57,0.1
1505.0,144097.0,1.0,0.001114304859604519,-0.003947391064858504,0.0008602061981251568,0.43820224719101125,0.1
1506.0,144197.0,0.0,0.0011220200028037653,-0.003897426554467529,0.0008764179231366142,0.54,0.1
1507.0,144284.0,1.0,0.0011178906384759165,-0.004070393733102186,0.0007326938339038056,0.47126436781609193,0.1
1508.0,144384.0,0.0,0.0011104287870693952,-0.004084913646802306,0.0007386594558192883,0.71,0.1
1509.0,144484.0,0.0,0.0011316850647563115,-0.0039052523020654917,0.0008439582605205942,0.89,0.1
1510.0,144553.0,1.0,0.0011717558389637566,-0.004067169208808437,0.0007524599761540151,0.7246376811594203,0.1
1511.0,144645.0,1.0,0.001142131153281535,-0.003988372584622677,0.000799542056958434,0.8152173913043478,0.1
1512.0,144739.0,1.0,0.0012305693551055848,-0.004105176075678715,0.0006919626861456484,0.8617021276595744,0.1
1513.0,144839.0,0.0,0.0011567689664661884,-0.00381924920482561,0.0009393286917475052,0.77,0.1
1514.0,144905.0,1.0,0.0012254776533650743,-0.003944812166137677,0.0008642500432677369,0.803030303030303,0.1
1515.0,145005.0,0.0,0.0011051463952753693,-0.00408402789849788,0.0007199973073147703,0.59,0.1
1516.0,145077.0,1.0,0.001115074953607594,-0.003986850953272854,0.0008313980858171514,0.6805555555555556,0.1
1517.0,145177.0,0.0,0.0011343197367386893,-0.003980730357579887,0.0008097065595211461,0.68,0.1
1518.0,145277.0,0.0,0.001126683606998995,-0.003977642252575606,0.0008003545540850609,0.76,0.1
1519.0,145377.0,0.0,0.0011473714950261638,-0.004108819644898176,0.0007088805745297577,0.57,0.1
1520.0,145477.0,0.0,0.0010414602287346496,-0.004085699277929962,0.000682359921047464,0.65,0.1
1521.0,145554.0,0.0,0.0011114660626301517,-0.004075019333100357,0.0007159598107455758,0.5194805194805194,0.1
1522.0,145654.0,0.0,0.0011417117668315769,-0.004077145282644778,0.000752813214348862,0.63,0.1
1523.0,145754.0,0.0,0.0011838335602078586,-0.003742076123598963,0.0010062668839236721,0.61,0.1
1524.0,145834.0,1.0,0.0011556526631466113,-0.004103460963233374,0.000714037760917563,0.625,0.1
1525.0,145934.0,0.0,0.0011660737596685066,-0.004129542065784335,0.0006925605249125511,0.81,0.1
1526.0,146034.0,0.0,0.001091920924372971,-0.004128595632500946,0.0006758812358020805,0.42,0.1
1527.0,146134.0,0.0,0.0011515139462426305,-0.004030129457823932,0.0007913181345793419,0.77,0.1
1528.0,146234.0,0.0,0.0011718901403946801,-0.003963814489543438,0.0007894675881834701,0.66,0.1
1529.0,146334.0,0.0,0.0011193184013245628,-0.004074173008557409,0.000722205295751337,0.87,0.1
1530.0,146433.0,1.0,0.0012379756227907056,-0.0038903990990924414,0.000887954586586501,0.5656565656565656,0.02
1531.0,146521.0,1.0,0.0011860480160314844,-0.004079588231186129,0.0007543364340976536,0.5340909090909091,0.02
1532.0,146600.0,1.0,0.0011431321905501469,-0.0038463582868298774,0.0009426988474877339,0.5569620253164557,0.02
1533.0,146700.0,0.0,0.001099145387415774,-0.0040781290526501835,0.000691120406409027,0.57,0.02
1534.0,146800.0,0.0,0.001179362378316,-0.00395636951783672,0.0008326588211639319,0.47,0.02
1535.0,146900.0,0.0,0.0011611442465800793,-0.0040508032729849215,0.0007198042528762016,0.52,0.02
1536.0,146961.0,1.0,0.0011753396772336765,-0.004031900034026533,0.0007380469080507297,0.5573770491803278,0.02
1537.0,147032.0,1.0,0.0012273928978559102,-0.00402222433074994,0.0007436911322989724,0.8591549295774648,0.02
1538.0,147132.0,0.0,0.0011329448712058365,-0.004060432258993388,0.0007641872897511348,0.46,0.02
1539.0,147198.0,1.0,0.0011528050641628038,-0.004093137686140835,0.0007567976995646445,0.5909090909090909,0.02
1540.0,147298.0,0.0,0.0011123170895734802,-0.003950874975416809,0.0008315070798562374,0.55,0.02
1541.0,147398.0,0.0,0.0011912298499373718,-0.0038704380532726644,0.0009157068317290396,0.61,0.02
1542.0,147484.0,1.0,0.0011591379886742163,-0.0036857513911199083,0.0010778673599287326,0.6511627906976745,0.02
1543.0,147584.0,0.0,0.0011376965400995687,-0.004118298524990678,0.000675260871212231,0.65,0.02
1544.0,147670.0,1.0,0.0012073836798324835,-0.003952055517042619,0.0008778680878390861,0.7790697674418605,0.02
1545.0,147770.0,0.0,0.0011210400005802511,-0.003974550603888929,0.0007491976692108437,0.52,0.02
1546.0,147870.0,0.0,0.0012032166600693017,-0.004065335479099303,0.000704028915206436,0.76,0.02
1547.0,147940.0,1.0,0.0011182899686640927,-0.004044406877697578,0.0007057937591785699,0.38571428571428573,0.02
1548.0,148040.0,0.0,0.0011391940113389864,-0.003868636901024729,0.0009217484756663907,0.68,0.02
1549.0,148140.0,0.0,0.0012204005225794389,-0.0039145344751887025,0.0008517161704367027,0.89,0.02
1550.0,148240.0,0.0,0.0011750271858181804,-0.003686096619348973,0.0010823457789956592,0.94,0.02
1551.0,148340.0,0.0,0.0011121298145735637,-0.00392860179534182,0.000876246992702363,0.44,0.02
1552.0,148440.0,0.0,0.0011662877240451053,-0.003794573904015124,0.000925470115034841,0.53,0.02
1553.0,148540.0,0.0,0.001139979341533035,-0.004045812105759978,0.0007003957215056289,0.34,0.02
1554.0,148633.0,1.0,0.0011027039808561645,-0.003870306704293496,0.0008415285308885399,0.6989247311827957,0.02
1555.0,148733.0,0.0,0.0011375738121569157,-0.003994952365756035,0.0007521961917518639,0.63,0.02
1556.0,148833.0,0.0,0.0011865876510273666,-0.003994010880123824,0.0008226143117644824,0.56,0.02
1557.0,148933.0,0.0,0.0011645635805325582,-0.0038799281627871097,0.0009119892487069592,0.73,0.02
1558.0,148998.0,0.0,0.0011235632065038843,-0.003927174013537856,0.0008341968446844615,0.46153846153846156,0.02
1559.0,149098.0,1.0,0.0011085031257243828,-0.004101599126588553,0.0007145429638330824,0.64,0.02
1560.0,149187.0,1.0,0.0012096328513037538,-0.004039072889436999,0.0007478375152326346,0.6292134831460674,0.02
1561.0,149287.0,0.0,0.001209989512572065,-0.003972881631925702,0.0007836292943102308,0.69,0.02
1562.0,149387.0,0.0,0.0011901283828774467,-0.00403877655044198,0.0007570567246875725,0.74,0.02
1563.0,149487.0,0.0,0.0011849816766334698,-0.0039636851358227435,0.0008170632552355528,0.44,0.02
1564.0,149587.0,0.0,0.0011631321359891445,-0.003983368058688938,0.0008092795842094347,0.71,0.02
1565.0,149657.0,1.0,0.0012008701018722994,-0.0038758760151852453,0.0009077339690910386,0.7142857142857143,0.02
1566.0,149757.0,0.0,0.0011717794032301753,-0.003932062468957156,0.0008392320350685623,0.45,0.02
1567.0,149857.0,0.0,0.001107673182268627,-0.0038257568259723483,0.0008823928084166255,0.58,0.02
1568.0,149957.0,0.0,0.0010787914803950117,-0.0038662363705225288,0.0008524197222141084,0.5,0.02
1569.0,150055.0,1.0,0.0011523629286877659,-0.003822925502947551,0.0009741628182011334,0.5816326530612245,0.02
1570.0,150155.0,0.0,0.001206487508607097,-0.00392861487576738,0.0008184682737919502,0.91,0.02
1571.0,150255.0,0.0,0.00107131126569584,-0.003858099398203194,0.0009041915078705642,0.42,0.02
1572.0,150355.0,0.0,0.001205165198771283,-0.003952184452209621,0.0007546924540656619,0.94,0.02
1573.0,150455.0,0.0,0.0012401328579289838,-0.003981734446715564,0.0008020650029357057,0.63,0.02
1574.0,150555.0,0.0,0.0011656331899575888,-0.003914060252718628,0.0008473652563407086,0.92,0.02
1575.0,150655.0,0.0,0.00120943182206247,-0.004023544592782855,0.0007525230462488252,0.72,0.02
1576.0,150755.0,0.0,0.0011261811631266027,-0.003978835982270539,0.0007688961512758397,0.71,0.02
1577.0,150855.0,0.0,0.0011815060611115769,-0.004024297301657498,0.0007621997983369511,0.74,0.02
1578.0,150946.0,1.0,0.0011027001310139894,-0.003938060906296084,0.0007938771731870064,0.6703296703296703,0.02
1579.0,151046.0,0.0,0.0011328814015723766,-0.004059187627863139,0.000670073462097207,0.32,0.02
1580.0,151132.0,1.0,0.0011203332741874768,-0.00372916515266826,0.0010112515074704492,0.5930232558139535,0.02
1581.0,151203.0,1.0,0.0011602040506492723,-0.004019716085577515,0.0007219611387125964,0.6901408450704225,0.02
1582.0,151302.0,1.0,0.001181040066200299,-0.003984264721341356,0.0008573130655368188,0.7373737373737373,0.02
1583.0,151402.0,0.0,0.0011848892841953783,-0.003968142110388726,0.0008157077201758512,0.16,0.02
1584.0,151473.0,1.0,0.0011061647411724422,-0.003914520131345366,0.0008471979149682841,0.5633802816901409,0.02
1585.0,151573.0,0.0,0.0011507491825614126,-0.004118689671158791,0.0006551501080684829,0.45,0.02
1586.0,151658.0,0.0,0.0011474563630626481,-0.003905483543434564,0.0008231133523890201,0.6470588235294118,0.02
1587.0,151758.0,0.0,0.0011540921533014625,-0.003947806875221432,0.0007700780274171848,0.66,0.02
1588.0,151858.0,0.0,0.0010834172629984097,-0.0038894790946505963,0.0008679089880024548,0.79,0.02
1589.0,151958.0,0.0,0.0010891796567011624,-0.003879263049457222,0.000818263691762695,0.83,0.02
1590.0,152036.0,1.0,0.0010791012117316802,-0.003956339492176015,0.0007097193182487852,0.5128205128205128,0.03
1591.0,152136.0,0.0,0.0011456656479276717,-0.003913697409443557,0.000851888376273564,0.7,0.03
1592.0,152212.0,1.0,0.0010742820059500733,-0.004020942108534081,0.000708063853380736,0.7368421052631579,0.03
1593.0,152312.0,0.0,0.0011815146304434165,-0.0037966547533869743,0.0009113449619326274,0.75,0.03
1594.0,152384.0,1.0,0.0011460255304377319,-0.003847728163236752,0.0008635240644960302,0.5694444444444444,0.03
1595.0,152484.0,0.0,0.001243884347495623,-0.004037624723277986,0.0007217680894245859,0.49,0.03
1596.0,152577.0,1.0,0.0010403239666434225,-0.0038731039842210147,0.0008643748608270099,0.6129032258064516,0.03
1597.0,152677.0,0.0,0.0011395352991530672,-0.003954770837444812,0.0008509734558174387,0.63,0.03
1598.0,152777.0,0.0,0.0012793638469884173,-0.0038686669059097767,0.0008423046125972177,0.44,0.03
1599.0,152877.0,0.0,0.0011688476911513135,-0.003826320683583617,0.0008854811734636314,0.64,0.03
1600.0,152977.0,0.0,0.001153373810229823,-0.003950219745747745,0.0008410423350869678,0.55,0.03
1601.0,153077.0,0.0,0.0011584002489689737,-0.003992884417530149,0.0007746460838825442,0.85,0.03
1602.0,153177.0,0.0,0.0011389264033641667,-0.003918663575313985,0.0008674553457240109,0.79,0.03
1603.0,153277.0,0.0,0.001093948257039301,-0.00386609485372901,0.000864827991463244,0.65,0.03
1604.0,153377.0,0.0,0.001168416787404567,-0.003941223598085344,0.0008049691506312229,0.68,0.03
1605.0,153462.0,1.0,0.0011907586834722145,-0.00407688810270937,0.0007147199227748548,0.7058823529411765,0.03
1606.0,153562.0,0.0,0.001139264781959355,-0.003998753998894244,0.0007407331984722986,0.47,0.03
1607.0,153662.0,0.0,0.0011971278639975936,-0.003977773752994835,0.000788555452163564,0.61,0.03
1608.0,153762.0,0.0,0.0012294645857764408,-0.004121439345180988,0.0006694408763723913,0.71,0.03
1609.0,153862.0,0.0,0.0011026846745517105,-0.004075700659304857,0.0006485904840519652,0.58,0.03
1610.0,153962.0,0.0,0.0011680725577753036,-0.003961402422282845,0.0008281129212991801,0.65,0.03
1611.0,154062.0,0.0,0.001107966451672837,-0.003950946112163365,0.000751584286626894,0.61,0.03
1612.0,154115.0,0.0,0.0011831778079657903,-0.003818006992761819,0.0008745100804964819,0.7735849056603774,0.03
1613.0,154205.0,1.0,0.0012264052502966175,-0.003950272619517313,0.0008167790585300989,0.6333333333333333,0.03
1614.0,154305.0,0.0,0.0011770167906070127,-0.003913443607743829,0.0008435267313325313,0.91,0.03
1615.0,154405.0,0.0,0.001174019227619283,-0.003885536480229348,0.0008685008490283508,0.45,0.03
1616.0,154505.0,0.0,0.0011804623634088785,-0.003968257980886847,0.0007762106508016586,0.57,0.03
1617.0,154579.0,1.0,0.0011479618937104336,-0.003718689858057612,0.0010365955452938135,0.6621621621621622,0.03
1618.0,154679.0,0.0,0.001135740980389528,-0.0037039532442577185,0.0010290471442567651,0.79,0.03
1619.0,154755.0,1.0,0.001120179847930558,-0.0037279130621372084,0.0009860500856455857,0.6973684210526315,0.03
1620.0,154792.0,0.0,0.0011877375938048637,-0.003965426846784917,0.0008444641960621182,0.7837837837837838,0.42
1621.0,154852.0,1.0,0.0011790495540481062,-0.004040334614304205,0.0007427051010987876,0.36666666666666664,0.42
1622.0,154935.0,1.0,0.0011765503546178162,-0.003832990584154445,0.0009091104167241446,0.5783132530120482,0.42
1623.0,155035.0,0.0,0.0012121293495874852,-0.0037445406732149423,0.001006315782724414,0.75,0.42
1624.0,155115.0,1.0,0.0011840156053949612,-0.003570058406330645,0.0011171026311785682,0.6625,0.42
1625.0,155196.0,1.0,0.0011654418216224898,-0.0038651652450178878,0.0008676591349757035,0.2716049382716049,0.42
1626.0,155296.0,0.0,0.0012337826594011859,-0.003984072573948652,0.0008267852749850135,0.61,0.42
1627.0,155396.0,0.0,0.0011755100468872114,-0.003878879025578499,0.0008363993061357177,0.86,0.42
1628.0,155496.0,0.0,0.0011820879351580515,-0.003901629550382495,0.0008083348351647146,0.75,0.42
1629.0,155564.0,1.0,0.001128884094856296,-0.003918175986173618,0.0007896645081072004,0.75,0.42
1630.0,155644.0,1.0,0.0012171956746897194,-0.004014891272527165,0.0007372863325144863,0.75,0.42
1631.0,155744.0,0.0,0.0011578336398815735,-0.0039575893967412415,0.0008292102449922823,0.85,0.42
1632.0,155844.0,0.0,0.0011134784208843484,-0.003913069649133832,0.0008128657373890747,0.73,0.42
1633.0,155944.0,0.0,0.0011717290995875373,-0.004008683222346008,0.0007782073263661004,0.44,0.42
1634.0,156044.0,0.0,0.0011383750959066674,-0.0038837597239762545,0.0008556112376390956,0.61,0.42
1635.0,156144.0,0.0,0.001107492344453931,-0.003876431290991604,0.0008545729564502835,0.68,0.42
1636.0,156244.0,0.0,0.0011518378724576905,-0.003951551613863557,0.0007302277424605563,0.34,0.42
1637.0,156298.0,1.0,0.0011045627880203366,-0.003902237461362448,0.0008542546016138254,0.7407407407407407,0.42
1638.0,156398.0,0.0,0.0011568197957240046,-0.004009017378557474,0.0006865831297182012,0.69,0.42
1639.0,156498.0,0.0,0.0011951897502876817,-0.004045925228856504,0.0007090140123909805,0.77,0.42
1640.0,156598.0,0.0,0.0011909841804299505,-0.003987690990325064,0.0007471821709623327,0.59,0.42
1641.0,156698.0,0.0,0.0012013504788046703,-0.003987735882401466,0.0007849754363996908,0.73,0.42
1642.0,156776.0,1.0,0.0012167525367262082,-0.004206857279850504,0.0005864765038355612,0.5897435897435898,0.42
1643.0,156861.0,1.0,0.0011641926091054784,-0.004058378181584618,0.0006863966418142594,0.5647058823529412,0.42
1644.0,156932.0,1.0,0.0011878998025359822,-0.004111693119367873,0.0006396014527844029,0.7183098591549296,0.42
1645.0,157032.0,0.0,0.0011383409256814048,-0.0039270991086959835,0.0007763936095579994,0.83,0.42
1646.0,157132.0,0.0,0.001193227800540626,-0.003885446274653077,0.0008435363670287188,0.23,0.42
1647.0,157208.0,1.0,0.0011617586431767496,-0.004047434718813747,0.0007296800778069729,0.4473684210526316,0.42
1648.0,157285.0,1.0,0.0011820389848359704,-0.004013553939082406,0.0008231138560298056,0.5974025974025974,0.42
1649.0,157355.0,1.0,0.001175413971733568,-0.003959997068159282,0.0008378260991386404,0.6,0.42
1650.0,157455.0,0.0,0.0012685338890878483,-0.003822497471701354,0.0009676275291712954,0.62,0.21
1651.0,157555.0,0.0,0.0012510513252345845,-0.003955271195154637,0.0008752268576063216,0.68,0.21
1652.0,157655.0,0.0,0.0011313765827799217,-0.003925155838951469,0.000833081536256941,0.73,0.21
1653.0,157745.0,1.0,0.0012347704459292194,-0.0037336525584881503,0.0010164475886590986,0.5333333333333333,0.21
1654.0,157829.0,0.0,0.00119192876930659,-0.0038941684400751477,0.000884010825843905,0.6309523809523809,0.21
1655.0,157929.0,0.0,0.00112657863763161,-0.0038091694260947405,0.000942093474441208,0.65,0.21
1656.0,158029.0,0.0,0.001137060415931046,-0.003813254274427891,0.0009170278534293175,0.86,0.21
1657.0,158129.0,0.0,0.001147075468325056,-0.003815805190242827,0.0009353472570364829,0.81,0.21
1658.0,158204.0,1.0,0.0011029883831118544,-0.003956178852046529,0.0007853230808783944,0.8266666666666667,0.21
1659.0,158304.0,0.0,0.0012026275222888217,-0.003867216391954571,0.0009006684344785754,0.82,0.21
1660.0,158404.0,0.0,0.001139933633385226,-0.003768390892073512,0.0009522479970473796,0.77,0.21
1661.0,158504.0,0.0,0.0011883379641221836,-0.0037182925990782677,0.0010248283369583078,0.48,0.21
1662.0,158604.0,0.0,0.0011835237377090379,-0.00401538094272837,0.0007148422407044563,0.67,0.21
1663.0,158704.0,0.0,0.00123375681694597,-0.003906117358710617,0.0008351216062146705,0.54,0.21
1664.0,158804.0,0.0,0.0011929352645529434,-0.003832224025391042,0.000915101740101818,0.88,0.21
1665.0,158904.0,0.0,0.0012209486588835715,-0.003823147057555616,0.0009314797224942594,0.84,0.21
1666.0,159004.0,0.0,0.001184845940442756,-0.00392692525871098,0.0007961642535519786,0.72,0.21
1667.0,159104.0,0.0,0.0011422072135610507,-0.0038479880709201097,0.0008848182714427821,0.82,0.21
1668.0,159204.0,0.0,0.00117117159999907,-0.003965928272809833,0.0007357134229096119,0.62,0.21
1669.0,159284.0,1.0,0.0011820682550023776,-0.0038566790404729544,0.0008851667505950899,0.625,0.21
1670.0,159384.0,0.0,0.0011739640304585918,-0.003961049830541015,0.0007583363383309916,0.69,0.21
1671.0,159484.0,0.0,0.0012388192594517023,-0.003803206186275929,0.0009010923039750196,0.52,0.21
1672.0,159580.0,1.0,0.0012475048115447862,-0.0039047052244616984,0.0008063565425497169,0.65625,0.21
1673.0,159680.0,0.0,0.0011832696502096951,-0.004027573147322982,0.0007119040760153439,0.53,0.21
1674.0,159780.0,0.0,0.0011900782253360376,-0.003958694881293923,0.0008000384681508876,0.67,0.21
1675.0,159862.0,1.0,0.0012086738829455543,-0.003969903910396303,0.0007848132147223734,0.6097560975609756,0.21
1676.0,159929.0,0.0,0.0012709532939106116,-0.003837824614940962,0.0007830506400031441,0.5074626865671642,0.21
1677.0,160029.0,0.0,0.0012561329553136603,-0.0038758505857549607,0.0009050865154131316,0.72,0.21
1678.0,160129.0,0.0,0.0011422794504323975,-0.0038668091944418846,0.0008696085365954787,0.85,0.21
1679.0,160229.0,0.0,0.001185000708210282,-0.003933754244353622,0.0008422423296724446,0.49,0.21
1680.0,160292.0,1.0,0.0012283947130310394,-0.003838411458427944,0.0009184281142162425,0.746031746031746,0.15
1681.0,160392.0,0.0,0.0012177934922510758,-0.003899432697799057,0.000805389833258232,0.92,0.15
1682.0,160492.0,0.0,0.0011656268907245249,-0.0039006204600445927,0.0008484717927058227,0.68,0.15
1683.0,160592.0,0.0,0.0012333301495527848,-0.0038021505577489735,0.000960083456884604,0.88,0.15
1684.0,160692.0,0.0,0.0011437117820605636,-0.0038593092141672967,0.0008364107894885819,0.85,0.15
1685.0,160757.0,1.0,0.0011734590794031437,-0.003897294935841973,0.0008546583314175503,0.5384615384615384,0.15
1686.0,160857.0,0.0,0.0011472697241697461,-0.0039609795110300185,0.0007473649656458292,0.61,0.15
1687.0,160957.0,0.0,0.001196884891251102,-0.0037906633131206038,0.0009411883889697492,0.62,0.15
1688.0,161057.0,0.0,0.0012516257422976196,-0.003976824400015175,0.000784715191257419,0.59,0.15
1689.0,161157.0,0.0,0.0011452267179265618,-0.0039055446931160987,0.0007863823503430467,0.61,0.15
1690.0,161257.0,0.0,0.001157482709386386,-0.003953064200468362,0.0007828092853014823,0.67,0.15
1691.0,161357.0,0.0,0.0012934520537964999,-0.0038811846007592975,0.0008446489469497464,0.99,0.15
1692.0,161457.0,0.0,0.001175168407498859,-0.003883973171468824,0.0008700947562465444,0.64,0.15
1693.0,161557.0,0.0,0.0011983793537365273,-0.003623560182750225,0.0010911703000601846,0.51,0.15
1694.0,161657.0,0.0,0.0013000875455327333,-0.003844376294873655,0.0008429750973300543,0.58,0.15
1695.0,161757.0,0.0,0.0012242473277729005,-0.0038955534622073175,0.000835472594917519,0.83,0.15
1696.0,161814.0,0.0,0.0012688671867771629,-0.004015811049101646,0.0007928439100444513,0.8245614035087719,0.15
1697.0,161914.0,0.0,0.0012120783416321502,-0.003826298301573843,0.0008699438949406613,0.67,0.15
1698.0,162014.0,0.0,0.001302134426077828,-0.003877869127318263,0.0008448343459167518,0.82,0.15
1699.0,162114.0,0.0,0.0012394622369902208,-0.003952395978849381,0.0008041851718735416,0.83,0.15
1700.0,162214.0,0.0,0.0012112619302934037,-0.0039650443498976526,0.000790338886945392,0.74,0.15
1701.0,162314.0,0.0,0.0011754914891207592,-0.0038964675622992218,0.0007860581442946568,0.6,0.15
1702.0,162414.0,0.0,0.0011700563406338916,-0.0038407859951257706,0.0008915127509681042,0.78,0.15
1703.0,162514.0,0.0,0.0012572442018426956,-0.0038233823352493345,0.0009073725096823182,0.45,0.15
1704.0,162550.0,0.0,0.001150909924439879,-0.004002239147666842,0.0006583527045020472,0.5555555555555556,0.15
1705.0,162650.0,0.0,0.0012503404391463846,-0.003907303910236806,0.000782155086635612,0.73,0.15
1706.0,162750.0,0.0,0.001223836289718747,-0.0040528279496356845,0.0006992459798493655,0.68,0.15
1707.0,162850.0,0.0,0.001207720722304657,-0.003986237989738584,0.0007920679953531362,0.85,0.15
1708.0,162950.0,0.0,0.0012443020805949345,-0.003721494467463344,0.0009705173109250609,0.84,0.15
1709.0,163050.0,0.0,0.0012220080487895758,-0.0038261359464377164,0.0008371074381284415,0.61,0.15
1710.0,163121.0,1.0,0.0012197025746605555,-0.0037246505388806406,0.0009982059310062487,0.6197183098591549,0.31
1711.0,163192.0,1.0,0.001149993006166228,-0.003893706495021011,0.0008282265972270643,0.6338028169014085,0.31
1712.0,163261.0,1.0,0.0011654087507665374,-0.0037053433800305147,0.001020777123167004,0.5362318840579711,0.31
1713.0,163361.0,0.0,0.001157308833207935,-0.00365432845428586,0.001076788094942458,0.68,0.31
1714.0,163461.0,0.0,0.0011483773571671918,-0.0036590646649710835,0.0010845928828348405,0.8,0.31
1715.0,163561.0,0.0,0.00116231358028017,-0.003636236311867833,0.001127808168239426,0.74,0.31
1716.0,163623.0,1.0,0.001167592104344118,-0.0038742504623388093,0.0008759446098983678,0.6290322580645161,0.31
1717.0,163698.0,1.0,0.001185158103859673,-0.003902323233584563,0.0008810146323715647,0.7333333333333333,0.31
1718.0,163798.0,0.0,0.0011012828431557864,-0.003863634574227035,0.0008581740992667619,0.71,0.31
1719.0,163898.0,0.0,0.0011538683401886374,-0.003785570135805756,0.0009614369356131647,0.8,0.31
1720.0,163998.0,0.0,0.0012094308360246942,-0.0038839341257698836,0.0008752946720051114,0.92,0.31
1721.0,164059.0,0.0,0.001212559567886542,-0.003951537529708909,0.000794864673316326,0.8688524590163934,0.31
1722.0,164159.0,0.0,0.0011969088640762494,-0.004001715905033052,0.0007330108154565096,0.61,0.31
1723.0,164259.0,0.0,0.0011363271588925273,-0.003939614822156727,0.000827159861655673,0.42,0.31
1724.0,164359.0,0.0,0.0010866825579432771,-0.0040015816083177926,0.0007362700316298288,0.82,0.31
1725.0,164405.0,0.0,0.0011616437708574306,-0.003785938039705481,0.0009379126226438372,0.8695652173913043,0.31
1726.0,164505.0,0.0,0.0011607763724168763,-0.003996008250396699,0.0007250193327490706,0.93,0.31
1727.0,164605.0,0.0,0.0012216214468935504,-0.0038996152696199717,0.0008353287032514345,0.78,0.31
1728.0,164705.0,0.0,0.0011856613494455814,-0.0040169556438922885,0.0008093348448164761,0.56,0.31
1729.0,164805.0,0.0,0.0012296981160761788,-0.0038521589268930255,0.0008326512634812389,0.65,0.31
1730.0,164905.0,0.0,0.001298895122599788,-0.004027875619940459,0.0006838136145961471,0.66,0.31
1731.0,165005.0,0.0,0.0012023267918266356,-0.004013505920302123,0.0007283001564792357,0.78,0.31
1732.0,165078.0,0.0,0.0011813669028526096,-0.003800996467598701,0.0009679990539116759,0.6301369863013698,0.31
1733.0,165178.0,0.0,0.0012001617188798263,-0.003917990289628506,0.000795181474823039,0.52,0.31
1734.0,165278.0,0.0,0.001232369776116684,-0.004011835255660116,0.0007233991276007146,0.74,0.31
1735.0,165352.0,1.0,0.0011244131680074577,-0.0038373825908009267,0.000871837767025116,0.7837837837837838,0.31
1736.0,165452.0,0.0,0.001127897307742387,-0.003800344504415989,0.0009215688894619234,0.7,0.31
1737.0,165522.0,1.0,0.0011947828378262265,-0.004193649337893086,0.0006226840210729279,0.7285714285714285,0.31
1738.0,165584.0,0.0,0.0012872037994149591,-0.0038100872414126514,0.001017720714087538,0.5645161290322581,0.31
1739.0,165684.0,0.0,0.001237652248237282,-0.0036313664610497652,0.0010909104661550374,0.58,0.31
1740.0,165784.0,0.0,0.0011577633995329961,-0.003948883474804461,0.0007512405648594723,0.67,0.04
1741.0,165884.0,0.0,0.001323868291801773,-0.0038579395716078577,0.0008994149375939742,0.63,0.04
1742.0,165984.0,0.0,0.0012915273464750498,-0.004006659428123385,0.0007659521912864875,0.63,0.04
1743.0,166084.0,0.0,0.0011907183768926188,-0.003846715451218188,0.0008676104091864545,0.88,0.04
1744.0,166184.0,0.0,0.0012198211759096012,-0.0038656833069399,0.0008424804422247689,0.26,0.04
1745.0,166284.0,0.0,0.0011462811415549367,-0.003982698025647551,0.0008130407307180576,0.66,0.04
1746.0,166384.0,0.0,0.001223334104870446,-0.003772681439295411,0.0009956859350495507,0.52,0.04
1747.0,166484.0,0.0,0.0011471468245144933,-0.0038198323897086083,0.0008779690471419599,0.56,0.04
1748.0,166584.0,0.0,0.0011707314749946818,-0.003815586189739406,0.0009531128277012613,0.8,0.04
1749.0,166660.0,1.0,0.0010977716401133588,-0.0038355406079637376,0.0009025423552022977,0.5263157894736842,0.04
1750.0,166760.0,0.0,0.0011805752280633897,-0.003962213406339288,0.000762184164923383,0.49,0.04
1751.0,166860.0,0.0,0.0011489655688637869,-0.003923783933278174,0.0008108764344069642,0.79,0.04
1752.0,166960.0,0.0,0.0012426530226366595,-0.003893943789880723,0.0008347372309071943,0.81,0.04
1753.0,167060.0,0.0,0.0012086070876102895,-0.003931122350040823,0.0008261925952683668,0.78,0.04
1754.0,167160.0,0.0,0.0011165929259732365,-0.003835381199605763,0.0008554753341013566,0.86,0.04
1755.0,167247.0,1.0,0.0010888470562934961,-0.003940695960973871,0.0007668421086895376,0.5057471264367817,0.04
1756.0,167347.0,1.0,0.0011356944200815633,-0.00384433439001441,0.000901876357384026,0.61,0.04
1757.0,167447.0,0.0,0.0011870968411676586,-0.0038914008997380733,0.0008164919668342918,0.69,0.04
1758.0,167547.0,0.0,0.0012109225860331208,-0.003985735238529742,0.000778792217897717,0.65,0.04
1759.0,167605.0,1.0,0.001250121503634828,-0.003997240918046185,0.0007930771329295661,0.5,0.04
1760.0,167666.0,0.0,0.0011584392460597466,-0.00399919087448936,0.0007707976848726756,0.5737704918032787,0.04
1761.0,167758.0,1.0,0.0011620982328642403,-0.003973724953222858,0.0007708472269017796,0.6956521739130435,0.04
1762.0,167858.0,0.0,0.0012116472091292963,-0.003970696371980011,0.0008085678082716185,0.54,0.04
1763.0,167958.0,0.0,0.0012103233666857704,-0.0037416911125183108,0.0010433419223409145,0.73,0.04
1764.0,168058.0,0.0,0.0011687672778498382,-0.0037428505113348363,0.0009619109868071973,0.84,0.04
1765.0,168158.0,0.0,0.0011946201545652002,-0.003953219982795417,0.0007789896280155517,0.65,0.04
1766.0,168234.0,1.0,0.0012254156899871305,-0.003835895558279988,0.0008939745183804342,0.6578947368421053,0.04
1767.0,168334.0,0.0,0.0012104220659239218,-0.0038219472882337867,0.0009152319542772603,0.72,0.04
1768.0,168434.0,0.0,0.0012268824729835615,-0.0039106680219993,0.000839974576520035,0.39,0.04
1769.0,168534.0,0.0,0.0011618590221041814,-0.004064468769356609,0.000633699951285962,0.66,0.04
1770.0,168634.0,0.0,0.0012446240766439587,-0.0039070990053005515,0.000823579502175562,0.69,0.49
1771.0,168734.0,0.0,0.001371836126782,-0.003900498740840703,0.0008290851430501789,0.54,0.49
1772.0,168834.0,0.0,0.001381705622188747,-0.003982219824101776,0.0007640386131242849,0.76,0.49
1773.0,168934.0,0.0,0.0012245919636916368,-0.003733534731436521,0.0009498190459271427,0.74,0.49
1774.0,169034.0,0.0,0.0013029123807791621,-0.0035138060199096798,0.0012357724043249617,0.8,0.49
1775.0,169134.0,0.0,0.0012603028933517635,-0.004001110205426812,0.0007587262823653873,0.75,0.49
1776.0,169226.0,0.0,0.0012543463362026555,-0.0039592384279746075,0.0007183583490942787,0.8478260869565217,0.49
1777.0,169326.0,0.0,0.0012068098818417638,-0.003882786890026182,0.0008548785977473016,0.57,0.49
1778.0,169426.0,0.0,0.0014017985697137192,-0.003968397281132638,0.0007278269046219066,0.76,0.49
1779.0,169504.0,1.0,0.001259275282231661,-0.004019342303180542,0.0007353799627684893,0.7435897435897436,0.49
1780.0,169604.0,0.0,0.0012332269514445215,-0.003741786417085677,0.0009152434424322565,0.67,0.49
1781.0,169678.0,1.0,0.0012342841930788112,-0.0038253521842479305,0.0008111457946880192,0.6756756756756757,0.49
1782.0,169778.0,0.0,0.0011805241403635592,-0.0038344023749232294,0.0008816568025213201,0.79,0.49
1783.0,169878.0,0.0,0.0011891173850744963,-0.0038649245630949735,0.0008177844539750367,0.58,0.49
1784.0,169978.0,0.0,0.0013114144530845806,-0.0038015195447951553,0.0009481855768535752,0.89,0.49
1785.0,170060.0,1.0,0.0012838113250880979,-0.00374223093683945,0.000949449122744249,0.7195121951219512,0.49
1786.0,170160.0,0.0,0.0011797285318607465,-0.0038601035880856216,0.0008199072038405575,0.64,0.49
1787.0,170260.0,0.0,0.0012078473949804901,-0.0038499753549695015,0.0008554928353987634,0.77,0.49
1788.0,170360.0,0.0,0.0012554794835159555,-0.0038083740253932775,0.0009187973357620649,0.64,0.49
1789.0,170460.0,0.0,0.0012976266449550168,-0.0038534258492290974,0.0008637252898188308,0.47,0.49
1790.0,170560.0,0.0,0.0012723397015361115,-0.003840186388697475,0.0008297734297229908,0.81,0.49
1791.0,170660.0,0.0,0.0011670432874234394,-0.0038878509029746057,0.0008334555407054722,0.46,0.49
1792.0,170760.0,0.0,0.001137835036497563,-0.003956729113124311,0.000775836047323537,0.71,0.49
1793.0,170824.0,1.0,0.0011890598443642375,-0.004037132624944206,0.0007126845255243097,0.765625,0.49
1794.0,170924.0,0.0,0.0011603706202004105,-0.003903411536011845,0.0007908181665698067,0.7,0.49
1795.0,171024.0,0.0,0.0012464373972034082,-0.0038913602684624493,0.0008623540448024869,0.72,0.49
1796.0,171124.0,0.0,0.001181486058048904,-0.003918008434120566,0.0007872027535631787,0.21,0.49
1797.0,171174.0,0.0,0.0011937476124148816,-0.0037482708133757116,0.0009716038074111566,0.78,0.49
1798.0,171274.0,0.0,0.0012005668802885338,-0.003772291170898825,0.0009381278115324676,0.33,0.49
1799.0,171374.0,0.0,0.0011921882966998965,-0.00385402986779809,0.0008086621311667841,0.86,0.49
1800.0,171454.0,1.0,0.0012676779057073872,-0.0038442056364146994,0.0008896772895241156,0.7,0.05
1801.0,171554.0,0.0,0.0012725409236736596,-0.0038376650330610575,0.000844361852214206,0.86,0.05
1802.0,171654.0,0.0,0.001212832690216601,-0.003965778700076044,0.0007233016508689616,0.63,0.05
1803.0,171754.0,0.0,0.0012850203819107263,-0.003958641127683222,0.0006831400105147623,0.77,0.05
1804.0,171814.0,1.0,0.0012026687152683734,-0.003849400389784326,0.0008207376658295591,0.6,0.05
1805.0,171914.0,0.0,0.0011895315174479037,-0.0038898966717533768,0.0007946364508825354,0.77,0.05
1806.0,172014.0,0.0,0.0011819363001268357,-0.0038339809537865223,0.0008445120279793627,0.88,0.05
1807.0,172068.0,1.0,0.0012170598913346315,-0.004005285846586857,0.0006923811055862138,0.7777777777777778,0.05
1808.0,172119.0,1.0,0.001211405950872337,-0.004042605390114819,0.0006628014639764111,0.7254901960784313,0.05
1809.0,172219.0,0.0,0.0012038451677653939,-0.0039169719675555825,0.0007553985819686204,0.53,0.05
1810.0,172299.0,1.0,0.0013098517534672282,-0.003868266276549548,0.0007799765673553339,0.7,0.05
1811.0,172399.0,0.0,0.0012461370794335381,-0.003933902396820486,0.0007529824400262442,0.82,0.05
1812.0,172499.0,0.0,0.0011900382029125466,-0.003988815194461494,0.000685418080247473,0.59,0.05
1813.0,172599.0,0.0,0.001244472146499902,-0.0040177590772509575,0.0006955021074099932,0.6,0.05
1814.0,172657.0,1.0,0.001268845723925865,-0.003936270199683976,0.0007866336339342022,0.7241379310344828,0.05
1815.0,172757.0,0.0,0.0013492013863287866,-0.003939949120394886,0.0007881576598447282,0.85,0.05
1816.0,172857.0,0.0,0.001306101827067323,-0.003847878696396947,0.0008588881157629658,0.37,0.05
1817.0,172957.0,0.0,0.001232002543983981,-0.0038915854366496205,0.0008114016505714972,0.6,0.05
1818.0,173057.0,0.0,0.0012350963259814306,-0.003925739857368171,0.0007769157020084094,0.55,0.05
1819.0,173157.0,0.0,0.0013073549338150769,-0.003791521021630615,0.0008965745523164515,0.64,0.05
1820.0,173257.0,0.0,0.0013332537299720571,-0.003925587085541337,0.0007388771951082162,0.6,0.05
1821.0,173342.0,1.0,0.0012541939435964998,-0.0038672194898347646,0.0008194094330332626,0.6352941176470588,0.05
1822.0,173442.0,0.0,0.0013294318557018415,-0.0037953788205049932,0.0009188528075173963,0.6,0.05
1823.0,173542.0,0.0,0.001279041938832961,-0.0036170462146401404,0.0010492134455125778,0.53,0.05
1824.0,173618.0,1.0,0.0012075862392329757,-0.0037993969745002687,0.0009391579254665167,0.6578947368421053,0.05
1825.0,173718.0,0.0,0.0012836456368677319,-0.0038229362294077873,0.0008298584309522994,0.91,0.05
1826.0,173818.0,1.0,0.001234787608264014,-0.0037146601802669466,0.0009967943641822786,0.74,0.05
1827.0,173918.0,0.0,0.0013332402863306925,-0.0037904326152056454,0.0009352965644211508,0.64,0.05
1828.0,174018.0,0.0,0.0012967400840716437,-0.0038209919678047297,0.0008781972805445549,0.57,0.05
1829.0,174088.0,1.0,0.001498699326267732,-0.003980136004143528,0.0007274691666160444,0.5714285714285714,0.05
1830.0,174161.0,1.0,0.0013118235566589522,-0.0039028859225242107,0.0007667765416019941,0.6164383561643836,0.03
1831.0,174261.0,0.0,0.001296525290235877,-0.003906749130692333,0.0008024000817385968,0.75,0.03
1832.0,174361.0,0.0,0.001306414830032736,-0.0039445697446353735,0.0007651643159624654,0.78,0.03
1833.0,174461.0,0.0,0.0013752597593702377,-0.003909447293262929,0.0007823887751146685,0.48,0.03
1834.0,174561.0,0.0,0.001337552460609004,-0.0039595776959322395,0.0007915374315052759,0.61,0.03
1835.0,174604.0,0.0,0.0013363156927922784,-0.0036365924305607413,0.0010891453773162307,0.4883720930232558,0.03
1836.0,174704.0,0.0,0.0013860871555516497,-0.0039784921682439744,0.0007822346352622844,0.75,0.03
1837.0,174804.0,0.0,0.0012381567276315763,-0.003953651168849319,0.0007486737141152844,0.33,0.03
1838.0,174860.0,1.0,0.0013094460633250751,-0.003955289788011994,0.0007894968662835059,0.4642857142857143,0.03
1839.0,174960.0,0.0,0.0013035837677307428,-0.003856520962435752,0.0008744716140790843,0.64,0.03
1840.0,175048.0,1.0,0.0012855413039109078,-0.00392775654009628,0.0007946037716134346,0.75,0.03
1841.0,175148.0,0.0,0.0012828191032167523,-0.0038559424155391753,0.0008500380686018616,0.62,0.03
1842.0,175248.0,0.0,0.0013319848879473283,-0.003917858470231295,0.0008316062536323443,0.57,0.03
1843.0,175338.0,1.0,0.0012750146710055156,-0.003972803488270276,0.0007302798144842705,0.6777777777777778,0.03
1844.0,175438.0,0.0,0.0011953344219364226,-0.0037965988158248365,0.0009232196287484839,0.6,0.03
1845.0,175489.0,0.0,0.0012576311938555947,-0.003935613701412198,0.0007587389594774839,0.7450980392156863,0.03
1846.0,175589.0,0.0,0.0013340241264086217,-0.0038257281947880984,0.0009123434276261833,0.37,0.03
1847.0,175689.0,0.0,0.0012813118466874585,-0.0038936604047194122,0.0008722213393775746,0.55,0.03
1848.0,175789.0,0.0,0.0012732088577467949,-0.003932938640937209,0.0008241811022162437,0.53,0.03
1849.0,175889.0,0.0,0.001316450050799176,-0.003889131082687527,0.0008346027784864418,0.82,0.03
1850.0,175989.0,0.0,0.0012750999437412247,-0.003958818279206753,0.0007325895890244283,0.65,0.03
1851.0,176078.0,1.0,0.0013420390582570198,-0.003943431978584842,0.00083431004487067,0.7528089887640449,0.03
1852.0,176178.0,0.0,0.0013170485844602809,-0.0038664156966842713,0.0009069267645827495,0.44,0.03
1853.0,176278.0,0.0,0.0014156433643074705,-0.003954782614018768,0.0008220153703587129,0.57,0.03
1854.0,176378.0,0.0,0.001231694090529345,-0.0038772386009804905,0.0008250387941370718,0.6,0.03
1855.0,176478.0,0.0,0.0013003115478204563,-0.0037271429086104036,0.0009990303388622123,0.56,0.03
1856.0,176578.0,0.0,0.0012332457839511334,-0.0038613565475679934,0.0008090927697776352,0.47,0.03
1857.0,176678.0,0.0,0.001244895386043936,-0.0038714023283682765,0.0008724558095855173,0.52,0.03
1858.0,176741.0,1.0,0.0011919016029597039,-0.0036945954364325318,0.000965017689547191,0.6825396825396826,0.03
1859.0,176802.0,1.0,0.0011821339053834682,-0.003924576367144702,0.0007593424136265654,0.6721311475409836,0.03
1860.0,176902.0,0.0,0.0012496666488004849,-0.0038302204431965945,0.0009722141723614186,0.19,0.15
1861.0,177002.0,0.0,0.001280610950780101,-0.003832969160284847,0.0008873691275948658,0.94,0.15
1862.0,177102.0,0.0,0.0012974058714462443,-0.0038567160232923924,0.0008921270399878267,0.81,0.15
1863.0,177202.0,0.0,0.0012264140811748803,-0.003812944395467639,0.0008984107803553343,0.53,0.15
1864.0,177302.0,0.0,0.0012640827050199733,-0.0038784856768324973,0.0008258972434850875,0.79,0.15
1865.0,177380.0,1.0,0.001252370588003825,-0.003756383311552688,0.0009427395214935621,0.9102564102564102,0.15
1866.0,177480.0,0.0,0.001210379446274601,-0.0038285148027352987,0.000841112301859539,0.65,0.15
1867.0,177580.0,0.0,0.00130291334411595,-0.003961521049495787,0.0007674171384132933,0.64,0.15
1868.0,177680.0,0.0,0.0012560625956393777,-0.003942015974316746,0.0007644119190808852,0.78,0.15
1869.0,177736.0,1.0,0.0011755430366195338,-0.00383452299865894,0.0008580556106088417,0.6964285714285714,0.15
1870.0,177836.0,0.0,0.0013687431067228317,-0.003822479876689613,0.0008641528405132704,0.22,0.15
1871.0,177936.0,0.0,0.001237017131061293,-0.003973669256083667,0.0007832714679534547,0.8,0.15
1872.0,178036.0,0.0,0.0012477442843373864,-0.0038293448626063762,0.0009377115398820024,0.8,0.15
1873.0,178136.0,0.0,0.001171557458001189,-0.003874510859604925,0.0008674346619227435,0.8,0.15
1874.0,178236.0,0.0,0.001243420210084878,-0.003919499551411718,0.0008027871968806721,0.67,0.15
1875.0,178308.0,1.0,0.0012370875257248473,-0.0037939098320849654,0.0009252013676612276,0.6805555555555556,0.15
1876.0,178408.0,0.0,0.0013344150449847803,-0.003886212648358196,0.0008388945357000921,0.72,0.15
1877.0,178508.0,0.0,0.0012908085365779698,-0.003965884018689394,0.0007314234475779813,0.62,0.15
1878.0,178608.0,0.0,0.0013289070897735656,-0.003942881082184613,0.0008291937380272429,0.61,0.15
1879.0,178708.0,1.0,0.0012505134375533089,-0.003772100983187556,0.0009721904608886689,0.66,0.15
1880.0,178808.0,0.0,0.0012014786136569455,-0.0038493577227927743,0.0008721548502217047,0.58,0.15
1881.0,178908.0,0.0,0.0012827914720401168,-0.0037631022627465428,0.0008652959544269834,0.9,0.15
1882.0,179008.0,0.0,0.001250203768722713,-0.003792966501787305,0.0009227124991593882,0.66,0.15
1883.0,179108.0,0.0,0.0012439145729877055,-0.003991788097191602,0.0006850425820448436,0.61,0.15
1884.0,179208.0,0.0,0.0013107583118835463,-0.0038824748853221536,0.000847758642048575,0.64,0.15
1885.0,179308.0,0.0,0.0012651642702985555,-0.003814887315966189,0.0009120673469442408,0.81,0.15
1886.0,179408.0,0.0,0.0012520893022883684,-0.003590559104923159,0.0010253008920699358,0.74,0.15
1887.0,179508.0,0.0,0.0012429512175731361,-0.003819750917609781,0.000909853637276683,0.66,0.15
1888.0,179608.0,0.0,0.0011872923537157476,-0.003892429289408028,0.0008320491632912308,0.7,0.15
1889.0,179708.0,0.0,0.001227491979370825,-0.0037731541390530767,0.0008494461311784107,0.51,0.15
1890.0,179808.0,0.0,0.0012241381837520748,-0.0038637919980101286,0.0008808365977893118,0.46,0.24
1891.0,179894.0,1.0,0.0012667206343436657,-0.0038700691792507504,0.0008134585297612343,0.6162790697674418,0.24
1892.0,179994.0,0.0,0.0012442168302368372,-0.0039051149552688,0.0008118855132488534,0.52,0.24
1893.0,180094.0,0.0,0.0012776487279916183,-0.0037989127892069517,0.0008664791141927708,0.68,0.24
1894.0,180162.0,1.0,0.0012341248280683752,-0.0036151374943609186,0.0010681105375303613,0.7205882352941176,0.24
1895.0,180262.0,0.0,0.0012701629928778856,-0.0036909519205801187,0.0009534710300795269,0.76,0.24
1896.0,180362.0,0.0,0.0012129745638230814,-0.00390081254998222,0.0008429969596909359,0.32,0.24
1897.0,180462.0,0.0,0.0012988513341406361,-0.003797443264629692,0.000878592691879021,0.64,0.24
1898.0,180562.0,0.0,0.001234054807573557,-0.003797990609891713,0.0008744399773422629,0.71,0.24
1899.0,180626.0,1.0,0.001246897350938525,-0.003753672481252579,0.0009408051341779355,0.703125,0.24
1900.0,180726.0,0.0,0.0012707871571183205,-0.003901507353875786,0.0008077911904547364,0.59,0.24
1901.0,180826.0,0.0,0.0011952841206220909,-0.00398307480616495,0.00073500171318301,0.72,0.24
1902.0,180869.0,0.0,0.00125025627392799,-0.0038472143066830412,0.0008816922578938998,0.6976744186046512,0.24
1903.0,180901.0,0.0,0.0012507469491538359,-0.003967284705140628,0.0007876062149989593,0.625,0.24
1904.0,181001.0,0.0,0.0012931523128645495,-0.003934237412177026,0.000804614660446532,0.38,0.24
1905.0,181101.0,0.0,0.0012988982809474692,-0.003822354208678007,0.0009122002826188691,0.59,0.24
1906.0,181196.0,1.0,0.0012580103492119202,-0.004058656454282372,0.0007294227445718685,0.5684210526315789,0.24
1907.0,181296.0,0.0,0.0012647551542613656,-0.003991387479472906,0.0007304676187050063,0.62,0.24
1908.0,181378.0,1.0,0.0012453043444377438,-0.0037913572372550645,0.0009499377242386023,0.7195121951219512,0.24
1909.0,181470.0,1.0,0.0012603356685165477,-0.003998767569377695,0.000738067724223188,0.40217391304347827,0.24
1910.0,181570.0,0.0,0.0013055415928829462,-0.003972653748933226,0.0007321665128984023,0.75,0.24
1911.0,181670.0,0.0,0.001176473227678798,-0.003927400289103389,0.0007708893191011157,0.81,0.24
1912.0,181770.0,0.0,0.0013029308442492039,-0.0039735280186869205,0.0007023476695758291,0.46,0.24
1913.0,181843.0,1.0,0.0014079350073923904,-0.0038718271726257587,0.0007817991469007572,0.589041095890411,0.24
1914.0,181943.0,0.0,0.0014673009479884058,-0.004003731317352504,0.000750824658171041,0.55,0.24
1915.0,182001.0,1.0,0.0012975887291069175,-0.004010746074872541,0.0006598942310465018,0.7068965517241379,0.24
1916.0,182056.0,1.0,0.0012380961212329566,-0.00387498426081782,0.0008031215071572329,0.6181818181818182,0.24
1917.0,182156.0,0.0,0.0011646608536830172,-0.004014256701339036,0.000779588805307867,0.77,0.24
1918.0,182248.0,1.0,0.0011824074507508751,-0.0037883628038284573,0.0008609432157043003,0.5869565217391305,0.24
1919.0,182348.0,0.0,0.0012869260937441141,-0.0038431790843605996,0.0008767913063638844,0.92,0.24
1920.0,182401.0,0.0,0.0011593345838229892,-0.0037366188930804435,0.0009604044997721981,0.5094339622641509,0.04
1921.0,182501.0,0.0,0.0012365224328823388,-0.004045201078988612,0.00076207436126424,0.74,0.04
1922.0,182601.0,0.0,0.001232350732316263,-0.004026614045724273,0.0007862881277105771,0.26,0.04
1923.0,182674.0,1.0,0.0013430806846447187,-0.004008034754493465,0.0007407804717842413,0.6301369863013698,0.04
1924.0,182774.0,0.0,0.0012260372779564932,-0.004038411958608776,0.0007521986968640704,0.71,0.04
1925.0,182874.0,0.0,0.001261016101925634,-0.0037163211568258703,0.00099171977606602,0.76,0.04
1926.0,182974.0,0.0,0.0012335827865172177,-0.0038718323106877507,0.0008536530428682454,0.57,0.04
1927.0,183074.0,0.0,0.0012667964200954885,-0.0038359422446228564,0.0009456349912215956,0.66,0.04
1928.0,183151.0,1.0,0.0012625373140969253,-0.003953746580458307,0.000816104207724611,0.5844155844155844,0.04
1929.0,183251.0,0.0,0.001300933956517838,-0.003913460797630251,0.0007665348728187382,0.76,0.04
1930.0,183351.0,0.0,0.0012213686062023043,-0.003811423478182405,0.0008868751575937494,0.43,0.04
1931.0,183451.0,0.0,0.0012267997371964157,-0.003958164553623646,0.000745954879821511,0.5,0.04
1932.0,183551.0,0.0,0.0013678433268796654,-0.0038725676969625054,0.0008762308958102948,0.74,0.04
1933.0,183631.0,1.0,0.0012460104349884204,-0.0037292250926839188,0.0009884323082587799,0.625,0.04
1934.0,183731.0,0.0,0.0013064131716964767,-0.0037361519457772374,0.0010131509223720058,0.83,0.04
1935.0,183831.0,0.0,0.0013382588961394503,-0.0038833452784456314,0.000830405174056068,0.61,0.04
1936.0,183931.0,0.0,0.0013164526416221635,-0.0038427941291593014,0.0008936442452250049,0.62,0.04
1937.0,184031.0,0.0,0.0012651826173532754,-0.0038313936488702893,0.0009359875817608554,0.57,0.04
1938.0,184131.0,0.0,0.0013302685070084408,-0.0038070358405821025,0.0009369164968666154,0.6,0.04
1939.0,184231.0,0.0,0.0013375017646467314,-0.003899631481617689,0.0008456265617860482,0.85,0.04
1940.0,184331.0,0.0,0.001311361660482362,-0.003839684200938791,0.0008379518637957517,0.68,0.04
1941.0,184431.0,0.0,0.0012561448762426152,-0.0038176847365684807,0.0009334404081164393,0.58,0.04
1942.0,184529.0,1.0,0.0013125514307496498,-0.0038208312008111756,0.0009186727823974678,0.6632653061224489,0.04
1943.0,184629.0,0.0,0.001254545742413029,-0.0037454994418658315,0.0009609479844220913,0.71,0.04
1944.0,184729.0,0.0,0.0012581420340575277,-0.003971042037010193,0.0008374480555357877,0.55,0.04
1945.0,184829.0,0.0,0.0013516995211830362,-0.0038856544019654393,0.0008883247483754531,0.45,0.04
1946.0,184929.0,0.0,0.0012896937091136352,-0.003986975692678243,0.0007077473771641962,0.81,0.04
1947.0,185029.0,0.0,0.0013271468528546393,-0.003999865360092372,0.0007202099791902583,0.9,0.04
1948.0,185129.0,0.0,0.0013397658505709842,-0.004021805441007018,0.0007402021218149457,0.5,0.04
1949.0,185185.0,1.0,0.0013209536950203723,-0.003967462469258213,0.0007946133939965096,0.625,0.04
1950.0,185285.0,0.0,0.0013286577467806638,-0.003939784008543938,0.0007964891448500566,0.83,0.11
1951.0,185385.0,0.0,0.0012760346697177738,-0.0037896418129093946,0.0009431859114556573,0.72,0.11
1952.0,185416.0,0.0,0.0012677208043544764,-0.004056939569812628,0.0007206270060006289,0.8387096774193549,0.11
1953.0,185490.0,1.0,0.0014081706176511943,-0.003748304701435405,0.0009738445766521869,0.44594594594594594,0.11
1954.0,185590.0,0.0,0.0012523071561008692,-0.0038483527768403292,0.0008584254133165814,0.83,0.11
1955.0,185690.0,0.0,0.001340457077603787,-0.0038430016837082805,0.0008286603946180549,0.53,0.11
1956.0,185790.0,0.0,0.0013261619611876086,-0.003978063731919974,0.0007931987376650796,0.74,0.11
1957.0,185890.0,0.0,0.0013421658519655467,-0.0038045880943536757,0.0008439414424356073,0.71,0.11
1958.0,185943.0,1.0,0.0013131840431289572,-0.003934906044412615,0.0007927310628320073,0.6226415094339622,0.11
1959.0,186043.0,0.0,0.001374414722668007,-0.0038902274379506705,0.0008781414410623256,0.57,0.11
1960.0,186143.0,0.0,0.001328315144055523,-0.003975061313249171,0.0007895585223741363,0.64,0.11
1961.0,186243.0,0.0,0.001284638082724996,-0.0039522103033959866,0.0008093444436963182,0.53,0.11
1962.0,186320.0,1.0,0.0012867770674819877,-0.004049756975433269,0.0007216231139639828,0.6233766233766234,0.11
1963.0,186420.0,0.0,0.0013142369559500367,-0.003743963248562068,0.0010784486065676903,0.42,0.11
1964.0,186520.0,0.0,0.001352672321954742,-0.0038588308496400716,0.0009050721113453619,0.36,0.11
1965.0,186578.0,0.0,0.0013221028584039546,-0.003979609371965815,0.0008082590196361957,0.5,0.11
1966.0,186678.0,0.0,0.0012245595664717257,-0.004063320709392428,0.0007311830070102587,0.75,0.11
1967.0,186778.0,0.0,0.001350819629151374,-0.003949373685754836,0.0008417021077184472,0.54,0.11
1968.0,186878.0,0.0,0.0013858048437396064,-0.003969448544085026,0.0007679716375423595,0.89,0.11
1969.0,186978.0,0.0,0.0013104608538560569,-0.004145468904171139,0.0006796082951768767,0.89,0.11
1970.0,187078.0,0.0,0.001292220337782055,-0.003850023578852415,0.0008312879798177164,0.43,0.11
1971.0,187178.0,0.0,0.0012914728873874993,-0.00390670390566811,0.0007742242331732996,0.84,0.11
1972.0,187278.0,0.0,0.0012612647010246292,-0.0038649562071077525,0.0008349399967119098,0.65,0.11
1973.0,187378.0,0.0,0.001238379719434306,-0.003880717800930142,0.0008363246300723404,0.49,0.11
1974.0,187467.0,1.0,0.0013659555468907099,-0.003983768749605404,0.000707583105109182,0.6067415730337079,0.11
1975.0,187567.0,0.0,0.001345113034476526,-0.003964951729867608,0.0008324109711975325,0.48,0.11
1976.0,187667.0,0.0,0.0013679845596197993,-0.003933454945217818,0.0008282741655420978,0.42,0.11
1977.0,187767.0,0.0,0.0014485228585544973,-0.0038822099193930627,0.0009134773910045624,0.64,0.11
1978.0,187867.0,0.0,0.0013437358598457649,-0.003930552708916366,0.0008462210772268009,0.34,0.11
1979.0,187943.0,1.0,0.0013754903951561765,-0.0041178273447593184,0.0007267541801219954,0.8289473684210527,0.11
1980.0,188043.0,0.0,0.001315213443012908,-0.004140185944270343,0.0006926962731813546,0.68,0.41
1981.0,188143.0,0.0,0.0013455827668076381,-0.004004831274505705,0.0007652164531464223,0.79,0.41
1982.0,188221.0,1.0,0.0014336836794450975,-0.004089068131855665,0.0007249588318070612,0.7692307692307693,0.41
1983.0,188321.0,0.0,0.0013055014202836902,-0.0039500703080557285,0.0008191968694154639,0.64,0.41
1984.0,188421.0,0.0,0.001380099339876324,-0.0038481407123617827,0.0009602801728760824,0.46,0.41
1985.0,188521.0,0.0,0.0013092273595975712,-0.004007950604427606,0.0008238516500568948,0.66,0.41
1986.0,188621.0,0.0,0.001307016280479729,-0.0039204354607500136,0.0008723609732987825,0.32,0.41
1987.0,188646.0,0.0,0.0012872629915364087,-0.003815054353326559,0.0009223257307894528,0.76,0.41
1988.0,188746.0,0.0,0.001257481900975108,-0.0039881888404488565,0.0007384782536246348,0.62,0.41
1989.0,188846.0,0.0,0.0012929928611265496,-0.003955990497488528,0.0008918856845411937,0.58,0.41
1990.0,188946.0,0.0,0.0013692750973859802,-0.004095274480059743,0.0007078813538828399,0.75,0.41
1991.0,189036.0,1.0,0.001222492843064376,-0.003888659117122491,0.0008984188827323831,0.5777777777777777,0.41
1992.0,189136.0,0.0,0.00134562979452312,-0.003957633788231761,0.000803775293607032,0.64,0.41
1993.0,189236.0,0.0,0.0012577422859612853,-0.003823592714034021,0.0009759385281358845,0.32,0.41
1994.0,189329.0,1.0,0.0013216822164043064,-0.004078532196080653,0.0006942766229121355,0.6774193548387096,0.41
1995.0,189429.0,0.0,0.0012975351413479074,-0.004077162693720311,0.0007101201797195245,0.84,0.41
1996.0,189529.0,0.0,0.0013287295639747754,-0.004000128381885588,0.0007919020570989233,0.65,0.41
1997.0,189629.0,0.0,0.0013591569091659038,-0.004039751284290105,0.0007333366820239462,0.84,0.41
1998.0,189729.0,0.0,0.0013678367593092844,-0.0038249865476973357,0.0009729850302392151,0.36,0.41
1999.0,189829.0,0.0,0.0013834622071590274,-0.0040461716195568445,0.0007408427564951126,0.86,0.41
2000.0,189929.0,0.0,0.001372906785691157,-0.003857843936420977,0.0009583642994402908,0.8,0.41
2001.0,190029.0,0.0,0.0014205461292294786,-0.0039630635012872515,0.0008594432663812767,0.66,0.41
2002.0,190129.0,0.0,0.0012901521753519774,-0.0039678702736273405,0.0008187222410924733,0.95,0.41
2003.0,190217.0,1.0,0.001308509484012823,-0.003895124822685664,0.0009079813356617127,0.5909090909090909,0.41
2004.0,190317.0,0.0,0.0013525314145954326,-0.00408545889891684,0.0007448554280563257,0.54,0.41
2005.0,190417.0,0.0,0.001322068411973305,-0.004015001864172518,0.0008641918961075134,0.6,0.41
2006.0,190474.0,0.0,0.0013760838294074986,-0.003954919193985692,0.0008344699972280578,0.6491228070175439,0.41
2007.0,190574.0,0.0,0.0013056543556740508,-0.003975157355889678,0.0008330387106980197,0.71,0.41
2008.0,190674.0,0.0,0.001328859386849217,-0.004057706757448614,0.0007602439374022652,0.96,0.41
2009.0,190774.0,0.0,0.0014251891535241156,-0.004044293155893683,0.000761725023330655,0.64,0.41
2010.0,190874.0,0.0,0.0013067214231705293,-0.0040034015965647995,0.0008002975858107675,0.82,0.01
2011.0,190974.0,0.0,0.0012688879499910398,-0.0040278797480277715,0.0007812691830622498,0.57,0.01
2012.0,191042.0,1.0,0.0012940862558453398,-0.003971485390245695,0.0008191638091161355,0.6176470588235294,0.01
2013.0,191124.0,1.0,0.0013957189363370671,-0.003992390492363129,0.0007612609860654807,0.6341463414634146,0.01
2014.0,191185.0,0.0,0.0014105235077593414,-0.0037987928219200646,0.000973525116903341,0.5737704918032787,0.01
2015.0,191285.0,0.0,0.0013066775712650268,-0.003976111584343016,0.0007984638922789599,0.61,0.01
2016.0,191334.0,0.0,0.0012665961629102882,-0.003948344868056628,0.0008512311252736848,0.4897959183673469,0.01
2017.0,191409.0,1.0,0.001299533766383926,-0.0038479745450119176,0.0010034656862262636,0.6,0.01
2018.0,191509.0,0.0,0.0013837311271345243,-0.004091457531321794,0.0007540907144721132,0.56,0.01
2019.0,191609.0,0.0,0.0014090688840951771,-0.004072448790539056,0.0007602506825060119,0.27,0.01
2020.0,191709.0,0.0,0.0013565754960291087,-0.003988560496363789,0.0008473454369232058,0.72,0.01
2021.0,191775.0,1.0,0.001436776305181962,-0.00387901622294025,0.000947092759650497,0.42424242424242425,0.01
2022.0,191847.0,1.0,0.001291986187829429,-0.004183105477649305,0.0007088569428661787,0.6666666666666666,0.01
2023.0,191947.0,0.0,0.001351726389839314,-0.003943850100040436,0.0008819633995881304,0.79,0.01
2024.0,192036.0,1.0,0.0013939162109340175,-0.004161933478846979,0.0006694132810408836,0.6741573033707865,0.01
2025.0,192136.0,0.0,0.0013046702236169949,-0.0040724982554093,0.0006893749498703982,0.6,0.01
2026.0,192208.0,1.0,0.0012931218540567595,-0.0040966442773222094,0.0007259174613459941,0.7222222222222222,0.01
2027.0,192308.0,0.0,0.0013492478581611067,-0.004028357653878629,0.000797105765377637,0.73,0.01
2028.0,192408.0,0.0,0.0013402920489897952,-0.0038677837885916235,0.0009099070368392859,0.77,0.01
2029.0,192508.0,0.0,0.001292256125016138,-0.003915216161403805,0.000852634066104656,0.72,0.01
2030.0,192579.0,1.0,0.001313478634266419,-0.003942652680898007,0.0008538836382926297,0.4507042253521127,0.01
2031.0,192643.0,1.0,0.0013000513081351528,-0.004139532884437358,0.0007035151218133251,0.84375,0.01
2032.0,192743.0,0.0,0.0013078676501754672,-0.004016259151976556,0.0008294371885131113,0.87,0.01
2033.0,192795.0,1.0,0.0013245398877188563,-0.004155841584389026,0.0006948145987385382,0.4807692307692308,0.01
2034.0,192877.0,1.0,0.001375040374469103,-0.00402337134384164,0.0008239720711305669,0.6707317073170732,0.01
2035.0,192977.0,0.0,0.0012862496363231911,-0.003953699902631343,0.000913834997190861,0.53,0.01
2036.0,193077.0,0.0,0.0013372575491666795,-0.004173421589657664,0.0007077193599252496,0.56,0.01
2037.0,193177.0,0.0,0.0013138680561678483,-0.003969527813605964,0.0008869548141956329,0.61,0.01
2038.0,193277.0,0.0,0.0014657622069353237,-0.004046690245158971,0.0007744065634324215,0.65,0.01
2039.0,193377.0,0.0,0.0013621431804494931,-0.0040564540051855145,0.0008122380191343836,0.75,0.01
2040.0,193446.0,1.0,0.0013156883651390672,-0.0036696758040267487,0.0012257508385211122,0.8115942028985508,0.34
2041.0,193526.0,1.0,0.0015364827348093967,-0.00392926357453689,0.0009186924024106701,0.55,0.34
2042.0,193626.0,0.0,0.0013247136754216625,-0.004059494228567928,0.000825679777917685,0.69,0.34
2043.0,193726.0,0.0,0.0013547807588474826,-0.004000908341258764,0.000917353169497801,0.4,0.34
2044.0,193826.0,0.0,0.0014387051912490279,-0.004112728510517627,0.0008056459391082171,0.76,0.34
2045.0,193926.0,0.0,0.0013780332310125232,-0.004060058288741857,0.0007700881839264184,0.59,0.34
2046.0,194026.0,0.0,0.0013314491440542043,-0.004101850939914584,0.0007609930873150006,0.88,0.34
2047.0,194126.0,0.0,0.0013221661507850514,-0.004189345266204327,0.000636230896197958,0.66,0.34
2048.0,194193.0,0.0,0.0014626875627480114,-0.0037558926686422148,0.0011489703880324127,0.7313432835820896,0.34
2049.0,194293.0,0.0,0.0013414310285588726,-0.004072153393644839,0.000763232434837846,0.39,0.34
2050.0,194393.0,0.0,0.0013485899980878457,-0.0038740164367482067,0.00100205702954554,0.54,0.34
2051.0,194493.0,0.0,0.0012244938377989456,-0.004099125508219004,0.0007507886143866926,0.58,0.34
2052.0,194593.0,0.0,0.0014153798157349228,-0.0041432875278405844,0.0007632161732180976,0.6,0.34
2053.0,194681.0,1.0,0.001386319710449739,-0.00396502576503818,0.0009076057907474354,0.3977272727272727,0.34
2054.0,194752.0,1.0,0.0013771376688964665,-0.004136930911762404,0.000755084760513314,0.5774647887323944,0.34
2055.0,194825.0,1.0,0.001339662855982219,-0.003942063882028403,0.0008968932742303977,0.684931506849315,0.34
2056.0,194925.0,0.0,0.001285363601637073,-0.003944290948566049,0.0009355709864757955,0.49,0.34
2057.0,195025.0,0.0,0.0014446289173793048,-0.003984472926240414,0.0008347927505383268,0.62,0.34
2058.0,195125.0,0.0,0.0014134119311347603,-0.003847378313075751,0.001024179889645893,0.31,0.34
2059.0,195225.0,0.0,0.0013500398682663216,-0.004194670259021222,0.0007080294663319364,0.75,0.34
2060.0,195325.0,0.0,0.0013151576661039144,-0.003848736039362848,0.001017038341233274,0.71,0.34
2061.0,195368.0,0.0,0.001287700015466747,-0.003995907536252986,0.0008679730357428969,0.8604651162790697,0.34
2062.0,195465.0,1.0,0.0013387691620833327,-0.003970881323954186,0.0009021918021128081,0.5670103092783505,0.34
2063.0,195565.0,0.0,0.0013102000730577856,-0.004051766123156994,0.0007623946660896764,0.68,0.34
2064.0,195665.0,0.0,0.0013082330534234642,-0.004080705959349871,0.0007493892477214104,0.58,0.34
2065.0,195737.0,1.0,0.001302628322769629,-0.004210634292879452,0.000696710135242837,0.8194444444444444,0.34
2066.0,195837.0,0.0,0.0013582787092309445,-0.004215192371048033,0.0007340242102509365,0.44,0.34
2067.0,195937.0,0.0,0.0012810163520043717,-0.0039809247362427415,0.0008668165169365238,0.53,0.34
2068.0,196037.0,0.0,0.0012719945469871164,-0.0041093108290806415,0.0007701103769068141,0.68,0.34
2069.0,196096.0,0.0,0.0012684175478278707,-0.004066624449786998,0.0008357124436662486,0.4406779661016949,0.34
2070.0,196196.0,0.0,0.0014461283979471772,-0.0041380414622835815,0.0007537332754873205,0.41,0.16
2071.0,196257.0,1.0,0.001330748764362919,-0.00401523579522723,0.0007962225454470112,0.6885245901639344,0.16
2072.0,196357.0,0.0,0.0014126835489878431,-0.0042024704487994315,0.0007336594666412566,0.65,0.16
2073.0,196428.0,1.0,0.0013426608958570156,-0.004122420948680858,0.0007800320335532683,0.6056338028169014,0.16
2074.0,196505.0,1.0,0.00138719420722843,-0.004010400985815115,0.0009264119917015823,0.8571428571428571,0.16
2075.0,196605.0,0.0,0.0014808553387410939,-0.003977604403626173,0.0008963384450180456,0.66,0.16
2076.0,196688.0,1.0,0.001407914738176413,-0.004100588831983237,0.0007784825543513948,0.6265060240963856,0.16
2077.0,196765.0,1.0,0.0013987051085689916,-0.004020821136821594,0.0008477740316325193,0.6493506493506493,0.16
2078.0,196865.0,0.0,0.0014845813979627565,-0.004252750060986727,0.000692063741153106,0.37,0.16
2079.0,196965.0,0.0,0.0013628509582486003,-0.004042296505067497,0.0008366860788373742,0.39,0.16
2080.0,197065.0,0.0,0.0013645434606587513,-0.004159848969429732,0.0007330599537817761,0.51,0.16
2081.0,197165.0,0.0,0.0012898948998190463,-0.004088526684790849,0.0008409564003522973,0.56,0.16
2082.0,197265.0,0.0,0.0013881824706913903,-0.004233580171130597,0.0006217920349445194,0.6,0.16
2083.0,197365.0,0.0,0.0013675382948713378,-0.00418232859345153,0.0007582983422616962,0.52,0.16
2084.0,197465.0,0.0,0.0013173796707997099,-0.004065210437402129,0.0008014395638019778,0.73,0.16
2085.0,197565.0,0.0,0.0013045766460709274,-0.004041940828319639,0.0008049614138144534,0.54,0.16
2086.0,197665.0,0.0,0.0013750068983063102,-0.004048917568288743,0.0008421367367554922,0.67,0.16
2087.0,197765.0,0.0,0.0014360212406609207,-0.004068965604528785,0.00085975816444261,0.9,0.16
2088.0,197865.0,0.0,0.0012951357115525753,-0.00395323128439486,0.0008816403071978129,0.6,0.16
2089.0,197965.0,0.0,0.0012171700003091245,-0.004093793618958444,0.0008154775135335513,0.24,0.16
2090.0,198065.0,0.0,0.0012786571210017428,-0.004169601388275624,0.0006775664402812253,0.56,0.16
2091.0,198150.0,1.0,0.0013397664845208911,-0.004140233248472213,0.0007493484953610117,0.6352941176470588,0.16
2092.0,198221.0,1.0,0.0013453646630219277,-0.004178391923655716,0.0007123685842396324,0.7746478873239436,0.16
2093.0,198321.0,0.0,0.0013039862440200522,-0.004131292544770986,0.0007508712969138287,0.43,0.16
2094.0,198421.0,0.0,0.001315518376068212,-0.0037808381067588924,0.0010733389013330452,0.91,0.16
2095.0,198496.0,1.0,0.001298641290826102,-0.0039926486027737455,0.0008775322259558985,0.6533333333333333,0.16
2096.0,198564.0,1.0,0.0012725130671991363,-0.004062925848890753,0.0008349008391686605,0.5147058823529411,0.16
2097.0,198664.0,0.0,0.0013193584035616369,-0.004103216570802033,0.0007690315648505929,0.7,0.16
2098.0,198764.0,0.0,0.0012954954098677264,-0.004043637812137604,0.0007926529251562897,0.52,0.16
2099.0,198864.0,0.0,0.001329367570579052,-0.004055213760584593,0.0008982916931563523,0.73,0.16
2100.0,198964.0,0.0,0.0012922930833883584,-0.004154967286158353,0.0006701381731545553,0.84,0.35
2101.0,199064.0,0.0,0.0013034751650411636,-0.003993868171237409,0.0008807384049578104,0.68,0.35
2102.0,199131.0,1.0,0.0013434196433135823,-0.004080649152564913,0.0007953958096305854,0.7611940298507462,0.35
2103.0,199231.0,0.0,0.0013393235247349366,-0.004024608856998384,0.0008643405555631035,0.59,0.35
2104.0,199331.0,0.0,0.0012890592648182064,-0.004073447433765978,0.0008306335682573263,0.86,0.35
2105.0,199413.0,1.0,0.0013308712840648142,-0.0040850606888941515,0.000780384801612122,0.6097560975609756,0.35
2106.0,199507.0,1.0,0.001295072513265892,-0.004133285513702542,0.0007985954128324668,0.6914893617021277,0.35
2107.0,199586.0,1.0,0.0013794710231897762,-0.003948919407292446,0.00092846824241584,0.7341772151898734,0.35
2108.0,199656.0,1.0,0.0013690358360431024,-0.004134283876711769,0.0008618061177133184,0.6857142857142857,0.35
2109.0,199720.0,1.0,0.0013102864704706008,-0.0040511428960599005,0.000843773135329684,0.59375,0.35
2110.0,199808.0,1.0,0.0012782627560558137,-0.004208168009592389,0.0007382399291435087,0.5909090909090909,0.35
2111.0,199908.0,0.0,0.0012818396190414204,-0.004140052099246532,0.0007523307617520914,0.66,0.35
2112.0,199974.0,1.0,0.0014049673407112784,-0.004019072371055231,0.0009147296459008376,0.7121212121212122,0.35
2113.0,200053.0,1.0,0.0013488230400105726,-0.004129440559050705,0.0007846586157927361,0.759493670886076,0.35
