episode,frames,train_return,train_success,test_success_rate,ratio,epsilon,init_dist,avg_swing
1,30,0.31187631068078037,0,nan,1.0,0.999849999999999,0.4,0.03307768
2,60,0.31187631068078037,0,nan,1.0,0.999699999999998,0.4,0.03307768
3,90,0.31187631068078037,0,nan,1.0,0.999549999999997,0.4,0.03307768
4,120,0.31187631068078037,0,nan,1.0,0.9993999999999961,0.4,0.03307768
5,150,0.31187631068078037,0,nan,1.0,0.9992499999999951,0.4,0.03307768
6,180,0.31187631068078037,0,nan,1.0,0.9990999999999941,0.4,0.03307768
7,210,0.31187631068078037,0,nan,1.0,0.9989499999999931,0.4,0.03307768
8,240,0.31187631068078037,0,nan,1.0,0.9987999999999921,0.4,0.03307768
9,270,0.31187631068078037,0,nan,1.0,0.9986499999999912,0.4,0.03307768
10,300,0.31187631068078037,0,nan,1.0,0.9984999999999902,0.4,0.03307768
11,330,0.31187631068078037,0,nan,1.0,0.9983499999999892,0.4,0.03307768
12,360,0.31187631068078037,0,nan,1.0,0.9981999999999882,0.4,0.03307768
13,510,-3.3155520080585443,0,nan,0.9933333333333333,0.9974499999999833,0.4,0.047806412
14,540,0.31187631068078037,0,nan,1.0,0.9972999999999823,0.4,0.03307768
15,570,0.31187631068078037,0,nan,1.0,0.9971499999999813,0.4,0.03307768
16,600,0.31187631068078037,0,nan,1.0,0.9969999999999803,0.4,0.03307768
17,630,0.31187631068078037,0,nan,1.0,0.9968499999999794,0.4,0.03307768
18,660,0.31187631068078037,0,nan,1.0,0.9966999999999784,0.4,0.03307768
19,690,0.31187631068078037,0,nan,1.0,0.9965499999999774,0.4,0.03307768
20,720,0.31187631068078037,0,nan,1.0,0.9963999999999764,0.4,0.03307768
21,750,0.31187631068078037,0,nan,1.0,0.9962499999999754,0.4,0.03307768
22,780,0.31187631068078037,0,nan,1.0,0.9960999999999745,0.4,0.03307768
23,810,0.31187631068078037,0,nan,1.0,0.9959499999999735,0.4,0.03307768
24,840,0.31187631068078037,0,nan,1.0,0.9957999999999725,0.4,0.03307768
25,870,0.31187631068078037,0,nan,1.0,0.9956499999999715,0.4,0.03307768
26,900,0.31187631068078037,0,nan,1.0,0.9954999999999705,0.4,0.03307768
27,930,0.31187631068078037,0,nan,1.0,0.9953499999999695,0.4,0.03307768
28,960,0.3323544833288755,0,nan,0.9666666666666667,0.9951999999999686,0.4,0.03275108
29,990,0.31187631068078037,0,nan,1.0,0.9950499999999676,0.4,0.03307768
30,1020,0.31187631068078037,0,0.0,1.0,0.9948999999999666,0.4,0.03307768
31,1050,0.31187631068078037,0,nan,1.0,0.9947499999999656,0.4,0.03307768
32,1080,0.31187631068078037,0,nan,1.0,0.9945999999999646,0.4,0.03307768
33,1110,0.31187631068078037,0,nan,1.0,0.9944499999999636,0.4,0.03307768
34,1140,0.31187631068078037,0,nan,1.0,0.9942999999999627,0.4,0.03307768
35,1290,-3.2374939901206274,0,nan,0.9866666666666667,0.9935499999999577,0.4,0.052362286
36,1320,0.31187631068078037,0,nan,1.0,0.9933999999999568,0.4,0.03307768
37,1350,0.31187631068078037,0,nan,1.0,0.9932499999999558,0.4,0.03307768
38,1380,0.31187631068078037,0,nan,1.0,0.9930999999999548,0.4,0.03307768
39,1410,0.31187631068078037,0,nan,1.0,0.9929499999999538,0.4,0.03307768
40,1440,0.31187631068078037,0,nan,1.0,0.9927999999999528,0.4,0.03307768
41,1470,0.31187631068078037,0,nan,1.0,0.9926499999999518,0.4,0.03307768
42,1499,0.3752955527680907,0,nan,0.9655172413793104,0.9925049999999509,0.4,0.031497154
43,1529,0.31187631068078037,0,nan,1.0,0.9923549999999499,0.4,0.03307768
44,1559,0.31187631068078037,0,nan,1.0,0.9922049999999489,0.4,0.03307768
45,1589,0.31187631068078037,0,nan,1.0,0.992054999999948,0.4,0.03307768
46,1619,0.31187631068078037,0,nan,1.0,0.991904999999947,0.4,0.03307768
47,1649,0.31187631068078037,0,nan,1.0,0.991754999999946,0.4,0.03307768
48,1679,0.31187631068078037,0,nan,1.0,0.991604999999945,0.4,0.03307768
49,1709,0.31187631068078037,0,nan,1.0,0.991454999999944,0.4,0.03307768
50,1739,0.31187631068078037,0,nan,1.0,0.991304999999943,0.4,0.03307768
51,1780,0.002459138814974615,0,nan,0.975609756097561,0.9910999999999417,0.4,0.03273787
52,1811,0.28166556358174155,0,nan,0.967741935483871,0.9909449999999407,0.4,0.03167955
53,1841,0.31187631068078037,0,nan,1.0,0.9907949999999397,0.4,0.03307768
54,1871,0.31187631068078037,0,nan,1.0,0.9906449999999387,0.4,0.03307768
55,1901,0.31187631068078037,0,nan,1.0,0.9904949999999377,0.4,0.03307768
56,1931,0.31187631068078037,0,nan,1.0,0.9903449999999367,0.4,0.03307768
57,1961,0.31187631068078037,0,nan,1.0,0.9901949999999358,0.4,0.03307768
58,1991,0.31187631068078037,0,nan,1.0,0.9900449999999348,0.4,0.03307768
59,2021,0.31187631068078037,0,nan,1.0,0.9898949999999338,0.4,0.03307768
60,2051,0.31187631068078037,0,0.0,1.0,0.9897449999999328,0.4,0.03307768
61,2081,0.31187631068078037,0,nan,1.0,0.9895949999999318,0.4,0.03307768
62,2111,0.31187631068078037,0,nan,1.0,0.9894449999999309,0.4,0.03307768
63,2141,0.31187631068078037,0,nan,1.0,0.9892949999999299,0.4,0.03307768
64,2171,0.31187631068078037,0,nan,1.0,0.9891449999999289,0.4,0.03307768
65,2201,0.31187631068078037,0,nan,1.0,0.9889949999999279,0.4,0.03307768
66,2231,0.31187631068078037,0,nan,1.0,0.9888449999999269,0.4,0.03307768
67,2261,0.3128993790587352,0,nan,0.9666666666666667,0.9886949999999259,0.4,0.03307768
68,2291,0.31187631068078037,0,nan,1.0,0.988544999999925,0.4,0.03307768
69,2321,0.4371894014595046,0,nan,0.9666666666666667,0.988394999999924,0.4,0.029073348
70,2350,0.3239008189039483,0,nan,0.9655172413793104,0.988249999999923,0.4,0.032841012
71,2380,0.31187631068078037,0,nan,1.0,0.988099999999922,0.4,0.03307768
72,2410,0.31187631068078037,0,nan,1.0,0.9879499999999211,0.4,0.03307768
73,2442,0.272988425665883,0,nan,0.9375,0.98778999999992,0.4,0.03112086
74,2472,0.31187631068078037,0,nan,1.0,0.987639999999919,0.4,0.03307768
75,2502,0.31187631068078037,0,nan,1.0,0.987489999999918,0.4,0.03307768
76,2532,0.31187631068078037,0,nan,1.0,0.9873399999999171,0.4,0.03307768
77,2561,0.33068203561806975,0,nan,0.9655172413793104,0.9871949999999161,0.4,0.032557774
78,2591,0.31187631068078037,0,nan,1.0,0.9870449999999151,0.4,0.03307768
79,2621,0.31187631068078037,0,nan,1.0,0.9868949999999141,0.4,0.03307768
80,2651,0.31187631068078037,0,nan,1.0,0.9867449999999132,0.4,0.03307768
81,2681,0.31187631068078037,0,nan,1.0,0.9865949999999122,0.4,0.03307768
82,2831,-3.7044663081069094,0,nan,0.9933333333333333,0.9858449999999073,0.4,0.05583924
83,2861,0.31187631068078037,0,nan,1.0,0.9856949999999063,0.4,0.03307768
84,2891,0.31187631068078037,0,nan,1.0,0.9855449999999053,0.4,0.03307768
85,2921,0.31187631068078037,0,nan,1.0,0.9853949999999043,0.4,0.03307768
86,2951,0.31187631068078037,0,nan,1.0,0.9852449999999033,0.4,0.03307768
87,2981,0.31187631068078037,0,nan,1.0,0.9850949999999024,0.4,0.03307768
88,3011,0.31187631068078037,0,nan,1.0,0.9849449999999014,0.4,0.03307768
89,3041,0.31187631068078037,0,nan,1.0,0.9847949999999004,0.4,0.03307768
90,3071,0.31187631068078037,0,0.0,1.0,0.9846449999998994,0.4,0.03307768
91,3101,0.31187631068078037,0,nan,1.0,0.9844949999998984,0.4,0.03307768
92,3131,0.3235494497410646,0,nan,0.9666666666666667,0.9843449999998974,0.4,0.03204628
93,3161,0.31187631068078037,0,nan,1.0,0.9841949999998965,0.4,0.03307768
94,3191,0.31187631068078037,0,nan,1.0,0.9840449999998955,0.4,0.03307768
95,3221,0.31187631068078037,0,nan,1.0,0.9838949999998945,0.4,0.03307768
96,3251,0.31187631068078037,0,nan,1.0,0.9837449999998935,0.4,0.03307768
97,3281,0.31187631068078037,0,nan,1.0,0.9835949999998925,0.4,0.03307768
98,3311,0.31187631068078037,0,nan,1.0,0.9834449999998915,0.4,0.03307768
99,3341,0.31187631068078037,0,nan,1.0,0.9832949999998906,0.4,0.03307768
100,3371,0.31187631068078037,0,nan,1.0,0.9831449999998896,0.4,0.03307768
101,3401,0.31187631068078037,0,nan,1.0,0.9829949999998886,0.4,0.03307768
102,3430,0.31899455370227403,0,nan,0.9655172413793104,0.9828499999998876,0.4,0.03247163
103,3460,0.31187631068078037,0,nan,1.0,0.9826999999998867,0.4,0.03307768
104,3490,0.31187631068078037,0,nan,1.0,0.9825499999998857,0.4,0.03307768
105,3520,0.31187631068078037,0,nan,1.0,0.9823999999998847,0.4,0.03307768
106,3549,0.32189792835938336,0,nan,0.9310344827586207,0.9822549999998837,0.4,0.033791628
107,3579,0.31187631068078037,0,nan,1.0,0.9821049999998828,0.4,0.03307768
108,3609,0.31187631068078037,0,nan,1.0,0.9819549999998818,0.4,0.03307768
109,3639,0.31187631068078037,0,nan,1.0,0.9818049999998808,0.4,0.03307768
110,3699,-0.24439453371687037,0,nan,0.9666666666666667,0.9815049999998788,0.4,0.02946257
111,3729,0.31187631068078037,0,nan,1.0,0.9813549999998779,0.4,0.03307768
112,3759,0.31187631068078037,0,nan,1.0,0.9812049999998769,0.4,0.03307768
113,3788,0.34682174716181235,0,nan,0.9655172413793104,0.9810599999998759,0.4,0.032300778
114,3818,0.31187631068078037,0,nan,1.0,0.9809099999998749,0.4,0.03307768
115,3849,0.2752579222880204,0,nan,0.967741935483871,0.9807549999998739,0.4,0.03167792
116,3914,-0.5342209186481438,0,nan,0.9846153846153847,0.9804299999998718,0.4,0.03386083
117,3944,0.31187631068078037,0,nan,1.0,0.9802799999998708,0.4,0.03307768
118,3973,0.3238306036086125,0,nan,0.9655172413793104,0.9801349999998699,0.4,0.033622965
119,4003,0.31187631068078037,0,nan,1.0,0.9799849999998689,0.4,0.03307768
120,4033,0.31187631068078037,0,0.0,1.0,0.9798349999998679,0.4,0.03307768
121,4063,0.31187631068078037,0,nan,1.0,0.9796849999998669,0.4,0.03307768
122,4153,-1.004556628513859,0,nan,0.9666666666666667,0.979234999999864,0.4,0.031397842
123,4183,0.31559116042647783,0,nan,0.9666666666666667,0.979084999999863,0.4,0.03206854
124,4213,0.31187631068078037,0,nan,1.0,0.978934999999862,0.4,0.03307768
125,4243,0.3950666774552245,0,nan,0.9666666666666667,0.978784999999861,0.4,0.03095395
126,4272,0.29958834304719173,0,nan,0.9655172413793104,0.9786399999998601,0.4,0.034470376
127,4302,0.31187631068078037,0,nan,1.0,0.9784899999998591,0.4,0.03307768
128,4332,0.31187631068078037,0,nan,1.0,0.9783399999998581,0.4,0.03307768
129,4362,0.31187631068078037,0,nan,1.0,0.9781899999998571,0.4,0.03307768
130,4392,0.31187631068078037,0,nan,1.0,0.9780399999998561,0.4,0.03307768
131,4421,0.314356923835562,0,nan,0.9310344827586207,0.9778949999998552,0.4,0.034990236
132,4450,0.3539504874883469,0,nan,0.9655172413793104,0.9777499999998542,0.4,0.032702435
133,4480,0.31187631068078037,0,nan,1.0,0.9775999999998533,0.4,0.03307768
134,4630,-3.2039587630622917,0,nan,0.9666666666666667,0.9768499999998483,0.4,0.05991593
135,4660,0.31187631068078037,0,nan,1.0,0.9766999999998474,0.4,0.03307768
136,4690,0.31187631068078037,0,nan,1.0,0.9765499999998464,0.4,0.03307768
137,4720,0.31187631068078037,0,nan,1.0,0.9763999999998454,0.4,0.03307768
138,4750,0.31187631068078037,0,nan,1.0,0.9762499999998444,0.4,0.03307768
139,4811,-0.30498946593321585,0,nan,0.9672131147540983,0.9759449999998424,0.4,0.027852828
140,4841,0.31187631068078037,0,nan,1.0,0.9757949999998414,0.4,0.03307768
141,4871,0.31187631068078037,0,nan,1.0,0.9756449999998404,0.4,0.03307768
142,4901,0.31187631068078037,0,nan,1.0,0.9754949999998395,0.4,0.03307768
143,5051,-3.199418492986296,0,nan,0.9933333333333333,0.9747449999998345,0.4,0.05862022
144,5080,0.3304398470297899,0,nan,0.9655172413793104,0.9745999999998336,0.4,0.033073474
145,5110,0.31187631068078037,0,nan,1.0,0.9744499999998326,0.4,0.03307768
146,5260,-3.2258894840449543,0,nan,0.98,0.9736999999998277,0.4,0.05210445
147,5290,0.31187631068078037,0,nan,1.0,0.9735499999998267,0.4,0.03307768
148,5320,0.3143305741178426,0,nan,0.9666666666666667,0.9733999999998257,0.4,0.033109788
149,5350,0.31187631068078037,0,nan,1.0,0.9732499999998248,0.4,0.03307768
150,5380,0.31187631068078037,0,0.0,1.0,0.9730999999998238,0.4,0.03307768
151,5410,0.31187631068078037,0,nan,1.0,0.9729499999998228,0.4,0.03307768
152,5440,0.31187631068078037,0,nan,1.0,0.9727999999998218,0.4,0.03307768
153,5496,-0.27989778173471724,0,nan,0.9821428571428571,0.97251999999982,0.4,0.036850404
154,5552,-0.09378993008968362,0,nan,0.9642857142857143,0.9722399999998181,0.4,0.026559457
155,5581,0.3203971498009621,0,nan,0.9655172413793104,0.9720949999998172,0.4,0.0320426
156,5611,0.31187631068078037,0,nan,1.0,0.9719449999998162,0.4,0.03307768
157,5641,0.31187631068078037,0,nan,1.0,0.9717949999998152,0.4,0.03307768
158,5671,0.31187631068078037,0,nan,1.0,0.9716449999998142,0.4,0.03307768
159,5701,0.31600927423988845,0,nan,0.9666666666666667,0.9714949999998133,0.4,0.033047
160,5731,0.31187631068078037,0,nan,1.0,0.9713449999998123,0.4,0.03307768
161,5761,0.31187631068078037,0,nan,1.0,0.9711949999998113,0.4,0.03307768
162,5790,0.3270698124375572,0,nan,0.9655172413793104,0.9710499999998103,0.4,0.034125768
163,5819,0.34341179593911275,0,nan,0.9655172413793104,0.9709049999998094,0.4,0.03386409
164,5849,0.31187631068078037,0,nan,1.0,0.9707549999998084,0.4,0.03307768
165,5879,0.31751514289917293,0,nan,0.9666666666666667,0.9706049999998074,0.4,0.03302247
166,5909,0.31187631068078037,0,nan,1.0,0.9704549999998064,0.4,0.03307768
167,5970,-0.36278499514637674,0,nan,0.9672131147540983,0.9701499999998044,0.4,0.034111336
168,6000,0.31187631068078037,0,nan,1.0,0.9699999999998035,0.4,0.03307768
169,6030,0.31187631068078037,0,nan,1.0,0.9698499999998025,0.4,0.03307768
170,6067,0.21227043422029845,0,nan,0.9459459459459459,0.9696649999998013,0.4,0.030469624
171,6097,0.2904484140823824,0,nan,0.9666666666666667,0.9695149999998003,0.4,0.03318203
172,6127,0.30975302499013413,0,nan,0.9666666666666667,0.9693649999997993,0.4,0.03286995
173,6157,0.31187631068078037,0,nan,1.0,0.9692149999997983,0.4,0.03307768
174,6187,0.31187631068078037,0,nan,1.0,0.9690649999997973,0.4,0.03307768
175,6217,0.31187631068078037,0,nan,1.0,0.9689149999997964,0.4,0.03307768
176,6248,0.26892676061387777,0,nan,0.9354838709677419,0.9687599999997953,0.4,0.032081556
177,6312,-0.4251778524460411,0,nan,0.96875,0.9684399999997932,0.4,0.037232637
178,6341,0.3162972204453367,0,nan,0.9655172413793104,0.9682949999997923,0.4,0.033951346
179,6371,0.31187631068078037,0,nan,1.0,0.9681449999997913,0.4,0.03307768
180,6400,0.324886034096073,0,1.0,0.9655172413793104,0.9679999999997904,0.4,0.034865465
181,6430,0.31176424948042114,0,nan,0.9666666666666667,0.9678499999997894,0.4,0.03310194
182,6580,-3.171448262289158,0,nan,0.98,0.9670999999997845,0.4,0.057738468
183,6610,0.31187631068078037,0,nan,1.0,0.9669499999997835,0.4,0.03307768
184,6640,0.31187631068078037,0,nan,1.0,0.9667999999997825,0.4,0.03307768
185,6669,0.3222279335635132,0,nan,0.9655172413793104,0.9666549999997816,0.4,0.034334444
186,6698,0.3444724909629139,0,nan,0.9310344827586207,0.9665099999997806,0.4,0.03363291
187,6728,0.31187631068078037,0,nan,1.0,0.9663599999997796,0.4,0.03307768
188,6760,0.2732356283096027,0,nan,0.9375,0.9661999999997786,0.4,0.030760571
189,6791,0.29307581083321743,0,nan,0.9354838709677419,0.9660449999997776,0.4,0.031778574
190,6941,-3.200219634316663,0,nan,0.9733333333333334,0.9652949999997726,0.4,0.049182698
191,6971,0.31187631068078037,0,nan,1.0,0.9651449999997717,0.4,0.03307768
192,7001,0.31187631068078037,0,nan,1.0,0.9649949999997707,0.4,0.03307768
193,7151,-3.2273960593971305,0,nan,0.9533333333333334,0.9642449999997658,0.4,0.055379193
194,7181,0.31187631068078037,0,nan,1.0,0.9640949999997648,0.4,0.03307768
195,7212,0.24995030646279193,0,nan,0.967741935483871,0.9639399999997638,0.4,0.035117734
196,7242,0.31187631068078037,0,nan,1.0,0.9637899999997628,0.4,0.03307768
197,7271,0.32093008016176594,0,nan,0.9310344827586207,0.9636449999997618,0.4,0.03284868
198,7301,0.31187631068078037,0,nan,1.0,0.9634949999997608,0.4,0.03307768
199,7331,0.31187631068078037,0,nan,1.0,0.9633449999997599,0.4,0.03307768
200,7361,0.30376860752353985,0,nan,0.9666666666666667,0.9631949999997589,0.4,0.03317827
201,7391,0.31187631068078037,0,nan,1.0,0.9630449999997579,0.4,0.03307768
202,7421,0.31187631068078037,0,nan,1.0,0.9628949999997569,0.4,0.03307768
203,7451,0.31187631068078037,0,nan,1.0,0.9627449999997559,0.4,0.03307768
204,7481,0.31187631068078037,0,nan,1.0,0.962594999999755,0.4,0.03307768
205,7631,-3.361115975744604,0,nan,0.9866666666666667,0.96184499999975,0.4,0.048563264
206,7661,0.3038620588476606,0,nan,0.9666666666666667,0.9616949999997491,0.4,0.032104608
207,7691,0.31187631068078037,0,nan,1.0,0.9615449999997481,0.4,0.03307768
208,7721,0.3137805158362347,0,nan,0.9666666666666667,0.9613949999997471,0.4,0.03304796
209,7751,0.311797317829714,0,nan,0.9666666666666667,0.9612449999997461,0.4,0.03306751
210,7901,-3.254448010208438,0,0.0,0.96,0.9604949999997412,0.4,0.05304784
211,7933,0.24957197249346352,0,nan,0.96875,0.9603349999997401,0.4,0.031007165
212,7962,0.3176422343734898,0,nan,0.9655172413793104,0.9601899999997392,0.4,0.03281288
213,7992,0.3136318482955782,0,nan,0.9666666666666667,0.9600399999997382,0.4,0.031990934
214,8022,0.3118258057768756,0,nan,0.9666666666666667,0.9598899999997372,0.4,0.03316627
215,8051,0.3222599735420624,0,nan,0.9655172413793104,0.9597449999997363,0.4,0.033208888
216,8201,-3.171683059794349,0,nan,0.98,0.9589949999997314,0.4,0.060390364
217,8231,0.3019326011061082,0,nan,0.9333333333333333,0.9588449999997304,0.4,0.031993706
218,8261,0.31187631068078037,0,nan,1.0,0.9586949999997294,0.4,0.03307768
219,8291,0.31275296683134,0,nan,0.9333333333333333,0.9585449999997284,0.4,0.031608697
220,8321,0.31187631068078037,0,nan,1.0,0.9583949999997274,0.4,0.03307768
221,8353,0.2657440708210369,0,nan,0.96875,0.9582349999997264,0.4,0.03144528
222,8398,-0.017699656256719543,0,nan,0.9777777777777777,0.9580099999997249,0.4,0.02877428
223,8459,-0.36928397869321106,0,nan,0.9672131147540983,0.9577049999997229,0.4,0.028624766
224,8489,0.31187631068078037,0,nan,1.0,0.9575549999997219,0.4,0.03307768
225,8519,0.33990322282915797,0,nan,0.9666666666666667,0.957404999999721,0.4,0.034438785
226,8549,0.31187631068078037,0,nan,1.0,0.95725499999972,0.4,0.03307768
227,8580,0.3113376757191144,0,nan,0.967741935483871,0.957099999999719,0.4,0.035827957
228,8610,0.31187631068078037,0,nan,1.0,0.956949999999718,0.4,0.03307768
229,8641,0.27882403646839504,0,nan,0.9032258064516129,0.956794999999717,0.4,0.031567864
230,8671,0.31187631068078037,0,nan,1.0,0.956644999999716,0.4,0.03307768
231,8701,0.30854681523739547,0,nan,0.9333333333333333,0.956494999999715,0.4,0.033848166
232,8730,0.3409889750777203,0,nan,0.9655172413793104,0.956349999999714,0.4,0.03248881
233,8760,0.31187631068078037,0,nan,1.0,0.9561999999997131,0.4,0.03307768
234,8790,0.30783838647396655,0,nan,0.9666666666666667,0.9560499999997121,0.4,0.032338787
235,8819,0.32629341134889556,0,nan,0.9655172413793104,0.9559049999997111,0.4,0.032913703
236,8851,0.2656361767795862,0,nan,0.96875,0.9557449999997101,0.4,0.031476304
237,8881,0.31187631068078037,0,nan,1.0,0.9555949999997091,0.4,0.03307768
238,9031,-3.111943225981622,0,nan,0.9533333333333334,0.9548449999997042,0.4,0.05032752
239,9061,0.33296715102869145,0,nan,0.9333333333333333,0.9546949999997032,0.4,0.032346897
240,9091,0.2611940431634886,0,0.0,0.9333333333333333,0.9545449999997022,0.4,0.034449
241,9121,0.3271878836785099,0,nan,0.9666666666666667,0.9543949999997012,0.4,0.03239539
242,9271,-3.307756114109198,0,nan,0.94,0.9536449999996963,0.4,0.05424789
243,9300,0.32549036610276616,0,nan,0.896551724137931,0.9534999999996954,0.4,0.033889916
244,9330,0.31187631068078037,0,nan,1.0,0.9533499999996944,0.4,0.03307768
245,9360,0.31187631068078037,0,nan,1.0,0.9531999999996934,0.4,0.03307768
246,9390,0.31187631068078037,0,nan,1.0,0.9530499999996924,0.4,0.03307768
247,9420,0.31187631068078037,0,nan,1.0,0.9528999999996914,0.4,0.03307768
248,9450,0.31187631068078037,0,nan,1.0,0.9527499999996905,0.4,0.03307768
249,9480,0.3118260749080869,0,nan,0.9666666666666667,0.9525999999996895,0.4,0.03307316
250,9630,-3.163289898156104,0,nan,0.9733333333333334,0.9518499999996846,0.4,0.058495305
251,9660,0.31187631068078037,0,nan,1.0,0.9516999999996836,0.4,0.03307768
252,9691,0.27984848047272637,0,nan,0.9032258064516129,0.9515449999996826,0.4,0.031297952
253,9722,0.3012786567707779,0,nan,0.9354838709677419,0.9513899999996815,0.4,0.032009147
254,9753,0.2897655482911924,0,nan,0.967741935483871,0.9512349999996805,0.4,0.032073162
255,9783,0.31187631068078037,0,nan,1.0,0.9510849999996795,0.4,0.03307768
256,9813,0.31187631068078037,0,nan,1.0,0.9509349999996786,0.4,0.03307768
257,9842,0.31989268225234235,0,nan,0.9655172413793104,0.9507899999996776,0.4,0.03379575
258,9992,-3.1142924494441933,0,nan,0.9733333333333334,0.9500399999996727,0.4,0.051413767
259,10022,0.31187631068078037,0,nan,1.0,0.9498899999996717,0.4,0.03307768
260,10052,0.31187631068078037,0,nan,1.0,0.9497399999996707,0.4,0.03307768
261,10202,-3.3089849428499334,0,nan,0.9733333333333334,0.9489899999996658,0.4,0.05642208
262,10232,0.31187631068078037,0,nan,1.0,0.9488399999996648,0.4,0.03307768
263,10261,0.3317833004546654,0,nan,0.9310344827586207,0.9486949999996639,0.4,0.032725483
264,10293,0.2601490926186312,0,nan,0.9375,0.9485349999996628,0.4,0.031039607
265,10322,0.28565262214040876,0,nan,0.9310344827586207,0.9483899999996619,0.4,0.035098977
266,10352,0.34061025715224735,0,nan,0.9333333333333333,0.9482399999996609,0.4,0.031942733
267,10502,-3.231750696985831,0,nan,0.9466666666666667,0.947489999999656,0.4,0.051849917
268,10532,0.31187631068078037,0,nan,1.0,0.947339999999655,0.4,0.03307768
269,10579,-1.064268940279244,0,nan,0.9787234042553191,0.9470999999996534,0.4,0.05433392
270,10608,0.3187655473197053,0,1.0,0.8620689655172413,0.9469549999996525,0.4,0.034207746
271,10638,0.31187631068078037,0,nan,1.0,0.9468049999996515,0.4,0.03307768
272,10667,0.3561366172980598,0,nan,0.9655172413793104,0.9466599999996506,0.4,0.03321616
273,10697,0.31187631068078037,0,nan,1.0,0.9465099999996496,0.4,0.03307768
274,10727,0.31187631068078037,0,nan,1.0,0.9463599999996486,0.4,0.03307768
275,10757,0.31187631068078037,0,nan,1.0,0.9462099999996476,0.4,0.03307768
276,10787,0.31187631068078037,0,nan,1.0,0.9460599999996466,0.4,0.03307768
277,10855,-0.482057624981445,0,nan,0.9558823529411765,0.9457199999996444,0.4,0.029279415
278,10885,0.30724640365287403,0,nan,0.9666666666666667,0.9455699999996434,0.4,0.031580754
279,11035,-3.4932497163870395,0,nan,0.96,0.9448199999996385,0.4,0.052751467
280,11065,0.31187631068078037,0,nan,1.0,0.9446699999996375,0.4,0.03307768
281,11096,0.2605533643434498,0,nan,0.967741935483871,0.9445149999996365,0.4,0.030700592
282,11125,0.3112492961430394,0,nan,0.8620689655172413,0.9443699999996356,0.4,0.032344647
283,11157,0.23748027759934642,0,nan,0.90625,0.9442099999996345,0.4,0.032268126
284,11187,0.3149188230175338,0,nan,0.9666666666666667,0.9440599999996335,0.4,0.03455939
285,11218,0.2711013420221924,0,nan,0.967741935483871,0.9439049999996325,0.4,0.03161885
286,11248,0.31187631068078037,0,nan,1.0,0.9437549999996315,0.4,0.03307768
287,11307,-0.3383447302013479,0,nan,0.9491525423728814,0.9434599999996296,0.4,0.031665605
288,11337,0.31187631068078037,0,nan,1.0,0.9433099999996286,0.4,0.03307768
289,11367,0.3299414817526324,0,nan,0.9333333333333333,0.9431599999996276,0.4,0.032565195
290,11399,0.26218376133157906,0,nan,0.96875,0.9429999999996266,0.4,0.031462014
291,11549,-3.188635130372168,0,nan,0.94,0.9422499999996217,0.4,0.060575016
292,11579,0.31187631068078037,0,nan,1.0,0.9420999999996207,0.4,0.03307768
293,11729,-3.1899093035496215,0,nan,0.9333333333333333,0.9413499999996158,0.4,0.059232146
294,11879,-3.199883619454301,0,nan,0.96,0.9405999999996109,0.4,0.053765863
295,11909,0.304854664942417,0,nan,0.9333333333333333,0.9404499999996099,0.4,0.03289862
296,11969,-0.3854744906277977,0,nan,0.9666666666666667,0.9401499999996079,0.4,0.032229993
297,11999,0.3207801225396365,0,nan,0.9,0.9399999999996069,0.4,0.03282667
298,12029,0.3119280679906711,0,nan,0.9666666666666667,0.939849999999606,0.4,0.03306535
299,12059,0.3134802536942929,0,nan,0.9666666666666667,0.939699999999605,0.4,0.033082698
300,12122,-0.5621872333517891,0,0.0,0.9047619047619048,0.9393849999996029,0.4,0.036696073
301,12165,-0.03467940540700942,0,nan,0.9302325581395349,0.9391699999996015,0.4,0.039814737
302,12196,0.3064260341725823,0,nan,0.967741935483871,0.9390149999996005,0.4,0.031298075
303,12255,-0.28900604639148997,0,nan,0.9322033898305084,0.9387199999995985,0.4,0.035785094
304,12285,0.33230854755904793,0,nan,0.9666666666666667,0.9385699999995976,0.4,0.03134774
305,12315,0.3629641968102084,0,nan,0.8666666666666667,0.9384199999995966,0.4,0.032331485
306,12345,0.3128379495822563,0,nan,0.9666666666666667,0.9382699999995956,0.4,0.03291033
307,12375,0.31282011172924984,0,nan,0.9666666666666667,0.9381199999995946,0.4,0.032910064
308,12405,0.31187631068078037,0,nan,1.0,0.9379699999995936,0.4,0.03307768
309,12434,0.2944385249738033,0,nan,0.896551724137931,0.9378249999995927,0.4,0.033686455
310,12466,0.25061225897099737,0,nan,0.96875,0.9376649999995916,0.4,0.03153934
311,12497,0.2807127028493044,0,nan,0.967741935483871,0.9375099999995906,0.4,0.03137175
312,12527,0.31842500475270985,0,nan,0.9333333333333333,0.9373599999995896,0.4,0.032931115
313,12557,0.3117451225857607,0,nan,0.9333333333333333,0.9372099999995886,0.4,0.033067998
314,12707,-3.2154589867015826,0,nan,0.9466666666666667,0.9364599999995837,0.4,0.05523238
315,12738,0.27377795912200753,0,nan,0.9032258064516129,0.9363049999995827,0.4,0.031742107
316,12767,0.3279075399000424,0,nan,0.896551724137931,0.9361599999995818,0.4,0.03415937
317,12917,-3.374946617284256,0,nan,0.92,0.9354099999995769,0.4,0.050877504
318,12948,0.2865456617793346,0,nan,0.9354838709677419,0.9352549999995758,0.4,0.03170983
319,12978,0.3308157041813867,0,nan,0.9666666666666667,0.9351049999995749,0.4,0.031354807
320,13008,0.3336389170268025,0,nan,0.9333333333333333,0.9349549999995739,0.4,0.03235166
321,13038,0.3084061997318456,0,nan,0.9666666666666667,0.9348049999995729,0.4,0.03193314
322,13070,0.27908001595824494,0,nan,0.96875,0.9346449999995718,0.4,0.028257634
323,13220,-3.238956764269992,0,nan,0.9333333333333333,0.9338949999995669,0.4,0.046953987
324,13251,0.29814564038250124,0,nan,0.967741935483871,0.9337399999995659,0.4,0.029490173
325,13282,0.3083168063591961,0,nan,0.9032258064516129,0.9335849999995649,0.4,0.028843366
326,13314,0.3171816522683495,0,nan,0.9375,0.9334249999995639,0.4,0.029033214
327,13344,0.31187631068078037,0,nan,1.0,0.9332749999995629,0.4,0.03307768
328,13374,0.31187631068078037,0,nan,1.0,0.9331249999995619,0.4,0.03307768
329,13405,0.2919801218619881,0,nan,0.967741935483871,0.9329699999995609,0.4,0.03173792
330,13555,-3.1568593600388244,0,0.0,0.9333333333333333,0.932219999999556,0.4,0.04478019
331,13585,0.3013205022897406,0,nan,0.9666666666666667,0.932069999999555,0.4,0.03218509
332,13615,0.3126643149138346,0,nan,0.9666666666666667,0.931919999999554,0.4,0.033088867
333,13645,0.31058182220216146,0,nan,0.9666666666666667,0.931769999999553,0.4,0.03314122
334,13677,0.26563919502571953,0,nan,0.96875,0.931609999999552,0.4,0.03127797
335,13707,0.3119565861419563,0,nan,0.9666666666666667,0.931459999999551,0.4,0.033054363
336,13739,0.2558404791149189,0,nan,0.90625,0.9312999999995499,0.4,0.031297058
337,13769,0.31187631068078037,0,nan,1.0,0.931149999999549,0.4,0.03307768
338,13799,0.2966645669493354,0,nan,0.9333333333333333,0.930999999999548,0.4,0.03186301
339,13829,0.31120607362723496,0,nan,0.9666666666666667,0.930849999999547,0.4,0.03311871
340,13859,0.3104751386560385,0,nan,0.9666666666666667,0.930699999999546,0.4,0.033051852
341,13890,0.2838935308506476,0,nan,0.9354838709677419,0.930544999999545,0.4,0.03162925
342,13922,0.2687044071866376,0,nan,0.9375,0.9303849999995439,0.4,0.032611966
343,13954,0.2664734232264727,0,nan,0.9375,0.9302249999995429,0.4,0.030915465
344,13984,0.31320706921446884,0,nan,0.9666666666666667,0.9300749999995419,0.4,0.03307768
345,14014,0.31187631068078037,0,nan,1.0,0.9299249999995409,0.4,0.03307768
346,14088,-0.8609812012604083,0,nan,0.9324324324324325,0.9295549999995385,0.4,0.054396592
347,14238,-3.2199273682049987,0,nan,0.9666666666666667,0.9288049999995336,0.4,0.055651683
348,14388,-3.3301466741842694,0,nan,0.94,0.9280549999995287,0.4,0.0474558
349,14418,0.31187631068078037,0,nan,1.0,0.9279049999995277,0.4,0.03307768
350,14448,0.3073463579395247,0,nan,0.9,0.9277549999995267,0.4,0.031310454
351,14478,0.47106042878116083,0,nan,0.9666666666666667,0.9276049999995257,0.4,0.030595338
352,14508,0.31187631068078037,0,nan,1.0,0.9274549999995247,0.4,0.03307768
353,14538,0.31187631068078037,0,nan,1.0,0.9273049999995238,0.4,0.03307768
354,14570,0.26394248121765285,0,nan,0.96875,0.9271449999995227,0.4,0.031437084
355,14599,0.2989782019498165,0,nan,0.9655172413793104,0.9269999999995218,0.4,0.034107972
356,14628,0.33562223982280925,0,nan,0.9655172413793104,0.9268549999995208,0.4,0.03256813
357,14664,0.16376309146269497,0,nan,0.9444444444444444,0.9266749999995196,0.4,0.033513915
358,14814,-3.351901728748689,0,nan,0.92,0.9259249999995147,0.4,0.05303215
359,14844,0.31187631068078037,0,nan,1.0,0.9257749999995137,0.4,0.03307768
360,14875,0.28478888918227896,0,0.0,0.9354838709677419,0.9256199999995127,0.4,0.03153338
361,14904,0.32708131821079045,0,nan,0.9310344827586207,0.9254749999995118,0.4,0.03298609
362,14935,0.28615920012055274,0,nan,0.967741935483871,0.9253199999995108,0.4,0.031319775
363,14967,0.2616277452123792,0,nan,0.9375,0.9251599999995097,0.4,0.028451506
364,14997,0.34450368134066367,0,nan,0.8,0.9250099999995087,0.4,0.03306053
365,15026,0.3023604953352578,0,nan,0.896551724137931,0.9248649999995078,0.4,0.034137983
366,15055,0.3136514147265662,0,nan,0.8620689655172413,0.9247199999995068,0.4,0.033627495
367,15085,0.3141401906847616,0,nan,0.9666666666666667,0.9245699999995058,0.4,0.033073578
368,15115,0.31187631068078037,0,nan,1.0,0.9244199999995049,0.4,0.03307768
369,15145,0.31187631068078037,0,nan,1.0,0.9242699999995039,0.4,0.03307768
370,15177,0.21529025797285073,0,nan,0.96875,0.9241099999995028,0.4,0.033328336
371,15207,0.31187631068078037,0,nan,1.0,0.9239599999995018,0.4,0.03307768
372,15236,0.32565504302828163,0,nan,0.9655172413793104,0.9238149999995009,0.4,0.03306763
373,15266,0.31187631068078037,0,nan,1.0,0.9236649999994999,0.4,0.03307768
374,15297,0.3101263642875469,0,nan,0.967741935483871,0.9235099999994989,0.4,0.028790075
375,15327,0.31425594856123507,0,nan,0.9666666666666667,0.9233599999994979,0.4,0.033073757
376,15372,0.05093298750102304,0,nan,0.9333333333333333,0.9231349999994964,0.4,0.029970307
377,15434,-0.44082794657269664,0,nan,0.9032258064516129,0.9228249999994944,0.4,0.033465285
378,15464,0.3776219399332471,0,nan,0.8666666666666667,0.9226749999994934,0.4,0.03096646
379,15493,0.30578593504888074,0,nan,0.896551724137931,0.9225299999994925,0.4,0.034137078
380,15523,0.31187631068078037,0,nan,1.0,0.9223799999994915,0.4,0.03307768
381,15553,0.2885664571768457,0,nan,0.9333333333333333,0.9222299999994905,0.4,0.03229372
382,15582,0.3399914676722806,0,nan,0.9310344827586207,0.9220849999994896,0.4,0.032783538
383,15612,0.3212203918999941,0,nan,0.9666666666666667,0.9219349999994886,0.4,0.033178963
384,15641,0.32065808272359586,0,nan,0.9655172413793104,0.9217899999994876,0.4,0.033416316
385,15671,0.31187631068078037,0,nan,1.0,0.9216399999994866,0.4,0.03307768
386,15730,-0.35562280224697906,0,nan,0.9830508474576272,0.9213449999994847,0.4,0.034526348
387,15759,0.32296146616940524,0,nan,0.9655172413793104,0.9211999999994838,0.4,0.03359881
388,15789,0.31187631068078037,0,nan,1.0,0.9210499999994828,0.4,0.03307768
389,15818,0.3161765365313961,0,nan,0.9310344827586207,0.9209049999994818,0.4,0.034540053
390,15847,0.353727631847374,0,1.0,0.9655172413793104,0.9207599999994809,0.4,0.033175476
391,15877,0.31187631068078037,0,nan,1.0,0.9206099999994799,0.4,0.03307768
392,15909,0.25002659053965204,0,nan,0.9375,0.9204499999994789,0.4,0.03071267
393,15938,0.340951445369725,0,nan,0.896551724137931,0.9203049999994779,0.4,0.034530364
394,15969,0.40130286948554694,0,nan,0.8709677419354839,0.9201499999994769,0.4,0.028880605
395,16119,-3.2286129151582217,0,nan,0.9066666666666666,0.919399999999472,0.4,0.056432426
396,16149,0.4243991129428085,0,nan,0.7,0.919249999999471,0.4,0.02760867
397,16179,0.2936856710544945,0,nan,0.9,0.91909999999947,0.4,0.035383843
398,16208,0.3624009284125007,0,nan,0.9655172413793104,0.9189549999994691,0.4,0.033544365
399,16239,0.31445203475132844,0,nan,0.9354838709677419,0.918799999999468,0.4,0.030314332
400,16269,0.35445295604347204,0,nan,0.8333333333333334,0.9186499999994671,0.4,0.030784301
401,16298,0.3049059407596858,0,nan,0.9655172413793104,0.9185049999994661,0.4,0.034902852
402,16327,0.323279800262798,0,nan,0.9310344827586207,0.9183599999994652,0.4,0.032996874
403,16357,0.31187631068078037,0,nan,1.0,0.9182099999994642,0.4,0.03307768
404,16388,0.2929251913276333,0,nan,0.9354838709677419,0.9180549999994632,0.4,0.031854425
405,16451,-0.30046501427432604,0,nan,0.873015873015873,0.9177399999994611,0.4,0.03104005
406,16480,0.3102500933308615,0,nan,0.9310344827586207,0.9175949999994601,0.4,0.03265045
407,16510,0.31187631068078037,0,nan,1.0,0.9174449999994592,0.4,0.03307768
408,16572,-0.3849051855174874,0,nan,0.9516129032258065,0.9171349999994571,0.4,0.03215491
409,16603,0.2682366104032021,0,nan,0.9354838709677419,0.9169799999994561,0.4,0.031285517
410,16633,0.39616456447374204,0,nan,0.9333333333333333,0.9168299999994551,0.4,0.03183866
411,16725,-1.0793535606143496,0,nan,0.9565217391304348,0.9163699999994521,0.4,0.037427057
412,16755,0.2844589818908584,0,nan,0.8666666666666667,0.9162199999994511,0.4,0.03540107
413,16784,0.3078310145437133,0,nan,0.9310344827586207,0.9160749999994502,0.4,0.034946296
414,16814,0.31187631068078037,0,nan,1.0,0.9159249999994492,0.4,0.03307768
415,16844,0.32007651921238633,0,nan,0.9333333333333333,0.9157749999994482,0.4,0.032788657
416,16874,0.31187631068078037,0,nan,1.0,0.9156249999994472,0.4,0.03307768
417,16904,0.31153464493016103,0,nan,0.9666666666666667,0.9154749999994463,0.4,0.033019427
418,16934,0.3314655465290862,0,nan,0.9666666666666667,0.9153249999994453,0.4,0.032659363
419,16965,0.2823249727954581,0,nan,0.967741935483871,0.9151699999994443,0.4,0.031012477
420,16995,0.3065430856028786,0,1.0,0.9666666666666667,0.9150199999994433,0.4,0.032323994
421,17145,-3.213912768196344,0,nan,0.9466666666666667,0.9142699999994384,0.4,0.049496654
422,17175,0.3110943160447368,0,nan,0.9333333333333333,0.9141199999994374,0.4,0.032762457
423,17204,0.31484979450337314,0,nan,0.9655172413793104,0.9139749999994364,0.4,0.03359571
424,17235,0.299891914764823,0,nan,0.9354838709677419,0.9138199999994354,0.4,0.031502556
425,17264,0.30861462999865863,0,nan,0.9310344827586207,0.9136749999994345,0.4,0.033023458
426,17294,0.35305596581967236,0,nan,0.9,0.9135249999994335,0.4,0.032111835
427,17444,-3.640274359159158,0,nan,0.9666666666666667,0.9127749999994286,0.4,0.068719044
428,17473,0.3307789064020744,0,nan,0.8620689655172413,0.9126299999994276,0.4,0.03143861
429,17511,0.05660411661660003,0,nan,0.9210526315789473,0.9124399999994264,0.4,0.03391246
430,17540,0.31679289212628203,0,nan,0.9655172413793104,0.9122949999994254,0.4,0.033714402
431,17569,0.32581969083012186,0,nan,0.8275862068965517,0.9121499999994245,0.4,0.03210315
432,17602,0.230423169341626,0,nan,0.9393939393939394,0.9119849999994234,0.4,0.03156368
433,17632,0.3139056201427023,0,nan,0.9666666666666667,0.9118349999994224,0.4,0.032962285
434,17782,-3.1258646304159243,0,nan,0.9066666666666666,0.9110849999994175,0.4,0.061114483
435,17812,0.39855141564081975,0,nan,0.8,0.9109349999994165,0.4,0.031903166
436,17962,-3.4219292897596096,0,nan,0.94,0.9101849999994116,0.4,0.054486446
437,17992,0.31728680557846967,0,nan,0.9333333333333333,0.9100349999994106,0.4,0.032818004
438,18021,0.3254830797007744,0,nan,0.9310344827586207,0.9098899999994097,0.4,0.032929894
439,18082,-0.41149172026159364,0,nan,0.9508196721311475,0.9095849999994077,0.4,0.03230539
440,18111,0.3178971711430877,0,nan,0.9310344827586207,0.9094399999994067,0.4,0.03242826
441,18140,0.31903237711247845,0,nan,0.896551724137931,0.9092949999994058,0.4,0.034101084
442,18290,-3.360856221619634,0,nan,0.94,0.9085449999994009,0.4,0.044802636
443,18322,0.26026441033584646,0,nan,0.9375,0.9083849999993998,0.4,0.03128026
444,18352,0.31187631068078037,0,nan,1.0,0.9082349999993988,0.4,0.03307768
445,18382,0.3081730431894458,0,nan,0.9333333333333333,0.9080849999993978,0.4,0.03298675
446,18412,0.31196865524506345,0,nan,0.9666666666666667,0.9079349999993969,0.4,0.03304979
447,18442,0.3271397964207631,0,nan,0.9666666666666667,0.9077849999993959,0.4,0.031553365
448,18481,0.08915800184367562,0,nan,0.8974358974358975,0.9075899999993946,0.4,0.028738542
449,18543,-0.416759805971768,0,nan,0.967741935483871,0.9072799999993926,0.4,0.030782064
450,18573,0.31194900816400684,0,1.0,0.9,0.9071299999993916,0.4,0.032788627
451,18604,0.28425861767318317,0,nan,0.9032258064516129,0.9069749999993906,0.4,0.031136038
452,18634,0.31187631068078037,0,nan,1.0,0.9068249999993896,0.4,0.03307768
453,18663,0.3118345094112861,0,nan,0.9310344827586207,0.9066799999993886,0.4,0.033614095
454,18693,0.47888291255872456,0,nan,0.9666666666666667,0.9065299999993877,0.4,0.030503703
455,18724,0.41248112118520275,0,nan,0.9032258064516129,0.9063749999993866,0.4,0.029020693
456,18792,-0.5431151789378424,0,nan,0.9411764705882353,0.9060349999993844,0.4,0.03496598
457,18942,-3.3014400300270452,0,nan,0.9,0.9052849999993795,0.4,0.056683656
458,18972,0.31187631068078037,0,nan,1.0,0.9051349999993785,0.4,0.03307768
459,19002,0.31187631068078037,0,nan,1.0,0.9049849999993775,0.4,0.03307768
460,19032,0.31187631068078037,0,nan,1.0,0.9048349999993766,0.4,0.03307768
461,19062,0.3955632693309148,0,nan,0.8333333333333334,0.9046849999993756,0.4,0.032089837
462,19092,0.309767432443,0,nan,0.9666666666666667,0.9045349999993746,0.4,0.033061277
463,19122,0.3887250046823044,0,nan,0.9666666666666667,0.9043849999993736,0.4,0.031082792
464,19272,-3.418726339691176,0,nan,0.94,0.9036349999993687,0.4,0.050737966
465,19304,0.25674375211709155,0,nan,0.96875,0.9034749999993676,0.4,0.031077385
466,19335,0.2892962531702633,0,nan,0.9354838709677419,0.9033199999993666,0.4,0.031155627
467,19454,-1.8175280844473067,0,nan,0.8739495798319328,0.9027249999993627,0.4,0.053414065
468,19484,0.31866716388340965,0,nan,0.9333333333333333,0.9025749999993617,0.4,0.03244703
469,19513,0.3199869381034788,0,nan,0.9310344827586207,0.9024299999993608,0.4,0.03297969
470,19542,0.31989682940768904,0,nan,0.8620689655172413,0.9022849999993598,0.4,0.03162713
471,19574,0.26391678997337065,0,nan,0.9375,0.9021249999993588,0.4,0.031333257
472,19603,0.41813078199673537,0,nan,0.9310344827586207,0.9019799999993579,0.4,0.032657314
473,19633,0.3115175791272715,0,nan,0.9666666666666667,0.9018299999993569,0.4,0.03311356
474,19663,0.31066813080803457,0,nan,0.8333333333333334,0.9016799999993559,0.4,0.0321605
475,19694,0.3266723406464416,0,nan,0.8709677419354839,0.9015249999993549,0.4,0.031981133
476,19724,0.31187631068078037,0,nan,1.0,0.9013749999993539,0.4,0.03307768
477,19753,0.3162478298895416,0,nan,0.896551724137931,0.9012299999993529,0.4,0.034326304
478,19806,-0.08851867090344989,0,nan,0.9245283018867925,0.9009649999993512,0.4,0.026880678
479,19838,0.2600863190989393,0,nan,0.9375,0.9008049999993502,0.4,0.031144558
480,19868,0.32827109373566865,0,1.0,0.9333333333333333,0.9006549999993492,0.4,0.03236417
481,19898,0.38354468500661953,0,nan,0.9666666666666667,0.9005049999993482,0.4,0.031145466
482,19960,-0.5159856189418921,0,nan,0.9193548387096774,0.9001949999993462,0.4,0.034581862
483,19990,0.40210405914365777,0,nan,0.8666666666666667,0.9000449999993452,0.4,0.03065928
484,20020,0.31187631068078037,0,nan,1.0,0.8998949999993442,0.4,0.03307768
485,20049,0.30734694611188296,0,nan,0.9655172413793104,0.8997499999993432,0.4,0.032302137
486,20079,0.4537366866068764,0,nan,0.8,0.8995999999993423,0.4,0.031818338
487,20108,0.4378530653132142,0,nan,0.9310344827586207,0.8994549999993413,0.4,0.032421347
488,20138,0.3119102886813969,0,nan,0.9666666666666667,0.8993049999993403,0.4,0.03307124
489,20168,0.32509556627239833,0,nan,0.9666666666666667,0.8991549999993393,0.4,0.03413548
490,20199,0.3352426805240417,0,nan,0.8064516129032258,0.8989999999993383,0.4,0.02956577
491,20229,0.30984848325991365,0,nan,0.9666666666666667,0.8988499999993373,0.4,0.03307768
492,20259,0.31264541123109424,0,nan,0.9666666666666667,0.8986999999993364,0.4,0.033054646
493,20409,-3.286929803323218,0,nan,0.9133333333333333,0.8979499999993314,0.4,0.05288338
494,20439,0.31187631068078037,0,nan,1.0,0.8977999999993305,0.4,0.03307768
495,20468,0.33059524271047525,0,nan,0.9310344827586207,0.8976549999993295,0.4,0.03266295
496,20497,0.3489174713680563,0,nan,0.9310344827586207,0.8975099999993286,0.4,0.032302696
497,20527,0.3135990876556062,0,nan,0.9666666666666667,0.8973599999993276,0.4,0.032995693
498,20556,0.3210560542554529,0,nan,0.896551724137931,0.8972149999993266,0.4,0.033089396
499,20588,0.27073100681020335,0,nan,0.96875,0.8970549999993256,0.4,0.031357188
500,20618,0.2913428070836276,0,nan,0.9,0.8969049999993246,0.4,0.034827616
501,20648,0.34590580462414333,0,nan,0.8666666666666667,0.8967549999993236,0.4,0.03269076
502,20678,0.31187631068078037,0,nan,1.0,0.8966049999993226,0.4,0.03307768
503,20828,-3.267442522102858,0,nan,0.8933333333333333,0.8958549999993177,0.4,0.055230808
504,20858,0.3852850678739962,0,nan,0.9333333333333333,0.8957049999993167,0.4,0.031761542
505,21008,-3.3177721211500155,0,nan,0.96,0.8949549999993118,0.4,0.05714409
506,21039,0.291790085675778,0,nan,0.9354838709677419,0.8947999999993108,0.4,0.03187884
507,21069,0.31187631068078037,0,nan,1.0,0.8946499999993098,0.4,0.03307768
508,21101,0.25893280178897016,0,nan,0.9375,0.8944899999993088,0.4,0.031333573
509,21131,0.31042948842779505,0,nan,0.9666666666666667,0.8943399999993078,0.4,0.033072017
510,21163,0.26817959093476285,0,1.0,0.96875,0.8941799999993068,0.4,0.031378984
511,21192,0.30812617795472397,0,nan,0.9310344827586207,0.8940349999993058,0.4,0.03466427
512,21222,0.32002356187927217,0,nan,0.9333333333333333,0.8938849999993048,0.4,0.03104901
513,21372,-3.1223555318801184,0,nan,0.8933333333333333,0.8931349999992999,0.4,0.05635107
514,21522,-3.2284051777576,0,nan,0.8933333333333333,0.892384999999295,0.4,0.06262577
515,21551,0.31652322119407417,0,nan,0.896551724137931,0.892239999999294,0.4,0.033985194
516,21581,0.31187631068078037,0,nan,1.0,0.8920899999992931,0.4,0.03307768
517,21611,0.3291215206186039,0,nan,0.8666666666666667,0.8919399999992921,0.4,0.03292022
518,21640,0.31750065198049904,0,nan,0.9310344827586207,0.8917949999992911,0.4,0.033901848
519,21671,0.28836799650653855,0,nan,0.9354838709677419,0.8916399999992901,0.4,0.030707205
520,21701,0.2947846111199237,0,nan,0.9333333333333333,0.8914899999992891,0.4,0.03338395
521,21731,0.4370087964661845,0,nan,0.9333333333333333,0.8913399999992881,0.4,0.031048207
522,21761,0.3105892142907434,0,nan,0.9666666666666667,0.8911899999992872,0.4,0.033153646
523,21791,0.3313258389707676,0,nan,0.8333333333333334,0.8910399999992862,0.4,0.031692725
524,21821,0.3296592263603976,0,nan,0.9,0.8908899999992852,0.4,0.03136858
525,21851,0.338594243606988,0,nan,0.8333333333333334,0.8907399999992842,0.4,0.037022214
526,21881,0.2877534451604352,0,nan,0.8333333333333334,0.8905899999992832,0.4,0.034285177
527,22031,-3.241213673914557,0,nan,0.9466666666666667,0.8898399999992783,0.4,0.059008185
528,22060,0.3095290748647824,0,nan,0.9655172413793104,0.8896949999992774,0.4,0.034352787
529,22090,0.31187631068078037,0,nan,1.0,0.8895449999992764,0.4,0.03307768
530,22120,0.3076751501980549,0,nan,0.8666666666666667,0.8893949999992754,0.4,0.03113851
531,22270,-3.1931634564895215,0,nan,0.9,0.8886449999992705,0.4,0.048005715
532,22301,0.2644168704405365,0,nan,0.967741935483871,0.8884899999992695,0.4,0.033783793
533,22331,0.37424111121527603,0,nan,0.8333333333333334,0.8883399999992685,0.4,0.032216694
534,22361,0.31009804950619047,0,nan,0.9666666666666667,0.8881899999992675,0.4,0.031737443
535,22391,0.31395507579760396,0,nan,0.9333333333333333,0.8880399999992665,0.4,0.032869544
536,22421,0.31187631068078037,0,nan,1.0,0.8878899999992655,0.4,0.03307768
537,22571,-3.4853460793470434,0,nan,0.9066666666666666,0.8871399999992606,0.4,0.047299314
538,22601,0.31187631068078037,0,nan,1.0,0.8869899999992596,0.4,0.03307768
539,22751,-3.25875473457117,0,nan,0.94,0.8862399999992547,0.4,0.049757414
540,22781,0.3303144216425903,0,0.0,0.9,0.8860899999992538,0.4,0.031856112
541,22811,0.39391507533993253,0,nan,0.9333333333333333,0.8859399999992528,0.4,0.03133269
542,22840,0.33058411762801165,0,nan,0.9310344827586207,0.8857949999992518,0.4,0.033284806
543,22870,0.3267183059335408,0,nan,0.9333333333333333,0.8856449999992508,0.4,0.031506166
544,22902,0.2577417236802785,0,nan,0.9375,0.8854849999992498,0.4,0.029725024
545,23052,-3.3924514691518457,0,nan,0.8933333333333333,0.8847349999992449,0.4,0.051415995
546,23202,-3.1869444249405965,0,nan,0.8733333333333333,0.88398499999924,0.4,0.06452086
547,23232,0.32958693427608343,0,nan,0.9,0.883834999999239,0.4,0.03258374
548,23264,0.23853329423337888,0,nan,0.875,0.8836749999992379,0.4,0.03319453
549,23414,-3.3748563893916823,0,nan,0.9,0.882924999999233,0.4,0.057328712
550,23445,0.30202857423687246,0,nan,0.8709677419354839,0.882769999999232,0.4,0.030884778
551,23504,-0.15877997408213373,0,nan,0.9322033898305084,0.8824749999992301,0.4,0.02869665
552,23533,0.31629679393067556,0,nan,0.9655172413793104,0.8823299999992291,0.4,0.03407007
553,23564,0.26339741970469754,0,nan,0.8709677419354839,0.8821749999992281,0.4,0.032602184
554,23594,0.31187631068078037,0,nan,1.0,0.8820249999992271,0.4,0.03307768
555,23624,0.31498824821479554,0,nan,0.8666666666666667,0.8818749999992261,0.4,0.03213095
556,23654,0.31187631068078037,0,nan,1.0,0.8817249999992252,0.4,0.03307768
557,23683,0.3846371470606187,0,nan,0.896551724137931,0.8815799999992242,0.4,0.032661784
558,23720,0.15931589241269162,0,nan,0.918918918918919,0.881394999999223,0.4,0.032098804
559,23752,0.25802226290603214,0,nan,0.96875,0.881234999999222,0.4,0.03141031
560,23783,0.2811164607712603,0,nan,0.9354838709677419,0.8810799999992209,0.4,0.030983519
561,23813,0.37630422759372073,0,nan,0.9333333333333333,0.88092999999922,0.4,0.032659978
562,23843,0.37815348074805677,0,nan,0.7666666666666667,0.880779999999219,0.4,0.029563654
563,23873,0.3264369063082343,0,nan,0.9,0.880629999999218,0.4,0.031402823
564,23947,-0.603245109562635,0,nan,0.9324324324324325,0.8802599999992156,0.4,0.034634136
565,23978,0.3431177044557143,0,nan,0.9032258064516129,0.8801049999992145,0.4,0.032398593
566,24008,0.3775130655059501,0,nan,0.9,0.8799549999992136,0.4,0.031303767
567,24038,0.41439009386557824,0,nan,0.7666666666666667,0.8798049999992126,0.4,0.031791013
568,24068,0.31188160819556876,0,nan,0.9666666666666667,0.8796549999992116,0.4,0.03307831
569,24144,-0.6659472464517885,0,nan,0.8552631578947368,0.8792749999992091,0.4,0.03071607
570,24173,0.31820435894047194,0,1.0,0.9310344827586207,0.8791299999992082,0.4,0.034217227
571,24202,0.3172082274874102,0,nan,0.896551724137931,0.8789849999992072,0.4,0.03455073
572,24232,0.31187631068078037,0,nan,1.0,0.8788349999992062,0.4,0.03307768
573,24261,0.32765940508688085,0,nan,0.9310344827586207,0.8786899999992053,0.4,0.032936104
574,24291,0.36537248115590115,0,nan,0.9333333333333333,0.8785399999992043,0.4,0.032463226
575,24323,0.22932521879802026,0,nan,0.96875,0.8783799999992032,0.4,0.032470167
576,24352,0.3389942385297967,0,nan,0.896551724137931,0.8782349999992023,0.4,0.032515276
577,24382,0.31187631068078037,0,nan,1.0,0.8780849999992013,0.4,0.03307768
578,24412,0.35823386935885504,0,nan,0.8666666666666667,0.8779349999992003,0.4,0.03104184
579,24443,0.2824326306179542,0,nan,0.8709677419354839,0.8777799999991993,0.4,0.030512271
580,24473,0.3732271828561867,0,nan,0.8333333333333334,0.8776299999991983,0.4,0.029508505
581,24541,-0.5456727886820826,0,nan,0.9411764705882353,0.8772899999991961,0.4,0.034404125
582,24571,0.31187631068078037,0,nan,1.0,0.8771399999991951,0.4,0.03307768
583,24601,0.31305471319410527,0,nan,0.9666666666666667,0.8769899999991941,0.4,0.03450295
584,24630,0.2822105794967261,0,nan,0.896551724137931,0.8768449999991932,0.4,0.034644194
585,24780,-3.357936213379683,0,nan,0.8933333333333333,0.8760949999991883,0.4,0.050809488
586,24930,-3.3179613685005824,0,nan,0.9,0.8753449999991834,0.4,0.051594872
587,24959,0.28386166971803983,0,nan,0.8620689655172413,0.8751999999991824,0.4,0.039575294
588,24989,0.39309654607845324,0,nan,0.9,0.8750499999991814,0.4,0.03079648
589,25019,0.36101130576966234,0,nan,0.9666666666666667,0.8748999999991804,0.4,0.031054864
590,25169,-3.5315918646602826,0,nan,0.92,0.8741499999991755,0.4,0.106565505
591,25198,0.3104105791849172,0,nan,0.896551724137931,0.8740049999991746,0.4,0.03361908
592,25228,0.3342326001568139,0,nan,0.9333333333333333,0.8738549999991736,0.4,0.03132072
593,25257,0.3266558068974954,0,nan,0.9310344827586207,0.8737099999991726,0.4,0.031858057
594,25407,-3.676031247771369,0,nan,0.94,0.8729599999991677,0.4,0.048272893
595,25439,0.24753413585037787,0,nan,0.84375,0.8727999999991667,0.4,0.032580532
596,25470,0.28209007987493495,0,nan,0.8387096774193549,0.8726449999991657,0.4,0.032131854
597,25504,0.22110341321460925,0,nan,0.8529411764705882,0.8724749999991646,0.4,0.032690357
598,25535,0.3253489794217316,0,nan,0.9032258064516129,0.8723199999991635,0.4,0.030571401
599,25566,0.2960375789563079,0,nan,0.8709677419354839,0.8721649999991625,0.4,0.031715736
600,25596,0.3948431038918304,0,1.0,0.8666666666666667,0.8720149999991615,0.4,0.031150658
601,25625,0.32131673152743756,0,nan,0.9655172413793104,0.8718699999991606,0.4,0.034365922
602,25655,0.31187631068078037,0,nan,1.0,0.8717199999991596,0.4,0.03307768
603,25685,0.3168745986527124,0,nan,0.9333333333333333,0.8715699999991586,0.4,0.032904092
604,25738,-0.10996985936251913,0,nan,0.8679245283018868,0.8713049999991569,0.4,0.028371572
605,25767,0.3752899032798359,0,nan,0.8275862068965517,0.8711599999991559,0.4,0.03415063
606,25797,0.31335299212974466,0,nan,0.9,0.871009999999155,0.4,0.0331872
607,25829,0.27165174323444585,0,nan,0.9375,0.8708499999991539,0.4,0.031426117
608,25860,0.2906577385315531,0,nan,0.8709677419354839,0.8706949999991529,0.4,0.031227129
609,25891,0.2829617443995709,0,nan,0.967741935483871,0.8705399999991519,0.4,0.03180177
610,25944,-0.11647484809551478,0,nan,0.9056603773584906,0.8702749999991501,0.4,0.029083345
611,25976,0.2669704548793458,0,nan,0.8125,0.8701149999991491,0.4,0.029805774
612,26006,0.3435062201628306,0,nan,0.9333333333333333,0.8699649999991481,0.4,0.03213411
613,26036,0.2592503540653205,0,nan,0.9,0.8698149999991471,0.4,0.03559933
614,26186,-3.261250220010211,0,nan,0.8866666666666667,0.8690649999991422,0.4,0.051097717
615,26218,0.28211131289722036,0,nan,0.875,0.8689049999991412,0.4,0.029998342
616,26368,-3.305709626404371,0,nan,0.8933333333333333,0.8681549999991363,0.4,0.05021493
617,26397,0.3533884153245903,0,nan,0.896551724137931,0.8680099999991353,0.4,0.032384172
618,26428,0.28751834242170315,0,nan,0.9032258064516129,0.8678549999991343,0.4,0.030409936
619,26458,0.3088021662582662,0,nan,0.8666666666666667,0.8677049999991333,0.4,0.032343134
620,26490,0.25730464528994035,0,nan,0.90625,0.8675449999991323,0.4,0.03125803
621,26521,0.35267939954457495,0,nan,0.8709677419354839,0.8673899999991312,0.4,0.03393428
622,26671,-3.307224917903121,0,nan,0.94,0.8666399999991263,0.4,0.045667008
623,26821,-3.4062562153640896,0,nan,0.86,0.8658899999991214,0.4,0.047705673
624,26971,-3.237557910920516,0,nan,0.9066666666666666,0.8651399999991165,0.4,0.05097846
625,27001,0.34208876534398125,0,nan,0.9,0.8649899999991155,0.4,0.032854747
626,27099,-1.2147715253287523,0,nan,0.8775510204081632,0.8644999999991123,0.4,0.036521956
627,27249,-3.2784386932718723,0,nan,0.9133333333333333,0.8637499999991074,0.4,0.05728403
628,27305,-0.2478116847733457,0,nan,0.875,0.8634699999991056,0.4,0.026895557
629,27336,0.27381103104880833,0,nan,0.9032258064516129,0.8633149999991045,0.4,0.030983437
630,27395,-0.2738572414283623,0,1.0,0.9661016949152542,0.8630199999991026,0.4,0.029836966
631,27425,0.3348681664407879,0,nan,0.8,0.8628699999991016,0.4,0.03294145
632,27454,0.29832439026363855,0,nan,0.896551724137931,0.8627249999991007,0.4,0.033762984
633,27483,0.3162910099332571,0,nan,0.9310344827586207,0.8625799999990997,0.4,0.03323457
634,27513,0.40670920416588296,0,nan,0.8333333333333334,0.8624299999990988,0.4,0.032918442
635,27542,0.30903518185020584,0,nan,0.8275862068965517,0.8622849999990978,0.4,0.03353159
636,27572,0.31187631068078037,0,nan,1.0,0.8621349999990968,0.4,0.03307768
637,27601,0.3968671107711701,0,nan,0.9310344827586207,0.8619899999990959,0.4,0.03356802
638,27631,0.3525989935220717,0,nan,0.8333333333333334,0.8618399999990949,0.4,0.033915635
639,27661,0.31187631068078037,0,nan,1.0,0.8616899999990939,0.4,0.03307768
640,27691,0.27178212285143855,0,nan,0.8333333333333334,0.8615399999990929,0.4,0.035204034
641,27754,-0.4135918508422487,0,nan,0.9523809523809523,0.8612249999990909,0.4,0.031716697
642,27783,0.3242755127830087,0,nan,0.896551724137931,0.8610799999990899,0.4,0.033605866
643,27819,0.16548183936257,0,nan,0.8611111111111112,0.8608999999990887,0.4,0.03524665
644,27851,0.26071319324238706,0,nan,0.9375,0.8607399999990877,0.4,0.03111014
645,27882,0.30272208118299737,0,nan,0.7741935483870968,0.8605849999990867,0.4,0.029730592
646,27912,0.32596827653555316,0,nan,0.8333333333333334,0.8604349999990857,0.4,0.03197084
647,27942,0.3516229200519704,0,nan,0.9,0.8602849999990847,0.4,0.03164877
648,27973,0.29320808215857497,0,nan,0.8387096774193549,0.8601299999990837,0.4,0.031793267
649,28004,0.29175171505104047,0,nan,0.8387096774193549,0.8599749999990827,0.4,0.02950605
650,28034,0.303671266057543,0,nan,0.9,0.8598249999990817,0.4,0.031484615
651,28065,0.27545197871936145,0,nan,0.9032258064516129,0.8596699999990807,0.4,0.0312692
652,28105,0.10251362100966388,0,nan,0.875,0.8594699999990794,0.4,0.031978223
653,28136,0.2862804688139342,0,nan,0.967741935483871,0.8593149999990783,0.4,0.030812724
654,28167,0.2994812449518002,0,nan,0.8709677419354839,0.8591599999990773,0.4,0.02912712
655,28317,-3.623846721887412,0,nan,0.9333333333333333,0.8584099999990724,0.4,0.06686559
656,28347,0.30524130639333924,0,nan,0.9666666666666667,0.8582599999990714,0.4,0.033055265
657,28377,0.3099899618952785,0,nan,0.8333333333333334,0.8581099999990704,0.4,0.029473193
658,28417,0.02662334443292025,0,nan,0.925,0.8579099999990691,0.4,0.032354213
659,28445,0.3940996059923959,0,nan,0.8571428571428571,0.8577699999990682,0.4,0.03151799
660,28475,0.3151200173008354,0,1.0,0.9333333333333333,0.8576199999990672,0.4,0.0318322
661,28504,0.3693376726735439,0,nan,0.8275862068965517,0.8574749999990663,0.4,0.032102853
662,28534,0.31187631068078037,0,nan,1.0,0.8573249999990653,0.4,0.03307768
663,28564,0.31187631068078037,0,nan,1.0,0.8571749999990643,0.4,0.03307768
664,28622,-0.24463949104702554,0,nan,0.9137931034482759,0.8568849999990624,0.4,0.033683028
665,28654,0.2675152351858653,0,nan,0.9375,0.8567249999990614,0.4,0.03131397
666,28684,0.31187631068078037,0,nan,1.0,0.8565749999990604,0.4,0.03307768
667,28713,0.4410611432735564,0,nan,0.7241379310344828,0.8564299999990594,0.4,0.031834416
668,28863,-3.3114603432407277,0,nan,0.9066666666666666,0.8556799999990545,0.4,0.04733449
669,28924,-0.4207165689432092,0,nan,0.8688524590163934,0.8553749999990525,0.4,0.031422306
670,29074,-3.5393549091071144,0,nan,0.9,0.8546249999990476,0.4,0.07116783
671,29142,-0.5572143191546121,0,nan,0.9117647058823529,0.8542849999990454,0.4,0.027965652
672,29171,0.38746761154932385,0,nan,0.896551724137931,0.8541399999990444,0.4,0.03198487
673,29201,0.30548559106092765,0,nan,0.9666666666666667,0.8539899999990435,0.4,0.03227418
674,29233,0.2667551977917494,0,nan,0.9375,0.8538299999990424,0.4,0.03122996
675,29263,0.34189688615432723,0,nan,0.8,0.8536799999990414,0.4,0.03192937
676,29294,0.3046071104743059,0,nan,0.9354838709677419,0.8535249999990404,0.4,0.03136552
677,29323,0.299721776414579,0,nan,0.896551724137931,0.8533799999990395,0.4,0.0338836
678,29353,0.354165623461532,0,nan,0.8333333333333334,0.8532299999990385,0.4,0.031075472
679,29382,0.320551305115817,0,nan,0.896551724137931,0.8530849999990375,0.4,0.03527503
680,29412,0.3307856136807449,0,nan,0.9333333333333333,0.8529349999990365,0.4,0.031987347
681,29442,0.2881566741955831,0,nan,0.9333333333333333,0.8527849999990356,0.4,0.0362842
682,29501,-0.2380004648511439,0,nan,0.8813559322033898,0.8524899999990336,0.4,0.028592486
683,29532,0.29245283207054074,0,nan,0.8387096774193549,0.8523349999990326,0.4,0.029709835
684,29562,0.3264329454474175,0,nan,0.9666666666666667,0.8521849999990316,0.4,0.03161689
685,29592,0.306049505469838,0,nan,0.8333333333333334,0.8520349999990307,0.4,0.031451836
686,29628,0.20788884080667347,0,nan,0.9166666666666666,0.8518549999990295,0.4,0.028845958
687,29658,0.329749490461976,0,nan,0.9666666666666667,0.8517049999990285,0.4,0.03244819
688,29808,-3.302855403512299,0,nan,0.9066666666666666,0.8509549999990236,0.4,0.06690739
689,29837,0.37734193631677937,0,nan,0.7586206896551724,0.8508099999990226,0.4,0.032303624
690,29868,0.28577166950732635,0,1.0,0.9354838709677419,0.8506549999990216,0.4,0.031578407
691,30018,-3.3010973979252354,0,nan,0.9066666666666666,0.8499049999990167,0.4,0.05101801
692,30091,-0.669780493499742,0,nan,0.9315068493150684,0.8495399999990143,0.4,0.033346515
693,30120,0.37190772643543946,0,nan,0.896551724137931,0.8493949999990134,0.4,0.031795826
694,30149,0.32576739999873305,0,nan,0.896551724137931,0.8492499999990124,0.4,0.033648275
695,30208,-0.28348772657249677,0,nan,0.9491525423728814,0.8489549999990105,0.4,0.028201666
696,30242,0.24544689594048696,0,nan,0.8235294117647058,0.8487849999990094,0.4,0.03024827
697,30271,0.3243152482902467,0,nan,0.8620689655172413,0.8486399999990084,0.4,0.03412623
698,30301,0.3662238852919688,0,nan,0.7333333333333333,0.8484899999990074,0.4,0.031253118
699,30331,0.3204422469101058,0,nan,0.8666666666666667,0.8483399999990064,0.4,0.036702372
700,30360,0.3461721339357069,0,nan,0.8275862068965517,0.8481949999990055,0.4,0.03224418
701,30390,0.36645623282414697,0,nan,0.8666666666666667,0.8480449999990045,0.4,0.031679824
702,30420,0.31187631068078037,0,nan,1.0,0.8478949999990035,0.4,0.03307768
703,30450,0.3618215495960907,0,nan,0.9333333333333333,0.8477449999990025,0.4,0.031949963
704,30531,-0.9211224348164763,0,nan,0.9135802469135802,0.8473399999989999,0.4,0.040815044
705,30681,-3.3677386115739285,0,nan,0.88,0.846589999998995,0.4,0.053873744
706,30710,0.4337376479921813,0,nan,0.7586206896551724,0.846444999998994,0.4,0.030627383
707,30741,0.29557001749033607,0,nan,0.9032258064516129,0.846289999998993,0.4,0.031077664
708,30773,0.27465362363383905,0,nan,0.96875,0.846129999998992,0.4,0.031422153
709,30802,0.3102891994366518,0,nan,0.9655172413793104,0.845984999998991,0.4,0.033437934
710,30856,-0.09223865978064927,0,nan,0.8518518518518519,0.8457149999989892,0.4,0.03012108
711,30886,0.3790314601500212,0,nan,0.9,0.8455649999989883,0.4,0.03198138
712,30916,0.3404985905383745,0,nan,0.8333333333333334,0.8454149999989873,0.4,0.033538237
713,30948,0.27127937680394487,0,nan,0.9375,0.8452549999989862,0.4,0.031345382
714,30979,0.3054352247128085,0,nan,0.9032258064516129,0.8450999999989852,0.4,0.03164393
715,31129,-3.6028757490887235,0,nan,0.9133333333333333,0.8443499999989803,0.4,0.050840553
716,31160,0.27482807096688167,0,nan,0.8709677419354839,0.8441949999989793,0.4,0.031460762
717,31190,0.32857650540944583,0,nan,0.9333333333333333,0.8440449999989783,0.4,0.032072272
718,31222,0.306920650090578,0,nan,0.8125,0.8438849999989773,0.4,0.02970955
719,31252,0.31187631068078037,0,nan,1.0,0.8437349999989763,0.4,0.03307768
720,31282,0.35536439855765733,0,1.0,0.9,0.8435849999989753,0.4,0.03128273
721,31314,0.2969950470900611,0,nan,0.9375,0.8434249999989742,0.4,0.02848579
722,31344,0.31092981254851126,0,nan,0.9,0.8432749999989733,0.4,0.031746097
723,31374,0.35190475757412465,0,nan,0.8666666666666667,0.8431249999989723,0.4,0.032180097
724,31404,0.32405586887313964,0,nan,0.9,0.8429749999989713,0.4,0.032055438
725,31434,0.38096218248563474,0,nan,0.7666666666666667,0.8428249999989703,0.4,0.030625757
726,31500,-0.4706291693810397,0,nan,0.8636363636363636,0.8424949999989682,0.4,0.0327419
727,31531,0.2710557433943367,0,nan,0.8064516129032258,0.8423399999989671,0.4,0.034599908
728,31561,0.32557325753826494,0,nan,0.9,0.8421899999989662,0.4,0.03288686
729,31592,0.2954805275825072,0,nan,0.967741935483871,0.8420349999989651,0.4,0.030461228
730,31742,-3.1788764434347647,0,nan,0.86,0.8412849999989602,0.4,0.050199162
731,31773,0.2843501122394416,0,nan,0.9032258064516129,0.8411299999989592,0.4,0.03205805
732,31807,0.22056538496980438,0,nan,0.7941176470588235,0.8409599999989581,0.4,0.033234566
733,31838,0.30652244507398885,0,nan,0.9032258064516129,0.8408049999989571,0.4,0.031719103
734,31869,0.2986316380987879,0,nan,0.8064516129032258,0.8406499999989561,0.4,0.031714864
735,31911,0.0185987591408453,0,nan,0.8809523809523809,0.8404399999989547,0.4,0.029531576
736,31940,0.4280634338736431,0,nan,0.896551724137931,0.8402949999989537,0.4,0.033394337
737,31970,0.4428815862667673,0,nan,0.8333333333333334,0.8401449999989528,0.4,0.030695014
738,32001,0.326870650485128,0,nan,0.9032258064516129,0.8399899999989517,0.4,0.02985573
739,32031,0.3525380356712806,0,nan,0.9333333333333333,0.8398399999989508,0.4,0.031984847
740,32061,0.313699371717408,0,nan,0.9,0.8396899999989498,0.4,0.032827787
741,32091,0.28877802923781437,0,nan,0.8333333333333334,0.8395399999989488,0.4,0.03343279
742,32148,-0.17638216834756648,0,nan,0.9298245614035088,0.8392549999989469,0.4,0.02636068
743,32178,0.391693012767668,0,nan,0.9333333333333333,0.8391049999989459,0.4,0.03211207
744,32208,0.3132653170686457,0,nan,0.9333333333333333,0.838954999998945,0.4,0.03227775
745,32238,0.43029817421162286,0,nan,0.8666666666666667,0.838804999998944,0.4,0.030500999
746,32268,0.3818840819282451,0,nan,0.9,0.838654999998943,0.4,0.030792624
747,32418,-3.2893165439380643,0,nan,0.9133333333333333,0.8379049999989381,0.4,0.052034896
748,32450,0.25249685314402437,0,nan,0.875,0.837744999998937,0.4,0.032604363
749,32480,0.5320830760723068,1,nan,0.8666666666666667,0.837594999998936,0.4,0.029286604
750,32510,0.39034135716688256,0,1.0,0.8,0.8374449999989351,0.4,0.030865809
751,32660,-3.3502303725598392,0,nan,0.8533333333333334,0.8366949999989302,0.4,0.049395896
752,32690,0.3051549916655194,0,nan,0.8666666666666667,0.8365449999989292,0.4,0.032136235
753,32722,0.23864986826725343,0,nan,0.84375,0.8363849999989281,0.4,0.032916065
754,32752,0.45836895523818144,0,nan,0.9,0.8362349999989271,0.4,0.029947288
755,32813,-0.2988566247861252,0,nan,0.8524590163934426,0.8359299999989251,0.4,0.027977372
756,32843,0.31330062826485705,0,nan,0.9666666666666667,0.8357799999989242,0.4,0.03302853
757,32874,0.2747584636197268,0,nan,0.9354838709677419,0.8356249999989231,0.4,0.031206822
758,33024,-3.3470004295136473,0,nan,0.86,0.8348749999989182,0.4,0.05146215
759,33054,0.29697971349490304,0,nan,0.8333333333333334,0.8347249999989172,0.4,0.031286623
760,33085,0.30653624321863093,0,nan,0.9354838709677419,0.8345699999989162,0.4,0.029985178
761,33115,0.31187631068078037,0,nan,1.0,0.8344199999989153,0.4,0.03307768
762,33146,0.30033542592511087,0,nan,0.9032258064516129,0.8342649999989142,0.4,0.031959094
763,33177,0.2992013041793049,0,nan,0.9032258064516129,0.8341099999989132,0.4,0.031751137
764,33207,0.3433106918751586,0,nan,0.8,0.8339599999989122,0.4,0.03213795
765,33237,0.3776305647913165,0,nan,0.9333333333333333,0.8338099999989113,0.4,0.030715475
766,33387,-3.3900049783950066,0,nan,0.9066666666666666,0.8330599999989063,0.4,0.054776955
767,33448,-0.4030994837012175,0,nan,0.9344262295081968,0.8327549999989043,0.4,0.038421515
768,33478,0.30213541033254165,0,nan,0.8,0.8326049999989034,0.4,0.03602923
769,33538,-0.4211018059254711,0,nan,0.9166666666666666,0.8323049999989014,0.4,0.040522043
770,33570,0.3202317295200937,0,nan,0.8125,0.8321449999989003,0.4,0.031261683
771,33604,0.25282944993219747,0,nan,0.8823529411764706,0.8319749999988992,0.4,0.031434476
772,33634,0.3946514899288567,0,nan,0.8,0.8318249999988983,0.4,0.031757582
773,33663,0.32088192620615963,0,nan,0.7931034482758621,0.8316799999988973,0.4,0.03353239
774,33724,-0.33264536757202656,0,nan,0.8524590163934426,0.8313749999988953,0.4,0.028864603
775,33753,0.32587888601311277,0,nan,0.896551724137931,0.8312299999988944,0.4,0.034464248
776,33782,0.30870107653356615,0,nan,0.9310344827586207,0.8310849999988934,0.4,0.034191236
777,33812,0.3383180879307174,0,nan,0.9,0.8309349999988924,0.4,0.031790886
778,33852,0.12738905912721132,0,nan,0.85,0.8307349999988911,0.4,0.028251898
779,33883,0.3229236197236858,0,nan,0.9032258064516129,0.8305799999988901,0.4,0.030967567
780,33912,0.3696055659705705,0,1.0,0.7241379310344828,0.8304349999988891,0.4,0.03340916
781,33942,0.3148669916559096,0,nan,0.9333333333333333,0.8302849999988882,0.4,0.033058852
782,33973,0.27399148488748615,0,nan,0.967741935483871,0.8301299999988871,0.4,0.031192608
783,34002,0.33670299877680854,0,nan,0.8275862068965517,0.8299849999988862,0.4,0.03422383
784,34031,0.3269838402805878,0,nan,0.8620689655172413,0.8298399999988852,0.4,0.03201072
785,34063,0.2503980206223747,0,nan,0.9375,0.8296799999988842,0.4,0.030662952
786,34213,-3.3994744810915427,0,nan,0.9133333333333333,0.8289299999988793,0.4,0.047860064
787,34275,-0.4402632903806998,0,nan,0.9193548387096774,0.8286199999988773,0.4,0.03921799
788,34307,0.3203166152466007,0,nan,0.84375,0.8284599999988762,0.4,0.030075327
789,34380,-0.756187029407103,0,nan,0.8767123287671232,0.8280949999988738,0.4,0.040077567
790,34412,0.29191951499254265,0,nan,0.84375,0.8279349999988728,0.4,0.030808544
791,34442,0.36830513823113253,0,nan,0.9,0.8277849999988718,0.4,0.030767176
792,34592,-3.3614803343906976,0,nan,0.9,0.8270349999988669,0.4,0.057332803
793,34639,-0.08968737689387096,0,nan,0.9148936170212766,0.8267999999988653,0.4,0.029496845
794,34669,0.3156190993992266,0,nan,0.9,0.8266499999988643,0.4,0.0330746
795,34779,-1.395694376491544,0,nan,0.8727272727272727,0.8260999999988607,0.4,0.031764798
796,34826,-0.11521053625180266,0,nan,0.9574468085106383,0.8258649999988592,0.4,0.03602161
797,34857,0.29342239776738177,0,nan,0.8387096774193549,0.8257099999988582,0.4,0.030272461
798,34887,0.34829761166140527,0,nan,0.7666666666666667,0.8255599999988572,0.4,0.03665152
799,34917,0.381202557311504,0,nan,0.8333333333333334,0.8254099999988562,0.4,0.031128915
800,35022,-1.5829943185187378,0,nan,0.8666666666666667,0.8248849999988528,0.4,0.04290837
801,35172,-3.3944397382569886,0,nan,0.9,0.8241349999988479,0.4,0.06647642
802,35219,-0.12946561092046738,0,nan,0.9148936170212766,0.8238999999988463,0.4,0.03471363
803,35249,0.4357990535479298,0,nan,0.8333333333333334,0.8237499999988454,0.4,0.029622946
804,35312,-0.5341003454878268,0,nan,0.9047619047619048,0.8234349999988433,0.4,0.03654924
805,35462,-3.258893642392196,0,nan,0.8133333333333334,0.8226849999988384,0.4,0.054148953
806,35539,-0.72314372963412,0,nan,0.9090909090909091,0.8222999999988359,0.4,0.039953407
807,35570,0.27167708205121355,0,nan,0.8709677419354839,0.8221449999988348,0.4,0.032942567
808,35600,0.3230670212174276,0,nan,0.8,0.8219949999988339,0.4,0.030377686
809,35663,-0.36549512523523975,0,nan,0.9206349206349206,0.8216799999988318,0.4,0.026023194
810,35693,0.2873172847097494,0,1.0,0.9,0.8215299999988308,0.4,0.033187203
811,35723,0.2980430658524422,0,nan,0.8666666666666667,0.8213799999988298,0.4,0.034906562
812,35755,0.2549002988139374,0,nan,0.875,0.8212199999988288,0.4,0.030870149
813,35785,0.33927217126771536,0,nan,0.8333333333333334,0.8210699999988278,0.4,0.030031918
814,35814,0.31802363350492435,0,nan,0.8620689655172413,0.8209249999988268,0.4,0.03243856
815,35876,-0.39581520909176726,0,nan,0.9032258064516129,0.8206149999988248,0.4,0.031331412
816,35907,0.2643498391024257,0,nan,0.8387096774193549,0.8204599999988238,0.4,0.032977644
817,35937,0.31026302667157246,0,nan,0.9666666666666667,0.8203099999988228,0.4,0.03307768
818,35966,0.3219311605280958,0,nan,0.9310344827586207,0.8201649999988219,0.4,0.03234535
819,36116,-3.289932269123348,0,nan,0.8533333333333334,0.819414999998817,0.4,0.051052336
820,36146,0.3700699404240235,0,nan,0.8666666666666667,0.819264999998816,0.4,0.03159225
821,36175,0.3502918811298852,0,nan,0.9310344827586207,0.819119999998815,0.4,0.032062482
822,36325,-3.3466188973817865,0,nan,0.8733333333333333,0.8183699999988101,0.4,0.052373216
823,36357,0.24953533457421917,0,nan,0.90625,0.8182099999988091,0.4,0.0321757
824,36387,0.3366317961906724,0,nan,0.8,0.8180599999988081,0.4,0.031800784
825,36419,0.24428622452122806,0,nan,0.90625,0.817899999998807,0.4,0.031875703
826,36453,0.2673484310592984,0,nan,0.8529411764705882,0.8177299999988059,0.4,0.03133535
827,36483,0.3329264531260865,0,nan,0.8,0.8175799999988049,0.4,0.03295337
828,36513,0.34336176839214017,0,nan,0.8333333333333334,0.817429999998804,0.4,0.030876786
829,36543,0.2877999261309998,0,nan,0.8333333333333334,0.817279999998803,0.4,0.033270072
830,36573,0.32278461960278537,0,nan,0.9333333333333333,0.817129999998802,0.4,0.032690763
831,36602,0.38890355976763813,0,nan,0.8620689655172413,0.816984999998801,0.4,0.033912916
832,36752,-3.3160029790409906,0,nan,0.8666666666666667,0.8162349999987961,0.4,0.07494293
833,36902,-3.336128646080028,0,nan,0.8333333333333334,0.8154849999987912,0.4,0.044544987
834,36933,0.28748467548809575,0,nan,0.8387096774193549,0.8153299999987902,0.4,0.030910492
835,36962,0.3095452974589119,0,nan,0.896551724137931,0.8151849999987892,0.4,0.03447828
836,36992,0.33137574869752595,0,nan,0.9333333333333333,0.8150349999987883,0.4,0.032051954
837,37021,0.3094266776953054,0,nan,0.9310344827586207,0.8148899999987873,0.4,0.03429279
838,37051,0.33469162187281587,0,nan,0.8333333333333334,0.8147399999987863,0.4,0.030181706
839,37201,-3.3528517458567455,0,nan,0.9,0.8139899999987814,0.4,0.050181206
840,37233,0.2657863735539656,0,1.0,0.9375,0.8138299999987804,0.4,0.0313661
841,37383,-3.5948163309872068,0,nan,0.8666666666666667,0.8130799999987754,0.4,0.05245603
842,37415,0.25837830048471244,0,nan,0.875,0.8129199999987744,0.4,0.033075515
843,37445,0.3995470705412374,0,nan,0.8333333333333334,0.8127699999987734,0.4,0.0312627
844,37595,-3.401309129993549,0,nan,0.8,0.8120199999987685,0.4,0.056241397
845,37626,0.3647006100340906,0,nan,0.8709677419354839,0.8118649999987675,0.4,0.028679576
846,37655,0.389709905330508,0,nan,0.8275862068965517,0.8117199999987665,0.4,0.031103844
847,37685,0.32513685788564073,0,nan,0.8,0.8115699999987656,0.4,0.031348605
848,37714,0.38114615236784477,0,nan,0.8275862068965517,0.8114249999987646,0.4,0.031368863
849,37744,0.3904481438755334,0,nan,0.7333333333333333,0.8112749999987636,0.4,0.03236627
850,37773,0.36175566036518525,0,nan,0.8620689655172413,0.8111299999987627,0.4,0.031393457
851,37833,-0.23330009504824178,0,nan,0.9,0.8108299999987607,0.4,0.028023558
852,37864,0.2805133661437649,0,nan,0.9354838709677419,0.8106749999987597,0.4,0.031054575
853,37894,0.35041435723444714,0,nan,0.8333333333333334,0.8105249999987587,0.4,0.032546602
854,37924,0.3656790628494426,0,nan,0.8666666666666667,0.8103749999987577,0.4,0.031638723
855,37953,0.3910264407423881,0,nan,0.7931034482758621,0.8102299999987568,0.4,0.032741424
856,38103,-3.39955476231492,0,nan,0.8533333333333334,0.8094799999987519,0.4,0.038202018
857,38164,-0.4338418793136761,0,nan,0.819672131147541,0.8091749999987499,0.4,0.03568594
858,38224,-0.2390556187745687,0,nan,0.95,0.8088749999987479,0.4,0.028244311
859,38254,0.34742262113491196,0,nan,0.7,0.8087249999987469,0.4,0.029019069
860,38285,0.28573193036028066,0,nan,0.9354838709677419,0.8085699999987459,0.4,0.031839192
861,38315,0.31167757545271935,0,nan,0.9666666666666667,0.8084199999987449,0.4,0.03311523
862,38345,0.32822355018139193,0,nan,0.9,0.8082699999987439,0.4,0.031679098
863,38375,0.31187631068078037,0,nan,1.0,0.808119999998743,0.4,0.03307768
864,38404,0.30033892338800183,0,nan,0.9310344827586207,0.807974999998742,0.4,0.034770425
865,38434,0.29854732220464175,0,nan,0.8333333333333334,0.807824999998741,0.4,0.032212514
866,38584,-3.475893693520793,0,nan,0.8666666666666667,0.8070749999987361,0.4,0.036476675
867,38615,0.3680322170151852,0,nan,0.7741935483870968,0.8069199999987351,0.4,0.031542808
868,38645,0.2924918878381443,0,nan,0.9,0.8067699999987341,0.4,0.03263754
869,38676,0.2659046899548876,0,nan,0.7741935483870968,0.8066149999987331,0.4,0.03219874
870,38705,0.30227942112512673,0,1.0,0.8620689655172413,0.8064699999987321,0.4,0.03417387
871,38767,-0.383558649368394,0,nan,0.8225806451612904,0.8061599999987301,0.4,0.03716202
872,38917,-3.2587486357213167,0,nan,0.88,0.8054099999987252,0.4,0.055023383
873,38969,-1.0259046819970328,0,nan,0.8653846153846154,0.8051449999987235,0.4,0.04554924
874,39000,0.2756252360347905,0,nan,0.8709677419354839,0.8049899999987224,0.4,0.03290792
875,39030,0.3773007671584021,0,nan,0.8666666666666667,0.8048399999987215,0.4,0.03064754
876,39060,0.3102567110018103,0,nan,0.9,0.8046899999987205,0.4,0.03283294
877,39090,0.33361177143274945,0,nan,0.9333333333333333,0.8045399999987195,0.4,0.03139574
878,39121,0.31235134634282213,0,nan,0.7096774193548387,0.8043849999987185,0.4,0.030859474
879,39151,0.32113160697373255,0,nan,0.8666666666666667,0.8042349999987175,0.4,0.031103717
880,39182,0.2669065484370474,0,nan,0.9032258064516129,0.8040799999987165,0.4,0.032693934
881,39332,-3.2732980590680496,0,nan,0.8066666666666666,0.8033299999987116,0.4,0.059124526
882,39362,0.30017512786612255,0,nan,0.9,0.8031799999987106,0.4,0.031190973
883,39392,0.3059339726481416,0,nan,0.8333333333333334,0.8030299999987096,0.4,0.032823183
884,39423,0.3173893763731386,0,nan,0.9032258064516129,0.8028749999987086,0.4,0.030742181
885,39453,0.3137695959268407,0,nan,0.9,0.8027249999987076,0.4,0.033189077
886,39482,0.31646847774754794,0,nan,0.8620689655172413,0.8025799999987067,0.4,0.03435208
887,39513,0.3133984700224881,0,nan,0.7419354838709677,0.8024249999987056,0.4,0.03109624
888,39580,-0.5529866379037526,0,nan,0.8805970149253731,0.8020899999987035,0.4,0.039866645
889,39610,0.31384839973169154,0,nan,0.8,0.8019399999987025,0.4,0.031710558
890,39639,0.30069177389772606,0,nan,0.7586206896551724,0.8017949999987015,0.4,0.03290743
891,39670,0.2926438585988359,0,nan,0.8064516129032258,0.8016399999987005,0.4,0.030629959
892,39699,0.30210671862174043,0,nan,0.896551724137931,0.8014949999986996,0.4,0.033879388
893,39765,-0.38486593475626774,0,nan,0.8787878787878788,0.8011649999986974,0.4,0.028340971
894,39795,0.3140750568872084,0,nan,0.8666666666666667,0.8010149999986964,0.4,0.03255206
895,39827,0.24823367347375191,0,nan,0.8125,0.8008549999986954,0.4,0.030746352
896,39856,0.3017612349577935,0,nan,0.8275862068965517,0.8007099999986944,0.4,0.032985214
897,39885,0.3062796016933189,0,nan,0.6551724137931034,0.8005649999986935,0.4,0.033765554
898,39915,0.32578639751747207,0,nan,0.8,0.8004149999986925,0.4,0.032319047
899,39944,0.3076052981789278,0,nan,0.9310344827586207,0.8002699999986915,0.4,0.033438038
900,40094,-3.5991026661184766,0,1.0,0.8466666666666667,0.7995199999986866,0.4,0.07664266
901,40123,0.30150625658123476,0,nan,0.8620689655172413,0.7993749999986857,0.4,0.03417167
902,40155,0.2640959863281631,0,nan,0.8125,0.7992149999986846,0.4,0.03160821
903,40305,-3.3018923121167933,0,nan,0.8133333333333334,0.7984649999986797,0.4,0.05362947
904,40342,0.13113446174931354,0,nan,0.8918918918918919,0.7982799999986785,0.4,0.030318696
905,40373,0.3332403700642559,0,nan,0.8387096774193549,0.7981249999986775,0.4,0.030907266
906,40411,0.12496114702391214,0,nan,0.8157894736842105,0.7979349999986762,0.4,0.0314537
907,40440,0.3124608916817977,0,nan,0.8620689655172413,0.7977899999986753,0.4,0.03373145
908,40472,0.25909081130316514,0,nan,0.90625,0.7976299999986742,0.4,0.031412154
909,40502,0.2745840365823161,0,nan,0.7666666666666667,0.7974799999986733,0.4,0.034603234
910,40533,0.2956837707800284,0,nan,0.8064516129032258,0.7973249999986722,0.4,0.03173662
911,40564,0.29159423335666823,0,nan,0.8709677419354839,0.7971699999986712,0.4,0.030197373
912,40596,0.26044187355125725,0,nan,0.90625,0.7970099999986702,0.4,0.03092252
913,40626,0.2704528233524489,0,nan,0.7333333333333333,0.7968599999986692,0.4,0.033507604
914,40776,-3.435759895471453,0,nan,0.86,0.7961099999986643,0.4,0.04987075
915,40808,0.31413265357708153,0,nan,0.78125,0.7959499999986632,0.4,0.029285453
916,40869,-0.40790829858641575,0,nan,0.8032786885245902,0.7956449999986612,0.4,0.036274698
917,40899,0.31311583291535794,0,nan,0.8666666666666667,0.7954949999986602,0.4,0.032992337
918,41049,-3.5438959551143894,0,nan,0.8666666666666667,0.7947449999986553,0.4,0.072196014
919,41199,-3.2700170869173113,0,nan,0.8133333333333334,0.7939949999986504,0.4,0.053957563
920,41232,0.21514878130109072,0,nan,0.8484848484848485,0.7938299999986493,0.4,0.03187915
921,41262,0.3108274269706064,0,nan,0.9333333333333333,0.7936799999986484,0.4,0.033061076
922,41294,0.30142636808668266,0,nan,0.78125,0.7935199999986473,0.4,0.028052855
923,41324,0.3069228553969523,0,nan,0.8666666666666667,0.7933699999986463,0.4,0.029915156
924,41369,-0.05825339381463468,0,nan,0.8666666666666667,0.7931449999986449,0.4,0.029826405
925,41402,0.26553899950097193,0,nan,0.7878787878787878,0.7929799999986438,0.4,0.0303742
926,41552,-3.1500999188529906,0,nan,0.86,0.7922299999986389,0.4,0.051126078
927,41582,0.3569974449314772,0,nan,0.7666666666666667,0.7920799999986379,0.4,0.03185145
928,41612,0.2863343094841191,0,nan,0.8,0.7919299999986369,0.4,0.03335047
929,41644,0.33046917138873844,0,nan,0.71875,0.7917699999986358,0.4,0.028004862
930,41715,-0.631416493042758,0,1.0,0.8450704225352113,0.7914149999986335,0.4,0.03349175
931,41746,0.26913785067214857,0,nan,0.7419354838709677,0.7912599999986325,0.4,0.030331615
932,41776,0.3068431721475299,0,nan,0.7666666666666667,0.7911099999986315,0.4,0.03349726
933,41807,0.2695374642898851,0,nan,0.8064516129032258,0.7909549999986305,0.4,0.031803273
934,41957,-3.2287990481915934,0,nan,0.8666666666666667,0.7902049999986256,0.4,0.046394534
935,41988,0.3082274717102066,0,nan,0.8387096774193549,0.7900499999986246,0.4,0.031033853
936,42018,0.31187631068078037,0,nan,1.0,0.7898999999986236,0.4,0.03307768
937,42047,0.3118634034575424,0,nan,0.9655172413793104,0.7897549999986226,0.4,0.031997897
938,42098,-0.09880141096143757,0,nan,0.9607843137254902,0.789499999998621,0.4,0.028577728
939,42129,0.4080154947781456,0,nan,0.7419354838709677,0.78934499999862,0.4,0.027283592
940,42279,-3.4736774279380254,0,nan,0.86,0.788594999998615,0.4,0.05907551
941,42310,0.3228000523533344,0,nan,0.9032258064516129,0.788439999998614,0.4,0.029198496
942,42341,0.2836184904620209,0,nan,0.9354838709677419,0.788284999998613,0.4,0.03184735
943,42374,0.27859300252690655,0,nan,0.8181818181818182,0.7881199999986119,0.4,0.028824499
944,42437,-0.3017618217560142,0,nan,0.746031746031746,0.7878049999986099,0.4,0.03116804
945,42468,0.385465832406804,0,nan,0.7741935483870968,0.7876499999986089,0.4,0.02897798
946,42618,-3.6023542916971145,0,nan,0.8666666666666667,0.7868999999986039,0.4,0.081996635
947,42650,0.24880469431129004,0,nan,0.96875,0.7867399999986029,0.4,0.033599935
948,42740,-0.9943488659908528,0,nan,0.8888888888888888,0.7862899999985999,0.4,0.03618336
949,42890,-3.2027442034135403,0,nan,0.8,0.785539999998595,0.4,0.051129896
950,43040,-3.3570309734095556,0,nan,0.8466666666666667,0.7847899999985901,0.4,0.056438025
951,43071,0.2839862483839206,0,nan,0.9032258064516129,0.7846349999985891,0.4,0.032167345
952,43102,0.3544511463667269,0,nan,0.7741935483870968,0.7844799999985881,0.4,0.031739987
953,43132,0.3527031521062016,0,nan,0.8666666666666667,0.7843299999985871,0.4,0.031223392
954,43282,-3.188979290255007,0,nan,0.7533333333333333,0.7835799999985822,0.4,0.05247415
955,43432,-3.253516190296008,0,nan,0.8666666666666667,0.7828299999985773,0.4,0.051520452
956,43492,-0.27224057594449436,0,nan,0.8833333333333333,0.7825299999985753,0.4,0.033141475
957,43642,-3.422035299021443,0,nan,0.8066666666666666,0.7817799999985704,0.4,0.057981115
958,43672,0.36910837354887294,0,nan,0.8666666666666667,0.7816299999985694,0.4,0.031137682
959,43703,0.3610707731465579,0,nan,0.8387096774193549,0.7814749999985684,0.4,0.030287936
960,43734,0.3121942589563633,0,0.0,0.8064516129032258,0.7813199999985674,0.4,0.030230032
961,43765,0.2771982795680069,0,nan,0.8387096774193549,0.7811649999985664,0.4,0.03452382
962,43797,0.28081736199447227,0,nan,0.8125,0.7810049999985653,0.4,0.03165316
963,43827,0.3866798533200515,0,nan,0.8,0.7808549999985643,0.4,0.031177854
964,43977,-3.223328391821116,0,nan,0.86,0.7801049999985594,0.4,0.04596883
965,44009,0.27430428268581175,0,nan,0.84375,0.7799449999985584,0.4,0.03178837
966,44040,0.34767119657900414,0,nan,0.8064516129032258,0.7797899999985574,0.4,0.028891897
967,44070,0.49665863366689056,0,nan,0.7333333333333333,0.7796399999985564,0.4,0.029947024
968,44220,-3.4013741584079025,0,nan,0.8333333333333334,0.7788899999985515,0.4,0.06291272
969,44249,0.3150153823115791,0,nan,0.8275862068965517,0.7787449999985505,0.4,0.03306181
970,44278,0.34106325245078484,0,nan,0.8620689655172413,0.7785999999985496,0.4,0.033183772
971,44309,0.3023191241203067,0,nan,0.8387096774193549,0.7784449999985485,0.4,0.032614436
972,44342,0.24719846879156415,0,nan,0.7878787878787878,0.7782799999985475,0.4,0.029231945
973,44371,0.339692082475628,0,nan,0.9310344827586207,0.7781349999985465,0.4,0.03276421
974,44403,0.41911091831123026,0,nan,0.71875,0.7779749999985455,0.4,0.029424898
975,44553,-2.937617243471187,0,nan,0.8266666666666667,0.7772249999985406,0.4,0.0536953
976,44584,0.2911395474451436,0,nan,0.8387096774193549,0.7770699999985395,0.4,0.03035612
977,44618,0.3186140337370872,0,nan,0.7352941176470589,0.7768999999985384,0.4,0.0286957
978,44650,0.3309652405924639,0,nan,0.71875,0.7767399999985374,0.4,0.03170256
979,44679,0.3244400845200195,0,nan,0.9310344827586207,0.7765949999985364,0.4,0.03377085
980,44829,-3.343910017888439,0,nan,0.76,0.7758449999985315,0.4,0.06267218
981,44860,0.30881152865065253,0,nan,0.8387096774193549,0.7756899999985305,0.4,0.029924575
982,44890,0.3245017878647214,0,nan,0.8666666666666667,0.7755399999985295,0.4,0.031384327
983,44920,0.3428460365905496,0,nan,0.8333333333333334,0.7753899999985285,0.4,0.030064022
984,45070,-3.390562279550188,0,nan,0.8266666666666667,0.7746399999985236,0.4,0.05158611
985,45103,0.2627037615734369,0,nan,0.8181818181818182,0.7744749999985225,0.4,0.030709121
986,45253,-3.381749478214043,0,nan,0.8533333333333334,0.7737249999985176,0.4,0.09494159
987,45284,0.2978416452718483,0,nan,0.8064516129032258,0.7735699999985166,0.4,0.030415583
988,45314,0.3891485177737257,0,nan,0.7666666666666667,0.7734199999985156,0.4,0.03140105
989,45464,-3.460968054490874,0,nan,0.86,0.7726699999985107,0.4,0.053174168
990,45500,0.22939828575279042,0,1.0,0.8333333333333334,0.7724899999985095,0.4,0.032291915
991,45530,0.3202549048529012,0,nan,0.8333333333333334,0.7723399999985086,0.4,0.030907115
992,45560,0.3573809604706746,0,nan,0.7666666666666667,0.7721899999985076,0.4,0.031538475
993,45619,-0.27408395976757505,0,nan,0.8813559322033898,0.7718949999985056,0.4,0.02816111
994,45649,0.3802527763604796,0,nan,0.7333333333333333,0.7717449999985047,0.4,0.030745288
995,45679,0.42992647525504646,0,nan,0.8333333333333334,0.7715949999985037,0.4,0.031335883
996,45738,-0.2576826686369368,0,nan,0.8983050847457628,0.7712999999985017,0.4,0.02854034
997,45768,0.4347406551885775,0,nan,0.7333333333333333,0.7711499999985008,0.4,0.028867947
998,45797,0.3579351178178194,0,nan,0.8620689655172413,0.7710049999984998,0.4,0.03295407
999,45827,0.29170779367494826,0,nan,0.8,0.7708549999984988,0.4,0.033120677
1000,45857,0.338407585642883,0,nan,0.9,0.7707049999984978,0.4,0.030859524
1001,45888,0.2957305988987259,0,nan,0.9032258064516129,0.7705499999984968,0.4,0.030807676
1002,46038,-3.4347556213205364,0,nan,0.86,0.7697999999984919,0.4,0.06610158
1003,46069,0.3250004352821948,0,nan,0.8387096774193549,0.7696449999984909,0.4,0.028208185
1004,46098,0.3287710996312767,0,nan,0.896551724137931,0.76949999999849,0.4,0.032867324
1005,46130,0.3904108053208464,0,nan,0.78125,0.7693399999984889,0.4,0.028322741
1006,46159,0.33023358666588576,0,nan,0.8275862068965517,0.769194999998488,0.4,0.032390703
1007,46192,0.3154410449470656,0,nan,0.7575757575757576,0.7690299999984869,0.4,0.027928883
1008,46221,0.35295984094255006,0,nan,0.7931034482758621,0.7688849999984859,0.4,0.032273926
1009,46371,-3.2693025729333742,0,nan,0.78,0.768134999998481,0.4,0.059793185
1010,46521,-3.5224401345958816,0,nan,0.8666666666666667,0.7673849999984761,0.4,0.06279938
1011,46554,0.26183842643816024,0,nan,0.7575757575757576,0.767219999998475,0.4,0.029514275
1012,46584,0.37059828365372427,0,nan,0.7333333333333333,0.767069999998474,0.4,0.02923131
1013,46642,-1.2024142607734505,0,nan,0.7931034482758621,0.7667749999984721,0.4,0.04641885
1014,46673,0.2949662773246241,0,nan,0.9032258064516129,0.7666199999984711,0.4,0.031012302
1015,46703,0.4029487105164328,0,nan,0.7666666666666667,0.7664699999984701,0.4,0.031434093
1016,46853,-3.2680541274361063,0,nan,0.8266666666666667,0.7657199999984652,0.4,0.05296877
1017,47003,-3.26596236554318,0,nan,0.7866666666666666,0.7649699999984603,0.4,0.057834562
1018,47035,0.2693034287834032,0,nan,0.8125,0.7648099999984592,0.4,0.031127913
1019,47126,-1.0988587144479602,0,nan,0.8021978021978022,0.7643549999984562,0.4,0.058824785
1020,47158,0.27101679058058825,0,0.0,0.8125,0.7641949999984552,0.4,0.030241875
1021,47190,0.28581980537499996,0,nan,0.84375,0.7640349999984541,0.4,0.031157797
1022,47223,0.346001465713634,0,nan,0.6666666666666666,0.7638699999984531,0.4,0.026794955
1023,47253,0.29901402094909924,0,nan,0.8333333333333334,0.7637199999984521,0.4,0.035200883
1024,47283,0.3040169593118548,0,nan,0.8666666666666667,0.7635699999984511,0.4,0.033513587
1025,47316,0.27288829820052196,0,nan,0.7272727272727273,0.76340499999845,0.4,0.029759567
1026,47405,-1.039734292925118,0,nan,0.8764044943820225,0.7629599999984471,0.4,0.049326323
1027,47435,0.39954762062687266,0,nan,0.8333333333333334,0.7628099999984461,0.4,0.030835444
1028,47471,0.22035150336191922,0,nan,0.9166666666666666,0.7626299999984449,0.4,0.031526245
1029,47502,0.2963248696905433,0,nan,0.8387096774193549,0.7624749999984439,0.4,0.030864587
1030,47533,0.3379622433409314,0,nan,0.8387096774193549,0.7623199999984429,0.4,0.028794
1031,47565,0.2630601422644886,0,nan,0.90625,0.7621599999984419,0.4,0.03129625
1032,47625,-0.25870647600244123,0,nan,0.8166666666666667,0.7618599999984399,0.4,0.028800102
1033,47775,-3.1895926531317396,0,nan,0.8333333333333334,0.761109999998435,0.4,0.057305012
1034,47805,0.47145451231606983,0,nan,0.8333333333333334,0.760959999998434,0.4,0.0303154
1035,47869,-0.3791331400457333,0,nan,0.828125,0.7606399999984319,0.4,0.030089656
1036,47898,0.41839671987237326,0,nan,0.7931034482758621,0.760494999998431,0.4,0.03444303
1037,47931,0.28455213712363914,0,nan,0.8181818181818182,0.7603299999984299,0.4,0.03005967
1038,48081,-3.482783379241018,0,nan,0.7933333333333333,0.759579999998425,0.4,0.05185631
1039,48111,0.3779139892859743,0,nan,0.8666666666666667,0.759429999998424,0.4,0.03133339
1040,48141,0.3254776973078407,0,nan,0.8666666666666667,0.759279999998423,0.4,0.030839276
1041,48173,0.31646172844550124,0,nan,0.8125,0.759119999998422,0.4,0.02919622
1042,48203,0.37933634811755523,0,nan,0.9,0.758969999998421,0.4,0.031935044
1043,48233,0.33511104635151234,0,nan,0.8,0.75881999999842,0.4,0.029871183
1044,48263,0.3925240657919089,0,nan,0.7666666666666667,0.758669999998419,0.4,0.029168207
1045,48293,0.31913735768962903,0,nan,0.8666666666666667,0.758519999998418,0.4,0.031708132
1046,48443,-3.280764373007509,0,nan,0.8133333333333334,0.7577699999984131,0.4,0.049544692
1047,48517,-0.7061027725579407,0,nan,0.8378378378378378,0.7573999999984107,0.4,0.03496151
1048,48547,0.32174961072146546,0,nan,0.8333333333333334,0.7572499999984097,0.4,0.03184196
1049,48578,0.29116775171363196,0,nan,0.9032258064516129,0.7570949999984087,0.4,0.02977655
1050,48608,0.3613820855467448,0,1.0,0.8666666666666667,0.7569449999984077,0.4,0.030143797
1051,48638,0.3467595421004157,0,nan,0.8333333333333334,0.7567949999984067,0.4,0.030469028
1052,48671,0.2558427791862541,0,nan,0.7575757575757576,0.7566299999984056,0.4,0.033053104
1053,48747,-0.45591963742724106,0,nan,0.8289473684210527,0.7562499999984031,0.4,0.026438085
1054,48777,0.3849817375136696,0,nan,0.8333333333333334,0.7560999999984022,0.4,0.030814217
1055,48807,0.3252744244784094,0,nan,0.8333333333333334,0.7559499999984012,0.4,0.032515023
1056,48838,0.2931801736281122,0,nan,0.8064516129032258,0.7557949999984002,0.4,0.030149411
1057,48988,-3.360151186169897,0,nan,0.8866666666666667,0.7550449999983952,0.4,0.051222198
1058,49138,-3.232772798955092,0,nan,0.8333333333333334,0.7542949999983903,0.4,0.062292747
1059,49288,-3.2692595211923297,0,nan,0.8066666666666666,0.7535449999983854,0.4,0.047941264
1060,49318,0.31304020125577536,0,nan,0.8666666666666667,0.7533949999983844,0.4,0.029932382
1061,49468,-3.2062622951707755,0,nan,0.7866666666666666,0.7526449999983795,0.4,0.04728685
1062,49499,0.34075710905609646,0,nan,0.8387096774193549,0.7524899999983785,0.4,0.02900169
1063,49529,0.33168454198792496,0,nan,0.8,0.7523399999983775,0.4,0.032590777
1064,49559,0.3036148036881189,0,nan,0.9333333333333333,0.7521899999983765,0.4,0.032551013
1065,49709,-3.3076460189800008,0,nan,0.8,0.7514399999983716,0.4,0.049438346
1066,49740,0.2919004229109906,0,nan,0.8709677419354839,0.7512849999983706,0.4,0.031242825
1067,49773,0.2861698024384953,0,nan,0.8181818181818182,0.7511199999983695,0.4,0.027799765
1068,49804,0.39207344397863475,0,nan,0.8387096774193549,0.7509649999983685,0.4,0.029322803
1069,49954,-3.3733092348193034,0,nan,0.8333333333333334,0.7502149999983636,0.4,0.05388474
1070,49985,0.30268463155308,0,nan,0.8387096774193549,0.7500599999983626,0.4,0.030612696
1071,50054,-0.6106883300221572,0,nan,0.8260869565217391,0.7497149999983603,0.4,0.039079197
1072,50084,0.3677774311776194,0,nan,0.9,0.7495649999983593,0.4,0.030829359
1073,50114,0.32146657362782205,0,nan,0.9333333333333333,0.7494149999983584,0.4,0.033022437
1074,50145,0.3153095420267694,0,nan,0.7419354838709677,0.7492599999983574,0.4,0.033143047
1075,50209,-0.3229754729428834,0,nan,0.796875,0.7489399999983553,0.4,0.02438217
1076,50239,0.3355020156390033,0,nan,0.9,0.7487899999983543,0.4,0.031047612
1077,50269,0.39031508589146524,0,nan,0.8333333333333334,0.7486399999983533,0.4,0.031262454
1078,50419,-3.643718686859612,0,nan,0.82,0.7478899999983484,0.4,0.060673922
1079,50450,0.42368404370629364,0,nan,0.5806451612903226,0.7477349999983474,0.4,0.0284377
1080,50483,0.3099363071633263,0,1.0,0.6666666666666666,0.7475699999983463,0.4,0.028559668
1081,50514,0.46491894397930733,0,nan,0.6451612903225806,0.7474149999983453,0.4,0.029290425
1082,50545,0.29741617891676253,0,nan,0.7741935483870968,0.7472599999983442,0.4,0.030954052
1083,50575,0.331978838264698,0,nan,0.8666666666666667,0.7471099999983433,0.4,0.030326042
1084,50608,0.25135801836537086,0,nan,0.7575757575757576,0.7469449999983422,0.4,0.031416155
1085,50637,0.31577533243731504,0,nan,0.7931034482758621,0.7467999999983412,0.4,0.033832334
1086,50670,0.24686023507260424,0,nan,0.8181818181818182,0.7466349999983402,0.4,0.03141045
1087,50701,0.3055280226739081,0,nan,0.7741935483870968,0.7464799999983391,0.4,0.031185646
1088,50763,-0.3267410571449513,0,nan,0.7903225806451613,0.7461699999983371,0.4,0.028972965
1089,50830,-0.6039545458036377,0,nan,0.835820895522388,0.7458349999983349,0.4,0.040781595
1090,50860,0.36748837417546076,0,nan,0.8333333333333334,0.7456849999983339,0.4,0.029179825
1091,50890,0.40963168973121855,0,nan,0.8333333333333334,0.745534999998333,0.4,0.030285606
1092,50922,0.2964563892557587,0,nan,0.8125,0.7453749999983319,0.4,0.02907091
1093,50955,0.2885189006733532,0,nan,0.8484848484848485,0.7452099999983308,0.4,0.030464742
1094,51014,-0.3297845510492894,0,nan,0.864406779661017,0.7449149999983289,0.4,0.033498313
1095,51045,0.30555006137838614,0,nan,0.8064516129032258,0.7447599999983279,0.4,0.030037384
1096,51076,0.27510875554880865,0,nan,0.8387096774193549,0.7446049999983269,0.4,0.034485847
1097,51105,0.43520355972014024,0,nan,0.8275862068965517,0.7444599999983259,0.4,0.032752212
1098,51135,0.32625833305705243,0,nan,0.8333333333333334,0.7443099999983249,0.4,0.03216077
1099,51165,0.34747055563842055,0,nan,0.8333333333333334,0.7441599999983239,0.4,0.030525267
1100,51195,0.31187631068078037,0,nan,1.0,0.744009999998323,0.4,0.03307768
1101,51225,0.4314428686950117,0,nan,0.6333333333333333,0.743859999998322,0.4,0.0309811
1102,51375,-3.2318024443423528,0,nan,0.8466666666666667,0.7431099999983171,0.4,0.050523344
1103,51407,0.36982914870008377,0,nan,0.71875,0.742949999998316,0.4,0.032305863
1104,51439,0.25897814531994834,0,nan,0.78125,0.742789999998315,0.4,0.032899756
1105,51488,-0.029797965144339633,0,nan,0.8367346938775511,0.7425449999983134,0.4,0.02932086
1106,51521,0.277826901800603,0,nan,0.8181818181818182,0.7423799999983123,0.4,0.028601028
1107,51558,0.2315296249990284,0,nan,0.7297297297297297,0.7421949999983111,0.4,0.029832128
1108,51589,0.4894834540451285,0,nan,0.6774193548387096,0.74203999999831,0.4,0.028626272
1109,51739,-3.2311864453946746,0,nan,0.8,0.7412899999983051,0.4,0.04303961
1110,51771,0.27170050052993,0,0.0,0.9375,0.7411299999983041,0.4,0.0312649
1111,51800,0.34459535335153335,0,nan,0.896551724137931,0.7409849999983031,0.4,0.03330042
1112,51950,-3.1686636649027298,0,nan,0.8066666666666666,0.7402349999982982,0.4,0.053597514
1113,51980,0.3101889246952685,0,nan,0.8333333333333334,0.7400849999982972,0.4,0.03350038
1114,52010,0.3687201935302188,0,nan,0.7666666666666667,0.7399349999982963,0.4,0.031059848
1115,52070,-0.2770651325418523,0,nan,0.7833333333333333,0.7396349999982943,0.4,0.02875894
1116,52099,0.3912028415140034,0,nan,0.9655172413793104,0.7394899999982933,0.4,0.03335046
1117,52131,0.2714804664631688,0,nan,0.875,0.7393299999982923,0.4,0.029745806
1118,52163,0.2780022611335461,0,nan,0.78125,0.7391699999982912,0.4,0.03192997
1119,52313,-3.3234063908165514,0,nan,0.7733333333333333,0.7384199999982863,0.4,0.044700846
1120,52343,0.3588377250139563,0,nan,0.7333333333333333,0.7382699999982854,0.4,0.03096211
1121,52400,-1.1694598227295314,0,nan,0.7017543859649122,0.7379799999982835,0.4,0.053770203
1122,52432,0.35095706817066763,0,nan,0.6875,0.7378199999982824,0.4,0.029552788
1123,52462,0.41865788291919426,0,nan,0.8333333333333334,0.7376699999982814,0.4,0.031692773
1124,52493,0.32727640088377996,0,nan,0.8387096774193549,0.7375149999982804,0.4,0.031766288
1125,52555,-0.34661463294126404,0,nan,0.8870967741935484,0.7372049999982784,0.4,0.033189893
1126,52705,-3.423726723181225,0,nan,0.8466666666666667,0.7364549999982735,0.4,0.050178755
1127,52737,0.2677316693520929,0,nan,0.84375,0.7362949999982724,0.4,0.03235126
1128,52769,0.26716413771601466,0,nan,0.78125,0.7361349999982714,0.4,0.030417537
1129,52799,0.4773306618879455,0,nan,0.8333333333333334,0.7359849999982704,0.4,0.030570978
1130,52949,-3.146002467872266,0,nan,0.84,0.7352349999982655,0.4,0.055540733
1131,53012,-0.45348140778990564,0,nan,0.8571428571428571,0.7349199999982634,0.4,0.034768153
1132,53042,0.4911554135740923,0,nan,0.8333333333333334,0.7347699999982624,0.4,0.03103089
1133,53072,0.37491538999480634,0,nan,0.7333333333333333,0.7346199999982614,0.4,0.031880297
1134,53106,0.22508068317941565,0,nan,0.7647058823529411,0.7344499999982603,0.4,0.038215123
1135,53137,0.3193920668549801,0,nan,0.9032258064516129,0.7342949999982593,0.4,0.030546395
1136,53166,0.3245959964386175,0,nan,0.8620689655172413,0.7341499999982584,0.4,0.03329573
1137,53198,0.2705777803920264,0,nan,0.90625,0.7339899999982573,0.4,0.03358138
1138,53231,0.2426843902308854,0,nan,0.8484848484848485,0.7338249999982562,0.4,0.0303599
1139,53291,-0.2791811336856286,0,nan,0.8333333333333334,0.7335249999982543,0.4,0.02917916
1140,53321,0.396092152699724,0,1.0,0.7333333333333333,0.7333749999982533,0.4,0.030001115
1141,53356,0.23245583202222353,0,nan,0.8,0.7331999999982521,0.4,0.027922506
1142,53386,0.4117489553032764,0,nan,0.8,0.7330499999982512,0.4,0.028562952
1143,53416,0.2804667882662225,0,nan,0.9,0.7328999999982502,0.4,0.035873923
1144,53446,0.3807245809918288,0,nan,0.7,0.7327499999982492,0.4,0.029695489
1145,53531,-0.8099716266277104,0,nan,0.8588235294117647,0.7323249999982464,0.4,0.030138021
1146,53596,-0.3321861790257079,0,nan,0.8769230769230769,0.7319999999982443,0.4,0.029433228
1147,53626,0.3108142630829277,0,nan,0.7333333333333333,0.7318499999982433,0.4,0.03215059
1148,53776,-3.2708431906101256,0,nan,0.8,0.7310999999982384,0.4,0.054304726
1149,53807,0.2923531461402974,0,nan,0.8064516129032258,0.7309449999982374,0.4,0.032431357
1150,53863,-0.13789677193909156,0,nan,0.8392857142857143,0.7306649999982355,0.4,0.024401337
1151,53893,0.3802886521303125,0,nan,0.8,0.7305149999982345,0.4,0.031145813
1152,53985,-1.0301957207113153,0,nan,0.8586956521739131,0.7300549999982315,0.4,0.03687809
1153,54017,0.2691038536141158,0,nan,0.84375,0.7298949999982305,0.4,0.031778757
1154,54046,0.3470748734341922,0,nan,0.8620689655172413,0.7297499999982295,0.4,0.032656327
1155,54079,0.26646374582109866,0,nan,0.9393939393939394,0.7295849999982285,0.4,0.03229849
1156,54109,0.33034807219213,0,nan,0.7666666666666667,0.7294349999982275,0.4,0.030418186
1157,54141,0.26585214007073954,0,nan,0.875,0.7292749999982264,0.4,0.03148774
1158,54174,0.23505140807601954,0,nan,0.8787878787878788,0.7291099999982253,0.4,0.031343307
1159,54324,-3.256336898120885,0,nan,0.7733333333333333,0.7283599999982204,0.4,0.055787724
1160,54358,0.298286292038077,0,nan,0.8235294117647058,0.7281899999982193,0.4,0.030113235
1161,54389,0.3836907205904927,0,nan,0.8064516129032258,0.7280349999982183,0.4,0.027498657
1162,54468,-0.9108158248926683,0,nan,0.7468354430379747,0.7276399999982157,0.4,0.04926335
1163,54567,-1.2342630473917673,0,nan,0.8383838383838383,0.7271449999982125,0.4,0.040921256
1164,54621,-0.09141660829923726,0,nan,0.8518518518518519,0.7268749999982107,0.4,0.0279204
1165,54652,0.2938552308196152,0,nan,0.8709677419354839,0.7267199999982097,0.4,0.031054078
1166,54758,-1.3569815123259397,0,nan,0.8207547169811321,0.7261899999982062,0.4,0.044262167
1167,54790,0.2601274399053246,0,nan,0.84375,0.7260299999982052,0.4,0.031589277
1168,54940,-3.3039202592272834,0,nan,0.8133333333333334,0.7252799999982003,0.4,0.04841884
1169,54971,0.3307926056611329,0,nan,0.7741935483870968,0.7251249999981992,0.4,0.027502973
1170,55001,0.334366606222417,0,1.0,0.8,0.7249749999981983,0.4,0.02956394
1171,55030,0.3307715573674618,0,nan,0.896551724137931,0.7248299999981973,0.4,0.032853257
1172,55093,-0.3671297801319323,0,nan,0.8888888888888888,0.7245149999981952,0.4,0.03175872
1173,55152,-0.30417304411293766,0,nan,0.9152542372881356,0.7242199999981933,0.4,0.028602546
1174,55222,-0.6495553487484743,0,nan,0.8571428571428571,0.723869999998191,0.4,0.038119256
1175,55372,-3.3177919719973317,0,nan,0.8066666666666666,0.7231199999981861,0.4,0.04629273
1176,55402,0.36031713703680057,0,nan,0.7333333333333333,0.7229699999981851,0.4,0.02957018
1177,55443,0.02525122602307661,0,nan,0.8048780487804879,0.7227649999981838,0.4,0.040747143
1178,55538,-1.265445712392097,0,nan,0.8421052631578947,0.7222899999981807,0.4,0.037350174
1179,55608,-0.5222044928105308,0,nan,0.7857142857142857,0.7219399999981784,0.4,0.031347882
1180,55638,0.36957845540672574,0,nan,0.9333333333333333,0.7217899999981774,0.4,0.030172586
1181,55668,0.28947191415919493,0,nan,0.7666666666666667,0.7216399999981764,0.4,0.033413928
1182,55698,0.31187631068078037,0,nan,1.0,0.7214899999981754,0.4,0.03307768
1183,55730,0.27574957941820954,0,nan,0.78125,0.7213299999981744,0.4,0.030587371
1184,55760,0.3487899381121984,0,nan,0.8,0.7211799999981734,0.4,0.030784322
1185,55790,0.3540147800525595,0,nan,0.8666666666666667,0.7210299999981724,0.4,0.03144814
1186,55849,-0.11584710774813323,0,nan,0.864406779661017,0.7207349999981705,0.4,0.026859839
1187,55879,0.3529406912352191,0,nan,0.8,0.7205849999981695,0.4,0.032311507
1188,55911,0.2683163865056786,0,nan,0.90625,0.7204249999981684,0.4,0.03020374
1189,55947,0.20100217462460146,0,nan,0.6388888888888888,0.7202449999981673,0.4,0.03258674
1190,55977,0.31299099434520405,0,nan,0.8666666666666667,0.7200949999981663,0.4,0.0318413
1191,56008,0.35177889890383696,0,nan,0.8064516129032258,0.7199399999981653,0.4,0.028015168
1192,56038,0.3324604998274229,0,nan,0.8333333333333334,0.7197899999981643,0.4,0.03221275
1193,56069,0.2752644749212315,0,nan,0.8709677419354839,0.7196349999981633,0.4,0.031246603
1194,56102,0.21838959978511518,0,nan,0.7575757575757576,0.7194699999981622,0.4,0.032489836
1195,56160,-0.09348812133328044,0,nan,0.7931034482758621,0.7191799999981603,0.4,0.02705445
1196,56191,0.3230099464124939,0,nan,0.7741935483870968,0.7190249999981593,0.4,0.029895714
1197,56221,0.3409238198726867,0,nan,0.8666666666666667,0.7188749999981583,0.4,0.0319197
1198,56276,-0.09516162803378392,0,nan,0.8363636363636363,0.7185999999981565,0.4,0.025180623
1199,56335,-0.3266971179290299,0,nan,0.864406779661017,0.7183049999981546,0.4,0.03393731
1200,56368,0.2190100190815626,0,0.0,0.9090909090909091,0.7181399999981535,0.4,0.032193996
1201,56398,0.3286850959485432,0,nan,0.7666666666666667,0.7179899999981525,0.4,0.032030176
1202,56548,-3.191776789944798,0,nan,0.7933333333333333,0.7172399999981476,0.4,0.051817905
1203,56578,0.3159191013584074,0,nan,0.8333333333333334,0.7170899999981466,0.4,0.03413231
1204,56610,0.27930829696667714,0,nan,0.71875,0.7169299999981456,0.4,0.030970968
1205,56760,-3.316146846522043,0,nan,0.7933333333333333,0.7161799999981406,0.4,0.052487347
1206,56793,0.23519021518900662,0,nan,0.6666666666666666,0.7160149999981396,0.4,0.03276116
1207,56823,0.3136302989044869,0,nan,0.9666666666666667,0.7158649999981386,0.4,0.032942
1208,56855,0.25707136407899756,0,nan,0.75,0.7157049999981375,0.4,0.031734373
1209,56886,0.3492833664716759,0,nan,0.8064516129032258,0.7155499999981365,0.4,0.030305566
1210,56916,0.3000098325226497,0,nan,0.8666666666666667,0.7153999999981355,0.4,0.03280521
1211,56946,0.38225651646916015,0,nan,0.8,0.7152499999981345,0.4,0.030235024
1212,57009,-0.29052467528697823,0,nan,0.7619047619047619,0.7149349999981325,0.4,0.027160082
1213,57159,-3.656601653602449,0,nan,0.7733333333333333,0.7141849999981276,0.4,0.08501374
1214,57190,0.45300710662014343,0,nan,0.7741935483870968,0.7140299999981266,0.4,0.027332552
1215,57222,0.2933645414616377,0,nan,0.71875,0.7138699999981255,0.4,0.02842175
1216,57252,0.32569429492502233,0,nan,0.7,0.7137199999981245,0.4,0.03052188
1217,57282,0.30857865481538427,0,nan,0.7666666666666667,0.7135699999981235,0.4,0.031393375
1218,57314,0.29155523237027414,0,nan,0.8125,0.7134099999981225,0.4,0.028572148
1219,57350,0.14794371091777236,0,nan,0.8055555555555556,0.7132299999981213,0.4,0.030252375
1220,57383,0.2990814776790297,0,nan,0.7878787878787878,0.7130649999981202,0.4,0.028240267
1221,57533,-3.3318740429311386,0,nan,0.7933333333333333,0.7123149999981153,0.4,0.046432
1222,57565,0.2754017516287137,0,nan,0.75,0.7121549999981143,0.4,0.034898005
1223,57595,0.3614531474940892,0,nan,0.8333333333333334,0.7120049999981133,0.4,0.032002363
1224,57655,-0.3279599153921672,0,nan,0.8333333333333334,0.7117049999981113,0.4,0.03385751
1225,57805,-3.373371691761295,0,nan,0.84,0.7109549999981064,0.4,0.045255218
1226,57838,0.30082829710996284,0,nan,0.696969696969697,0.7107899999981053,0.4,0.029951703
1227,57870,0.2953007133874589,0,nan,0.75,0.7106299999981043,0.4,0.030303257
1228,58020,-3.3446456902167365,0,nan,0.8,0.7098799999980994,0.4,0.042906333
1229,58050,0.4111934611599072,0,nan,0.8666666666666667,0.7097299999980984,0.4,0.031093298
1230,58200,-3.4389324050536523,0,1.0,0.8,0.7089799999980935,0.4,0.04958531
1231,58231,0.4018145748192953,0,nan,0.7741935483870968,0.7088249999980925,0.4,0.028009234
1232,58261,0.40338565903039947,0,nan,0.8,0.7086749999980915,0.4,0.030157099
1233,58291,0.2652756591247385,0,nan,0.8333333333333334,0.7085249999980905,0.4,0.036189042
1234,58351,-0.32685153493865104,0,nan,0.8166666666666667,0.7082249999980885,0.4,0.032284725
1235,58383,0.3059609326285231,0,nan,0.59375,0.7080649999980875,0.4,0.031164002
1236,58417,0.282885249801874,0,nan,0.7647058823529411,0.7078949999980864,0.4,0.027997471
1237,58448,0.32942893904177617,0,nan,0.8064516129032258,0.7077399999980853,0.4,0.031971503
1238,58479,0.322616185880397,0,nan,0.6451612903225806,0.7075849999980843,0.4,0.03025028
1239,58512,0.2314080489964574,0,nan,0.8484848484848485,0.7074199999980832,0.4,0.033127386
1240,58578,-0.4699740873420233,0,nan,0.8787878787878788,0.7070899999980811,0.4,0.038176656
1241,58728,-3.520764155054505,0,nan,0.82,0.7063399999980762,0.4,0.07879788
1242,58762,0.26258153426536557,0,nan,0.7058823529411765,0.7061699999980751,0.4,0.030758549
1243,58794,0.2774062304476913,0,nan,0.78125,0.706009999998074,0.4,0.031428114
1244,58826,0.2345999447095879,0,nan,0.75,0.705849999998073,0.4,0.032366384
1245,58857,0.29855704969316044,0,nan,0.8387096774193549,0.705694999998072,0.4,0.030807434
1246,59007,-3.3333639601052583,0,nan,0.7466666666666667,0.704944999998067,0.4,0.047073793
1247,59037,0.33171962625214535,0,nan,0.8333333333333334,0.704794999998066,0.4,0.030936865
1248,59069,0.2786929408913218,0,nan,0.84375,0.704634999998065,0.4,0.030312276
1249,59101,0.30470040156568523,0,nan,0.625,0.704474999998064,0.4,0.030226521
1250,59131,0.34459101740006315,0,nan,0.7333333333333333,0.704324999998063,0.4,0.03248056
1251,59161,0.3128211043143805,0,nan,0.7666666666666667,0.704174999998062,0.4,0.030711455
1252,59311,-3.4135314666403906,0,nan,0.7933333333333333,0.7034249999980571,0.4,0.06553802
1253,59340,0.3396515726705761,0,nan,0.6206896551724138,0.7032799999980561,0.4,0.030433703
1254,59373,0.27004666779107944,0,nan,0.6666666666666666,0.703114999998055,0.4,0.029561756
1255,59405,0.2672987150973002,0,nan,0.90625,0.702954999998054,0.4,0.030838039
1256,59436,0.31670277215649056,0,nan,0.7419354838709677,0.702799999998053,0.4,0.030690871
1257,59470,0.22530967480155262,0,nan,0.7647058823529411,0.7026299999980519,0.4,0.029232211
1258,59620,-3.2908930130072256,0,nan,0.7666666666666667,0.701879999998047,0.4,0.054414805
1259,59652,0.29208043696515973,0,nan,0.8125,0.7017199999980459,0.4,0.030326746
1260,59681,0.40967537319075953,0,1.0,0.7931034482758621,0.701574999998045,0.4,0.032133784
1261,59713,0.2692618478020372,0,nan,0.78125,0.7014149999980439,0.4,0.027606875
1262,59745,0.33212418360268914,0,nan,0.65625,0.7012549999980429,0.4,0.030276997
1263,59895,-3.196145541071279,0,nan,0.8066666666666666,0.700504999998038,0.4,0.054358456
1264,59929,0.19164082753493172,0,nan,0.8235294117647058,0.7003349999980368,0.4,0.033251047
1265,59964,0.1812653672773541,0,nan,0.5714285714285714,0.7001599999980357,0.4,0.03115171
1266,59995,0.3119577617143433,0,nan,0.6774193548387096,0.7000049999980347,0.4,0.03144381
1267,60145,-3.7706562541542534,0,nan,0.8333333333333334,0.6992549999980298,0.4,0.0520738
1268,60184,0.08335253040429402,0,nan,0.8205128205128205,0.6990599999980285,0.4,0.030056259
1269,60217,0.37086881699806507,0,nan,0.7878787878787878,0.6988949999980274,0.4,0.028617375
1270,60248,0.2894405318013964,0,nan,0.7741935483870968,0.6987399999980264,0.4,0.031365085
1271,60280,0.28005904150633,0,nan,0.84375,0.6985799999980253,0.4,0.031091027
1272,60328,-0.0018771860583629563,0,nan,0.8125,0.6983399999980238,0.4,0.030386033
1273,60478,-3.5380961214856055,0,nan,0.76,0.6975899999980189,0.4,0.048958834
1274,60514,0.12493224431639693,0,nan,0.8055555555555556,0.6974099999980177,0.4,0.031415597
1275,60546,0.245852304812751,0,nan,0.78125,0.6972499999980166,0.4,0.031819016
1276,60579,0.33610042849013433,0,nan,0.7575757575757576,0.6970849999980155,0.4,0.02788878
1277,60611,0.28579308140479076,0,nan,0.8125,0.6969249999980145,0.4,0.028703444
1278,60645,0.23794654602265908,0,nan,0.8235294117647058,0.6967549999980134,0.4,0.028509716
1279,60677,0.2534045620616482,0,nan,0.65625,0.6965949999980123,0.4,0.03327787
1280,60708,0.3380799042955246,0,nan,0.7419354838709677,0.6964399999980113,0.4,0.028785937
1281,60740,0.32546716354155125,0,nan,0.6875,0.6962799999980103,0.4,0.028356008
1282,60890,-3.2428686968636455,0,nan,0.7666666666666667,0.6955299999980054,0.4,0.057847004
1283,60952,-0.219572185462236,0,nan,0.7096774193548387,0.6952199999980033,0.4,0.028052058
1284,61072,-1.908058306462314,0,nan,0.8333333333333334,0.6946199999979994,0.4,0.088328704
1285,61103,0.3777260097867827,0,nan,0.7419354838709677,0.6944649999979984,0.4,0.029123107
1286,61134,0.28910518290324494,0,nan,0.8064516129032258,0.6943099999979974,0.4,0.030487165
1287,61164,0.30990743360204087,0,nan,0.7333333333333333,0.6941599999979964,0.4,0.030966671
1288,61201,0.1948337344171166,0,nan,0.7297297297297297,0.6939749999979952,0.4,0.028747108
1289,61231,0.3572631649357564,0,nan,0.7,0.6938249999979942,0.4,0.029763319
1290,61261,0.3295420488519989,0,0.0,0.7666666666666667,0.6936749999979932,0.4,0.030737497
1291,61296,0.15964883315913247,0,nan,0.8285714285714286,0.6934999999979921,0.4,0.03456618
1292,61327,0.26997746917013876,0,nan,0.7096774193548387,0.693344999997991,0.4,0.031677272
1293,61359,0.3028439108129596,0,nan,0.625,0.69318499999799,0.4,0.028645786
1294,61420,-1.2483538252992723,0,nan,0.7540983606557377,0.692874999997988,0.4,0.044670794
1295,61451,0.2916131963096813,0,nan,0.7741935483870968,0.692719999997987,0.4,0.032844827
1296,61482,0.2802052687986817,0,nan,0.8387096774193549,0.6925649999979859,0.4,0.033010285
1297,61512,0.33379893631266233,0,nan,0.7666666666666667,0.692414999997985,0.4,0.03129786
1298,61662,-3.594341176864245,0,nan,0.7866666666666666,0.69166499999798,0.4,0.059507363
1299,61692,0.33941258762214244,0,nan,0.7666666666666667,0.691514999997979,0.4,0.031150745
1300,61788,-1.2326196274326708,0,nan,0.8333333333333334,0.6910349999979759,0.4,0.036661986
1301,61818,0.36687682139776745,0,nan,0.7,0.6908849999979749,0.4,0.031658188
1302,61847,0.36439318959198885,0,nan,0.7241379310344828,0.690739999997974,0.4,0.03126821
1303,61876,0.2908609030371677,0,nan,0.6896551724137931,0.690594999997973,0.4,0.033373695
1304,62026,-3.41137697009193,0,nan,0.7133333333333334,0.6898449999979681,0.4,0.047731135
1305,62058,0.34900330104745114,0,nan,0.75,0.6896849999979671,0.4,0.028038539
1306,62208,-3.313490767447884,0,nan,0.7666666666666667,0.6889349999979621,0.4,0.04592335
1307,62358,-3.17932920653157,0,nan,0.7533333333333333,0.6881849999979572,0.4,0.04975191
1308,62389,0.33966603506485726,0,nan,0.7419354838709677,0.6880299999979562,0.4,0.027720911
1309,62419,0.3415357177705922,0,nan,0.7666666666666667,0.6878799999979552,0.4,0.029707873
1310,62449,0.31871433883764944,0,nan,0.8333333333333334,0.6877299999979543,0.4,0.032143183
1311,62481,0.24050651872526374,0,nan,0.8125,0.6875699999979532,0.4,0.030670585
1312,62512,0.2718142390481969,0,nan,0.7419354838709677,0.6874149999979522,0.4,0.032084476
1313,62542,0.3123076505613809,0,nan,0.8,0.6872649999979512,0.4,0.032078687
1314,62692,-3.2489259160401924,0,nan,0.76,0.6865149999979463,0.4,0.06091215
1315,62723,0.3087753968045013,0,nan,0.8387096774193549,0.6863599999979453,0.4,0.028599374
1316,62755,0.28233853013580523,0,nan,0.84375,0.6861999999979442,0.4,0.03104111
1317,62803,-0.06446818130688681,0,nan,0.7708333333333334,0.6859599999979427,0.4,0.03190918
1318,62833,0.5536106338579515,1,nan,0.9,0.6858099999979417,0.4,0.028522927
1319,62862,0.3088926531245434,0,nan,0.7586206896551724,0.6856649999979407,0.4,0.035080485
1320,62921,-1.2578212372834499,0,1.0,0.7457627118644068,0.6853649999979388,0.4,0.06008776
1321,62959,0.2126156220535137,0,nan,0.7105263157894737,0.6851749999979375,0.4,0.028298164
1322,62990,0.35721367920853286,0,nan,0.7419354838709677,0.6850199999979365,0.4,0.028470794
1323,63020,0.2967920946112519,0,nan,0.8333333333333334,0.6848699999979355,0.4,0.031986505
1324,63170,-3.317962300911084,0,nan,0.8333333333333334,0.6841199999979306,0.4,0.0547104
1325,63201,0.2896149633083409,0,nan,0.6451612903225806,0.6839649999979296,0.4,0.030041678
1326,63255,-0.21084988656444503,0,nan,0.6481481481481481,0.6836949999979278,0.4,0.0285349
1327,63284,0.3574928838693693,0,nan,0.5862068965517241,0.6835499999979269,0.4,0.033435456
1328,63316,0.2612311556950354,0,nan,0.78125,0.6833899999979258,0.4,0.030310052
1329,63348,0.271461341440807,0,nan,0.71875,0.6832299999979248,0.4,0.030315204
1330,63379,0.3258528728513037,0,nan,0.6451612903225806,0.6830749999979238,0.4,0.028494257
1331,63410,0.29413890505029383,0,nan,0.7741935483870968,0.6829199999979227,0.4,0.03184099
1332,63441,0.31888295348973095,0,nan,0.8709677419354839,0.6827649999979217,0.4,0.029724514
1333,63473,0.2622426401050659,0,nan,0.71875,0.6826049999979207,0.4,0.029719133
1334,63504,0.3107348929441722,0,nan,0.8064516129032258,0.6824499999979197,0.4,0.029461222
1335,63539,0.1864291696611079,0,nan,0.7714285714285715,0.6822749999979185,0.4,0.03195796
1336,63569,0.37138213232044004,0,nan,0.5666666666666667,0.6821249999979175,0.4,0.028784895
1337,63600,0.2757531238433637,0,nan,0.6774193548387096,0.6819699999979165,0.4,0.032710977
1338,63631,0.2822014742468315,0,nan,0.8064516129032258,0.6818149999979155,0.4,0.031864602
1339,63661,0.33953909196461785,0,nan,0.8333333333333334,0.6816649999979145,0.4,0.030253716
1340,63692,0.3359451419969488,0,nan,0.6774193548387096,0.6815099999979135,0.4,0.029896084
1341,63724,0.24749082777458786,0,nan,0.78125,0.6813499999979125,0.4,0.03103013
1342,63758,0.24888008913384296,0,nan,0.6764705882352942,0.6811799999979113,0.4,0.028845172
1343,63789,0.2871015810915082,0,nan,0.8064516129032258,0.6810249999979103,0.4,0.03136533
1344,63820,0.2857882675808542,0,nan,0.6129032258064516,0.6808699999979093,0.4,0.03283224
1345,63850,0.3165692634246562,0,nan,0.8666666666666667,0.6807199999979083,0.4,0.032599483
1346,63881,0.3018088951967903,0,nan,0.6774193548387096,0.6805649999979073,0.4,0.0298212
1347,64031,-3.2298187140548245,0,nan,0.8333333333333334,0.6798149999979024,0.4,0.046447173
1348,64181,-3.156330491131487,0,nan,0.7866666666666666,0.6790649999978975,0.4,0.047636136
1349,64210,0.3199332793143008,0,nan,0.8620689655172413,0.6789199999978965,0.4,0.03370613
1350,64240,0.33586101418282144,0,0.0,0.6333333333333333,0.6787699999978956,0.4,0.031129569
1351,64272,0.28822352324496237,0,nan,0.8125,0.6786099999978945,0.4,0.030896213
1352,64304,0.2828460206070693,0,nan,0.75,0.6784499999978935,0.4,0.030184288
1353,64334,0.3392145168323867,0,nan,0.6666666666666666,0.6782999999978925,0.4,0.03375315
1354,64484,-3.237422140956442,0,nan,0.8,0.6775499999978876,0.4,0.043630634
1355,64514,0.32291549699000943,0,nan,0.7333333333333333,0.6773999999978866,0.4,0.03111302
1356,64664,-3.6146693136912944,0,nan,0.7866666666666666,0.6766499999978817,0.4,0.08397569
1357,64733,-0.575802513424518,0,nan,0.855072463768116,0.6763049999978794,0.4,0.03768045
1358,64804,-0.6215774088398944,0,nan,0.7605633802816901,0.6759499999978771,0.4,0.039588634
1359,64852,-0.05034693484483321,0,nan,0.7291666666666666,0.6757099999978755,0.4,0.034179803
1360,65002,-3.267351378808343,0,nan,0.7666666666666667,0.6749599999978706,0.4,0.05325121
1361,65152,-3.54468219840801,0,nan,0.7466666666666667,0.6742099999978657,0.4,0.07044371
1362,65183,0.334992480959436,0,nan,0.8387096774193549,0.6740549999978647,0.4,0.031083293
1363,65216,0.26492008843497206,0,nan,0.696969696969697,0.6738899999978636,0.4,0.031299766
1364,65245,0.33866159485461067,0,nan,0.7931034482758621,0.6737449999978626,0.4,0.033081252
1365,65310,-0.4615097398757597,0,nan,0.7384615384615385,0.6734199999978605,0.4,0.037755147
1366,65340,0.3656543716425844,0,nan,0.7333333333333333,0.6732699999978595,0.4,0.03099963
1367,65371,0.35798314522249663,0,nan,0.8387096774193549,0.6731149999978585,0.4,0.029106725
1368,65404,0.210515810024144,0,nan,0.6363636363636364,0.6729499999978574,0.4,0.031399127
1369,65436,0.2562085694224868,0,nan,0.6875,0.6727899999978564,0.4,0.032668408
1370,65466,0.3327740355068568,0,nan,0.8,0.6726399999978554,0.4,0.032391053
1371,65497,0.2617484757903754,0,nan,0.7741935483870968,0.6724849999978544,0.4,0.030895067
1372,65532,0.18884486759744212,0,nan,0.6571428571428571,0.6723099999978532,0.4,0.031705346
1373,65561,0.33468734604128547,0,nan,0.8275862068965517,0.6721649999978523,0.4,0.032562457
1374,65591,0.29924932010569993,0,nan,0.7,0.6720149999978513,0.4,0.03448493
1375,65623,0.29367054910141766,0,nan,0.625,0.6718549999978503,0.4,0.028576728
1376,65686,-0.4020638969753837,0,nan,0.7301587301587301,0.6715399999978482,0.4,0.03264174
1377,65836,-3.2585596659269083,0,nan,0.8133333333333334,0.6707899999978433,0.4,0.083713226
1378,65868,0.3034063418257077,0,nan,0.59375,0.6706299999978422,0.4,0.028192816
1379,65903,0.28667981488446004,0,nan,0.5142857142857142,0.6704549999978411,0.4,0.025209706
1380,65932,0.32630006226151675,0,0.0,0.7241379310344828,0.6703099999978401,0.4,0.031566504
1381,65964,0.26531784139343983,0,nan,0.78125,0.6701499999978391,0.4,0.034129504
1382,65994,0.3152296896919575,0,nan,0.7333333333333333,0.6699999999978381,0.4,0.03327236
1383,66025,0.27037034199679033,0,nan,0.7419354838709677,0.6698449999978371,0.4,0.034071792
1384,66055,0.33331589510480475,0,nan,0.7,0.6696949999978361,0.4,0.03134242
1385,66085,0.30462983910123564,0,nan,0.8333333333333334,0.6695449999978351,0.4,0.03370247
1386,66172,-0.7130231523064892,0,nan,0.8275862068965517,0.6691099999978323,0.4,0.02854985
1387,66203,0.3823024824370116,0,nan,0.6774193548387096,0.6689549999978313,0.4,0.029106611
1388,66262,-0.13606932930373705,0,nan,0.7457627118644068,0.6686599999978293,0.4,0.029604206
1389,66293,0.2813922153271008,0,nan,0.8387096774193549,0.6685049999978283,0.4,0.034735154
1390,66323,0.3314114863581912,0,nan,0.7333333333333333,0.6683549999978273,0.4,0.030920459
1391,66354,0.2896593963945451,0,nan,0.7741935483870968,0.6681999999978263,0.4,0.03019971
1392,66434,-0.6996176836200506,0,nan,0.7125,0.6677999999978237,0.4,0.045576565
1393,66503,-0.5507621978393333,0,nan,0.7101449275362319,0.6674549999978214,0.4,0.037783735
1394,66536,0.22022422322705826,0,nan,0.8484848484848485,0.6672899999978203,0.4,0.031436823
1395,66567,0.30224992600776523,0,nan,0.7741935483870968,0.6671349999978193,0.4,0.029796384
1396,66597,0.3206792641718126,0,nan,0.7666666666666667,0.6669849999978184,0.4,0.031141873
1397,66628,0.4181462898767353,0,nan,0.6451612903225806,0.6668299999978173,0.4,0.025900714
1398,66661,0.32757708623406634,0,nan,0.7878787878787878,0.6666649999978163,0.4,0.026582798
1399,66691,0.2995016221965644,0,nan,0.7333333333333333,0.6665149999978153,0.4,0.03241853
1400,66723,0.3217974778725753,0,nan,0.625,0.6663549999978142,0.4,0.02987467
1401,66873,-3.2847880654457295,0,nan,0.7666666666666667,0.6656049999978093,0.4,0.05605791
1402,66902,0.3149939051833779,0,nan,0.7586206896551724,0.6654599999978084,0.4,0.031514786
1403,66941,0.08356078959195656,0,nan,0.8717948717948718,0.6652649999978071,0.4,0.030532222
1404,66983,0.03006530112782735,0,nan,0.7857142857142857,0.6650549999978057,0.4,0.033119794
1405,67013,0.3807084189387804,0,nan,0.5333333333333333,0.6649049999978047,0.4,0.030902509
1406,67163,-3.2632354305456746,0,nan,0.7666666666666667,0.6641549999977998,0.4,0.054910075
1407,67193,0.32715539311027786,0,nan,0.8666666666666667,0.6640049999977988,0.4,0.031686224
1408,67223,0.3108371829509762,0,nan,0.8666666666666667,0.6638549999977978,0.4,0.032482892
1409,67254,0.2882764358480785,0,nan,0.7096774193548387,0.6636999999977968,0.4,0.033080798
1410,67348,-0.8996469704712899,0,0.0,0.8297872340425532,0.6632299999977938,0.4,0.03704585
1411,67378,0.3118775230406984,0,nan,0.7666666666666667,0.6630799999977928,0.4,0.030131513
1412,67408,0.31691305108856527,0,nan,0.7,0.6629299999977918,0.4,0.029490788
1413,67439,0.2858343841984906,0,nan,0.9032258064516129,0.6627749999977908,0.4,0.031444468
1414,67589,-3.4274632890404937,0,nan,0.76,0.6620249999977859,0.4,0.057877827
1415,67620,0.40145050041223995,0,nan,0.7741935483870968,0.6618699999977848,0.4,0.029616361
1416,67650,0.34033397955175526,0,nan,0.7666666666666667,0.6617199999977839,0.4,0.031242507
1417,67679,0.3118570418270652,0,nan,0.8275862068965517,0.6615749999977829,0.4,0.031370394
1418,67709,0.3819435360863228,0,nan,0.7333333333333333,0.6614249999977819,0.4,0.03250322
1419,67739,0.31299074673780436,0,nan,0.7333333333333333,0.6612749999977809,0.4,0.03116033
1420,67800,-0.37985939741466423,0,nan,0.8360655737704918,0.660969999997779,0.4,0.033014555
1421,67834,0.26251636351242613,0,nan,0.7058823529411765,0.6607999999977778,0.4,0.030921582
1422,67864,0.35072651566887847,0,nan,0.8,0.6606499999977768,0.4,0.030430147
1423,67927,-0.4203384886528889,0,nan,0.7142857142857143,0.6603349999977748,0.4,0.0399216
1424,68077,-3.5625601754073974,0,nan,0.7866666666666666,0.6595849999977699,0.4,0.054223116
1425,68227,-3.2486184833099183,0,nan,0.7133333333333334,0.658834999997765,0.4,0.05060289
1426,68257,0.36128754623805137,0,nan,0.8666666666666667,0.658684999997764,0.4,0.031354122
1427,68286,0.35709228696688244,0,nan,0.8620689655172413,0.658539999997763,0.4,0.03211112
1428,68436,-3.6306659027663866,0,nan,0.84,0.6577899999977581,0.4,0.054351807
1429,68466,0.44408639708332986,0,nan,0.6666666666666666,0.6576399999977571,0.4,0.029220594
1430,68497,0.2585541039427113,0,nan,0.9032258064516129,0.6574849999977561,0.4,0.032124456
1431,68527,0.3480658388686644,0,nan,0.7333333333333333,0.6573349999977551,0.4,0.0295439
1432,68556,0.31534877367733016,0,nan,0.7586206896551724,0.6571899999977542,0.4,0.033939917
1433,68617,-0.4172028175092366,0,nan,0.8032786885245902,0.6568849999977522,0.4,0.033223365
1434,68648,0.34691662127456724,0,nan,0.8387096774193549,0.6567299999977512,0.4,0.029218014
1435,68678,0.5557288118513584,1,nan,0.6666666666666666,0.6565799999977502,0.4,0.02994852
1436,68708,0.29598919963622816,0,nan,0.8,0.6564299999977492,0.4,0.032257985
1437,68740,0.28612420227782476,0,nan,0.625,0.6562699999977482,0.4,0.031703096
1438,68771,0.34365835784560395,0,nan,0.6774193548387096,0.6561149999977471,0.4,0.028442169
1439,68801,0.333256065593733,0,nan,0.8,0.6559649999977462,0.4,0.032991022
1440,68830,0.30148285372233496,0,1.0,0.7931034482758621,0.6558199999977452,0.4,0.03231978
1441,68860,0.3435408477320965,0,nan,0.8,0.6556699999977442,0.4,0.029965006
1442,68892,0.4016179477314392,0,nan,0.71875,0.6555099999977432,0.4,0.026483063
1443,68947,-0.16638808596286292,0,nan,0.7636363636363637,0.6552349999977414,0.4,0.028138254
1444,69033,-1.0011566400340812,0,nan,0.7790697674418605,0.6548049999977386,0.4,0.04919998
1445,69064,0.3409527028594056,0,nan,0.7419354838709677,0.6546499999977375,0.4,0.028105466
1446,69126,-0.1560766298768086,0,nan,0.7580645161290323,0.6543399999977355,0.4,0.027272258
1447,69158,0.3063562927565162,0,nan,0.71875,0.6541799999977345,0.4,0.03065531
1448,69187,0.32711735674824927,0,nan,0.8620689655172413,0.6540349999977335,0.4,0.03338998
1449,69219,0.3390775360250472,0,nan,0.75,0.6538749999977325,0.4,0.028513864
1450,69251,0.26285425598936296,0,nan,0.65625,0.6537149999977314,0.4,0.029302705
1451,69281,0.3432205907984677,0,nan,0.7333333333333333,0.6535649999977304,0.4,0.032446858
1452,69310,0.2933047268474718,0,nan,0.7241379310344828,0.6534199999977295,0.4,0.032314528
1453,69341,0.3323837365766691,0,nan,0.8064516129032258,0.6532649999977285,0.4,0.02846028
1454,69371,0.423462716716979,0,nan,0.7,0.6531149999977275,0.4,0.02984181
1455,69405,0.21491393650571977,0,nan,0.8823529411764706,0.6529449999977264,0.4,0.031043116
1456,69435,0.32963211245508794,0,nan,0.8333333333333334,0.6527949999977254,0.4,0.03099476
1457,69468,0.3068805338982351,0,nan,0.7272727272727273,0.6526299999977243,0.4,0.031890996
1458,69499,0.4261566562044511,0,nan,0.5806451612903226,0.6524749999977233,0.4,0.028545694
1459,69532,0.32630317060625735,0,nan,0.8181818181818182,0.6523099999977222,0.4,0.027799908
1460,69562,0.39628466047051536,0,nan,0.7333333333333333,0.6521599999977212,0.4,0.029899871
1461,69593,0.4043190236433418,0,nan,0.7741935483870968,0.6520049999977202,0.4,0.027804274
1462,69623,0.3284887409413352,0,nan,0.7333333333333333,0.6518549999977192,0.4,0.030893436
1463,69654,0.29612853697192965,0,nan,0.9032258064516129,0.6516999999977182,0.4,0.030444583
1464,69684,0.37145625668115256,0,nan,0.7333333333333333,0.6515499999977172,0.4,0.029717108
1465,69715,0.33159370564389323,0,nan,0.8064516129032258,0.6513949999977162,0.4,0.029724669
1466,69745,0.3563747505910977,0,nan,0.6333333333333333,0.6512449999977152,0.4,0.031360473
1467,69774,0.3727418745547374,0,nan,0.8275862068965517,0.6510999999977143,0.4,0.032056723
1468,69836,-0.2404071345919001,0,nan,0.7419354838709677,0.6507899999977123,0.4,0.027238334
1469,69867,0.39356592485519715,0,nan,0.6451612903225806,0.6506349999977112,0.4,0.029013602
1470,69898,0.353855830749906,0,1.0,0.7741935483870968,0.6504799999977102,0.4,0.029904047
1471,69930,0.3351629103880205,0,nan,0.65625,0.6503199999977092,0.4,0.030613655
1472,69960,0.4053935902694713,0,nan,0.7666666666666667,0.6501699999977082,0.4,0.029756576
1473,69992,0.2611852493722169,0,nan,0.84375,0.6500099999977071,0.4,0.03142004
1474,70022,0.41514424930467186,0,nan,0.7333333333333333,0.6498599999977062,0.4,0.029960653
1475,70054,0.3974338107838783,0,nan,0.53125,0.6496999999977051,0.4,0.02742924
1476,70085,0.40820485067931345,0,nan,0.7419354838709677,0.6495449999977041,0.4,0.02918524
1477,70235,-3.1780289024388138,0,nan,0.8266666666666667,0.6487949999976992,0.4,0.052576877
1478,70267,0.28896380275147815,0,nan,0.65625,0.6486349999976981,0.4,0.029303113
1479,70299,0.3521588200499629,0,nan,0.71875,0.6484749999976971,0.4,0.02891031
1480,70332,0.2530430944838522,0,nan,0.696969696969697,0.648309999997696,0.4,0.03092125
1481,70395,-0.3961618022654404,0,nan,0.7619047619047619,0.6479949999976939,0.4,0.033736378
1482,70425,0.3298648881379266,0,nan,0.7333333333333333,0.647844999997693,0.4,0.030958949
1483,70456,0.3266722198341868,0,nan,0.6774193548387096,0.647689999997692,0.4,0.028535573
1484,70485,0.3512855976110879,0,nan,0.7931034482758621,0.647544999997691,0.4,0.03188314
1485,70517,0.2901531667287206,0,nan,0.75,0.64738499999769,0.4,0.030191353
1486,70570,-1.1160536474566465,0,nan,0.6792452830188679,0.6471149999976882,0.4,0.044540297
1487,70601,0.39263582811357856,0,nan,0.7096774193548387,0.6469599999976872,0.4,0.028698051
1488,70634,0.3266623020618391,0,nan,0.6363636363636364,0.6467949999976861,0.4,0.02690288
1489,70666,0.3364412016426357,0,nan,0.71875,0.646634999997685,0.4,0.02794464
1490,70698,0.26975180813865574,0,nan,0.71875,0.646474999997684,0.4,0.029406719
1491,70730,0.3386797966021148,0,nan,0.75,0.6463149999976829,0.4,0.0270309
1492,70790,-0.308474376280393,0,nan,0.7666666666666667,0.646014999997681,0.4,0.033987097
1493,70822,0.3405304545539096,0,nan,0.75,0.6458549999976799,0.4,0.028617347
1494,70852,0.3430675498280752,0,nan,0.7333333333333333,0.6457049999976789,0.4,0.03141924
1495,70882,0.31329344105298307,0,nan,0.7,0.645554999997678,0.4,0.031105688
1496,70975,-1.1513468743218713,0,nan,0.7096774193548387,0.6450899999976749,0.4,0.032113057
1497,71007,0.26940961406920483,0,nan,0.8125,0.6449299999976739,0.4,0.028416254
1498,71042,0.21010529695039748,0,nan,0.7428571428571429,0.6447549999976727,0.4,0.03304296
1499,71103,-0.2121693562349537,0,nan,0.819672131147541,0.6444499999976707,0.4,0.027120152
1500,71135,0.29553619996638814,0,1.0,0.625,0.6442899999976697,0.4,0.02906911
1501,71285,-3.2504295318998597,0,nan,0.7266666666666667,0.6435399999976648,0.4,0.05190605
1502,71314,0.36544291911304905,0,nan,0.6206896551724138,0.6433949999976638,0.4,0.031081414
1503,71346,0.25768436038812936,0,nan,0.8125,0.6432349999976628,0.4,0.029757287
1504,71376,0.33893808414325277,0,nan,0.7666666666666667,0.6430849999976618,0.4,0.031969998
1505,71412,0.23893189156731054,0,nan,0.6944444444444444,0.6429049999976606,0.4,0.02775048
1506,71446,0.30351471978170375,0,nan,0.6764705882352942,0.6427349999976595,0.4,0.025258347
1507,71476,0.3460806057010698,0,nan,0.6,0.6425849999976585,0.4,0.03029118
1508,71508,0.29216494008421856,0,nan,0.6875,0.6424249999976575,0.4,0.027638417
1509,71569,-0.3849790503060324,0,nan,0.6557377049180327,0.6421199999976555,0.4,0.037453923
1510,71602,0.2777078716784842,0,nan,0.7575757575757576,0.6419549999976544,0.4,0.030498382
1511,71663,-0.38496257007964263,0,nan,0.7377049180327869,0.6416499999976524,0.4,0.029000187
1512,71695,0.28745403027986816,0,nan,0.71875,0.6414899999976513,0.4,0.029082365
1513,71758,-0.41447342368379514,0,nan,0.7142857142857143,0.6411749999976493,0.4,0.03183138
1514,71790,0.2970026090174034,0,nan,0.71875,0.6410149999976482,0.4,0.029753419
1515,71822,0.31885342233789093,0,nan,0.6875,0.6408549999976472,0.4,0.02834836
1516,71972,-3.294311756308018,0,nan,0.7,0.6401049999976423,0.4,0.045017105
1517,72003,0.30900244222436135,0,nan,0.8064516129032258,0.6399499999976412,0.4,0.029668938
1518,72033,0.34933609741702,0,nan,0.7666666666666667,0.6397999999976403,0.4,0.030617945
1519,72069,0.18432847581220568,0,nan,0.8055555555555556,0.6396199999976391,0.4,0.032089062
1520,72099,0.30988561110872803,0,nan,0.7333333333333333,0.6394699999976381,0.4,0.032335658
1521,72129,0.31968645397890216,0,nan,0.8,0.6393199999976371,0.4,0.032574546
1522,72159,0.32270063456113185,0,nan,0.7333333333333333,0.6391699999976361,0.4,0.032566953
1523,72189,0.34906188526530024,0,nan,0.7666666666666667,0.6390199999976351,0.4,0.030499492
1524,72271,-0.8683639298272966,0,nan,0.7682926829268293,0.6386099999976325,0.4,0.037156094
1525,72302,0.3129904961982063,0,nan,0.7096774193548387,0.6384549999976314,0.4,0.030061588
1526,72335,0.3136022894063015,0,nan,0.6363636363636364,0.6382899999976304,0.4,0.025695596
1527,72485,-3.352782614616744,0,nan,0.7133333333333334,0.6375399999976255,0.4,0.054140683
1528,72516,0.34422031890682525,0,nan,0.8064516129032258,0.6373849999976244,0.4,0.028984182
1529,72547,0.3364122217697859,0,nan,0.7419354838709677,0.6372299999976234,0.4,0.029802276
1530,72579,0.3171503956640338,0,0.0,0.65625,0.6370699999976224,0.4,0.02682875
1531,72610,0.3003158406910883,0,nan,0.7096774193548387,0.6369149999976214,0.4,0.02969751
1532,72640,0.31455841909464577,0,nan,0.7666666666666667,0.6367649999976204,0.4,0.03197296
1533,72702,-0.32631190802884136,0,nan,0.7419354838709677,0.6364549999976183,0.4,0.028230768
1534,72735,0.2566997161047301,0,nan,0.6060606060606061,0.6362899999976173,0.4,0.029542768
1535,72765,0.3659426753352175,0,nan,0.8,0.6361399999976163,0.4,0.030141652
1536,72796,0.3707589198590038,0,nan,0.6129032258064516,0.6359849999976153,0.4,0.02868192
1537,72828,0.2676217998831245,0,nan,0.6875,0.6358249999976142,0.4,0.03276856
1538,72860,0.32986989617843077,0,nan,0.65625,0.6356649999976132,0.4,0.028145371
1539,72917,-1.2036495129636284,0,nan,0.7192982456140351,0.6353749999976113,0.4,0.052599862
1540,72957,-0.8957689927251264,0,nan,0.7,0.6351699999976099,0.4,0.053795278
1541,72988,0.29596197294234783,0,nan,0.7096774193548387,0.6350149999976089,0.4,0.03031658
1542,73138,-3.423905802276879,0,nan,0.7333333333333333,0.634264999997604,0.4,0.046793517
1543,73169,0.3979265225910966,0,nan,0.5483870967741935,0.634109999997603,0.4,0.028313812
1544,73236,-0.49922692991075945,0,nan,0.6567164179104478,0.6337749999976008,0.4,0.03703749
1545,73266,0.34691709712882934,0,nan,0.7,0.6336249999975998,0.4,0.030281482
1546,73416,-3.2373560936111794,0,nan,0.7133333333333334,0.6328749999975949,0.4,0.085007824
1547,73448,0.299557229070879,0,nan,0.65625,0.6327149999975938,0.4,0.030332454
1548,73480,0.270629361784409,0,nan,0.84375,0.6325549999975928,0.4,0.03036201
1549,73630,-3.2351926318349618,0,nan,0.72,0.6318049999975879,0.4,0.049996864
1550,73662,0.27907489122162354,0,nan,0.71875,0.6316449999975868,0.4,0.030503647
1551,73693,0.32283525606858265,0,nan,0.8064516129032258,0.6314899999975858,0.4,0.029529516
1552,73725,0.3101778536284022,0,nan,0.71875,0.6313299999975848,0.4,0.028088145
1553,73757,0.24855467090017191,0,nan,0.75,0.6311699999975837,0.4,0.030726634
1554,73907,-3.2529319256404947,0,nan,0.78,0.6304199999975788,0.4,0.05561959
1555,73938,0.2912898264193874,0,nan,0.6451612903225806,0.6302649999975778,0.4,0.032790408
1556,73970,0.28773761052208147,0,nan,0.78125,0.6301049999975767,0.4,0.028020378
1557,74005,0.16201809650301735,0,nan,0.7142857142857143,0.6299299999975756,0.4,0.03268955
1558,74035,0.3848540763607231,0,nan,0.7,0.6297799999975746,0.4,0.030900735
1559,74067,0.2720362856968761,0,nan,0.75,0.6296199999975736,0.4,0.030787252
1560,74097,0.41075170704825525,0,1.0,0.5666666666666667,0.6294699999975726,0.4,0.030167626
1561,74128,0.3126454561142097,0,nan,0.7096774193548387,0.6293149999975716,0.4,0.03009057
1562,74160,0.2903897246578896,0,nan,0.625,0.6291549999975705,0.4,0.030023888
1563,74192,0.30704756797096433,0,nan,0.5625,0.6289949999975695,0.4,0.027986074
1564,74342,-3.4845221610864208,0,nan,0.76,0.6282449999975646,0.4,0.06136076
1565,74373,0.3108970571637829,0,nan,0.7096774193548387,0.6280899999975635,0.4,0.032058004
1566,74404,0.2973836644385558,0,nan,0.7096774193548387,0.6279349999975625,0.4,0.03055972
1567,74435,0.2685436606194096,0,nan,0.7741935483870968,0.6277799999975615,0.4,0.031672418
1568,74465,0.3076014212072804,0,nan,0.7666666666666667,0.6276299999975605,0.4,0.03168308
1569,74495,0.37277074022821266,0,nan,0.7,0.6274799999975595,0.4,0.03129976
1570,74527,0.34286131675932896,0,nan,0.78125,0.6273199999975585,0.4,0.027757801
1571,74559,0.2853574842741521,0,nan,0.78125,0.6271599999975574,0.4,0.027970102
1572,74592,0.257925070947263,0,nan,0.7575757575757576,0.6269949999975564,0.4,0.02929059
1573,74623,0.3376242700576487,0,nan,0.4838709677419355,0.6268399999975554,0.4,0.029853024
1574,74773,-3.2438695142287193,0,nan,0.7333333333333333,0.6260899999975504,0.4,0.063331366
1575,74803,0.3628219746548612,0,nan,0.6666666666666666,0.6259399999975495,0.4,0.031739842
1576,74832,0.375267744154299,0,nan,0.7241379310344828,0.6257949999975485,0.4,0.032124493
1577,74865,0.2555932433579533,0,nan,0.6363636363636364,0.6256299999975474,0.4,0.028096925
1578,74895,0.3247461756427922,0,nan,0.7333333333333333,0.6254799999975464,0.4,0.03068259
1579,75045,-3.4635837855581197,0,nan,0.7866666666666666,0.6247299999975415,0.4,0.06311467
1580,75074,0.3726970161761046,0,nan,0.7586206896551724,0.6245849999975406,0.4,0.032483518
1581,75106,0.2857260226181664,0,nan,0.6875,0.6244249999975395,0.4,0.02885096
1582,75139,0.3115007368651037,0,nan,0.5454545454545454,0.6242599999975385,0.4,0.02799812
1583,75170,0.2799010372736702,0,nan,0.7419354838709677,0.6241049999975374,0.4,0.0334535
1584,75202,0.2855707554710132,0,nan,0.75,0.6239449999975364,0.4,0.027461194
1585,75231,0.35720823379907773,0,nan,0.6896551724137931,0.6237999999975354,0.4,0.03158006
1586,75381,-3.2157610715625817,0,nan,0.7533333333333333,0.6230499999975305,0.4,0.046890877
1587,75411,0.3741483094183752,0,nan,0.6333333333333333,0.6228999999975295,0.4,0.029093353
1588,75473,-0.3707827518600455,0,nan,0.6774193548387096,0.6225899999975275,0.4,0.034884814
1589,75504,0.28973489289819643,0,nan,0.8064516129032258,0.6224349999975265,0.4,0.031023946
1590,75536,0.3368019111471273,0,1.0,0.65625,0.6222749999975254,0.4,0.029166095
1591,75566,0.3622006863734881,0,nan,0.7,0.6221249999975245,0.4,0.03082658
1592,75716,-3.20859666210857,0,nan,0.7533333333333333,0.6213749999975196,0.4,0.043754864
1593,75748,0.292070084599094,0,nan,0.75,0.6212149999975185,0.4,0.028662983
1594,75833,-0.9605117581218487,0,nan,0.7294117647058823,0.6207899999975157,0.4,0.050762374
1595,75895,-0.14697153208189606,0,nan,0.7096774193548387,0.6204799999975137,0.4,0.026843967
1596,75928,0.27877872134777126,0,nan,0.7272727272727273,0.6203149999975126,0.4,0.028780567
1597,75960,0.2734315388038402,0,nan,0.6875,0.6201549999975116,0.4,0.03219655
1598,76019,-0.2009502367279915,0,nan,0.7627118644067796,0.6198599999975096,0.4,0.023134423
1599,76050,0.36848276601593477,0,nan,0.6774193548387096,0.6197049999975086,0.4,0.029240914
1600,76084,0.26847870819522657,0,nan,0.6764705882352942,0.6195349999975075,0.4,0.031032419
1601,76116,0.23118424814533578,0,nan,0.6875,0.6193749999975064,0.4,0.03255171
1602,76147,0.30328520250589996,0,nan,0.7419354838709677,0.6192199999975054,0.4,0.03065519
1603,76178,0.2865619442005083,0,nan,0.7419354838709677,0.6190649999975044,0.4,0.03230059
1604,76208,0.3076258055840907,0,nan,0.8,0.6189149999975034,0.4,0.032043964
1605,76240,0.33937310880662364,0,nan,0.71875,0.6187549999975024,0.4,0.025812872
1606,76271,0.3770444350735237,0,nan,0.7741935483870968,0.6185999999975014,0.4,0.029313546
1607,76302,0.363080158792746,0,nan,0.6774193548387096,0.6184449999975004,0.4,0.027838858
1608,76360,-1.2221393078901532,0,nan,0.8275862068965517,0.6181499999974984,0.4,0.0542467
1609,76390,0.34904460722989084,0,nan,0.6666666666666666,0.6179999999974974,0.4,0.031067511
1610,76420,0.3422050694585882,0,nan,0.6333333333333333,0.6178499999974965,0.4,0.030539852
1611,76492,-0.5769991310388161,0,nan,0.6944444444444444,0.6174899999974941,0.4,0.03238738
1612,76524,0.3919523012498273,0,nan,0.65625,0.617329999997493,0.4,0.026172612
1613,76556,0.2610255476057466,0,nan,0.78125,0.617169999997492,0.4,0.03203284
1614,76706,-3.2393917267439476,0,nan,0.7,0.6164199999974871,0.4,0.049057517
1615,76735,0.30817734455444457,0,nan,0.7931034482758621,0.6162749999974861,0.4,0.033837844
1616,76766,0.38983978364529703,0,nan,0.6129032258064516,0.6161199999974851,0.4,0.028381322
1617,76796,0.3173379509226648,0,nan,0.8,0.6159699999974841,0.4,0.03325337
1618,76826,0.3429460865403047,0,nan,0.6666666666666666,0.6158199999974832,0.4,0.032020446
1619,76857,0.29359992711912,0,nan,0.7741935483870968,0.6156649999974821,0.4,0.03071275
1620,76915,-1.1716699831985717,0,1.0,0.7068965517241379,0.6153699999974802,0.4,0.054935765
1621,76944,0.3476434656536921,0,nan,0.8275862068965517,0.6152249999974793,0.4,0.035039548
1622,76973,0.33601090899981434,0,nan,0.7931034482758621,0.6150799999974783,0.4,0.033993687
1623,77006,0.2549980411812469,0,nan,0.5757575757575758,0.6149149999974772,0.4,0.029900625
1624,77035,0.3227929743552642,0,nan,0.8275862068965517,0.6147699999974763,0.4,0.03462379
1625,77066,0.32584400985097506,0,nan,0.6451612903225806,0.6146149999974753,0.4,0.030402271
1626,77097,0.34535238960354275,0,nan,0.6774193548387096,0.6144599999974742,0.4,0.028747674
1627,77127,0.33435871593075306,0,nan,0.7,0.6143099999974733,0.4,0.031973824
1628,77160,0.2480000508089416,0,nan,0.6666666666666666,0.6141449999974722,0.4,0.030820746
1629,77192,0.2731857190542857,0,nan,0.71875,0.6139849999974711,0.4,0.030950494
1630,77253,-0.2824917126161358,0,nan,0.6721311475409836,0.6136799999974691,0.4,0.03149285
1631,77283,0.4022907449635017,0,nan,0.7333333333333333,0.6135299999974682,0.4,0.029854039
1632,77316,0.3091726674050548,0,nan,0.5454545454545454,0.6133649999974671,0.4,0.02723025
1633,77349,0.3213140141104318,0,nan,0.5151515151515151,0.613199999997466,0.4,0.026512822
1634,77408,-0.22978344407854967,0,nan,0.7796610169491526,0.6129049999974641,0.4,0.03326481
1635,77439,0.3912961363694333,0,nan,0.5806451612903226,0.612749999997463,0.4,0.029481314
1636,77470,0.45494306416819097,0,nan,0.6451612903225806,0.612594999997462,0.4,0.026918747
1637,77593,-1.6787654028784145,0,nan,0.7154471544715447,0.611979999997458,0.4,0.038188048
1638,77624,0.39444735162696076,0,nan,0.6451612903225806,0.611824999997457,0.4,0.02730424
1639,77684,-0.2864802088659556,0,nan,0.75,0.611524999997455,0.4,0.028485673
1640,77715,0.36436679774183856,0,nan,0.6451612903225806,0.611369999997454,0.4,0.030688118
1641,77778,-0.3503024687481675,0,nan,0.746031746031746,0.6110549999974519,0.4,0.03198409
1642,77928,-3.758847562931807,0,nan,0.7133333333333334,0.610304999997447,0.4,0.060509432
1643,78078,-3.390586394291329,0,nan,0.7266666666666667,0.6095549999974421,0.4,0.050549366
1644,78228,-3.352829232258627,0,nan,0.7066666666666667,0.6088049999974372,0.4,0.05475684
1645,78263,0.3072477464753609,0,nan,0.5428571428571428,0.608629999997436,0.4,0.025590235
1646,78294,0.3315117271425271,0,nan,0.7096774193548387,0.608474999997435,0.4,0.030688122
1647,78327,0.24508812026978744,0,nan,0.696969696969697,0.608309999997434,0.4,0.030403856
1648,78360,0.3023453296661035,0,nan,0.7575757575757576,0.6081449999974329,0.4,0.02869743
1649,78391,0.26415100690839466,0,nan,0.6774193548387096,0.6079899999974319,0.4,0.03339034
1650,78423,0.24334720243953856,0,1.0,0.75,0.6078299999974308,0.4,0.03082856
1651,78453,0.3058376582784307,0,nan,0.7333333333333333,0.6076799999974298,0.4,0.032890316
1652,78485,0.318314886567025,0,nan,0.625,0.6075199999974288,0.4,0.026785068
1653,78543,-0.25532716073190276,0,nan,0.7586206896551724,0.6072299999974269,0.4,0.02942061
1654,78693,-3.249210519190573,0,nan,0.6933333333333334,0.606479999997422,0.4,0.047080092
1655,78728,0.20866871338238924,0,nan,0.7714285714285715,0.6063049999974208,0.4,0.03016737
1656,78758,0.34848305841595817,0,nan,0.8666666666666667,0.6061549999974198,0.4,0.030979177
1657,78792,0.24787371361494537,0,nan,0.6764705882352942,0.6059849999974187,0.4,0.030060215
1658,78824,0.3419189214466548,0,nan,0.65625,0.6058249999974177,0.4,0.028039675
1659,78863,0.16897752790437393,0,nan,0.6666666666666666,0.6056299999974164,0.4,0.031371348
1660,78896,0.27497302241853827,0,nan,0.5454545454545454,0.6054649999974153,0.4,0.029714314
1661,78926,0.3197844203865624,0,nan,0.7,0.6053149999974143,0.4,0.03114016
1662,78963,0.19770538304583818,0,nan,0.7297297297297297,0.6051299999974131,0.4,0.028223144
1663,79027,-0.42468709774225477,0,nan,0.53125,0.604809999997411,0.4,0.03298191
1664,79113,-1.0569356104283214,0,nan,0.7093023255813954,0.6043799999974082,0.4,0.034124076
1665,79157,0.021154450175401518,0,nan,0.6363636363636364,0.6041599999974068,0.4,0.031136388
1666,79191,0.19130959633077826,0,nan,0.7058823529411765,0.6039899999974057,0.4,0.033788472
1667,79230,0.13990317580042178,0,nan,0.5384615384615384,0.6037949999974044,0.4,0.029172901
1668,79267,0.1656934835920718,0,nan,0.7297297297297297,0.6036099999974032,0.4,0.028663617
1669,79301,0.24632453083393135,0,nan,0.7058823529411765,0.603439999997402,0.4,0.030319078
1670,79331,0.31816259140396697,0,nan,0.6333333333333333,0.6032899999974011,0.4,0.03153736
1671,79362,0.27656728248624984,0,nan,0.7096774193548387,0.6031349999974001,0.4,0.03267319
1672,79396,0.24911151549506205,0,nan,0.8235294117647058,0.6029649999973989,0.4,0.030081896
1673,79431,0.268981622747009,0,nan,0.6,0.6027899999973978,0.4,0.025043713
1674,79461,0.3851236128401174,0,nan,0.7666666666666667,0.6026399999973968,0.4,0.031358466
1675,79496,0.3592352720841412,0,nan,0.6571428571428571,0.6024649999973957,0.4,0.029239014
1676,79526,0.3626269738679251,0,nan,0.7666666666666667,0.6023149999973947,0.4,0.030604227
1677,79557,0.3941251226251332,0,nan,0.7419354838709677,0.6021599999973937,0.4,0.027603868
1678,79588,0.33393878629226614,0,nan,0.7419354838709677,0.6020049999973927,0.4,0.03050681
1679,79622,0.2388496554481021,0,nan,0.7058823529411765,0.6018349999973915,0.4,0.03207264
1680,79660,0.22058100523853397,0,0.0,0.6842105263157895,0.6016449999973903,0.4,0.025119375
1681,79692,0.3703512155005947,0,nan,0.6875,0.6014849999973892,0.4,0.026405638
1682,79842,-3.602694428001769,0,nan,0.7533333333333333,0.6007349999973843,0.4,0.06634527
1683,79902,-0.23029985024826483,0,nan,0.7166666666666667,0.6004349999973824,0.4,0.03149157
1684,79932,0.3744746038436493,0,nan,0.7666666666666667,0.6002849999973814,0.4,0.03134382
1685,80082,-3.198638996937025,0,nan,0.7066666666666667,0.5995349999973765,0.4,0.040946998
1686,80114,0.2758412597495824,0,nan,0.6875,0.5993749999973754,0.4,0.031785786
1687,80144,0.3888711000324413,0,nan,0.6666666666666666,0.5992249999973744,0.4,0.029511811
1688,80294,-3.1874507313322504,0,nan,0.7133333333333334,0.5984749999973695,0.4,0.05463099
1689,80326,0.3697291591090581,0,nan,0.65625,0.5983149999973685,0.4,0.02306483
1690,80362,0.19026899693477428,0,nan,0.75,0.5981349999973673,0.4,0.032252684
1691,80454,-1.0427355792952704,0,nan,0.7717391304347826,0.5976749999973643,0.4,0.03893968
1692,80495,0.09198475638588044,0,nan,0.6585365853658537,0.5974699999973629,0.4,0.028955186
1693,80526,0.354723143632956,0,nan,0.6451612903225806,0.5973149999973619,0.4,0.029505024
1694,80559,0.3422168472580568,0,nan,0.696969696969697,0.5971499999973608,0.4,0.028320843
1695,80594,0.24262607009347958,0,nan,0.6285714285714286,0.5969749999973597,0.4,0.026774386
1696,80705,-1.6420662993494304,0,nan,0.7837837837837838,0.5964199999973561,0.4,0.038583912
1697,80736,0.2864372806287071,0,nan,0.8064516129032258,0.596264999997355,0.4,0.028818185
1698,80886,-3.333515923987989,0,nan,0.74,0.5955149999973501,0.4,0.051799804
1699,80920,0.19962850300086088,0,nan,0.7058823529411765,0.595344999997349,0.4,0.032074865
1700,80951,0.38980738777115087,0,nan,0.6774193548387096,0.595189999997348,0.4,0.029735604
1701,80982,0.39563964522825135,0,nan,0.5161290322580645,0.595034999997347,0.4,0.026968803
1702,81017,0.2791493930985276,0,nan,0.6571428571428571,0.5948599999973458,0.4,0.028817736
1703,81048,0.3612964411015628,0,nan,0.6774193548387096,0.5947049999973448,0.4,0.028128395
1704,81198,-3.50039097677565,0,nan,0.7466666666666667,0.5939549999973399,0.4,0.06795531
1705,81233,0.27062438588058924,0,nan,0.6571428571428571,0.5937799999973388,0.4,0.02767814
1706,81270,0.2019104245105121,0,nan,0.8108108108108109,0.5935949999973376,0.4,0.028681433
1707,81312,0.04831569362421528,0,nan,0.7857142857142857,0.5933849999973362,0.4,0.034021564
1708,81344,0.35007819742951907,0,nan,0.5,0.5932249999973351,0.4,0.030908281
1709,81375,0.3560454847962021,0,nan,0.6451612903225806,0.5930699999973341,0.4,0.027630439
1710,81405,0.34329915554158175,0,1.0,0.7666666666666667,0.5929199999973331,0.4,0.03154986
1711,81472,-0.4407250197034507,0,nan,0.7014925373134329,0.5925849999973309,0.4,0.03282373
1712,81503,0.4347637751411889,0,nan,0.8064516129032258,0.5924299999973299,0.4,0.027414083
1713,81653,-3.236875426848697,0,nan,0.7133333333333334,0.591679999997325,0.4,0.04543431
1714,81687,0.30066854618057803,0,nan,0.6176470588235294,0.5915099999973239,0.4,0.0238597
1715,81717,0.34714655771223113,0,nan,0.6666666666666666,0.5913599999973229,0.4,0.032459173
1716,81746,0.3735954547219855,0,nan,0.6551724137931034,0.591214999997322,0.4,0.029747935
1717,81778,0.2950067301274859,0,nan,0.75,0.5910549999973209,0.4,0.03116329
1718,81928,-3.374574584024678,0,nan,0.74,0.590304999997316,0.4,0.044006336
1719,81958,0.3160318845076021,0,nan,0.8333333333333334,0.590154999997315,0.4,0.031365577
1720,82015,-1.1463750203434258,0,nan,0.8596491228070176,0.5898649999973131,0.4,0.049433935
1721,82045,0.3461423338754248,0,nan,0.8,0.5897149999973121,0.4,0.031833317
1722,82078,0.273537763910198,0,nan,0.6363636363636364,0.5895499999973111,0.4,0.029859424
1723,82111,0.26567767228448913,0,nan,0.696969696969697,0.58938499999731,0.4,0.029426025
1724,82142,0.413154731136561,0,nan,0.6774193548387096,0.589229999997309,0.4,0.030984405
1725,82292,-3.351347030918802,0,nan,0.7066666666666667,0.588479999997304,0.4,0.052235786
1726,82354,-0.24759557349470562,0,nan,0.6129032258064516,0.588169999997302,0.4,0.03177657
1727,82385,0.31250472133628915,0,nan,0.5806451612903226,0.588014999997301,0.4,0.031551246
1728,82416,0.346505456745247,0,nan,0.6774193548387096,0.5878599999973,0.4,0.03345807
1729,82447,0.33303947372240883,0,nan,0.6451612903225806,0.587704999997299,0.4,0.033929996
1730,82478,0.32595435760532765,0,nan,0.5806451612903226,0.587549999997298,0.4,0.030464755
1731,82628,-3.2735645749217097,0,nan,0.7466666666666667,0.586799999997293,0.4,0.05650014
1732,82660,0.33409520334067533,0,nan,0.6875,0.586639999997292,0.4,0.028406505
1733,82691,0.29681079915522335,0,nan,0.8064516129032258,0.586484999997291,0.4,0.03261386
1734,82722,0.39281191793264547,0,nan,0.5806451612903226,0.58632999999729,0.4,0.029108891
1735,82755,0.2725179278445923,0,nan,0.7272727272727273,0.5861649999972889,0.4,0.026173908
1736,82786,0.38489738444438626,0,nan,0.5161290322580645,0.5860099999972879,0.4,0.029431425
1737,82819,0.24717447674313275,0,nan,0.7575757575757576,0.5858449999972868,0.4,0.028700408
1738,82848,0.40465366979176187,0,nan,0.6206896551724138,0.5856999999972858,0.4,0.02845882
1739,82882,0.2902664288776492,0,nan,0.6176470588235294,0.5855299999972847,0.4,0.02649949
1740,82915,0.21792846449539605,0,1.0,0.8787878787878788,0.5853649999972836,0.4,0.033899393
1741,82945,0.4149655230688798,0,nan,0.7,0.5852149999972827,0.4,0.029627528
1742,82974,0.3524055424321787,0,nan,0.7241379310344828,0.5850699999972817,0.4,0.029164765
1743,83124,-3.4958670053615686,0,nan,0.7,0.5843199999972768,0.4,0.0638006
1744,83154,0.3198976332545087,0,nan,0.8,0.5841699999972758,0.4,0.03261342
1745,83184,0.29614908096108283,0,nan,0.7666666666666667,0.5840199999972748,0.4,0.030100625
1746,83216,0.2651634794439134,0,nan,0.6875,0.5838599999972738,0.4,0.03241223
1747,83245,0.3513803679380316,0,nan,0.6896551724137931,0.5837149999972728,0.4,0.032094885
1748,83275,0.31988522881649195,0,nan,0.6666666666666666,0.5835649999972718,0.4,0.031031957
1749,83306,0.32654152019019433,0,nan,0.5483870967741935,0.5834099999972708,0.4,0.02951237
1750,83338,0.30353976909635283,0,nan,0.59375,0.5832499999972698,0.4,0.031412665
1751,83398,-0.4307703778736356,0,nan,0.65,0.5829499999972678,0.4,0.028246464
1752,83428,0.3007546115733407,0,nan,0.6666666666666666,0.5827999999972668,0.4,0.031311087
1753,83459,0.2992745617907505,0,nan,0.7419354838709677,0.5826449999972658,0.4,0.03222855
1754,83489,0.3068225198150297,0,nan,0.7666666666666667,0.5824949999972648,0.4,0.030392073
1755,83518,0.3198985873070448,0,nan,0.7586206896551724,0.5823499999972639,0.4,0.034340907
1756,83551,0.26765918713880466,0,nan,0.7575757575757576,0.5821849999972628,0.4,0.028295083
1757,83581,0.35405460434600355,0,nan,0.6,0.5820349999972618,0.4,0.03060517
1758,83610,0.30848723121832367,0,nan,0.7586206896551724,0.5818899999972609,0.4,0.03366239
1759,83640,0.36921512462286554,0,nan,0.8666666666666667,0.5817399999972599,0.4,0.032376815
1760,83670,0.5776284153344253,1,nan,0.8333333333333334,0.5815899999972589,0.4,0.02905731
1761,83820,-3.340630953280297,0,nan,0.68,0.580839999997254,0.4,0.052544452
1762,83851,0.28629416997665413,0,nan,0.9032258064516129,0.580684999997253,0.4,0.03204702
1763,83881,0.3859267612709971,0,nan,0.7,0.580534999997252,0.4,0.030491518
1764,84031,-3.1548078060034257,0,nan,0.7333333333333333,0.5797849999972471,0.4,0.047543004
1765,84061,0.44536503179694886,0,nan,0.8,0.5796349999972461,0.4,0.029840242
1766,84142,-0.8892123639258441,0,nan,0.6419753086419753,0.5792299999972434,0.4,0.05549339
1767,84174,0.3892754351518313,0,nan,0.65625,0.5790699999972424,0.4,0.030850101
1768,84205,0.34246917468744675,0,nan,0.7741935483870968,0.5789149999972414,0.4,0.029517042
1769,84237,0.29382227423901364,0,nan,0.75,0.5787549999972403,0.4,0.030460613
1770,84267,0.5439334346487139,1,1.0,0.6,0.5786049999972394,0.4,0.029547118
1771,84296,0.3215682832478971,0,nan,0.7241379310344828,0.5784599999972384,0.4,0.032904077
1772,84326,0.33012035185833544,0,nan,0.5,0.5783099999972374,0.4,0.032294992
1773,84388,-0.22577340931390844,0,nan,0.7096774193548387,0.5779999999972354,0.4,0.031771813
1774,84419,0.4355524240212044,0,nan,0.6129032258064516,0.5778449999972344,0.4,0.028055962
1775,84479,-0.10055589273411214,0,nan,0.6833333333333333,0.5775449999972324,0.4,0.024920976
1776,84629,-3.224796032086525,0,nan,0.6066666666666667,0.5767949999972275,0.4,0.05397396
1777,84662,0.26054814657018943,0,nan,0.696969696969697,0.5766299999972264,0.4,0.029882172
1778,84737,-0.7538293067547287,0,nan,0.6533333333333333,0.576254999997224,0.4,0.04168287
1779,84769,0.2772618472126861,0,nan,0.75,0.5760949999972229,0.4,0.031804986
1780,84919,-3.375990494398976,0,nan,0.62,0.575344999997218,0.4,0.0570423
1781,85069,-3.3349946945187847,0,nan,0.7533333333333333,0.5745949999972131,0.4,0.04546092
1782,85099,0.28993006855539527,0,nan,0.6666666666666666,0.5744449999972121,0.4,0.03254629
1783,85158,-0.21768414981474093,0,nan,0.7288135593220338,0.5741499999972102,0.4,0.026977992
1784,85308,-3.051313096771226,0,nan,0.7,0.5733999999972053,0.4,0.04978433
1785,85338,0.4587624482726881,0,nan,0.6,0.5732499999972043,0.4,0.029228704
1786,85370,0.27292802186118514,0,nan,0.84375,0.5730899999972032,0.4,0.027681287
1787,85401,0.45460307021525226,0,nan,0.6451612903225806,0.5729349999972022,0.4,0.02810289
1788,85434,0.2636493574259965,0,nan,0.696969696969697,0.5727699999972011,0.4,0.028290015
1789,85465,0.2771917075976479,0,nan,0.6451612903225806,0.5726149999972001,0.4,0.03239824
1790,85615,-3.0819526958034866,0,nan,0.6933333333333334,0.5718649999971952,0.4,0.047865804
1791,85675,-0.23383893373843656,0,nan,0.7166666666666667,0.5715649999971932,0.4,0.030235829
1792,85734,-0.26309032687033396,0,nan,0.7627118644067796,0.5712699999971913,0.4,0.030416489
1793,85766,0.35561796668509194,0,nan,0.65625,0.5711099999971903,0.4,0.030441811
1794,85797,0.325566372986529,0,nan,0.6774193548387096,0.5709549999971892,0.4,0.029687993
1795,85827,0.42286166378650314,0,nan,0.6333333333333333,0.5708049999971883,0.4,0.02917713
1796,85977,-3.2969865709754944,0,nan,0.7,0.5700549999971833,0.4,0.049136665
1797,86007,0.3537664752533478,0,nan,0.7,0.5699049999971824,0.4,0.03433694
1798,86037,0.556618027818691,1,nan,0.7,0.5697549999971814,0.4,0.029335715
1799,86068,0.3468990271052588,0,nan,0.6774193548387096,0.5695999999971804,0.4,0.030524854
1800,86218,-3.2072212778153237,0,1.0,0.7066666666666667,0.5688499999971754,0.4,0.04482147
1801,86368,-3.185178360920591,0,nan,0.6333333333333333,0.5680999999971705,0.4,0.05579906
1802,86400,0.3743878331722028,0,nan,0.53125,0.5679399999971695,0.4,0.028694015
1803,86433,0.275079215964698,0,nan,0.7575757575757576,0.5677749999971684,0.4,0.03392542
1804,86465,0.3340313582648031,0,nan,0.6875,0.5676149999971674,0.4,0.032591358
1805,86523,-0.33198303585611033,0,nan,0.7931034482758621,0.5673249999971655,0.4,0.03507283
1806,86673,-3.4149667134729786,0,nan,0.7,0.5665749999971605,0.4,0.050059013
1807,86704,0.33228023656312944,0,nan,0.6774193548387096,0.5664199999971595,0.4,0.031641196
1808,86736,0.4076860579011323,0,nan,0.71875,0.5662599999971585,0.4,0.032003667
1809,86767,0.30075597924490816,0,nan,0.7419354838709677,0.5661049999971575,0.4,0.031366993
1810,86797,0.3733062350973151,0,nan,0.7666666666666667,0.5659549999971565,0.4,0.030978786
1811,86947,-3.3597539456503185,0,nan,0.7466666666666667,0.5652049999971516,0.4,0.070275515
1812,86980,0.3763336534059183,0,nan,0.7575757575757576,0.5650399999971505,0.4,0.026622424
1813,87010,0.35794441492489937,0,nan,0.7333333333333333,0.5648899999971495,0.4,0.030515246
1814,87040,0.4013567175032232,0,nan,0.8,0.5647399999971485,0.4,0.029850159
1815,87070,0.43718354093554435,0,nan,0.7,0.5645899999971475,0.4,0.030356295
1816,87107,0.21434575409594447,0,nan,0.7027027027027027,0.5644049999971463,0.4,0.028448366
1817,87140,0.3274943172870025,0,nan,0.6363636363636364,0.5642399999971452,0.4,0.02799707
1818,87290,-3.208072918255367,0,nan,0.6466666666666666,0.5634899999971403,0.4,0.052776936
1819,87440,-3.1931576729675695,0,nan,0.6933333333333334,0.5627399999971354,0.4,0.054327074
1820,87474,0.2604661725257982,0,nan,0.7058823529411765,0.5625699999971343,0.4,0.027743025
1821,87535,-0.25578031085674124,0,nan,0.7049180327868853,0.5622649999971323,0.4,0.027798543
1822,87567,0.2742197833893567,0,nan,0.6875,0.5621049999971313,0.4,0.030410185
1823,87717,-3.206477101909657,0,nan,0.7266666666666667,0.5613549999971263,0.4,0.0480223
1824,87748,0.3256019368977424,0,nan,0.7419354838709677,0.5611999999971253,0.4,0.03349665
1825,87779,0.33625379367022334,0,nan,0.5806451612903226,0.5610449999971243,0.4,0.032224
1826,87839,-0.18183495222686363,0,nan,0.65,0.5607449999971224,0.4,0.026347557
1827,87869,0.29949875934260417,0,nan,0.6333333333333333,0.5605949999971214,0.4,0.034106955
1828,87900,0.3211819775891043,0,nan,0.7419354838709677,0.5604399999971204,0.4,0.030432306
1829,87930,0.3464397754806071,0,nan,0.6333333333333333,0.5602899999971194,0.4,0.03126565
1830,88080,-3.198201485306263,0,1.0,0.7133333333333334,0.5595399999971145,0.4,0.050904106
1831,88111,0.37012807886872534,0,nan,0.6774193548387096,0.5593849999971134,0.4,0.032297935
1832,88261,-3.337077338280311,0,nan,0.7066666666666667,0.5586349999971085,0.4,0.047660876
1833,88291,0.3400856276558456,0,nan,0.7666666666666667,0.5584849999971075,0.4,0.033289276
1834,88351,-0.3118165923566478,0,nan,0.6333333333333333,0.5581849999971056,0.4,0.029058985
1835,88381,0.4405019991778941,0,nan,0.7333333333333333,0.5580349999971046,0.4,0.029971052
1836,88416,0.24981912374572257,0,nan,0.6285714285714286,0.5578599999971035,0.4,0.027116217
1837,88566,-3.5306108568351915,0,nan,0.7266666666666667,0.5571099999970985,0.4,0.07471529
1838,88599,0.3200356266132871,0,nan,0.5757575757575758,0.5569449999970975,0.4,0.028916325
1839,88632,0.23412053294595325,0,nan,0.6666666666666666,0.5567799999970964,0.4,0.033239517
1840,88662,0.4844227790431585,0,nan,0.5666666666666667,0.5566299999970954,0.4,0.030149551
1841,88812,-3.5336431743699803,0,nan,0.66,0.5558799999970905,0.4,0.050824348
1842,88874,-0.4776696390281684,0,nan,0.7580645161290323,0.5555699999970884,0.4,0.039325602
1843,88907,0.26689280668863513,0,nan,0.6363636363636364,0.5554049999970874,0.4,0.02813387
1844,88939,0.27413886838565305,0,nan,0.6875,0.5552449999970863,0.4,0.028014148
1845,88970,0.3260563181335955,0,nan,0.5483870967741935,0.5550899999970853,0.4,0.030430276
1846,89030,-0.34373616187361045,0,nan,0.7333333333333333,0.5547899999970833,0.4,0.0316919
1847,89180,-3.4999371543265774,0,nan,0.7533333333333333,0.5540399999970784,0.4,0.060843863
1848,89330,-3.57088105250286,0,nan,0.7466666666666667,0.5532899999970735,0.4,0.07389403
1849,89360,0.36809936842350677,0,nan,0.5666666666666667,0.5531399999970725,0.4,0.03179387
1850,89392,0.32158976717273724,0,nan,0.625,0.5529799999970715,0.4,0.02893381
1851,89426,0.2520723685284678,0,nan,0.6176470588235294,0.5528099999970704,0.4,0.028868996
1852,89456,0.3898902770191598,0,nan,0.6,0.5526599999970694,0.4,0.03130962
1853,89486,0.33880786191925927,0,nan,0.7,0.5525099999970684,0.4,0.030164538
1854,89636,-3.380790493558874,0,nan,0.7,0.5517599999970635,0.4,0.054344025
1855,89698,-0.32555670634292166,0,nan,0.6935483870967742,0.5514499999970615,0.4,0.031608082
1856,89730,0.26244009455916195,0,nan,0.65625,0.5512899999970604,0.4,0.030745644
1857,89789,-0.26123401452950445,0,nan,0.7288135593220338,0.5509949999970585,0.4,0.03177625
1858,89819,0.3822503540080343,0,nan,0.6333333333333333,0.5508449999970575,0.4,0.031241259
1859,89969,-3.188354037462308,0,nan,0.72,0.5500949999970526,0.4,0.04447244
1860,90000,0.2712225656637003,0,1.0,0.7096774193548387,0.5499399999970516,0.4,0.031763498
1861,90032,0.26588869002072235,0,nan,0.625,0.5497799999970505,0.4,0.03151684
1862,90066,0.24571080952383562,0,nan,0.5588235294117647,0.5496099999970494,0.4,0.028387185
1863,90216,-3.3500774037799124,0,nan,0.6533333333333333,0.5488599999970445,0.4,0.04860077
1864,90246,0.4114793697233914,0,nan,0.6333333333333333,0.5487099999970435,0.4,0.029582454
1865,90276,0.34039813214996095,0,nan,0.7,0.5485599999970425,0.4,0.030350884
1866,90306,0.31690798848485,0,nan,0.8,0.5484099999970415,0.4,0.03231854
1867,90339,0.25138871275909025,0,nan,0.7272727272727273,0.5482449999970405,0.4,0.03179596
1868,90369,0.48043375997704124,0,nan,0.7,0.5480949999970395,0.4,0.03007912
1869,90399,0.47484616499185717,0,nan,0.5666666666666667,0.5479449999970385,0.4,0.029809466
1870,90431,0.30216800628045104,0,nan,0.71875,0.5477849999970374,0.4,0.029324558
1871,90462,0.29248442105946926,0,nan,0.7096774193548387,0.5476299999970364,0.4,0.03265361
1872,90612,-3.5643843375642046,0,nan,0.7066666666666667,0.5468799999970315,0.4,0.045433667
1873,90642,0.458151846463667,0,nan,0.4666666666666667,0.5467299999970305,0.4,0.029866444
1874,90702,-0.30147385699335005,0,nan,0.7333333333333333,0.5464299999970286,0.4,0.03480197
1875,90734,0.30024767477644265,0,nan,0.8125,0.5462699999970275,0.4,0.030247102
1876,90796,-0.36869837011858475,0,nan,0.7419354838709677,0.5459599999970255,0.4,0.03480727
1877,90826,0.5065409000024316,1,nan,0.6666666666666666,0.5458099999970245,0.4,0.030025043
1878,90888,-0.29523872487992897,0,nan,0.7419354838709677,0.5454999999970225,0.4,0.030500943
1879,90919,0.3223157817810819,0,nan,0.6774193548387096,0.5453449999970215,0.4,0.030905921
1880,90951,0.26690662777390206,0,nan,0.46875,0.5451849999970204,0.4,0.030850329
1881,90981,0.31456658833180695,0,nan,0.4666666666666667,0.5450349999970194,0.4,0.031690065
1882,91013,0.29401601311106573,0,nan,0.65625,0.5448749999970184,0.4,0.03173725
1883,91163,-3.5615458980376467,0,nan,0.6866666666666666,0.5441249999970135,0.4,0.055514317
1884,91196,0.28339124506242064,0,nan,0.7575757575757576,0.5439599999970124,0.4,0.027545685
1885,91226,0.3725671844252113,0,nan,0.6333333333333333,0.5438099999970114,0.4,0.029317664
1886,91256,0.42800744511713495,0,nan,0.7333333333333333,0.5436599999970104,0.4,0.030455451
1887,91286,0.3028285978984602,0,nan,0.7,0.5435099999970094,0.4,0.0341719
1888,91317,0.35299925343906624,0,nan,0.6451612903225806,0.5433549999970084,0.4,0.032182653
1889,91347,0.33941532183056156,0,nan,0.6333333333333333,0.5432049999970074,0.4,0.03104546
1890,91379,0.2627597792946911,0,1.0,0.6875,0.5430449999970064,0.4,0.03085639
1891,91529,-3.3362739750313954,0,nan,0.68,0.5422949999970015,0.4,0.04993607
1892,91559,0.4039221146085443,0,nan,0.6,0.5421449999970005,0.4,0.030703139
1893,91590,0.34074481437628823,0,nan,0.7741935483870968,0.5419899999969995,0.4,0.032028995
1894,91621,0.30469217467631526,0,nan,0.8387096774193549,0.5418349999969985,0.4,0.030638501
1895,91651,0.4251573756484942,0,nan,0.7333333333333333,0.5416849999969975,0.4,0.030283766
1896,91801,-3.4636090304832536,0,nan,0.6933333333333334,0.5409349999969926,0.4,0.049947035
1897,91831,0.32904775010053056,0,nan,0.7,0.5407849999969916,0.4,0.032966863
1898,91861,0.303048240594168,0,nan,0.7,0.5406349999969906,0.4,0.03229259
1899,91922,-0.21966793577054466,0,nan,0.7213114754098361,0.5403299999969886,0.4,0.03202988
1900,91956,0.2353140762059699,0,nan,0.7352941176470589,0.5401599999969875,0.4,0.030720476
1901,91987,0.3044874572335089,0,nan,0.6451612903225806,0.5400049999969865,0.4,0.032047942
1902,92051,-0.4165020061272836,0,nan,0.71875,0.5396849999969844,0.4,0.033756673
1903,92081,0.36300013680472776,0,nan,0.7666666666666667,0.5395349999969834,0.4,0.031882185
1904,92176,-1.046666697737427,0,nan,0.6210526315789474,0.5390599999969803,0.4,0.037133604
1905,92238,-0.44820561782078616,0,nan,0.6774193548387096,0.5387499999969783,0.4,0.035946466
1906,92269,0.2873618798447891,0,nan,0.7741935483870968,0.5385949999969772,0.4,0.034145463
1907,92301,0.2522652116012648,0,nan,0.78125,0.5384349999969762,0.4,0.032818444
1908,92330,0.41016220354299304,0,nan,0.6551724137931034,0.5382899999969752,0.4,0.032300625
1909,92362,0.24823970451290367,0,nan,0.75,0.5381299999969742,0.4,0.03363181
1910,92394,0.2454845696003668,0,nan,0.6875,0.5379699999969731,0.4,0.03188722
1911,92455,-0.35773222494859724,0,nan,0.7213114754098361,0.5376649999969711,0.4,0.034938183
1912,92605,-3.4210522507780095,0,nan,0.72,0.5369149999969662,0.4,0.051850513
1913,92636,0.2799053986294531,0,nan,0.6451612903225806,0.5367599999969652,0.4,0.034827396
1914,92696,-0.21361453638651728,0,nan,0.7,0.5364599999969633,0.4,0.03414441
1915,92726,0.3307177734665594,0,nan,0.6,0.5363099999969623,0.4,0.03217686
1916,92876,-3.4810059333428294,0,nan,0.7266666666666667,0.5355599999969574,0.4,0.048867647
1917,92972,-1.136212128426732,0,nan,0.71875,0.5350799999969542,0.4,0.03546812
1918,93122,-3.6119939301857507,0,nan,0.7466666666666667,0.5343299999969493,0.4,0.06319906
1919,93153,0.42285581743015155,0,nan,0.6129032258064516,0.5341749999969483,0.4,0.031217245
1920,93183,0.36521486253670965,0,1.0,0.6,0.5340249999969473,0.4,0.031617872
1921,93333,-3.2214559232352618,0,nan,0.6733333333333333,0.5332749999969424,0.4,0.04426094
1922,93393,-0.27322276095437825,0,nan,0.75,0.5329749999969404,0.4,0.030301733
1923,93463,-0.5054378689148222,0,nan,0.7285714285714285,0.5326249999969381,0.4,0.033736106
1924,93495,0.2613147308792324,0,nan,0.625,0.5324649999969371,0.4,0.031359684
1925,93526,0.2916035978477616,0,nan,0.5806451612903226,0.5323099999969361,0.4,0.032270946
1926,93676,-3.440532003361004,0,nan,0.6466666666666666,0.5315599999969312,0.4,0.057633635
1927,93707,0.33083405316819947,0,nan,0.6129032258064516,0.5314049999969301,0.4,0.028678779
1928,93740,0.3167775352110629,0,nan,0.6666666666666666,0.5312399999969291,0.4,0.03066184
1929,93776,0.24248686283305576,0,nan,0.5555555555555556,0.5310599999969279,0.4,0.03305187
1930,93809,0.2843337443575118,0,nan,0.7272727272727273,0.5308949999969268,0.4,0.02828292
1931,93840,0.30793071207545064,0,nan,0.6774193548387096,0.5307399999969258,0.4,0.032674395
1932,93874,0.28573071507581804,0,nan,0.6764705882352942,0.5305699999969247,0.4,0.026660917
1933,93905,0.3329982902902654,0,nan,0.5806451612903226,0.5304149999969237,0.4,0.030038822
1934,93964,-0.28159392763447455,0,nan,0.6610169491525424,0.5301199999969217,0.4,0.02812139
1935,94004,0.11681858012206414,0,nan,0.6,0.5299199999969204,0.4,0.028597284
1936,94035,0.356355849397735,0,nan,0.5161290322580645,0.5297649999969194,0.4,0.031420294
1937,94094,-0.19495910235890257,0,nan,0.6440677966101694,0.5294699999969175,0.4,0.031047465
1938,94126,0.2989356115028158,0,nan,0.625,0.5293099999969164,0.4,0.030903324
1939,94156,0.38819815989995665,0,nan,0.6,0.5291599999969154,0.4,0.031108605
1940,94187,0.43216280928959416,0,nan,0.6451612903225806,0.5290049999969144,0.4,0.033025704
1941,94222,0.1999488179857487,0,nan,0.6,0.5288299999969133,0.4,0.030779041
1942,94255,0.2686704900254919,0,nan,0.6060606060606061,0.5286649999969122,0.4,0.026006889
1943,94314,-0.12984107731500183,0,nan,0.6271186440677966,0.5283699999969103,0.4,0.030840257
1944,94464,-3.5378992517668224,0,nan,0.6666666666666666,0.5276199999969053,0.4,0.05596014
1945,94494,0.3740198446208458,0,nan,0.7333333333333333,0.5274699999969044,0.4,0.031734265
1946,94556,-0.35199700918866994,0,nan,0.7580645161290323,0.5271599999969023,0.4,0.031132631
1947,94587,0.2931265866778744,0,nan,0.6774193548387096,0.5270049999969013,0.4,0.031584706
1948,94652,-0.36956993876735733,0,nan,0.6615384615384615,0.5266799999968992,0.4,0.03364656
1949,94683,0.4035032613192122,0,nan,0.5806451612903226,0.5265249999968982,0.4,0.03139073
1950,94833,-3.5504245638191083,0,1.0,0.7266666666666667,0.5257749999968933,0.4,0.05226376
1951,94896,-0.3270330523116052,0,nan,0.6349206349206349,0.5254599999968912,0.4,0.034345407
1952,94957,-0.26639358890055964,0,nan,0.7377049180327869,0.5251549999968892,0.4,0.026797604
1953,94990,0.251518213441256,0,nan,0.6363636363636364,0.5249899999968881,0.4,0.030202944
1954,95052,-0.3398355360394938,0,nan,0.6774193548387096,0.5246799999968861,0.4,0.029587368
1955,95082,0.4373926659053142,0,nan,0.5666666666666667,0.5245299999968851,0.4,0.028917603
1956,95146,-0.2998806351194736,0,nan,0.671875,0.524209999996883,0.4,0.032571897
1957,95176,0.40050962886084474,0,nan,0.5666666666666667,0.524059999996882,0.4,0.029876607
1958,95206,0.347676492305398,0,nan,0.7,0.523909999996881,0.4,0.03358139
1959,95236,0.34238099059484695,0,nan,0.6666666666666666,0.52375999999688,0.4,0.032913305
1960,95301,-0.27161391405229396,0,nan,0.676923076923077,0.5234349999968779,0.4,0.036356192
1961,95333,0.4121324573847901,0,nan,0.625,0.5232749999968769,0.4,0.028300745
1962,95362,0.3600434755460671,0,nan,0.7931034482758621,0.5231299999968759,0.4,0.032524087
1963,95395,0.2851613450377082,0,nan,0.6666666666666666,0.5229649999968748,0.4,0.028992666
1964,95545,-3.3293666081257713,0,nan,0.6866666666666666,0.5222149999968699,0.4,0.05572352
1965,95695,-3.220802775058513,0,nan,0.6733333333333333,0.521464999996865,0.4,0.048601415
1966,95726,0.44534048539840787,0,nan,0.5161290322580645,0.521309999996864,0.4,0.027230961
1967,95759,0.24777881362778564,0,nan,0.5757575757575758,0.5211449999968629,0.4,0.0314263
1968,95791,0.2792910329721233,0,nan,0.46875,0.5209849999968619,0.4,0.03191449
1969,95822,0.30490178897605835,0,nan,0.6451612903225806,0.5208299999968609,0.4,0.029576477
1970,95852,0.40242580289958374,0,nan,0.5666666666666667,0.5206799999968599,0.4,0.03090035
1971,95883,0.3771579962880852,0,nan,0.6129032258064516,0.5205249999968589,0.4,0.029465886
1972,95912,0.39975355621659225,0,nan,0.5517241379310345,0.5203799999968579,0.4,0.030892754
1973,95942,0.3275684561872193,0,nan,0.7,0.5202299999968569,0.4,0.031301398
1974,96092,-3.136446647677585,0,nan,0.64,0.519479999996852,0.4,0.05075197
1975,96185,-0.8884746533438178,0,nan,0.8279569892473119,0.519014999996849,0.4,0.033073537
1976,96241,-1.1923967662963746,0,nan,0.7142857142857143,0.5187299999968471,0.4,0.049426414
1977,96273,0.2918625005977439,0,nan,0.65625,0.518569999996846,0.4,0.030702181
1978,96303,0.47350204772486437,0,nan,0.7,0.5184199999968451,0.4,0.02877719
1979,96333,0.30153023597581696,0,nan,0.6333333333333333,0.5182699999968441,0.4,0.0320505
1980,96365,0.2763941850388154,0,1.0,0.78125,0.518109999996843,0.4,0.030132828
1981,96396,0.28331559445155097,0,nan,0.7419354838709677,0.517954999996842,0.4,0.029351795
1982,96546,-3.147326593868666,0,nan,0.6533333333333333,0.5172049999968371,0.4,0.0492435
1983,96577,0.35293885716932416,0,nan,0.6451612903225806,0.5170499999968361,0.4,0.030636016
1984,96606,0.35640347353455004,0,nan,0.7241379310344828,0.5169049999968351,0.4,0.030941255
1985,96635,0.3655488776546272,0,nan,0.7586206896551724,0.5167599999968342,0.4,0.03378426
1986,96664,0.36179024013090266,0,nan,0.5172413793103449,0.5166149999968332,0.4,0.034673408
1987,96718,-0.2622877675616333,0,nan,0.7037037037037037,0.5163449999968315,0.4,0.03038746
1988,96803,-0.9034555844796894,0,nan,0.611764705882353,0.5159199999968287,0.4,0.030903444
1989,96835,0.2626083347750794,0,nan,0.65625,0.5157599999968276,0.4,0.03313991
1990,96865,0.3854527616465272,0,nan,0.6333333333333333,0.5156099999968267,0.4,0.030640328
1991,96897,0.25838840986372613,0,nan,0.4375,0.5154499999968256,0.4,0.031515937
1992,96928,0.3085342165654651,0,nan,0.6774193548387096,0.5152949999968246,0.4,0.027731266
1993,96958,0.30215267000195956,0,nan,0.5333333333333333,0.5151449999968236,0.4,0.03087212
1994,96988,0.34970909774031267,0,nan,0.7333333333333333,0.5149949999968226,0.4,0.030733934
1995,97019,0.33345882697057894,0,nan,0.6774193548387096,0.5148399999968216,0.4,0.03116778
1996,97049,0.32437394485520077,0,nan,0.5666666666666667,0.5146899999968206,0.4,0.03132009
1997,97199,-3.418819833197813,0,nan,0.6266666666666667,0.5139399999968157,0.4,0.049133185
1998,97233,0.257158419918888,0,nan,0.6470588235294118,0.5137699999968146,0.4,0.031545497
1999,97268,0.1829082913421547,0,nan,0.6857142857142857,0.5135949999968135,0.4,0.03002471
2000,97299,0.3323472619731731,0,nan,0.5806451612903226,0.5134399999968124,0.4,0.030394867
2001,97329,0.4113053293932204,0,nan,0.6,0.5132899999968115,0.4,0.029980967
2002,97361,0.3567918363297158,0,nan,0.6875,0.5131299999968104,0.4,0.03014543
2003,97393,0.2837667456209453,0,nan,0.46875,0.5129699999968094,0.4,0.03287203
2004,97424,0.32463145868337706,0,nan,0.5483870967741935,0.5128149999968084,0.4,0.031056408
2005,97458,0.2539519035383495,0,nan,0.7058823529411765,0.5126449999968072,0.4,0.032998703
2006,97521,-0.3504377459549535,0,nan,0.7142857142857143,0.5123299999968052,0.4,0.032775644
2007,97583,-0.2741374520136548,0,nan,0.7258064516129032,0.5120199999968031,0.4,0.034296524
2008,97613,0.4814546044698278,0,nan,0.6666666666666666,0.5118699999968022,0.4,0.030069329
2009,97643,0.3284692636183848,0,nan,0.7,0.5117199999968012,0.4,0.031617668
2010,97673,0.4142136044014805,0,1.0,0.7666666666666667,0.5115699999968002,0.4,0.031227518
2011,97703,0.36913839897458056,0,nan,0.6333333333333333,0.5114199999967992,0.4,0.031974945
2012,97733,0.38235268855502014,0,nan,0.5666666666666667,0.5112699999967982,0.4,0.031517573
2013,97763,0.38746264628244154,0,nan,0.7333333333333333,0.5111199999967972,0.4,0.031023722
2014,97792,0.3709833437667407,0,nan,0.5517241379310345,0.5109749999967963,0.4,0.032717478
2015,97823,0.29829891246554285,0,nan,0.5806451612903226,0.5108199999967953,0.4,0.031088099
2016,97853,0.46287859287445754,0,nan,0.7333333333333333,0.5106699999967943,0.4,0.031210704
2017,97883,0.35462621756888013,0,nan,0.5333333333333333,0.5105199999967933,0.4,0.03137563
2018,97914,0.3177601220008651,0,nan,0.7741935483870968,0.5103649999967923,0.4,0.03128111
2019,97944,0.334857843569925,0,nan,0.6333333333333333,0.5102149999967913,0.4,0.03346874
2020,97977,0.2717155245058096,0,nan,0.6060606060606061,0.5100499999967902,0.4,0.030336406
2021,98007,0.4544755677947292,0,nan,0.6333333333333333,0.5098999999967893,0.4,0.029801043
2022,98066,-0.2508361049747293,0,nan,0.7288135593220338,0.5096049999967873,0.4,0.032106217
2023,98216,-3.482441138654996,0,nan,0.6866666666666666,0.5088549999967824,0.4,0.055905107
2024,98248,0.2975012114243648,0,nan,0.625,0.5086949999967814,0.4,0.029974034
2025,98313,-0.4601272727527058,0,nan,0.7384615384615385,0.5083699999967792,0.4,0.0392164
2026,98346,0.2387218633624597,0,nan,0.6666666666666666,0.5082049999967782,0.4,0.03101498
2027,98376,0.33734392915681655,0,nan,0.7,0.5080549999967772,0.4,0.03192608
2028,98409,0.22022988093517903,0,nan,0.5151515151515151,0.5078899999967761,0.4,0.0316233
2029,98559,-3.5753558083676924,0,nan,0.68,0.5071399999967712,0.4,0.04813212
2030,98589,0.34733233617698467,0,nan,0.5333333333333333,0.5069899999967702,0.4,0.031532995
2031,98620,0.3475725098197632,0,nan,0.5806451612903226,0.5068349999967692,0.4,0.030242309
2032,98682,-0.37007001490586666,0,nan,0.6774193548387096,0.5065249999967671,0.4,0.044073757
2033,98713,0.3010333589848143,0,nan,0.6774193548387096,0.5063699999967661,0.4,0.029420506
2034,98743,0.31264278206318175,0,nan,0.8,0.5062199999967651,0.4,0.03310633
2035,98773,0.30614364477202494,0,nan,0.8666666666666667,0.5060699999967642,0.4,0.03325722
2036,98803,0.35687370497738424,0,nan,0.5666666666666667,0.5059199999967632,0.4,0.031328715
2037,98833,0.5115722624807947,1,nan,0.6333333333333333,0.5057699999967622,0.4,0.030337263
2038,98863,0.3625700104074493,0,nan,0.6,0.5056199999967612,0.4,0.032384034
2039,98893,0.33168235673633106,0,nan,0.7,0.5054699999967602,0.4,0.032419745
2040,98988,-1.1476842989680116,0,0.0,0.6947368421052632,0.5049949999967571,0.4,0.03545321
2041,99018,0.3664187007282149,0,nan,0.7,0.5048449999967561,0.4,0.0328531
2042,99048,0.4400272674994362,0,nan,0.6333333333333333,0.5046949999967552,0.4,0.0298986
2043,99112,-0.4231601916768991,0,nan,0.640625,0.5043749999967531,0.4,0.03808437
2044,99142,0.46747004441536,0,nan,0.6333333333333333,0.5042249999967521,0.4,0.030438222
2045,99172,0.3173191941289718,0,nan,0.4666666666666667,0.5040749999967511,0.4,0.03264751
2046,99202,0.31788139988788466,0,nan,0.7,0.5039249999967501,0.4,0.031073349
2047,99236,0.2385140026790975,0,nan,0.8235294117647058,0.503754999996749,0.4,0.028943345
2048,99386,-3.6939895193306356,0,nan,0.7066666666666667,0.5030049999967441,0.4,0.09467272
2049,99416,0.3775565220135513,0,nan,0.5,0.5028549999967431,0.4,0.03169259
2050,99566,-3.3701736484017197,0,nan,0.7333333333333333,0.5021049999967382,0.4,0.05636138
2051,99599,0.2646606079669789,0,nan,0.6363636363636364,0.5019399999967371,0.4,0.029148066
2052,99629,0.4206052778095428,0,nan,0.8,0.5017899999967361,0.4,0.03121959
2053,99661,0.2810919901097374,0,nan,0.6875,0.5016299999967351,0.4,0.029713938
2054,99693,0.30797610352268967,0,nan,0.625,0.501469999996734,0.4,0.029642764
2055,99723,0.47161121836246034,0,nan,0.6666666666666666,0.501319999996733,0.4,0.030137831
2056,99753,0.5406871124539332,1,nan,0.7333333333333333,0.5011699999967321,0.4,0.028984837
2057,99787,0.23529270767438049,0,nan,0.6176470588235294,0.500999999996731,0.4,0.031228924
2058,99854,-0.41882762583141675,0,nan,0.6716417910447762,0.5006649999967288,0.4,0.036448184
2059,99884,0.3264370440595098,0,nan,0.5666666666666667,0.5005149999967278,0.4,0.031817637
2060,99918,0.2570337606067786,0,nan,0.7058823529411765,0.5003449999967267,0.4,0.030292515
2061,99948,0.3470332815195776,0,nan,0.6666666666666666,0.5001949999967257,0.4,0.031230446
2062,99979,0.38496470945163364,0,nan,0.4838709677419355,0.5000399999967247,0.4,0.028844122
2063,100009,0.33860654669118595,0,nan,0.6666666666666666,0.49988999999672495,0.4,0.033860017
2064,100040,0.27598918832005626,0,nan,0.5806451612903226,0.49973499999672566,0.4,0.032419696
2065,100072,0.26103628898407083,0,nan,0.65625,0.4995749999967264,0.4,0.033726152
2066,100172,-1.232807595402452,0,nan,0.59,0.49907499999672866,0.4,0.043516804
2067,100202,0.39199213538082467,0,nan,0.6333333333333333,0.49892499999672935,0.4,0.028831445
2068,100232,0.27722363179072895,0,nan,0.6333333333333333,0.49877499999673003,0.4,0.034161195
2069,100263,0.32297313596460664,0,nan,0.4838709677419355,0.49861999999673073,0.4,0.032194287
2070,100293,0.39270913223361115,0,1.0,0.43333333333333335,0.4984699999967314,0.4,0.03093637
2071,100443,-3.2818873157841515,0,nan,0.6,0.49771999999673483,0.4,0.05665591
2072,100573,-2.098358568684843,0,nan,0.6153846153846154,0.4970699999967378,0.4,0.054222845
2073,100603,0.3533165572430854,0,nan,0.7,0.49691999999673847,0.4,0.029462574
2074,100633,0.325968637220045,0,nan,0.5,0.49676999999673915,0.4,0.031849112
2075,100666,0.33675044904069595,0,nan,0.45454545454545453,0.4966049999967399,0.4,0.028344408
2076,100698,0.2930238951801728,0,nan,0.625,0.49644499999674063,0.4,0.029404735
2077,100728,0.5919613762068032,1,nan,0.6333333333333333,0.4962949999967413,0.4,0.028790176
2078,100760,0.28526129062811756,0,nan,0.59375,0.49613499999674204,0.4,0.030791968
2079,100792,0.35003032992056216,0,nan,0.59375,0.49597499999674277,0.4,0.027276566
2080,100822,0.29541718434598085,0,nan,0.6333333333333333,0.49582499999674345,0.4,0.032037612
2081,100853,0.3175818295220546,0,nan,0.6774193548387096,0.49566999999674416,0.4,0.028903607
2082,100929,-0.7070651658313702,0,nan,0.631578947368421,0.4952899999967459,0.4,0.035923924
2083,101079,-3.2528567804135906,0,nan,0.7266666666666667,0.4945399999967493,0.4,0.05042181
2084,101109,0.30499064845592305,0,nan,0.6,0.49438999999675,0.4,0.033207577
2085,101139,0.29683191126029895,0,nan,0.7333333333333333,0.49423999999675067,0.4,0.030789953
2086,101169,0.39582310993430214,0,nan,0.5,0.49408999999675135,0.4,0.03034305
2087,101202,0.25380811726494523,0,nan,0.6060606060606061,0.4939249999967521,0.4,0.03023888
2088,101234,0.31069970134214997,0,nan,0.71875,0.49376499999675283,0.4,0.027787533
2089,101296,-0.3385999295302832,0,nan,0.5806451612903226,0.49345499999675424,0.4,0.030869028
2090,101328,0.32066374831688005,0,nan,0.5625,0.49329499999675497,0.4,0.03000859
2091,101357,0.35350503438454406,0,nan,0.6896551724137931,0.49314999999675563,0.4,0.0340526
2092,101388,0.3881253801127179,0,nan,0.3870967741935484,0.49299499999675633,0.4,0.026222488
2093,101444,-0.19326842542264544,0,nan,0.6785714285714286,0.4927149999967576,0.4,0.030445825
2094,101474,0.33216172306644565,0,nan,0.6333333333333333,0.4925649999967583,0.4,0.031162055
2095,101507,0.2689516545401871,0,nan,0.6666666666666666,0.49239999999675904,0.4,0.030950874
2096,101543,0.18668429368084882,0,nan,0.6111111111111112,0.49221999999675986,0.4,0.029217789
2097,101573,0.3487338819529229,0,nan,0.6666666666666666,0.49206999999676054,0.4,0.030425042
2098,101603,0.4250564233761269,0,nan,0.5666666666666667,0.4919199999967612,0.4,0.02797118
2099,101635,0.27259676884782014,0,nan,0.8125,0.49175999999676195,0.4,0.02868197
2100,101669,0.25346775432579316,0,1.0,0.5588235294117647,0.4915899999967627,0.4,0.031204795
2101,101702,0.30102213315631365,0,nan,0.6363636363636364,0.4914249999967635,0.4,0.027162932
2102,101732,0.37942267696028076,0,nan,0.6,0.49127499999676416,0.4,0.030315576
2103,101766,0.23401677786603847,0,nan,0.5588235294117647,0.49110499999676493,0.4,0.032560617
2104,101916,-2.9781891445233524,0,nan,0.68,0.49035499999676835,0.4,0.054505356
2105,102066,-3.355755717013088,0,nan,0.6066666666666667,0.48960499999677176,0.4,0.05712921
2106,102126,-0.2586841516149254,0,nan,0.65,0.4893049999967731,0.4,0.035479967
2107,102156,0.4637911231332712,0,nan,0.5333333333333333,0.4891549999967738,0.4,0.028780427
2108,102186,0.3421744942898697,0,nan,0.6,0.4890049999967745,0.4,0.03340552
2109,102228,0.05936650552743372,0,nan,0.6190476190476191,0.48879499999677545,0.4,0.026725814
2110,102378,-3.2253739188523793,0,nan,0.6066666666666667,0.48804499999677886,0.4,0.055224862
2111,102410,0.2555167150422447,0,nan,0.71875,0.4878849999967796,0.4,0.03308469
2112,102463,-0.19126568103614483,0,nan,0.6792452830188679,0.4876199999967808,0.4,0.027551435
2113,102492,0.3195837388867462,0,nan,0.8275862068965517,0.48747499999678146,0.4,0.034118656
2114,102551,-0.36461166514410603,0,nan,0.7288135593220338,0.4871799999967828,0.4,0.029404074
2115,102583,0.28009458299817735,0,nan,0.65625,0.4870199999967835,0.4,0.028827572
2116,102640,-0.18538602499498413,0,nan,0.6666666666666666,0.4867349999967848,0.4,0.028456192
2117,102701,-0.25939454480956636,0,nan,0.5081967213114754,0.4864299999967862,0.4,0.037274744
2118,102731,0.4374471193284597,0,nan,0.6,0.4862799999967869,0.4,0.029690573
2119,102881,-3.2924632733461623,0,nan,0.6866666666666666,0.4855299999967903,0.4,0.051313665
2120,103031,-3.2704362032642966,0,nan,0.6333333333333333,0.4847799999967937,0.4,0.05146949
2121,103063,0.27676474742394486,0,nan,0.625,0.48461999999679445,0.4,0.030661367
2122,103095,0.3310873152551339,0,nan,0.65625,0.4844599999967952,0.4,0.027780948
2123,103245,-3.29202271645624,0,nan,0.7066666666666667,0.4837099999967986,0.4,0.044677183
2124,103395,-3.466904191129899,0,nan,0.6466666666666666,0.482959999996802,0.4,0.04953201
2125,103425,0.42128065762976974,0,nan,0.5,0.4828099999968027,0.4,0.030528152
2126,103457,0.3036298567826917,0,nan,0.6875,0.4826499999968034,0.4,0.029036112
2127,103489,0.2617799739770177,0,nan,0.75,0.48248999999680414,0.4,0.03108783
2128,103519,0.3078942639920328,0,nan,0.6333333333333333,0.4823399999968048,0.4,0.03557659
2129,103549,0.44016745967874726,0,nan,0.5666666666666667,0.4821899999968055,0.4,0.028684588
2130,103580,0.314725181530234,0,1.0,0.7741935483870968,0.4820349999968062,0.4,0.027893018
2131,103618,0.13164407485533258,0,nan,0.631578947368421,0.4818449999968071,0.4,0.029786948
2132,103650,0.27497490063890573,0,nan,0.5625,0.4816849999968078,0.4,0.032653503
2133,103751,-1.0736078070696342,0,nan,0.6237623762376238,0.4811799999968101,0.4,0.03341622
2134,103810,-0.3209787650742646,0,nan,0.5423728813559322,0.48088499999681145,0.4,0.026706079
2135,103840,0.3594380034020359,0,nan,0.5333333333333333,0.48073499999681213,0.4,0.0318037
2136,103873,0.28151431498558155,0,nan,0.6363636363636364,0.4805699999968129,0.4,0.029350052
2137,103933,-0.29914396519900577,0,nan,0.5666666666666667,0.48026999999681425,0.4,0.032644417
2138,103964,0.31075460730298465,0,nan,0.6774193548387096,0.48011499999681495,0.4,0.030478854
2139,103996,0.25977712720726787,0,nan,0.65625,0.4799549999968157,0.4,0.030923521
2140,104146,-3.516503019916857,0,nan,0.6266666666666667,0.4792049999968191,0.4,0.058149822
2141,104176,0.2932525049750636,0,nan,0.7,0.4790549999968198,0.4,0.035313156
2142,104208,0.30662792114867554,0,nan,0.6875,0.4788949999968205,0.4,0.029451253
2143,104238,0.288099593443075,0,nan,0.6666666666666666,0.4787449999968212,0.4,0.03314532
2144,104268,0.38465013555877914,0,nan,0.6,0.47859499999682187,0.4,0.030494656
2145,104312,0.03415513100512679,0,nan,0.6818181818181818,0.47837499999682287,0.4,0.02971664
2146,104345,0.2414144688575992,0,nan,0.6363636363636364,0.4782099999968236,0.4,0.031782318
2147,104378,0.31104827506382016,0,nan,0.6666666666666666,0.47804499999682437,0.4,0.026957171
2148,104410,0.2948875693782602,0,nan,0.71875,0.4778849999968251,0.4,0.02657069
2149,104473,-0.2985978741572288,0,nan,0.6190476190476191,0.47756999999682653,0.4,0.031551287
2150,104562,-0.8425321169447167,0,nan,0.6179775280898876,0.47712499999682856,0.4,0.03109414
2151,104594,0.2841700381079625,0,nan,0.59375,0.4769649999968293,0.4,0.030337363
2152,104744,-3.3517918759801772,0,nan,0.6333333333333333,0.4762149999968327,0.4,0.047782373
2153,104894,-3.5591775957764398,0,nan,0.6133333333333333,0.4754649999968361,0.4,0.042155307
2154,104924,0.3141715781305029,0,nan,0.6666666666666666,0.4753149999968368,0.4,0.030849826
2155,105074,-3.2209361982481783,0,nan,0.6466666666666666,0.4745649999968402,0.4,0.044638205
2156,105129,-0.17118278054844327,0,nan,0.6545454545454545,0.47428999999684146,0.4,0.025373315
2157,105175,-0.07809269793562046,0,nan,0.6521739130434783,0.4740599999968425,0.4,0.027665468
2158,105205,0.365579773360202,0,nan,0.5333333333333333,0.4739099999968432,0.4,0.028582789
2159,105235,0.317183760318436,0,nan,0.6,0.4737599999968439,0.4,0.03344175
2160,105268,0.21880323869643226,0,1.0,0.5454545454545454,0.4735949999968446,0.4,0.032385614
2161,105333,-0.35100374815171675,0,nan,0.6615384615384615,0.4732699999968461,0.4,0.026025001
2162,105365,0.2801116009877037,0,nan,0.5625,0.47310999999684683,0.4,0.027590254
2163,105401,0.2025240545061049,0,nan,0.5555555555555556,0.47292999999684765,0.4,0.033864073
2164,105431,0.27524255761877037,0,nan,0.5333333333333333,0.47277999999684833,0.4,0.032646414
2165,105581,-3.4404030320950607,0,nan,0.64,0.47202999999685175,0.4,0.050322834
2166,105613,0.2650488607600898,0,nan,0.65625,0.4718699999968525,0.4,0.032744225
2167,105651,0.1283324985802874,0,nan,0.7368421052631579,0.47167999999685334,0.4,0.03121908
2168,105801,-3.3660432903797743,0,nan,0.64,0.47092999999685675,0.4,0.049396183
2169,105831,0.41288651913827557,0,nan,0.6,0.47077999999685743,0.4,0.02835682
2170,105863,0.2718746766134216,0,nan,0.6875,0.47061999999685816,0.4,0.029711178
2171,105924,-0.2658563616390548,0,nan,0.5901639344262295,0.47031499999685955,0.4,0.03778375
2172,105954,0.3121298920305462,0,nan,0.5333333333333333,0.47016499999686023,0.4,0.033576053
2173,105984,0.3487988756061732,0,nan,0.5,0.4700149999968609,0.4,0.03144143
2174,106014,0.37372533277922015,0,nan,0.7,0.4698649999968616,0.4,0.029916981
2175,106044,0.431522154224399,0,nan,0.4,0.4697149999968623,0.4,0.029895894
2176,106194,-3.517813572233164,0,nan,0.6533333333333333,0.4689649999968657,0.4,0.073258564
2177,106225,0.31806506278937474,0,nan,0.5806451612903226,0.4688099999968664,0.4,0.031016285
2178,106256,0.2653133596799231,0,nan,0.6129032258064516,0.4686549999968671,0.4,0.033535633
2179,106285,0.3471261435836621,0,nan,0.5517241379310345,0.46850999999686777,0.4,0.03132566
2180,106435,-3.2476917738538544,0,nan,0.62,0.4677599999968712,0.4,0.051536478
2181,106469,0.22458730486173584,0,nan,0.6470588235294118,0.46758999999687195,0.4,0.032641284
2182,106502,0.2553135813207852,0,nan,0.42424242424242425,0.4674249999968727,0.4,0.031176198
2183,106561,-0.21239925167826545,0,nan,0.6779661016949152,0.46712999999687405,0.4,0.027851263
2184,106591,0.2896692516350121,0,nan,0.7,0.46697999999687473,0.4,0.032523204
2185,106621,0.29618895278229407,0,nan,0.6333333333333333,0.4668299999968754,0.4,0.036346696
2186,106771,-3.596448142097665,0,nan,0.56,0.4660799999968788,0.4,0.05223191
2187,106810,0.1291572160102753,0,nan,0.6410256410256411,0.4658849999968797,0.4,0.031179544
2188,106840,0.475070036116088,0,nan,0.4,0.4657349999968804,0.4,0.030020794
2189,106875,0.1691030260437667,0,nan,0.7714285714285715,0.4655599999968812,0.4,0.03303504
2190,107025,-3.2394495873069338,0,1.0,0.6533333333333333,0.4648099999968846,0.4,0.05144801
2191,107056,0.2613348873081788,0,nan,0.6451612903225806,0.4646549999968853,0.4,0.033685192
2192,107088,0.27258487895721584,0,nan,0.71875,0.46449499999688604,0.4,0.032575
2193,107122,0.26260112805635016,0,nan,0.5294117647058824,0.4643249999968868,0.4,0.029638942
2194,107152,0.3553449544894157,0,nan,0.6333333333333333,0.4641749999968875,0.4,0.033465363
2195,107182,0.44621465025686413,0,nan,0.6,0.4640249999968882,0.4,0.03181682
2196,107213,0.30986434509007055,0,nan,0.5806451612903226,0.4638699999968889,0.4,0.028714873
2197,107244,0.3816697380805898,0,nan,0.4838709677419355,0.4637149999968896,0.4,0.028133513
2198,107318,-0.6982721796062394,0,nan,0.581081081081081,0.46334499999689127,0.4,0.041175593
2199,107348,0.41201863227033275,0,nan,0.5666666666666667,0.46319499999689195,0.4,0.030447986
2200,107378,0.35598668505335906,0,nan,0.5333333333333333,0.46304499999689264,0.4,0.034318317
2201,107410,0.2592583051242988,0,nan,0.40625,0.46288499999689336,0.4,0.030355465
2202,107443,0.22870319375391723,0,nan,0.5757575757575758,0.4627199999968941,0.4,0.032520592
2203,107475,0.29933378963367596,0,nan,0.53125,0.46255999999689484,0.4,0.027439913
2204,107505,0.5293477128653397,1,nan,0.5,0.4624099999968955,0.4,0.029655222
2205,107537,0.3719521135691044,0,nan,0.65625,0.46224999999689625,0.4,0.026042065
2206,107568,0.2562652002093413,0,nan,0.6451612903225806,0.46209499999689696,0.4,0.037218053
2207,107718,-3.305948693919674,0,nan,0.5133333333333333,0.4613449999969004,0.4,0.054010812
2208,107750,0.24078436698208727,0,nan,0.625,0.4611849999969011,0.4,0.032415207
2209,107814,-0.3985146066765446,0,nan,0.5,0.46086499999690256,0.4,0.030196147
2210,107845,0.3422884287553205,0,nan,0.6129032258064516,0.46070999999690326,0.4,0.028410755
2211,107877,0.3177589193661723,0,nan,0.59375,0.460549999996904,0.4,0.027055595
2212,107909,0.31426481940192097,0,nan,0.6875,0.4603899999969047,0.4,0.029126382
2213,107944,0.2414403889116955,0,nan,0.6,0.4602149999969055,0.4,0.026818845
2214,107975,0.27941865434579816,0,nan,0.6451612903225806,0.4600599999969062,0.4,0.03682842
2215,108012,0.14654290015388105,0,nan,0.5945945945945946,0.45987499999690706,0.4,0.029769067
2216,108047,0.17598112755254858,0,nan,0.5142857142857142,0.45969999999690786,0.4,0.032240976
2217,108197,-3.28295224374371,0,nan,0.6266666666666667,0.4589499999969113,0.4,0.055508398
2218,108226,0.3537878966434317,0,nan,0.7241379310344828,0.45880499999691193,0.4,0.030855488
2219,108255,0.3551622230071211,0,nan,0.4827586206896552,0.4586599999969126,0.4,0.031792276
2220,108405,-3.395352322248591,0,1.0,0.5733333333333334,0.457909999996916,0.4,0.049378254
2221,108446,0.09920069020813227,0,nan,0.4634146341463415,0.45770499999691694,0.4,0.025977192
2222,108539,-1.0106235642271688,0,nan,0.5913978494623656,0.45723999999691906,0.4,0.03298857
2223,108569,0.4340004581242679,0,nan,0.5666666666666667,0.45708999999691974,0.4,0.030327376
2224,108599,0.3824026635128821,0,nan,0.5666666666666667,0.4569399999969204,0.4,0.030502727
2225,108629,0.3735968411405717,0,nan,0.8333333333333334,0.4567899999969211,0.4,0.032648608
2226,108779,-3.439634252462435,0,nan,0.6333333333333333,0.4560399999969245,0.4,0.05577523
2227,108812,0.24558408101357854,0,nan,0.6666666666666666,0.45587499999692527,0.4,0.031168595
2228,108849,0.12577519210508759,0,nan,0.5405405405405406,0.4556899999969261,0.4,0.031180436
2229,108880,0.26665560891637763,0,nan,0.6129032258064516,0.4555349999969268,0.4,0.030828318
2230,108911,0.35081780074019164,0,nan,0.5161290322580645,0.4553799999969275,0.4,0.031117437
2231,109061,-3.3120165566970305,0,nan,0.6533333333333333,0.45462999999693093,0.4,0.059118696
2232,109092,0.38048027514810767,0,nan,0.5161290322580645,0.45447499999693164,0.4,0.029957797
2233,109242,-3.225544633507204,0,nan,0.5533333333333333,0.45372499999693505,0.4,0.04419606
2234,109273,0.3403401565211488,0,nan,0.5483870967741935,0.45356999999693576,0.4,0.034356643
2235,109307,0.2992727830809512,0,nan,0.5294117647058824,0.45339999999693653,0.4,0.028611146
2236,109340,0.3088275696684484,0,nan,0.42424242424242425,0.4532349999969373,0.4,0.027565956
2237,109370,0.3563143649140531,0,nan,0.6333333333333333,0.45308499999693796,0.4,0.029406885
2238,109405,0.22583691484311452,0,nan,0.5428571428571428,0.45290999999693876,0.4,0.03133287
2239,109438,0.2969232924912465,0,nan,0.48484848484848486,0.4527449999969395,0.4,0.029570976
2240,109470,0.32976595684591004,0,nan,0.59375,0.45258499999694024,0.4,0.027788153
2241,109502,0.29425738337535956,0,nan,0.53125,0.45242499999694097,0.4,0.030408666
2242,109558,-0.21915371922810034,0,nan,0.7321428571428571,0.45214499999694224,0.4,0.030912537
2243,109589,0.2919922400911704,0,nan,0.4838709677419355,0.45198999999694295,0.4,0.03241498
2244,109626,0.10593235501749398,0,nan,0.6756756756756757,0.4518049999969438,0.4,0.030527715
2245,109656,0.35851031606560246,0,nan,0.6,0.4516549999969445,0.4,0.03283088
2246,109806,-3.452024710507881,0,nan,0.6133333333333333,0.4509049999969479,0.4,0.057462268
2247,109956,-3.483043899018321,0,nan,0.66,0.4501549999969513,0.4,0.054203276
2248,109986,0.3224200199505769,0,nan,0.5666666666666667,0.450004999996952,0.4,0.030928874
2249,110020,0.22268970693217427,0,nan,0.5294117647058824,0.44983499999695276,0.4,0.029046878
2250,110050,0.32418133800159465,0,1.0,0.6666666666666666,0.44968499999695344,0.4,0.030480558
2251,110200,-3.3594115781240315,0,nan,0.6866666666666666,0.44893499999695685,0.4,0.046021786
2252,110270,-0.5543748063811405,0,nan,0.6,0.44858499999695844,0.4,0.037735004
2253,110332,-0.3982137920732187,0,nan,0.5967741935483871,0.44827499999695986,0.4,0.034757428
2254,110364,0.28236356323881995,0,nan,0.5625,0.4481149999969606,0.4,0.027718907
2255,110514,-3.4177076034867837,0,nan,0.6,0.447364999996964,0.4,0.047803704
2256,110613,-1.1272716548886257,0,nan,0.6868686868686869,0.44686999999696625,0.4,0.035559963
2257,110656,0.027260030737533025,0,nan,0.6744186046511628,0.44665499999696723,0.4,0.028031213
2258,110806,-3.570716785814558,0,nan,0.6066666666666667,0.44590499999697064,0.4,0.067657664
2259,110836,0.36326961162749705,0,nan,0.6666666666666666,0.4457549999969713,0.4,0.029868169
2260,110986,-3.1595314628818087,0,nan,0.6466666666666666,0.44500499999697474,0.4,0.045460634
2261,111019,0.2516651134839418,0,nan,0.6363636363636364,0.4448399999969755,0.4,0.026000502
2262,111051,0.2931380284161853,0,nan,0.65625,0.4446799999969762,0.4,0.02961688
2263,111201,-3.3494247828817816,0,nan,0.68,0.44392999999697963,0.4,0.05555711
2264,111231,0.406020152001639,0,nan,0.5666666666666667,0.4437799999969803,0.4,0.030647567
2265,111263,0.3119176509075082,0,nan,0.53125,0.44361999999698104,0.4,0.028685689
2266,111296,0.2959505780145879,0,nan,0.6363636363636364,0.4434549999969818,0.4,0.026292684
2267,111328,0.3310849544905561,0,nan,0.46875,0.4432949999969825,0.4,0.029124409
2268,111359,0.27458093348086066,0,nan,0.6451612903225806,0.4431399999969832,0.4,0.03472114
2269,111394,0.1979450997092368,0,nan,0.7428571428571429,0.442964999996984,0.4,0.03112631
2270,111427,0.2629760436657691,0,nan,0.5757575757575758,0.44279999999698477,0.4,0.03263632
2271,111460,0.278281213292328,0,nan,0.48484848484848486,0.4426349999969855,0.4,0.02842437
2272,111610,-3.0876324292947355,0,nan,0.5466666666666666,0.44188499999698894,0.4,0.047320254
2273,111640,0.28879433831899315,0,nan,0.6666666666666666,0.4417349999969896,0.4,0.032327358
2274,111736,-1.0734526702844696,0,nan,0.65625,0.4412549999969918,0.4,0.03117054
2275,111769,0.28511795899342895,0,nan,0.5454545454545454,0.44108999999699255,0.4,0.027211532
2276,111919,-3.409918012308468,0,nan,0.6,0.44033999999699597,0.4,0.06310539
2277,112069,-3.254934354219389,0,nan,0.66,0.4395899999969994,0.4,0.057286676
2278,112100,0.31038326075715195,0,nan,0.6129032258064516,0.4394349999970001,0.4,0.030815575
2279,112131,0.32657829340124533,0,nan,0.6451612903225806,0.4392799999970008,0.4,0.029507149
2280,112160,0.3873627154822852,0,1.0,0.6896551724137931,0.43913499999700145,0.4,0.03225889
2281,112192,0.34545772217582005,0,nan,0.5625,0.4389749999970022,0.4,0.02759161
2282,112226,0.28536853022605335,0,nan,0.35294117647058826,0.43880499999700295,0.4,0.027914645
2283,112257,0.3100656303706262,0,nan,0.5806451612903226,0.43864999999700366,0.4,0.031568702
2284,112407,-3.5663156859373024,0,nan,0.6866666666666666,0.43789999999700707,0.4,0.053723343
2285,112442,0.25435327955113063,0,nan,0.5714285714285714,0.43772499999700787,0.4,0.027056169
2286,112592,-3.267005848674757,0,nan,0.62,0.4369749999970113,0.4,0.048785646
2287,112627,0.3054851556601147,0,nan,0.42857142857142855,0.4367999999970121,0.4,0.02436595
2288,112658,0.33802316075792027,0,nan,0.6451612903225806,0.4366449999970128,0.4,0.02929133
2289,112808,-3.2179859513026945,0,nan,0.6133333333333333,0.4358949999970162,0.4,0.05510299
2290,112839,0.33611575331710486,0,nan,0.5161290322580645,0.4357399999970169,0.4,0.028208982
2291,112871,0.3000273292698602,0,nan,0.53125,0.43557999999701763,0.4,0.030799288
2292,112904,0.2696693545757928,0,nan,0.5454545454545454,0.4354149999970184,0.4,0.027359156
2293,112937,0.2623252327741733,0,nan,0.6060606060606061,0.43524999999701913,0.4,0.027417626
2294,113087,-3.382515917192607,0,nan,0.5933333333333334,0.43449999999702255,0.4,0.047906432
2295,113120,0.3131922587490843,0,nan,0.696969696969697,0.4343349999970233,0.4,0.033618376
2296,113155,0.22769167498110265,0,nan,0.6571428571428571,0.4341599999970241,0.4,0.028130835
2297,113187,0.29461654471138743,0,nan,0.71875,0.4339999999970248,0.4,0.030143714
2298,113218,0.333755749527624,0,nan,0.6129032258064516,0.4338449999970255,0.4,0.029550102
2299,113368,-3.7173039348249044,0,nan,0.5866666666666667,0.43309499999702894,0.4,0.1286777
2300,113401,0.27118828167296904,0,nan,0.7272727272727273,0.4329299999970297,0.4,0.030509587
2301,113431,0.4177581825918977,0,nan,0.7,0.4327799999970304,0.4,0.031008372
2302,113465,0.3298341730093203,0,nan,0.6470588235294118,0.43260999999703115,0.4,0.024556763
2303,113498,0.2828173081545198,0,nan,0.5757575757575758,0.4324449999970319,0.4,0.025741236
2304,113529,0.29585252381182914,0,nan,0.5161290322580645,0.4322899999970326,0.4,0.028478798
2305,113560,0.29549426812001,0,nan,0.5161290322580645,0.4321349999970333,0.4,0.030862024
2306,113596,0.25742809217319407,0,nan,0.6111111111111112,0.43195499999703413,0.4,0.026034793
2307,113629,0.28426136923842926,0,nan,0.5454545454545454,0.4317899999970349,0.4,0.027450928
2308,113779,-3.601462767319936,0,nan,0.62,0.4310399999970383,0.4,0.06513838
2309,113839,-0.3755885124055608,0,nan,0.6166666666666667,0.43073999999703966,0.4,0.03255171
2310,113870,0.33504346263572093,0,0.0,0.45161290322580644,0.43058499999704036,0.4,0.027995348
2311,113900,0.36185078759081624,0,nan,0.6333333333333333,0.43043499999704105,0.4,0.032375082
2312,113930,0.386380369955894,0,nan,0.6,0.43028499999704173,0.4,0.029671257
2313,113960,0.3913175037084857,0,nan,0.7,0.4301349999970424,0.4,0.031097464
2314,114110,-3.27891825596534,0,nan,0.62,0.4293849999970458,0.4,0.0465563
2315,114144,0.28677004584802246,0,nan,0.6176470588235294,0.4292149999970466,0.4,0.02496894
2316,114174,0.31367215450008623,0,nan,0.6666666666666666,0.4290649999970473,0.4,0.03178799
2317,114204,0.31090041139480207,0,nan,0.4666666666666667,0.42891499999704796,0.4,0.03638987
2318,114238,0.25131050672635236,0,nan,0.5294117647058824,0.42874499999704874,0.4,0.02858662
2319,114271,0.25502647951995094,0,nan,0.45454545454545453,0.4285799999970495,0.4,0.031032851
2320,114421,-3.355015337814124,0,nan,0.56,0.4278299999970529,0.4,0.05038275
2321,114571,-3.4327876727178723,0,nan,0.5933333333333334,0.4270799999970563,0.4,0.05513319
2322,114601,0.3710440512037042,0,nan,0.5333333333333333,0.426929999997057,0.4,0.028394636
2323,114656,-0.17252880045980623,0,nan,0.6,0.42665499999705825,0.4,0.027205141
2324,114688,0.29913480853446994,0,nan,0.59375,0.426494999997059,0.4,0.03230087
2325,114838,-3.7224859787003335,0,nan,0.5866666666666667,0.4257449999970624,0.4,0.06639999
2326,114868,0.3760566045170395,0,nan,0.5666666666666667,0.4255949999970631,0.4,0.030174552
2327,114928,-0.3043086256823676,0,nan,0.5166666666666667,0.42529499999706444,0.4,0.036669966
2328,114964,0.23896613025000668,0,nan,0.5555555555555556,0.42511499999706526,0.4,0.026233932
2329,114994,0.3126222909177152,0,nan,0.6,0.42496499999706594,0.4,0.033976648
2330,115025,0.32650515876621444,0,nan,0.6129032258064516,0.42480999999706665,0.4,0.02825368
2331,115175,-3.7154512951665426,0,nan,0.6,0.42405999999707006,0.4,0.07229447
2332,115206,0.32282193023180206,0,nan,0.45161290322580644,0.42390499999707076,0.4,0.028348427
2333,115237,0.2921908494487554,0,nan,0.6451612903225806,0.42374999999707147,0.4,0.03421302
2334,115313,-0.7480102899881066,0,nan,0.47368421052631576,0.4233699999970732,0.4,0.04547442
2335,115346,0.24318191032127823,0,nan,0.5151515151515151,0.42320499999707395,0.4,0.031189973
2336,115377,0.2829023582310404,0,nan,0.3870967741935484,0.42304999999707465,0.4,0.031994507
2337,115407,0.30956057805682724,0,nan,0.6666666666666666,0.42289999999707534,0.4,0.03370567
2338,115437,0.3364382328170815,0,nan,0.6666666666666666,0.422749999997076,0.4,0.031015
2339,115471,0.24287499892952014,0,nan,0.5882352941176471,0.4225799999970768,0.4,0.027742814
2340,115503,0.33987564540099924,0,1.0,0.5,0.4224199999970775,0.4,0.025285872
2341,115534,0.3325816196947283,0,nan,0.5483870967741935,0.4222649999970782,0.4,0.02857365
2342,115565,0.34685347674702316,0,nan,0.6129032258064516,0.42210999999707893,0.4,0.028040785
2343,115715,-3.224816648375805,0,nan,0.5466666666666666,0.42135999999708235,0.4,0.081374556
2344,115750,0.22358104479271346,0,nan,0.5428571428571428,0.42118499999708314,0.4,0.02539226
2345,115780,0.3742800776146189,0,nan,0.4666666666666667,0.4210349999970838,0.4,0.03126908
2346,115930,-3.435648199237856,0,nan,0.6333333333333333,0.42028499999708724,0.4,0.053631783
2347,115961,0.3298237080775639,0,nan,0.5161290322580645,0.42012999999708794,0.4,0.026404139
2348,115991,0.38420701148208625,0,nan,0.6333333333333333,0.4199799999970886,0.4,0.0323473
2349,116030,0.10258916738285706,0,nan,0.5384615384615384,0.4197849999970895,0.4,0.031617366
2350,116061,0.31553118624357446,0,nan,0.5483870967741935,0.4196299999970902,0.4,0.03396389
2351,116091,0.314467087392052,0,nan,0.5666666666666667,0.4194799999970909,0.4,0.032805257
2352,116241,-3.3155800221197085,0,nan,0.6666666666666666,0.4187299999970943,0.4,0.043285973
2353,116271,0.37975893703092656,0,nan,0.43333333333333335,0.418579999997095,0.4,0.031838205
2354,116301,0.37598530803469576,0,nan,0.5666666666666667,0.4184299999970957,0.4,0.03189056
2355,116331,0.37697481309424397,0,nan,0.6,0.41827999999709636,0.4,0.032853846
2356,116481,-3.3917548196485434,0,nan,0.58,0.4175299999970998,0.4,0.05098643
2357,116536,-0.016267224405517533,0,nan,0.5454545454545454,0.41725499999710103,0.4,0.02568034
2358,116568,0.3642542008697913,0,nan,0.375,0.41709499999710176,0.4,0.025661983
2359,116598,0.31853383215935194,0,nan,0.7666666666666667,0.41694499999710244,0.4,0.03211569
2360,116660,-0.13792046221861176,0,nan,0.532258064516129,0.41663499999710385,0.4,0.031827915
2361,116810,-3.3359371555156443,0,nan,0.6266666666666667,0.41588499999710726,0.4,0.04699683
2362,116870,-0.18561472441774585,0,nan,0.7166666666666667,0.41558499999710863,0.4,0.028363727
2363,116931,-0.2801222089948765,0,nan,0.6557377049180327,0.41527999999711,0.4,0.025362143
2364,116990,-0.26609838546051867,0,nan,0.559322033898305,0.41498499999711136,0.4,0.02977301
2365,117025,0.20416120862287168,0,nan,0.6857142857142857,0.41480999999711216,0.4,0.029899724
2366,117055,0.3511114628224081,0,nan,0.6333333333333333,0.41465999999711284,0.4,0.029701121
2367,117086,0.30061338700482376,0,nan,0.6129032258064516,0.41450499999711354,0.4,0.032379452
2368,117125,0.08411753828659774,0,nan,0.5384615384615384,0.41430999999711443,0.4,0.030093055
2369,117181,-1.1112401123882993,0,nan,0.5714285714285714,0.41402499999711573,0.4,0.047744084
2370,117212,0.41135605538042896,0,1.0,0.5806451612903226,0.41386999999711643,0.4,0.029516421
2371,117242,0.4070055677455545,0,nan,0.4666666666666667,0.4137199999971171,0.4,0.031196624
2372,117275,0.2611883892813185,0,nan,0.6363636363636364,0.41355499999711787,0.4,0.030937022
2373,117307,0.3483479267457317,0,nan,0.5625,0.4133949999971186,0.4,0.028002152
2374,117340,0.25403028719571674,0,nan,0.5151515151515151,0.41322999999711935,0.4,0.0291268
2375,117371,0.27094932116574366,0,nan,0.6129032258064516,0.41307499999712005,0.4,0.032904822
2376,117438,-0.3887290446104805,0,nan,0.5970149253731343,0.4127399999971216,0.4,0.03015082
2377,117470,0.262222288745128,0,nan,0.71875,0.4125799999971223,0.4,0.03060908
2378,117502,0.2811393048188965,0,nan,0.53125,0.41241999999712303,0.4,0.03179809
2379,117563,-0.23548251095539152,0,nan,0.5409836065573771,0.4121149999971244,0.4,0.026942046
2380,117713,-3.2683282258740336,0,nan,0.5733333333333334,0.41136499999712783,0.4,0.04985702
2381,117744,0.31918033154319425,0,nan,0.5483870967741935,0.41120999999712854,0.4,0.033025023
2382,117894,-3.5896984597810104,0,nan,0.68,0.41045999999713195,0.4,0.057729874
2383,117925,0.34493619611768467,0,nan,0.5806451612903226,0.41030499999713266,0.4,0.030982103
2384,117986,-1.2987848793636863,0,nan,0.6885245901639344,0.40999499999713407,0.4,0.06450122
2385,118019,0.234231900735428,0,nan,0.6060606060606061,0.4098299999971348,0.4,0.033092525
2386,118050,0.3120385988084947,0,nan,0.5806451612903226,0.4096749999971355,0.4,0.028525315
2387,118081,0.3373275495754786,0,nan,0.6451612903225806,0.40951999999713623,0.4,0.029724343
2388,118231,-3.314351208038029,0,nan,0.6066666666666667,0.40876999999713964,0.4,0.05354201
2389,118261,0.42096732227633527,0,nan,0.5666666666666667,0.4086199999971403,0.4,0.029153487
2390,118292,0.30552664760345505,0,nan,0.4838709677419355,0.40846499999714103,0.4,0.030676432
2391,118324,0.2857204443779293,0,nan,0.53125,0.40830499999714176,0.4,0.027978897
2392,118356,0.29792421879663933,0,nan,0.6875,0.4081449999971425,0.4,0.029646832
2393,118388,0.3438826158606697,0,nan,0.65625,0.4079849999971432,0.4,0.03009904
2394,118419,0.37032059294516095,0,nan,0.5161290322580645,0.4078299999971439,0.4,0.028513225
2395,118453,0.2345668421739966,0,nan,0.5294117647058824,0.4076599999971447,0.4,0.03267119
2396,118485,0.3071738467639539,0,nan,0.5625,0.4074999999971454,0.4,0.026061177
2397,118517,0.313440555674909,0,nan,0.5625,0.40733999999714615,0.4,0.028706694
2398,118549,0.32710151258726916,0,nan,0.5625,0.4071799999971469,0.4,0.029222058
2399,118699,-3.3085093267779233,0,nan,0.58,0.4064299999971503,0.4,0.0502229
2400,118772,-0.5796013980570757,0,1.0,0.6438356164383562,0.40606499999715195,0.4,0.032534327
2401,118805,0.3085863203606669,0,nan,0.5757575757575758,0.4058999999971527,0.4,0.025462708
2402,118866,-0.2573743828094085,0,nan,0.5245901639344263,0.4055949999971541,0.4,0.028697103
2403,118900,0.24279541829085083,0,nan,0.5882352941176471,0.40542499999715487,0.4,0.032072302
2404,118931,0.3221549476915616,0,nan,0.5806451612903226,0.40526999999715557,0.4,0.031751227
2405,119081,-3.3781675699898552,0,nan,0.6333333333333333,0.404519999997159,0.4,0.05616961
2406,119231,-3.2658419931632796,0,nan,0.5666666666666667,0.4037699999971624,0.4,0.0571445
2407,119262,0.3567628929212445,0,nan,0.7419354838709677,0.4036149999971631,0.4,0.02946284
2408,119412,-3.4011291017821574,0,nan,0.62,0.4028649999971665,0.4,0.049289934
2409,119443,0.3135992663662823,0,nan,0.5483870967741935,0.4027099999971672,0.4,0.030360658
2410,119473,0.28791867310985786,0,nan,0.6666666666666666,0.4025599999971679,0.4,0.032877076
2411,119507,0.25861295366742465,0,nan,0.5294117647058824,0.4023899999971687,0.4,0.028137254
2412,119540,0.3491338151951088,0,nan,0.42424242424242425,0.40222499999716943,0.4,0.02793166
2413,119621,-0.8406722093640077,0,nan,0.5925925925925926,0.4018199999971713,0.4,0.03367597
2414,119651,0.3677867282142572,0,nan,0.6333333333333333,0.40166999999717196,0.4,0.028776575
2415,119741,-0.8638810608572095,0,nan,0.6,0.401219999997174,0.4,0.026381675
2416,119798,-0.2354058341802212,0,nan,0.7017543859649122,0.4009349999971753,0.4,0.02677984
2417,119858,-0.2672150656194452,0,nan,0.7166666666666667,0.40063499999717667,0.4,0.035413
2418,119893,0.16975618389722658,0,nan,0.45714285714285713,0.40045999999717746,0.4,0.031591415
2419,119927,0.2112547914785119,0,nan,0.6764705882352942,0.40028999999717824,0.4,0.030774996
2420,119959,0.28075871724359325,0,nan,0.59375,0.40012999999717896,0.4,0.030849367
2421,119990,0.39961771946704927,0,nan,0.45161290322580644,0.39997499999717967,0.4,0.026362311
2422,120140,-3.4948093322246843,0,nan,0.54,0.3992249999971831,0.4,0.06370681
2423,120170,0.44779795556758406,0,nan,0.3333333333333333,0.39907499999718377,0.4,0.028961156
2424,120203,0.25353971676879594,0,nan,0.5151515151515151,0.3989099999971845,0.4,0.029700557
2425,120353,-3.2924319476411323,0,nan,0.6133333333333333,0.39815999999718793,0.4,0.050219875
2426,120385,0.27796767038202164,0,nan,0.71875,0.39799999999718866,0.4,0.030623926
2427,120535,-3.4422929933971522,0,nan,0.5666666666666667,0.39724999999719207,0.4,0.051969554
2428,120599,-0.4000432450733923,0,nan,0.484375,0.39692999999719353,0.4,0.033153165
2429,120749,-3.1481622900113977,0,nan,0.49333333333333335,0.39617999999719694,0.4,0.04922184
2430,120779,0.3868138425593378,0,1.0,0.6,0.3960299999971976,0.4,0.030816337
2431,120811,0.4783014677150865,0,nan,0.5625,0.39586999999719835,0.4,0.02342443
2432,120961,-3.357462564837292,0,nan,0.6,0.39511999999720177,0.4,0.051431503
2433,120993,0.3671338785490349,0,nan,0.40625,0.3949599999972025,0.4,0.02867877
2434,121031,0.12001262970561433,0,nan,0.6052631578947368,0.39476999999720336,0.4,0.030389126
2435,121064,0.3103408776665505,0,nan,0.42424242424242425,0.3946049999972041,0.4,0.025130851
2436,121214,-3.1244986419309284,0,nan,0.5466666666666666,0.3938549999972075,0.4,0.061174482
2437,121245,0.3464403362790206,0,nan,0.5161290322580645,0.3936999999972082,0.4,0.027957413
2438,121278,0.28602340230717893,0,nan,0.5454545454545454,0.393534999997209,0.4,0.02995499
2439,121309,0.3452360958956505,0,nan,0.4838709677419355,0.3933799999972097,0.4,0.030676562
2440,121342,0.33142523295253556,0,nan,0.3939393939393939,0.39321499999721043,0.4,0.027402952
2441,121374,0.29053306841328597,0,nan,0.5,0.39305499999721116,0.4,0.029834045
2442,121405,0.29662859313474066,0,nan,0.5161290322580645,0.39289999999721187,0.4,0.030944245
2443,121436,0.3790878136048521,0,nan,0.5161290322580645,0.3927449999972126,0.4,0.027367853
2444,121467,0.2576785280182089,0,nan,0.5161290322580645,0.3925899999972133,0.4,0.034378335
2445,121617,-3.2259536602399197,0,nan,0.56,0.3918399999972167,0.4,0.06594088
2446,121647,0.29537128256603473,0,nan,0.4666666666666667,0.3916899999972174,0.4,0.032953575
2447,121679,0.29420891888639444,0,nan,0.53125,0.3915299999972181,0.4,0.029026058
2448,121829,-3.306735385216592,0,nan,0.5866666666666667,0.3907799999972215,0.4,0.049794678
2449,121891,-0.35799404412171487,0,nan,0.5967741935483871,0.3904699999972229,0.4,0.030615376
2450,121923,0.33465914679226516,0,nan,0.53125,0.39030999999722366,0.4,0.026452217
2451,121954,0.2731469072394457,0,nan,0.5806451612903226,0.39015499999722436,0.4,0.031145466
2452,121985,0.3106759969172551,0,nan,0.7096774193548387,0.38999999999722507,0.4,0.03043873
2453,122017,0.2668485728143283,0,nan,0.65625,0.3898399999972258,0.4,0.034355618
2454,122050,0.2565070952588725,0,nan,0.45454545454545453,0.38967499999722655,0.4,0.032654215
2455,122081,0.3322922491474849,0,nan,0.4838709677419355,0.38951999999722725,0.4,0.029732775
2456,122115,0.25084500047874847,0,nan,0.5,0.389349999997228,0.4,0.031781953
2457,122145,0.42972555759659237,0,nan,0.5,0.3891999999972287,0.4,0.02846421
2458,122178,0.24783494681013418,0,nan,0.5757575757575758,0.38903499999722946,0.4,0.03284167
2459,122208,0.3701480049859154,0,nan,0.5333333333333333,0.38888499999723014,0.4,0.030837368
2460,122237,0.32664559926885917,0,1.0,0.5517241379310345,0.3887399999972308,0.4,0.031083107
2461,122272,0.21137549388270482,0,nan,0.5714285714285714,0.3885649999972316,0.4,0.030040987
2462,122305,0.35395642727269727,0,nan,0.45454545454545453,0.38839999999723235,0.4,0.026767293
2463,122338,0.24138074418837396,0,nan,0.696969696969697,0.3882349999972331,0.4,0.033556636
2464,122374,0.28912926977299447,0,nan,0.4444444444444444,0.3880549999972339,0.4,0.024794549
2465,122524,-3.0961795442141415,0,nan,0.62,0.38730499999723733,0.4,0.063146524
2466,122674,-3.0887354797375326,0,nan,0.48,0.38655499999724074,0.4,0.059641335
2467,122707,0.242445569941792,0,nan,0.6060606060606061,0.3863899999972415,0.4,0.031104842
2468,122738,0.36034792968900864,0,nan,0.7096774193548387,0.3862349999972422,0.4,0.030080358
2469,122769,0.2869515696706447,0,nan,0.5161290322580645,0.3860799999972429,0.4,0.033283915
2470,122919,-3.38171273968211,0,nan,0.6066666666666667,0.3853299999972463,0.4,0.06074471
2471,122980,-0.3309590092141932,0,nan,0.6065573770491803,0.3850249999972477,0.4,0.03615176
2472,123130,-3.3615510025642337,0,nan,0.56,0.3842749999972511,0.4,0.078444675
2473,123280,-3.4314551371220037,0,nan,0.5733333333333334,0.38352499999725453,0.4,0.0503586
2474,123355,-0.5621508756878777,0,nan,0.6533333333333333,0.38314999999725624,0.4,0.030175734
2475,123386,0.3886634310123942,0,nan,0.4838709677419355,0.38299499999725695,0.4,0.027206507
2476,123416,0.3427635161757254,0,nan,0.5666666666666667,0.38284499999725763,0.4,0.031241713
2477,123449,0.3319208674768056,0,nan,0.5454545454545454,0.3826799999972584,0.4,0.026350787
2478,123479,0.3558735145440779,0,nan,0.6,0.38252999999725906,0.4,0.029489446
2479,123629,-3.2704516210885313,0,nan,0.5866666666666667,0.3817799999972625,0.4,0.050600734
2480,123662,0.37109639127815763,0,nan,0.5757575757575758,0.3816149999972632,0.4,0.026555166
2481,123696,0.3131013912690873,0,nan,0.4117647058823529,0.381444999997264,0.4,0.025204018
2482,123729,0.37264795163419373,0,nan,0.48484848484848486,0.38127999999726475,0.4,0.024741877
2483,123762,0.2946368117472843,0,nan,0.6666666666666666,0.3811149999972655,0.4,0.028780704
2484,123826,-0.3777439328818052,0,nan,0.609375,0.38079499999726696,0.4,0.034957368
2485,123858,0.3004796464465017,0,nan,0.5625,0.3806349999972677,0.4,0.031443976
2486,123888,0.3214376957654764,0,nan,0.6,0.38048499999726837,0.4,0.031529535
2487,123948,-0.2378179443699644,0,nan,0.4666666666666667,0.38018499999726973,0.4,0.030215906
2488,123980,0.3646170142818179,0,nan,0.34375,0.38002499999727046,0.4,0.028919874
2489,124130,-3.4337676672755624,0,nan,0.6733333333333333,0.3792749999972739,0.4,0.0852833
2490,124161,0.3909375319623869,0,1.0,0.6451612903225806,0.3791199999972746,0.4,0.02993351
2491,124311,-3.2423506583914947,0,nan,0.62,0.378369999997278,0.4,0.051930007
2492,124344,0.3218657432789501,0,nan,0.30303030303030304,0.37820499999727875,0.4,0.027680118
2493,124494,-3.2600504780310513,0,nan,0.58,0.37745499999728216,0.4,0.05314564
2494,124644,-3.098041623999026,0,nan,0.47333333333333333,0.3767049999972856,0.4,0.05057219
2495,124677,0.2566801010357206,0,nan,0.6363636363636364,0.3765399999972863,0.4,0.02799301
2496,124827,-2.949114961281369,0,nan,0.54,0.37578999999728974,0.4,0.041361935
2497,124977,-3.1894609899211104,0,nan,0.5466666666666666,0.37503999999729315,0.4,0.049231585
2498,125011,0.3525502087173067,0,nan,0.5,0.3748699999972939,0.4,0.025371864
2499,125042,0.45321212842328407,0,nan,0.5806451612903226,0.37471499999729463,0.4,0.027573233
2500,125073,0.39692982089599493,0,nan,0.41935483870967744,0.37455999999729533,0.4,0.027733803
2501,125223,-3.0792486427218657,0,nan,0.58,0.37380999999729875,0.4,0.044295475
2502,125256,0.28803457517317355,0,nan,0.5757575757575758,0.3736449999972995,0.4,0.029047122
2503,125287,0.3959899395416523,0,nan,0.4838709677419355,0.3734899999973002,0.4,0.029914048
2504,125356,-0.524470909042175,0,nan,0.6086956521739131,0.3731449999973018,0.4,0.039447345
2505,125388,0.4376170467618353,0,nan,0.53125,0.3729849999973025,0.4,0.027485294
2506,125538,-3.120226497567065,0,nan,0.56,0.3722349999973059,0.4,0.042916782
2507,125570,0.4396746297279188,0,nan,0.5,0.37207499999730664,0.4,0.028493874
2508,125602,0.4803010521569431,0,nan,0.625,0.37191499999730737,0.4,0.027485762
2509,125634,0.4972817293618014,0,nan,0.40625,0.3717549999973081,0.4,0.027609868
2510,125666,0.4203342764684831,0,nan,0.5,0.37159499999730883,0.4,0.029930321
2511,125698,0.4307419048417318,0,nan,0.46875,0.37143499999730956,0.4,0.027204262
2512,125730,0.3038335465144889,0,nan,0.71875,0.3712749999973103,0.4,0.026871612
2513,125763,0.4104942230730507,0,nan,0.3333333333333333,0.37110999999731104,0.4,0.023826748
2514,125913,-3.209022495589671,0,nan,0.5666666666666667,0.37035999999731445,0.4,0.04123141
2515,125944,0.3507879017831529,0,nan,0.6451612903225806,0.37020499999731515,0.4,0.027575294
2516,125975,0.3981873199362075,0,nan,0.41935483870967744,0.37004999999731586,0.4,0.027360039
2517,126125,-3.337745606998661,0,nan,0.5266666666666666,0.3692999999973193,0.4,0.05099434
2518,126155,0.46937470908044476,0,nan,0.6,0.36914999999731996,0.4,0.029175643
2519,126186,0.3939677179257842,0,nan,0.5483870967741935,0.36899499999732066,0.4,0.027248945
2520,126336,-3.1340518990738593,0,0.0,0.6266666666666667,0.3682449999973241,0.4,0.049433272
2521,126486,-3.2345971378917118,0,nan,0.62,0.3674949999973275,0.4,0.052225772
2522,126519,0.3553205110751141,0,nan,0.6060606060606061,0.36732999999732824,0.4,0.03247136
2523,126550,0.4171396623168103,0,nan,0.3870967741935484,0.36717499999732894,0.4,0.02820466
2524,126580,0.4256863765618768,0,nan,0.4,0.3670249999973296,0.4,0.029665083
2525,126614,0.2961058964893969,0,nan,0.47058823529411764,0.3668549999973304,0.4,0.023873815
2526,126647,0.2985479487259296,0,nan,0.6363636363636364,0.36668999999733115,0.4,0.029200662
2527,126677,0.35564656616248613,0,nan,0.6333333333333333,0.36653999999733183,0.4,0.03147825
2528,126707,0.4822366514646467,0,nan,0.4,0.3663899999973325,0.4,0.025770623
2529,126738,0.49457082069316854,0,nan,0.4838709677419355,0.3662349999973332,0.4,0.029337721
2530,126888,-3.2965892198171063,0,nan,0.56,0.36548499999733663,0.4,0.0454955
2531,126919,0.3531681730207503,0,nan,0.5161290322580645,0.36532999999733734,0.4,0.031215709
2532,126950,0.37137570757772276,0,nan,0.5161290322580645,0.36517499999733805,0.4,0.028313164
2533,127012,-0.2795146037748324,0,nan,0.5161290322580645,0.36486499999733946,0.4,0.030921942
2534,127045,0.2541614509282605,0,nan,0.5151515151515151,0.3646999999973402,0.4,0.03204735
2535,127195,-3.4441382669597385,0,nan,0.6133333333333333,0.3639499999973436,0.4,0.056987464
2536,127228,0.29121825025887993,0,nan,0.45454545454545453,0.36378499999734437,0.4,0.029143382
2537,127259,0.40997638781810297,0,nan,0.4838709677419355,0.3636299999973451,0.4,0.027756855
2538,127328,-0.2989792617360072,0,nan,0.5942028985507246,0.36328499999734665,0.4,0.03014067
2539,127360,0.29402799838357463,0,nan,0.4375,0.3631249999973474,0.4,0.029522764
2540,127391,0.4435086716534843,0,nan,0.3870967741935484,0.3629699999973481,0.4,0.027429152
2541,127423,0.4189394561920684,0,nan,0.5,0.3628099999973488,0.4,0.02919651
2542,127456,0.44567888009470247,0,nan,0.21212121212121213,0.36264499999734956,0.4,0.025783382
2543,127489,0.46468029204610517,0,nan,0.45454545454545453,0.3624799999973503,0.4,0.025583731
2544,127521,0.4117479895158531,0,nan,0.46875,0.36231999999735104,0.4,0.028070174
2545,127671,-3.318501142825539,0,nan,0.5466666666666666,0.36156999999735445,0.4,0.044880815
2546,127707,0.18553159541455033,0,nan,0.5833333333333334,0.36138999999735527,0.4,0.02984341
2547,127857,-3.1518821518983726,0,nan,0.6,0.3606399999973587,0.4,0.045363642
2548,127917,-0.3373065330648938,0,nan,0.5333333333333333,0.36033999999736005,0.4,0.030652195
2549,127977,-0.21306741078071,0,nan,0.6666666666666666,0.3600399999973614,0.4,0.026383523
2550,128008,0.3272484924647553,0,0.0,0.4838709677419355,0.3598849999973621,0.4,0.03283624
2551,128039,0.41518569657705373,0,nan,0.5806451612903226,0.3597299999973628,0.4,0.026484948
2552,128100,-0.2572598631420534,0,nan,0.5409836065573771,0.3594249999973642,0.4,0.029981297
2553,128133,0.3117622276379235,0,nan,0.6060606060606061,0.35925999999736496,0.4,0.028293299
2554,128163,0.4221612002970615,0,nan,0.6,0.35910999999736565,0.4,0.02979961
2555,128195,0.33370934951752207,0,nan,0.53125,0.3589499999973664,0.4,0.0286945
2556,128226,0.2996460281206085,0,nan,0.5806451612903226,0.3587949999973671,0.4,0.03147637
2557,128259,0.272444718046399,0,nan,0.6666666666666666,0.35862999999736783,0.4,0.028476642
2558,128319,-0.22535308142051047,0,nan,0.6,0.3583299999973692,0.4,0.029050613
2559,128354,0.2091081531854102,0,nan,0.45714285714285713,0.35815499999737,0.4,0.029813677
2560,128504,-3.361744653593271,0,nan,0.52,0.3574049999973734,0.4,0.058222573
2561,128535,0.28767845012502746,0,nan,0.5483870967741935,0.3572499999973741,0.4,0.03145103
2562,128567,0.2629869774032535,0,nan,0.59375,0.35708999999737484,0.4,0.032388553
2563,128599,0.3001391563423511,0,nan,0.625,0.35692999999737557,0.4,0.030042497
2564,128632,0.3358218711554771,0,nan,0.5151515151515151,0.3567649999973763,0.4,0.028612649
2565,128663,0.26346607736338434,0,nan,0.6451612903225806,0.356609999997377,0.4,0.03233358
2566,128694,0.3073189676278316,0,nan,0.6451612903225806,0.35645499999737773,0.4,0.031138202
2567,128724,0.4171776953499675,0,nan,0.7,0.3563049999973784,0.4,0.031038573
2568,128756,0.29044072499392026,0,nan,0.65625,0.35614499999737914,0.4,0.029328713
2569,128789,0.2567353142095091,0,nan,0.5757575757575758,0.3559799999973799,0.4,0.03337842
2570,128852,-0.36752613015760927,0,nan,0.6190476190476191,0.3556649999973813,0.4,0.02847074
2571,128887,0.2330050577063313,0,nan,0.6857142857142857,0.3554899999973821,0.4,0.028878216
2572,128917,0.3054674260929173,0,nan,0.4666666666666667,0.3553399999973828,0.4,0.033371475
2573,128947,0.3621323090412898,0,nan,0.4,0.3551899999973835,0.4,0.029548021
2574,128977,0.41820990454969054,0,nan,0.4666666666666667,0.35503999999738417,0.4,0.028631423
2575,129012,0.20944095153083708,0,nan,0.5714285714285714,0.35486499999738497,0.4,0.031607796
2576,129044,0.2529126556367326,0,nan,0.59375,0.3547049999973857,0.4,0.031452462
2577,129075,0.3128327551275297,0,nan,0.5161290322580645,0.3545499999973864,0.4,0.031596202
2578,129130,-0.11595259322689655,0,nan,0.509090909090909,0.35427499999738765,0.4,0.024969157
2579,129168,0.12518959332524648,0,nan,0.5526315789473685,0.3540849999973885,0.4,0.033601314
2580,129198,0.4033413947470845,0,1.0,0.43333333333333335,0.3539349999973892,0.4,0.029120443
2581,129231,0.28252754814625103,0,nan,0.36363636363636365,0.35376999999738995,0.4,0.027796395
2582,129381,-3.328440759797901,0,nan,0.5466666666666666,0.35301999999739336,0.4,0.062123794
2583,129422,0.061129395973735234,0,nan,0.5853658536585366,0.3528149999973943,0.4,0.02955062
2584,129453,0.3563871840848648,0,nan,0.6129032258064516,0.352659999997395,0.4,0.02948092
2585,129484,0.26883751437561054,0,nan,0.4838709677419355,0.3525049999973957,0.4,0.03380819
2586,129514,0.352253622328634,0,nan,0.5666666666666667,0.3523549999973964,0.4,0.030984586
2587,129544,0.3712624292919885,0,nan,0.36666666666666664,0.3522049999973971,0.4,0.029290488
2588,129586,0.0400223669866685,0,nan,0.5238095238095238,0.35199499999739803,0.4,0.030642504
2589,129617,0.28266377506937235,0,nan,0.5161290322580645,0.35183999999739873,0.4,0.03028195
2590,129650,0.25139515527214273,0,nan,0.42424242424242425,0.3516749999973995,0.4,0.031999484
2591,129800,-3.5569820088244395,0,nan,0.5066666666666667,0.3509249999974029,0.4,0.045910962
2592,129832,0.26443136609856244,0,nan,0.6875,0.3507649999974036,0.4,0.033647016
2593,129866,0.2197266723177942,0,nan,0.6176470588235294,0.3505949999974044,0.4,0.031603307
2594,129899,0.233456723619335,0,nan,0.6060606060606061,0.35042999999740515,0.4,0.034918237
2595,129931,0.2678933945158498,0,nan,0.5625,0.3502699999974059,0.4,0.030394964
2596,129964,0.23837465388983126,0,nan,0.5151515151515151,0.35010499999740663,0.4,0.03257513
2597,129994,0.281986602798036,0,nan,0.5,0.3499549999974073,0.4,0.03350905
2598,130144,-3.6948513500774705,0,nan,0.5266666666666666,0.3492049999974107,0.4,0.059944227
2599,130183,0.10140899222428246,0,nan,0.5897435897435898,0.3490099999974116,0.4,0.029228268
2600,130215,0.2615342463139908,0,nan,0.59375,0.34884999999741234,0.4,0.030244697
2601,130253,0.10109372225613811,0,nan,0.5,0.3486599999974132,0.4,0.030740697
2602,130403,-3.49478005907649,0,nan,0.5,0.3479099999974166,0.4,0.045438327
2603,130434,0.3329302858800314,0,nan,0.5483870967741935,0.3477549999974173,0.4,0.029757503
2604,130466,0.29208694625958576,0,nan,0.53125,0.34759499999741805,0.4,0.035788704
2605,130499,0.2316870178299819,0,nan,0.5454545454545454,0.3474299999974188,0.4,0.03167736
2606,130532,0.27939164686065043,0,nan,0.5454545454545454,0.34726499999741955,0.4,0.03019956
2607,130564,0.2857065281880605,0,nan,0.625,0.3471049999974203,0.4,0.032188676
2608,130595,0.3851355557574876,0,nan,0.5483870967741935,0.346949999997421,0.4,0.028507901
2609,130626,0.27481991702614594,0,nan,0.5806451612903226,0.3467949999974217,0.4,0.03235218
2610,130656,0.3881249667179313,0,1.0,0.5333333333333333,0.3466449999974224,0.4,0.029436857
2611,130687,0.27065080832886734,0,nan,0.41935483870967744,0.3464899999974231,0.4,0.03394821
2612,130722,0.21601268453385147,0,nan,0.5714285714285714,0.3463149999974239,0.4,0.030176878
2613,130782,-0.2881304339884153,0,nan,0.5166666666666667,0.34601499999742524,0.4,0.032122273
2614,130813,0.2982805171026188,0,nan,0.5161290322580645,0.34585999999742595,0.4,0.033023797
2615,130845,0.2731904955816601,0,nan,0.53125,0.3456999999974267,0.4,0.028614478
2616,130880,0.20515283033535348,0,nan,0.6285714285714286,0.3455249999974275,0.4,0.030027509
2617,130913,0.2580444843786691,0,nan,0.45454545454545453,0.3453599999974282,0.4,0.030347575
2618,130943,0.40021258736794396,0,nan,0.6,0.3452099999974289,0.4,0.030459147
2619,130974,0.30509121008405127,0,nan,0.3870967741935484,0.3450549999974296,0.4,0.033358622
2620,131124,-3.4558005661698137,0,nan,0.52,0.344304999997433,0.4,0.051223014
2621,131191,-0.5049279986376548,0,nan,0.6268656716417911,0.34396999999743455,0.4,0.03037638
2622,131223,0.295607501098622,0,nan,0.5625,0.3438099999974353,0.4,0.029869458
2623,131256,0.24725849379878828,0,nan,0.5757575757575758,0.34364499999743603,0.4,0.03264389
2624,131289,0.2477336482684248,0,nan,0.6666666666666666,0.3434799999974368,0.4,0.033069722
2625,131327,0.12776228198207806,0,nan,0.7105263157894737,0.34328999999743764,0.4,0.031926967
2626,131477,-3.3616024554115933,0,nan,0.5266666666666666,0.34253999999744106,0.4,0.045310702
2627,131627,-3.105381451171074,0,nan,0.49333333333333335,0.34178999999744447,0.4,0.05028977
2628,131656,0.3050795656055145,0,nan,0.5517241379310345,0.34164499999744513,0.4,0.03316527
2629,131686,0.3540486675330907,0,nan,0.6,0.3414949999974458,0.4,0.03153561
2630,131716,0.4199247185586653,0,nan,0.4,0.3413449999974465,0.4,0.030295024
2631,131746,0.3028505727533568,0,nan,0.4666666666666667,0.3411949999974472,0.4,0.034423433
2632,131777,0.31420313765377916,0,nan,0.5161290322580645,0.3410399999974479,0.4,0.03014919
2633,131836,-0.37210673809730965,0,nan,0.5932203389830508,0.3407449999974492,0.4,0.03486894
2634,131866,0.3170179087903682,0,nan,0.5,0.3405949999974499,0.4,0.032365303
2635,132016,-3.2109565979686963,0,nan,0.5333333333333333,0.3398449999974533,0.4,0.051257122
2636,132046,0.29238928799326636,0,nan,0.5,0.339694999997454,0.4,0.033638205
2637,132075,0.5903000855418529,1,nan,0.6896551724137931,0.33954999999745467,0.4,0.032768246
2638,132105,0.31742381633254835,0,nan,0.43333333333333335,0.33939999999745535,0.4,0.031548597
2639,132135,0.41752521590456504,0,nan,0.43333333333333335,0.33924999999745603,0.4,0.0321107
2640,132165,0.4132801822071016,0,1.0,0.5,0.3390999999974567,0.4,0.030661065
2641,132196,0.30444384840346395,0,nan,0.5161290322580645,0.3389449999974574,0.4,0.032007705
2642,132236,0.14023660487678358,0,nan,0.25,0.33874499999745833,0.4,0.02662645
2643,132267,0.26652661314079373,0,nan,0.6129032258064516,0.33858999999745903,0.4,0.03431312
2644,132301,0.24756584426895634,0,nan,0.38235294117647056,0.3384199999974598,0.4,0.031238139
2645,132334,0.2626639310465442,0,nan,0.5151515151515151,0.33825499999746056,0.4,0.031940475
2646,132364,0.41566279241281967,0,nan,0.5666666666666667,0.33810499999746124,0.4,0.030882964
2647,132422,-0.2472856899076703,0,nan,0.6724137931034483,0.33781499999746256,0.4,0.03006595
2648,132452,0.3727054794215362,0,nan,0.5333333333333333,0.33766499999746324,0.4,0.030779408
2649,132482,0.40057372805129743,0,nan,0.5666666666666667,0.3375149999974639,0.4,0.031727176
2650,132514,0.3051545571183625,0,nan,0.59375,0.33735499999746466,0.4,0.030207472
2651,132546,0.28686787894370047,0,nan,0.5,0.3371949999974654,0.4,0.031000474
2652,132576,0.43383592447688535,0,nan,0.5666666666666667,0.33704499999746607,0.4,0.031001817
2653,132609,0.2606786184076513,0,nan,0.696969696969697,0.3368799999974668,0.4,0.028897906
2654,132639,0.32093903805875135,0,nan,0.5,0.3367299999974675,0.4,0.03266652
2655,132789,-3.360023389317905,0,nan,0.49333333333333335,0.3359799999974709,0.4,0.055856343
2656,132819,0.31614889993495077,0,nan,0.5666666666666667,0.3358299999974716,0.4,0.034044027
2657,132849,0.3379529969468187,0,nan,0.4,0.3356799999974723,0.4,0.030933674
2658,132881,0.30576211948881826,0,nan,0.5,0.335519999997473,0.4,0.029266749
2659,132910,0.4066143012246769,0,nan,0.6206896551724138,0.33537499999747367,0.4,0.03298496
2660,132940,0.31293668014885423,0,nan,0.4,0.33522499999747435,0.4,0.033759758
2661,133090,-3.330860128846406,0,nan,0.58,0.33447499999747776,0.4,0.051784538
2662,133120,0.40594186857711856,0,nan,0.5333333333333333,0.33432499999747844,0.4,0.029838022
2663,133151,0.32304773793079644,0,nan,0.41935483870967744,0.33416999999747915,0.4,0.029529223
2664,133301,-3.3213010248593324,0,nan,0.5133333333333333,0.33341999999748256,0.4,0.053460743
2665,133333,0.2678232867770345,0,nan,0.625,0.3332599999974833,0.4,0.030140562
2666,133365,0.2493164868997957,0,nan,0.4375,0.333099999997484,0.4,0.030885493
2667,133396,0.2835208726380727,0,nan,0.5483870967741935,0.3329449999974847,0.4,0.030759942
2668,133458,-0.13919657402368524,0,nan,0.3870967741935484,0.33263499999748614,0.4,0.026306514
2669,133515,-0.2817404389223015,0,nan,0.543859649122807,0.33234999999748743,0.4,0.030672174
2670,133573,-0.2856792393162313,0,0.0,0.5689655172413793,0.33205999999748875,0.4,0.033846337
2671,133723,-3.313925004099379,0,nan,0.4866666666666667,0.33130999999749217,0.4,0.048769616
2672,133752,0.3994104180448841,0,nan,0.6896551724137931,0.3311649999974928,0.4,0.034204815
2673,133902,-3.123067784065972,0,nan,0.49333333333333335,0.33041499999749624,0.4,0.0501928
2674,133935,0.23625028593170339,0,nan,0.6363636363636364,0.330249999997497,0.4,0.03209643
2675,134005,-0.628282760802441,0,nan,0.5428571428571428,0.3298999999974986,0.4,0.035380527
2676,134037,0.344417847989654,0,nan,0.46875,0.3297399999974993,0.4,0.028196178
2677,134067,0.34057793587130314,0,nan,0.4666666666666667,0.3295899999975,0.4,0.029431429
2678,134099,0.29921092867362553,0,nan,0.4375,0.3294299999975007,0.4,0.031050641
2679,134131,0.32740062130136205,0,nan,0.46875,0.32926999999750145,0.4,0.028074166
2680,134165,0.29195470184107575,0,nan,0.47058823529411764,0.3290999999975022,0.4,0.028472826
2681,134315,-3.237898440668248,0,nan,0.5533333333333333,0.32834999999750564,0.4,0.0635318
2682,134346,0.3760348569727725,0,nan,0.5806451612903226,0.32819499999750634,0.4,0.030264338
2683,134376,0.3784362407342998,0,nan,0.5,0.328044999997507,0.4,0.031275377
2684,134409,0.24986606689731905,0,nan,0.45454545454545453,0.3278799999975078,0.4,0.032584786
2685,134447,0.19395512459293918,0,nan,0.5,0.32768999999750864,0.4,0.030651156
2686,134477,0.2976220299001402,0,nan,0.5666666666666667,0.3275399999975093,0.4,0.02964797
2687,134514,0.22207123160778586,0,nan,0.4594594594594595,0.32735499999751017,0.4,0.0274744
2688,134664,-3.469350024286046,0,nan,0.4866666666666667,0.3266049999975136,0.4,0.061673522
2689,134724,-0.24061652714215287,0,nan,0.4166666666666667,0.32630499999751494,0.4,0.030750936
2690,134874,-3.281473769703148,0,nan,0.54,0.32555499999751836,0.4,0.05543386
2691,134904,0.32080402686759146,0,nan,0.43333333333333335,0.32540499999751904,0.4,0.031839427
2692,134940,0.16505761985176504,0,nan,0.6111111111111112,0.32522499999751986,0.4,0.030110724
2693,134971,0.29417715556945734,0,nan,0.5483870967741935,0.32506999999752056,0.4,0.0334739
2694,135033,-0.3850381652281759,0,nan,0.532258064516129,0.324759999997522,0.4,0.033640593
2695,135116,-1.0342477487317854,0,nan,0.5542168674698795,0.32434499999752386,0.4,0.061432417
2696,135147,0.271564198866464,0,nan,0.5161290322580645,0.32418999999752457,0.4,0.03564679
2697,135182,0.20902077379802064,0,nan,0.42857142857142855,0.32401499999752537,0.4,0.027994337
2698,135212,0.2823382402773196,0,nan,0.6333333333333333,0.32386499999752605,0.4,0.032441624
2699,135362,-3.30365100578251,0,nan,0.52,0.32311499999752946,0.4,0.06334364
2700,135393,0.32564627081115183,0,1.0,0.5806451612903226,0.32295999999753017,0.4,0.030181538
2701,135455,-0.4053587325408031,0,nan,0.4838709677419355,0.3226499999975316,0.4,0.038912807
2702,135529,-0.7125463543757503,0,nan,0.5,0.32227999999753326,0.4,0.032498542
2703,135559,0.4469926745952745,0,nan,0.36666666666666664,0.32212999999753394,0.4,0.02950206
2704,135591,0.27490798072601264,0,nan,0.53125,0.3219699999975347,0.4,0.032113213
2705,135621,0.3223665291401807,0,nan,0.5333333333333333,0.32181999999753536,0.4,0.030938627
2706,135771,-3.367969332618666,0,nan,0.5666666666666667,0.32106999999753877,0.4,0.04614371
2707,135802,0.38282847324550007,0,nan,0.3548387096774194,0.3209149999975395,0.4,0.027373686
2708,135835,0.2458308715741857,0,nan,0.48484848484848486,0.3207499999975402,0.4,0.03197423
2709,135931,-1.1109160925222383,0,nan,0.5208333333333334,0.3202699999975424,0.4,0.035504397
2710,135964,0.32126580700692,0,nan,0.45454545454545453,0.32010499999754316,0.4,0.027162045
2711,135997,0.34073077500151394,0,nan,0.48484848484848486,0.3199399999975439,0.4,0.026820896
2712,136097,-1.0463054234292084,0,nan,0.55,0.3194399999975462,0.4,0.028641265
2713,136130,0.24212928404298462,0,nan,0.5151515151515151,0.31927499999754694,0.4,0.032817665
2714,136280,-3.2856239281818107,0,nan,0.54,0.31852499999755035,0.4,0.06064677
2715,136311,0.3767525333446704,0,nan,0.4838709677419355,0.31836999999755106,0.4,0.029852381
2716,136439,-2.003272174455492,0,nan,0.640625,0.31772999999755397,0.4,0.050946627
2717,136470,0.2855811867779443,0,nan,0.6451612903225806,0.3175749999975547,0.4,0.035348024
2718,136501,0.2849368795630459,0,nan,0.4838709677419355,0.3174199999975554,0.4,0.03184869
2719,136537,0.19681815557888171,0,nan,0.5,0.3172399999975562,0.4,0.029905017
2720,136687,-3.4004321730766245,0,nan,0.58,0.3164899999975596,0.4,0.047862384
2721,136718,0.2780218375044794,0,nan,0.5483870967741935,0.3163349999975603,0.4,0.036063123
2722,136750,0.3067256904232396,0,nan,0.46875,0.31617499999756105,0.4,0.028413625
2723,136781,0.26643799635731413,0,nan,0.5806451612903226,0.31601999999756175,0.4,0.033869173
2724,136931,-3.1366966172106223,0,nan,0.58,0.31526999999756516,0.4,0.044903155
2725,136962,0.30105743337682755,0,nan,0.5161290322580645,0.31511499999756587,0.4,0.03264627
2726,137112,-3.2146340060537595,0,nan,0.4866666666666667,0.3143649999975693,0.4,0.056708343
2727,137142,0.42546839543326753,0,nan,0.36666666666666664,0.31421499999756997,0.4,0.0300343
2728,137176,0.350726667011242,0,nan,0.5,0.31404499999757074,0.4,0.024340427
2729,137208,0.27846533638390514,0,nan,0.53125,0.31388499999757147,0.4,0.03207327
2730,137358,-3.360128058183534,0,1.0,0.5733333333333334,0.3131349999975749,0.4,0.0498707
2731,137392,0.2652648275289391,0,nan,0.6470588235294118,0.31296499999757565,0.4,0.026540646
2732,137424,0.31330260416519884,0,nan,0.625,0.3128049999975764,0.4,0.029534288
2733,137455,0.44259986480699454,0,nan,0.2903225806451613,0.3126499999975771,0.4,0.02664815
2734,137605,-3.326933200445962,0,nan,0.5266666666666666,0.3118999999975805,0.4,0.056043122
2735,137636,0.2715661826850231,0,nan,0.3870967741935484,0.3117449999975812,0.4,0.03138871
2736,137667,0.26879671023266405,0,nan,0.5806451612903226,0.3115899999975819,0.4,0.034388736
2737,137728,-0.3561803942241192,0,nan,0.5081967213114754,0.3112849999975833,0.4,0.029130721
2738,137762,0.2828600785644123,0,nan,0.5294117647058824,0.3111149999975841,0.4,0.027973387
2739,137792,0.36621164700521913,0,nan,0.4,0.31096499999758476,0.4,0.0315742
2740,137850,-0.16575210351731462,0,nan,0.5517241379310345,0.3106749999975861,0.4,0.026973896
2741,137888,0.15974510807435893,0,nan,0.5526315789473685,0.31048499999758694,0.4,0.031004842
2742,138038,-3.4348223367981108,0,nan,0.46,0.30973499999759035,0.4,0.05152326
2743,138071,0.2587311752957716,0,nan,0.6060606060606061,0.3095699999975911,0.4,0.032962214
2744,138221,-3.584168671367701,0,nan,0.5133333333333333,0.3088199999975945,0.4,0.059199207
2745,138254,0.22395512841431187,0,nan,0.5757575757575758,0.30865499999759527,0.4,0.032358304
2746,138284,0.3302701957733958,0,nan,0.4666666666666667,0.30850499999759595,0.4,0.032086305
2747,138316,0.2550600660022415,0,nan,0.53125,0.3083449999975967,0.4,0.03246631
2748,138348,0.2492364235396266,0,nan,0.59375,0.3081849999975974,0.4,0.0318989
2749,138381,0.4404395849113769,0,nan,0.45454545454545453,0.30801999999759816,0.4,0.022650668
2750,138416,0.20645826195761374,0,nan,0.5714285714285714,0.30784499999759896,0.4,0.029730929
2751,138566,-3.2551297663880607,0,nan,0.41333333333333333,0.30709499999760237,0.4,0.05466523
2752,138598,0.26089882274228493,0,nan,0.5625,0.3069349999976031,0.4,0.031517494
2753,138629,0.2885850759062656,0,nan,0.5161290322580645,0.3067799999976038,0.4,0.031710602
2754,138663,0.20782422702652392,0,nan,0.38235294117647056,0.3066099999976046,0.4,0.03135695
2755,138695,0.25523939723190037,0,nan,0.25,0.3064499999976053,0.4,0.034989573
2756,138727,0.22426612898590748,0,nan,0.59375,0.30628999999760603,0.4,0.033191036
2757,138818,-0.9164366861940302,0,nan,0.5494505494505495,0.3058349999976081,0.4,0.033260103
2758,138878,-0.21715162754703543,0,nan,0.4,0.30553499999760947,0.4,0.038757663
2759,138944,-0.42163407373476214,0,nan,0.45454545454545453,0.30520499999761097,0.4,0.028636636
2760,138974,0.3627425543149262,0,1.0,0.6333333333333333,0.30505499999761165,0.4,0.029207084
2761,139008,0.2515489547816838,0,nan,0.47058823529411764,0.3048849999976124,0.4,0.029275166
2762,139042,0.25783209871819535,0,nan,0.5294117647058824,0.3047149999976132,0.4,0.028872088
2763,139108,-0.5556269720220626,0,nan,0.5606060606060606,0.3043849999976147,0.4,0.033153836
2764,139142,0.2369669101988081,0,nan,0.47058823529411764,0.3042149999976155,0.4,0.029719587
2765,139180,0.1440221276949354,0,nan,0.5526315789473685,0.30402499999761634,0.4,0.029174274
2766,139240,-0.271081013296671,0,nan,0.4166666666666667,0.3037249999976177,0.4,0.031975586
2767,139307,-0.4245253376908693,0,nan,0.5074626865671642,0.30338999999761923,0.4,0.03377419
2768,139337,0.3876830763721628,0,nan,0.3333333333333333,0.3032399999976199,0.4,0.031932678
2769,139369,0.2765687746605512,0,nan,0.53125,0.30307999999762064,0.4,0.031807315
2770,139399,0.40819010508135656,0,nan,0.4666666666666667,0.3029299999976213,0.4,0.030078236
2771,139433,0.24438863155228852,0,nan,0.38235294117647056,0.3027599999976221,0.4,0.030773811
2772,139470,0.17028931201224862,0,nan,0.5405405405405406,0.30257499999762294,0.4,0.029964408
2773,139501,0.30502817936378135,0,nan,0.3548387096774194,0.30241999999762365,0.4,0.029521935
2774,139651,-3.182873237278965,0,nan,0.46,0.30166999999762706,0.4,0.044917103
2775,139688,0.11906795582178509,0,nan,0.40540540540540543,0.3014849999976279,0.4,0.03481194
2776,139721,0.25574729513090166,0,nan,0.36363636363636365,0.30131999999762865,0.4,0.030962814
2777,139754,0.2782342530172025,0,nan,0.3939393939393939,0.3011549999976294,0.4,0.030635115
2778,139784,0.3146910381561948,0,nan,0.4,0.3010049999976301,0.4,0.031088393
2779,139818,0.21358559403175315,0,nan,0.5882352941176471,0.30083499999763086,0.4,0.033290133
2780,139851,0.23712204980709928,0,nan,0.5454545454545454,0.3006699999976316,0.4,0.03026649
2781,139884,0.25821656833135065,0,nan,0.5151515151515151,0.30050499999763236,0.4,0.029559296
2782,139926,0.023985258135468368,0,nan,0.47619047619047616,0.3002949999976333,0.4,0.029927628
2783,139958,0.2673642868933843,0,nan,0.5,0.30013499999763404,0.4,0.03229891
2784,139997,0.10884700761560451,0,nan,0.5384615384615384,0.29993999999763493,0.4,0.030473147
2785,140032,0.2059834051918592,0,nan,0.5142857142857142,0.29976499999763573,0.4,0.033907548
2786,140063,0.2723922051920813,0,nan,0.5161290322580645,0.29960999999763643,0.4,0.035136946
2787,140102,0.08713853152960749,0,nan,0.4358974358974359,0.2994149999976373,0.4,0.03168196
2788,140132,0.364909161504094,0,nan,0.5333333333333333,0.299264999997638,0.4,0.03038884
2789,140170,0.11611708495706974,0,nan,0.47368421052631576,0.29907499999763887,0.4,0.03004219
2790,140203,0.2862859769328381,0,1.0,0.45454545454545453,0.2989099999976396,0.4,0.029788379
2791,140235,0.2932330257308555,0,nan,0.5,0.29874999999764035,0.4,0.025859578
2792,140266,0.31022877367202484,0,nan,0.5161290322580645,0.29859499999764105,0.4,0.027712775
2793,140300,0.2423190509446831,0,nan,0.5,0.2984249999976418,0.4,0.027698508
2794,140450,-3.4285317262770723,0,nan,0.4666666666666667,0.29767499999764524,0.4,0.047215458
2795,140479,0.34367666977913336,0,nan,0.5172413793103449,0.2975299999976459,0.4,0.031609062
2796,140510,0.28322521403657797,0,nan,0.3548387096774194,0.2973749999976466,0.4,0.031986576
2797,140543,0.235255144568165,0,nan,0.5151515151515151,0.29720999999764736,0.4,0.033906933
2798,140575,0.2813902344312298,0,nan,0.4375,0.2970499999976481,0.4,0.032167684
2799,140606,0.3082394996178064,0,nan,0.4838709677419355,0.2968949999976488,0.4,0.02927085
2800,140636,0.31692144585336957,0,nan,0.43333333333333335,0.2967449999976495,0.4,0.031341948
2801,140786,-3.261071895449449,0,nan,0.52,0.2959949999976529,0.4,0.043512084
2802,140818,0.30743293351691303,0,nan,0.53125,0.2958349999976536,0.4,0.029881129
2803,140968,-3.4930803270354076,0,nan,0.5333333333333333,0.295084999997657,0.4,0.04875558
2804,141024,-0.2654142420678408,0,nan,0.5535714285714286,0.2948049999976583,0.4,0.030487048
2805,141174,-3.3699815111809093,0,nan,0.5266666666666666,0.2940549999976617,0.4,0.0451204
2806,141324,-3.3827067947716745,0,nan,0.5333333333333333,0.29330499999766513,0.4,0.0460405
2807,141356,0.27113507135885795,0,nan,0.46875,0.29314499999766586,0.4,0.03172367
2808,141390,0.24465622311488056,0,nan,0.5294117647058824,0.29297499999766663,0.4,0.03016396
2809,141425,0.21302423965838013,0,nan,0.5142857142857142,0.2927999999976674,0.4,0.029740946
2810,141575,-3.322315678662764,0,nan,0.5,0.29204999999767084,0.4,0.051068354
2811,141605,0.3385141343739825,0,nan,0.4666666666666667,0.2918999999976715,0.4,0.02879938
2812,141637,0.2629156337211783,0,nan,0.5,0.29173999999767225,0.4,0.03163227
2813,141668,0.36749148542280785,0,nan,0.5806451612903226,0.29158499999767296,0.4,0.027433189
2814,141698,0.36752657369551456,0,nan,0.4666666666666667,0.29143499999767364,0.4,0.029268038
2815,141732,0.19655373567123757,0,nan,0.47058823529411764,0.2912649999976744,0.4,0.031663537
2816,141774,0.026390797871893468,0,nan,0.42857142857142855,0.29105499999767537,0.4,0.031361006
2817,141808,0.2046306975584038,0,nan,0.5294117647058824,0.29088499999767614,0.4,0.030561674
2818,141839,0.2660425220544772,0,nan,0.5483870967741935,0.29072999999767685,0.4,0.03233729
2819,141869,0.3329881337066328,0,nan,0.5,0.29057999999767753,0.4,0.027991705
2820,141901,0.24985017586055458,0,0.0,0.65625,0.29041999999767826,0.4,0.033098634
2821,141936,0.19048396949297475,0,nan,0.45714285714285713,0.29024499999767905,0.4,0.03288472
2822,141974,0.1853982555775192,0,nan,0.5263157894736842,0.2900549999976799,0.4,0.028249942
2823,142012,0.10893327261398345,0,nan,0.6052631578947368,0.2898649999976808,0.4,0.030170945
2824,142162,-3.221551489218904,0,nan,0.5,0.2891149999976842,0.4,0.05195048
2825,142194,0.3589870725157511,0,nan,0.625,0.2889549999976849,0.4,0.026002474
2826,142226,0.26311477108381687,0,nan,0.4375,0.28879499999768565,0.4,0.03212225
2827,142376,-3.3785258679732366,0,nan,0.48,0.28804499999768907,0.4,0.046902306
2828,142526,-3.4480821647772344,0,nan,0.5266666666666666,0.2872949999976925,0.4,0.051810436
2829,142558,0.2571853083647745,0,nan,0.5625,0.2871349999976932,0.4,0.031229742
2830,142587,0.43174366010546317,0,nan,0.3793103448275862,0.28698999999769387,0.4,0.03214493
2831,142618,0.29058143456411023,0,nan,0.41935483870967744,0.2868349999976946,0.4,0.03409068
2832,142650,0.3799577874727118,0,nan,0.4375,0.2866749999976953,0.4,0.024615532
2833,142682,0.31229565514997426,0,nan,0.375,0.28651499999769603,0.4,0.026564855
2834,142715,0.2400020653888808,0,nan,0.48484848484848486,0.2863499999976968,0.4,0.033456165
2835,142746,0.3022515104591861,0,nan,0.5161290322580645,0.2861949999976975,0.4,0.03135307
2836,142896,-3.2433213183525798,0,nan,0.5466666666666666,0.2854449999977009,0.4,0.038974144
2837,142928,0.25741138576760825,0,nan,0.46875,0.2852849999977016,0.4,0.030920105
2838,142958,0.37180433054731077,0,nan,0.36666666666666664,0.2851349999977023,0.4,0.03168695
2839,142990,0.33471949299792525,0,nan,0.34375,0.28497499999770304,0.4,0.02818277
2840,143022,0.29760367262927145,0,nan,0.53125,0.28481499999770377,0.4,0.02847148
2841,143052,0.32676302350954733,0,nan,0.6333333333333333,0.28466499999770445,0.4,0.033413455
2842,143082,0.30608782316035943,0,nan,0.5,0.28451499999770513,0.4,0.032894455
2843,143111,0.3138504702423581,0,nan,0.4482758620689655,0.2843699999977058,0.4,0.03238292
2844,143141,0.35951615993753894,0,nan,0.26666666666666666,0.2842199999977065,0.4,0.032150205
2845,143291,-3.44931576614368,0,nan,0.5,0.2834699999977099,0.4,0.05286947
2846,143322,0.37633385098715266,0,nan,0.41935483870967744,0.2833149999977106,0.4,0.026559811
2847,143351,0.31370374625933606,0,nan,0.4827586206896552,0.28316999999771125,0.4,0.034259353
2848,143501,-3.5026171610999404,0,nan,0.52,0.28241999999771467,0.4,0.056473065
2849,143561,-0.32067131255147785,0,nan,0.45,0.28211999999771603,0.4,0.034537617
2850,143711,-3.5199314125801484,0,1.0,0.52,0.28136999999771944,0.4,0.05436758
2851,143861,-3.593964627242882,0,nan,0.52,0.28061999999772286,0.4,0.047405854
2852,143921,-0.2428902429398465,0,nan,0.45,0.2803199999977242,0.4,0.03241605
2853,143950,0.33290678436591525,0,nan,0.5862068965517241,0.2801749999977249,0.4,0.03660141
2854,144010,-0.26612331919908305,0,nan,0.55,0.27987499999772625,0.4,0.033494484
2855,144040,0.2964640019745185,0,nan,0.5666666666666667,0.27972499999772693,0.4,0.03565919
2856,144190,-3.4779239925244143,0,nan,0.5,0.27897499999773034,0.4,0.054493897
2857,144250,-0.36578332102570177,0,nan,0.5166666666666667,0.2786749999977317,0.4,0.035912506
2858,144346,-1.2346515026297533,0,nan,0.4479166666666667,0.2781949999977339,0.4,0.045372397
2859,144496,-3.414619297682931,0,nan,0.58,0.2774449999977373,0.4,0.054815497
2860,144526,0.2562957316015695,0,nan,0.7,0.277294999997738,0.4,0.03607089
2861,144676,-3.660805475049857,0,nan,0.4533333333333333,0.2765449999977414,0.4,0.0617099
2862,144826,-3.407901512228517,0,nan,0.44,0.2757949999977448,0.4,0.050935086
2863,144884,-0.336978086889833,0,nan,0.6724137931034483,0.27550499999774614,0.4,0.03487003
2864,144918,0.2022606616497744,0,nan,0.5882352941176471,0.2753349999977469,0.4,0.04337689
2865,144974,-0.2644537988144322,0,nan,0.5178571428571429,0.2750549999977482,0.4,0.03613509
2866,145006,0.2810397341549976,0,nan,0.59375,0.2748949999977489,0.4,0.028440408
2867,145156,-3.5370315436004547,0,nan,0.5466666666666666,0.2741449999977523,0.4,0.05436155
2868,145296,-2.378549944141188,0,nan,0.5428571428571428,0.2734449999977555,0.4,0.043509457
2869,145327,0.3147238590488034,0,nan,0.41935483870967744,0.2732899999977562,0.4,0.02722207
2870,145477,-3.5459715232630646,0,nan,0.5,0.27253999999775963,0.4,0.07929865
2871,145512,0.14298719035856167,0,nan,0.6285714285714286,0.2723649999977604,0.4,0.034418102
2872,145600,-0.9886967120500091,0,nan,0.6022727272727273,0.27192499999776243,0.4,0.03667362
2873,145631,0.3600854558855342,0,nan,0.45161290322580644,0.27176999999776313,0.4,0.027889704
2874,145781,-3.2311891027520367,0,nan,0.54,0.27101999999776655,0.4,0.050409287
2875,145931,-3.4123136842998845,0,nan,0.54,0.27026999999776996,0.4,0.05137092
2876,145983,-1.076659853971094,0,nan,0.5769230769230769,0.27000499999777117,0.4,0.046571944
2877,146133,-3.370268050474575,0,nan,0.4533333333333333,0.2692549999977746,0.4,0.051420297
2878,146162,0.31354810220675977,0,nan,0.4827586206896552,0.26910999999777524,0.4,0.035256106
2879,146312,-3.365817877553496,0,nan,0.5933333333333334,0.26835999999777865,0.4,0.048389703
2880,146342,0.42878917851726706,0,1.0,0.4666666666666667,0.26820999999777934,0.4,0.027634047
2881,146372,0.26340902686635104,0,nan,0.5666666666666667,0.26805999999778,0.4,0.035936642
2882,146403,0.3073288955108727,0,nan,0.3870967741935484,0.2679049999977807,0.4,0.02708376
2883,146553,-3.169608647197509,0,nan,0.5266666666666666,0.26715499999778414,0.4,0.042201307
2884,146583,0.2518982698988037,0,nan,0.43333333333333335,0.2670049999977848,0.4,0.039968025
2885,146615,0.3391306430566422,0,nan,0.4375,0.26684499999778555,0.4,0.026870055
2886,146648,0.26002462305352736,0,nan,0.48484848484848486,0.2666799999977863,0.4,0.026759733
2887,146677,0.2813555570525106,0,nan,0.5517241379310345,0.26653499999778696,0.4,0.03523608
2888,146708,0.3691512324413415,0,nan,0.41935483870967744,0.26637999999778766,0.4,0.027746577
2889,146858,-3.4244942495842903,0,nan,0.48,0.2656299999977911,0.4,0.052600127
2890,146953,-1.1088712678708443,0,nan,0.6210526315789474,0.26515499999779324,0.4,0.039672185
2891,147014,-0.30047954233792196,0,nan,0.639344262295082,0.2648499999977946,0.4,0.035286576
2892,147047,0.2638858301777791,0,nan,0.42424242424242425,0.2646849999977954,0.4,0.025767934
2893,147145,-1.2225294255379096,0,nan,0.5714285714285714,0.2641949999977976,0.4,0.038025897
2894,147295,-3.5125294124011543,0,nan,0.4666666666666667,0.263444999997801,0.4,0.059641503
2895,147445,-3.4490246479360587,0,nan,0.5,0.26269499999780443,0.4,0.053249225
2896,147595,-3.2480120273751734,0,nan,0.47333333333333333,0.26194499999780785,0.4,0.052878335
2897,147745,-3.374489742954167,0,nan,0.46,0.26119499999781126,0.4,0.048759952
2898,147805,-0.40483998149215106,0,nan,0.5666666666666667,0.2608949999978126,0.4,0.04051038
2899,147835,0.23921901758062492,0,nan,0.6666666666666666,0.2607449999978133,0.4,0.03822721
2900,147985,-3.3969521541616756,0,nan,0.43333333333333335,0.2599949999978167,0.4,0.056231212
2901,148135,-3.352318221736536,0,nan,0.5133333333333333,0.25924499999782014,0.4,0.04839922
2902,148285,-3.358039177104139,0,nan,0.5133333333333333,0.25849499999782355,0.4,0.061565023
2903,148380,-1.1990433384630883,0,nan,0.49473684210526314,0.2580199999978257,0.4,0.038148295
2904,148530,-3.3102119513122013,0,nan,0.4533333333333333,0.2572699999978291,0.4,0.05162247
2905,148680,-3.3060447863155047,0,nan,0.47333333333333333,0.25651999999783254,0.4,0.051853895
2906,148830,-3.3545101538817,0,nan,0.5666666666666667,0.25576999999783595,0.4,0.06576775
2907,148860,0.2958752840671389,0,nan,0.4,0.25561999999783663,0.4,0.039330713
2908,148895,0.22301278715980055,0,nan,0.6285714285714286,0.25544499999783743,0.4,0.039351102
2909,148955,-0.2693946779766486,0,nan,0.5166666666666667,0.2551449999978388,0.4,0.034910325
2910,149105,-3.452701079503031,0,0.0,0.5933333333333334,0.2543949999978422,0.4,0.054822497
2911,149163,-0.26719499569520344,0,nan,0.5862068965517241,0.25410499999784353,0.4,0.03260049
2912,149313,-3.2350590089433395,0,nan,0.5133333333333333,0.25335499999784694,0.4,0.04805219
2913,149463,-3.447199695484237,0,nan,0.47333333333333333,0.25260499999785035,0.4,0.05338911
2914,149613,-3.445411728640534,0,nan,0.43333333333333335,0.25185499999785377,0.4,0.061451677
2915,149643,0.3023400761594299,0,nan,0.4666666666666667,0.25170499999785445,0.4,0.04106084
2916,149793,-3.2706818267446196,0,nan,0.5333333333333333,0.25095499999785786,0.4,0.050878327
2917,149825,0.39497869582842227,0,nan,0.53125,0.2507949999978586,0.4,0.024689097
2918,149855,0.42046176305151806,0,nan,0.5333333333333333,0.2506449999978593,0.4,0.030702718
2919,149885,0.41638467181002503,0,nan,0.4666666666666667,0.25049499999785996,0.4,0.029108228
2920,150035,-3.4258294668407374,0,nan,0.5533333333333333,0.24974499999786193,0.4,0.043436233
2921,150185,-3.4127020606066036,0,nan,0.5133333333333333,0.24899499999786118,0.4,0.04407933
2922,150335,-3.44721792922658,0,nan,0.5066666666666667,0.24824499999786043,0.4,0.054463055
2923,150485,-3.299231797788416,0,nan,0.46,0.24749499999785968,0.4,0.05115146
2924,150517,0.3374442420648568,0,nan,0.46875,0.24733499999785952,0.4,0.02505195
2925,150548,0.3660470664142226,0,nan,0.45161290322580644,0.24717999999785936,0.4,0.028364174
2926,150580,0.37858514907198315,0,nan,0.5625,0.2470199999978592,0.4,0.024766034
2927,150612,0.21228973133344997,0,nan,0.375,0.24685999999785904,0.4,0.032836776
2928,150645,0.23671082597866555,0,nan,0.42424242424242425,0.24669499999785888,0.4,0.032578293
2929,150675,0.2604068193601985,0,nan,0.7333333333333333,0.24654499999785873,0.4,0.035553325
2930,150705,0.25656066134233324,0,nan,0.5666666666666667,0.24639499999785858,0.4,0.03537322
2931,150736,0.32339101648235524,0,nan,0.41935483870967744,0.24623999999785842,0.4,0.03056417
2932,150797,-0.3443914006788852,0,nan,0.5409836065573771,0.24593499999785812,0.4,0.036660045
2933,150947,-3.3366773519098225,0,nan,0.4066666666666667,0.24518499999785737,0.4,0.052673846
2934,150979,0.3362669717626716,0,nan,0.46875,0.2450249999978572,0.4,0.028505476
2935,151009,0.34277151882577417,0,nan,0.4666666666666667,0.24487499999785706,0.4,0.027838407
2936,151039,0.3398281111586927,0,nan,0.36666666666666664,0.2447249999978569,0.4,0.027888311
2937,151071,0.3054952391715109,0,nan,0.5,0.24456499999785675,0.4,0.027045373
2938,151103,0.3673379332597555,0,nan,0.4375,0.2444049999978566,0.4,0.025529258
2939,151132,0.27526034254171716,0,nan,0.41379310344827586,0.24425999999785644,0.4,0.038820677
2940,151282,-3.6234934595724955,0,1.0,0.5333333333333333,0.2435099999978557,0.4,0.046143852
2941,151432,-3.283391297431247,0,nan,0.47333333333333333,0.24275999999785494,0.4,0.048786484
2942,151582,-3.3510912163483706,0,nan,0.46,0.2420099999978542,0.4,0.04943454
2943,151732,-3.194304275831866,0,nan,0.4866666666666667,0.24125999999785344,0.4,0.04955932
2944,151763,0.31863761509662314,0,nan,0.3548387096774194,0.2411049999978533,0.4,0.034197975
2945,151913,-3.2363252914152962,0,nan,0.5333333333333333,0.24035499999785254,0.4,0.048319813
2946,151978,-0.42577097385767326,0,nan,0.5384615384615384,0.2400299999978522,0.4,0.032090142
2947,152035,-0.26679012227824994,0,nan,0.6140350877192983,0.23974499999785193,0.4,0.041674
2948,152185,-3.4502162839196475,0,nan,0.4533333333333333,0.23899499999785118,0.4,0.059079826
2949,152215,0.28134832322241254,0,nan,0.43333333333333335,0.23884499999785103,0.4,0.04031811
2950,152365,-3.7322526298043184,0,nan,0.5333333333333333,0.23809499999785028,0.4,0.075081885
2951,152515,-3.3466296047403,0,nan,0.44666666666666666,0.23734499999784953,0.4,0.059357025
2952,152544,0.3107448814779239,0,nan,0.3793103448275862,0.23719999999784938,0.4,0.034114756
2953,152583,0.11930873454195179,0,nan,0.5128205128205128,0.2370049999978492,0.4,0.040638503
2954,152733,-3.343480846282155,0,nan,0.4533333333333333,0.23625499999784844,0.4,0.05784338
2955,152765,0.2928128537436546,0,nan,0.34375,0.23609499999784828,0.4,0.026813077
2956,152796,0.37198341659409506,0,nan,0.4838709677419355,0.23593999999784812,0.4,0.029081926
2957,152946,-3.2772675803026132,0,nan,0.5,0.23518999999784737,0.4,0.045611568
2958,153008,-0.22768541115591479,0,nan,0.6290322580645161,0.23487999999784706,0.4,0.025623314
2959,153040,0.37809281603315836,0,nan,0.4375,0.2347199999978469,0.4,0.024082115
2960,153074,0.33794075539028157,0,nan,0.47058823529411764,0.23454999999784673,0.4,0.023402626
2961,153107,0.29988869239627836,0,nan,0.45454545454545453,0.23438499999784657,0.4,0.023893
2962,153138,0.3248389806966505,0,nan,0.25806451612903225,0.2342299999978464,0.4,0.028143698
2963,153170,0.3444549802469141,0,nan,0.5,0.23406999999784625,0.4,0.024539286
2964,153320,-3.1562151329711727,0,nan,0.48,0.2333199999978455,0.4,0.050156824
2965,153352,0.3343925592577852,0,nan,0.375,0.23315999999784534,0.4,0.024969455
2966,153502,-3.292070857012341,0,nan,0.46,0.2324099999978446,0.4,0.06869507
2967,153564,-0.30496223635445363,0,nan,0.532258064516129,0.23209999999784428,0.4,0.029493168
2968,153596,0.37955719253754316,0,nan,0.375,0.23193999999784412,0.4,0.023242945
2969,153627,0.42608274350237174,0,nan,0.41935483870967744,0.23178499999784397,0.4,0.026937624
2970,153658,0.40309813707252895,0,1.0,0.5161290322580645,0.2316299999978438,0.4,0.028394153
2971,153691,0.3076246052608588,0,nan,0.45454545454545453,0.23146499999784365,0.4,0.028431093
2972,153725,0.44121055406996057,0,nan,0.38235294117647056,0.23129499999784348,0.4,0.020094423
2973,153761,0.24701567204570307,0,nan,0.3888888888888889,0.2311149999978433,0.4,0.02877682
2974,153792,0.3882576145334007,0,nan,0.3870967741935484,0.23095999999784314,0.4,0.025600104
2975,153828,0.2941776936628969,0,nan,0.4444444444444444,0.23077999999784296,0.4,0.019765778
2976,153978,-3.208586904676733,0,nan,0.47333333333333333,0.2300299999978422,0.4,0.052086223
2977,154010,0.38952848784376914,0,nan,0.4375,0.22986999999784205,0.4,0.025064956
2978,154160,-3.4692763247644636,0,nan,0.4666666666666667,0.2291199999978413,0.4,0.041286264
2979,154193,0.3740479903186037,0,nan,0.3333333333333333,0.22895499999784114,0.4,0.022609614
2980,154227,0.3321444162777595,0,nan,0.3235294117647059,0.22878499999784097,0.4,0.024504725
2981,154262,0.2905450560583528,0,nan,0.42857142857142855,0.2286099999978408,0.4,0.022755714
2982,154412,-3.522856085972345,0,nan,0.5133333333333333,0.22785999999784004,0.4,0.051986463
2983,154473,-0.26986318671218656,0,nan,0.4426229508196721,0.22755499999783974,0.4,0.024757113
2984,154623,-3.3035454034531595,0,nan,0.5066666666666667,0.22680499999783899,0.4,0.04688466
2985,154750,-1.8442109995686629,0,nan,0.5275590551181102,0.22616999999783835,0.4,0.03695808
2986,154783,0.3146019616557755,0,nan,0.48484848484848486,0.22600499999783819,0.4,0.026065527
2987,154815,0.3697772626325857,0,nan,0.40625,0.22584499999783803,0.4,0.025661658
2988,154847,0.3386836614031603,0,nan,0.5,0.22568499999783787,0.4,0.02526812
2989,154882,0.28499471814705535,0,nan,0.4,0.2255099999978377,0.4,0.026030352
2990,154914,0.3693453460502514,0,nan,0.5,0.22534999999783753,0.4,0.024895256
2991,154946,0.329591074087621,0,nan,0.40625,0.22518999999783737,0.4,0.025499921
2992,155012,-0.3613954619043911,0,nan,0.5303030303030303,0.22485999999783704,0.4,0.030035682
2993,155069,-1.142916831559838,0,nan,0.5087719298245614,0.22456999999783675,0.4,0.051228333
2994,155102,0.3328695911299413,0,nan,0.3333333333333333,0.22440499999783659,0.4,0.024015125
2995,155136,0.3440342562164497,0,nan,0.29411764705882354,0.22423499999783642,0.4,0.023403984
2996,155200,-0.2711538850294113,0,nan,0.453125,0.2239149999978361,0.4,0.022514686
2997,155240,0.16161563845929572,0,nan,0.375,0.2237149999978359,0.4,0.027074015
2998,155301,-0.21960400521439938,0,nan,0.5737704918032787,0.2234099999978356,0.4,0.026562113
2999,155346,0.023441251507479555,0,nan,0.5111111111111111,0.22318499999783536,0.4,0.028045718
3000,155392,-0.06218441361444782,0,1.0,0.45652173913043476,0.22295499999783513,0.4,0.03126593
3001,155431,0.16139146615811129,0,nan,0.4358974358974359,0.22275999999783494,0.4,0.027782062
3002,155569,-1.9234303887867739,0,nan,0.4927536231884058,0.22206999999783425,0.4,0.030877719
3003,155719,-3.107073879122708,0,nan,0.43333333333333335,0.2213199999978335,0.4,0.053322982
3004,155749,0.3404158944842689,0,nan,0.3333333333333333,0.22116999999783335,0.4,0.027618825
3005,155796,-0.0995479091433975,0,nan,0.48936170212765956,0.22093499999783311,0.4,0.03158576
3006,155844,-0.08343778825531223,0,nan,0.4166666666666667,0.22069499999783287,0.4,0.027469194
3007,155876,0.3302810269697751,0,nan,0.28125,0.22053499999783271,0.4,0.023090903
3008,155910,0.2823290119724047,0,nan,0.38235294117647056,0.22036499999783254,0.4,0.025425443
3009,155941,0.42824849068363746,0,nan,0.2903225806451613,0.2202099999978324,0.4,0.027015155
3010,155973,0.3711304980807002,0,nan,0.4375,0.22004999999783223,0.4,0.023784088
3011,156015,0.06562921059198046,0,nan,0.4523809523809524,0.21983999999783202,0.4,0.026787687
3012,156046,0.3578196980773882,0,nan,0.45161290322580644,0.21968499999783186,0.4,0.02738795
3013,156077,0.3729310042246975,0,nan,0.4838709677419355,0.2195299999978317,0.4,0.027701294
3014,156227,-3.688378636599286,0,nan,0.43333333333333335,0.21877999999783096,0.4,0.114029504
3015,156290,-0.31236705234411044,0,nan,0.4603174603174603,0.21846499999783064,0.4,0.026786115
3016,156324,0.30657173789237424,0,nan,0.5294117647058824,0.21829499999783047,0.4,0.02437585
3017,156354,0.34665123183991864,0,nan,0.5,0.21814499999783032,0.4,0.026884621
3018,156389,0.30808111672251204,0,nan,0.37142857142857144,0.21796999999783015,0.4,0.027028956
3019,156433,0.013069498022730275,0,nan,0.22727272727272727,0.21774999999782993,0.4,0.02918724
3020,156465,0.3096346091067044,0,nan,0.40625,0.21758999999782977,0.4,0.030961396
3021,156498,0.2963957873941446,0,nan,0.42424242424242425,0.2174249999978296,0.4,0.028882766
3022,156531,0.2727151337368675,0,nan,0.6060606060606061,0.21725999999782944,0.4,0.029040651
3023,156681,-3.4379721647983374,0,nan,0.44,0.2165099999978287,0.4,0.048250403
3024,156725,-0.01229879382282928,0,nan,0.5,0.21628999999782847,0.4,0.03197986
3025,156759,0.2867495128459552,0,nan,0.47058823529411764,0.2161199999978283,0.4,0.025406502
3026,156909,-3.33093221938786,0,nan,0.5,0.21536999999782755,0.4,0.06678392
3027,157059,-3.1940585662023855,0,nan,0.5066666666666667,0.2146199999978268,0.4,0.046615247
3028,157091,0.36524332881017285,0,nan,0.34375,0.21445999999782664,0.4,0.026203621
3029,157124,0.3390687891607914,0,nan,0.42424242424242425,0.21429499999782647,0.4,0.023629945
3030,157155,0.33208475362565393,0,1.0,0.45161290322580644,0.21413999999782632,0.4,0.02911662
3031,157187,0.3299883435957074,0,nan,0.375,0.21397999999782616,0.4,0.02552449
3032,157221,0.30555766121230143,0,nan,0.35294117647058826,0.213809999997826,0.4,0.02414734
3033,157371,-3.365614863879448,0,nan,0.46,0.21305999999782524,0.4,0.060317643
3034,157466,-1.0835661930443772,0,nan,0.4842105263157895,0.21258499999782476,0.4,0.044809114
3035,157500,0.29785523705391714,0,nan,0.5588235294117647,0.2124149999978246,0.4,0.022891168
3036,157530,0.36701094552582736,0,nan,0.5666666666666667,0.21226499999782444,0.4,0.03194501
3037,157589,-0.29647342754220796,0,nan,0.5084745762711864,0.21196999999782415,0.4,0.029890705
3038,157620,0.3864472242450161,0,nan,0.41935483870967744,0.211814999997824,0.4,0.027275464
3039,157683,-0.2521057615640818,0,nan,0.49206349206349204,0.21149999999782368,0.4,0.023058418
3040,157713,0.4642911677957764,0,nan,0.43333333333333335,0.21134999999782353,0.4,0.028738173
3041,157743,0.4362475519046397,0,nan,0.26666666666666666,0.21119999999782338,0.4,0.027666662
3042,157775,0.30100693083251717,0,nan,0.34375,0.21103999999782322,0.4,0.028473513
3043,157925,-3.4065051215739706,0,nan,0.5133333333333333,0.21028999999782247,0.4,0.059051476
3044,157960,0.28056515560561424,0,nan,0.37142857142857144,0.2101149999978223,0.4,0.02452264
3045,157995,0.3027030825263908,0,nan,0.42857142857142855,0.20993999999782212,0.4,0.023143545
3046,158028,0.3374545929676156,0,nan,0.45454545454545453,0.20977499999782195,0.4,0.024483247
3047,158178,-3.3380329535696354,0,nan,0.46,0.2090249999978212,0.4,0.047803428
3048,158211,0.36535098128262944,0,nan,0.3939393939393939,0.20885999999782104,0.4,0.022686247
3049,158244,0.27589629637551005,0,nan,0.45454545454545453,0.20869499999782087,0.4,0.028120946
3050,158277,0.3708441360115974,0,nan,0.42424242424242425,0.2085299999978207,0.4,0.021231556
3051,158341,-0.25439565469178993,0,nan,0.5,0.2082099999978204,0.4,0.022916537
3052,158372,0.46773548319722735,0,nan,0.3870967741935484,0.20805499999782023,0.4,0.024569938
3053,158406,0.330524365238822,0,nan,0.38235294117647056,0.20788499999782006,0.4,0.023230514
3054,158440,0.31530453338093123,0,nan,0.4117647058823529,0.2077149999978199,0.4,0.022827521
3055,158475,0.2769985887168398,0,nan,0.5142857142857142,0.20753999999781972,0.4,0.024240753
3056,158625,-3.321188188930511,0,nan,0.4533333333333333,0.20678999999781897,0.4,0.051088985
3057,158775,-3.354511557549798,0,nan,0.44666666666666666,0.20603999999781822,0.4,0.050530877
3058,158807,0.3911198242000733,0,nan,0.40625,0.20587999999781806,0.4,0.024129141
3059,158838,0.2930944061960433,0,nan,0.3548387096774194,0.2057249999978179,0.4,0.031742305
3060,158871,0.2683812593493481,0,1.0,0.48484848484848486,0.20555999999781774,0.4,0.030005926
3061,158902,0.3830322329685748,0,nan,0.45161290322580644,0.20540499999781758,0.4,0.024897283
3062,159052,-3.39617521696246,0,nan,0.37333333333333335,0.20465499999781683,0.4,0.052159242
3063,159083,0.31238110960679466,0,nan,0.45161290322580644,0.20449999999781668,0.4,0.03157062
3064,159116,0.30855707588285686,0,nan,0.45454545454545453,0.2043349999978165,0.4,0.03021977
3065,159149,0.2817429509923255,0,nan,0.3939393939393939,0.20416999999781635,0.4,0.028751448
3066,159197,0.05641456835017289,0,nan,0.5625,0.2039299999978161,0.4,0.022928288
3067,159230,0.29634428668453583,0,nan,0.42424242424242425,0.20376499999781594,0.4,0.03088287
3068,159380,-3.5994811757232474,0,nan,0.4266666666666667,0.2030149999978152,0.4,0.0855251
3069,159530,-3.5378384315213376,0,nan,0.44,0.20226499999781444,0.4,0.046027664
3070,159563,0.286817625519905,0,nan,0.48484848484848486,0.20209999999781428,0.4,0.03199616
3071,159596,0.27886017999344015,0,nan,0.3939393939393939,0.2019349999978141,0.4,0.031752758
3072,159631,0.26946679272133434,0,nan,0.37142857142857144,0.20175999999781394,0.4,0.02738712
3073,159690,-0.3253644184611916,0,nan,0.5254237288135594,0.20146499999781364,0.4,0.03283187
3074,159722,0.29556542016761855,0,nan,0.53125,0.20130499999781348,0.4,0.029234586
3075,159754,0.2566582345536831,0,nan,0.5,0.20114499999781332,0.4,0.032756336
3076,159792,0.14969079239833327,0,nan,0.3684210526315789,0.20095499999781313,0.4,0.03090343
3077,159852,-1.311099376061299,0,nan,0.5333333333333333,0.20064999999781283,0.4,0.049242653
3078,159884,0.33450842661222224,0,nan,0.5625,0.20048999999781267,0.4,0.028708724
3079,159916,0.2815966946353773,0,nan,0.375,0.2003299999978125,0.4,0.032358184
3080,159949,0.24586725158230138,0,nan,0.5151515151515151,0.20016499999781234,0.4,0.03410148
3081,159980,0.2533941589896438,0,nan,0.3225806451612903,0.2000099999978122,0.4,0.035014644
3082,160048,-0.48041320722848,0,nan,0.5441176470588235,0.19966999999781185,0.4,0.029707596
3083,160080,0.3584719605231781,0,nan,0.53125,0.1995099999978117,0.4,0.02522987
3084,160118,0.12722056292066553,0,nan,0.5,0.1993199999978115,0.4,0.030773524
3085,160150,0.3901096111641036,0,nan,0.5,0.19915999999781134,0.4,0.025392722
3086,160211,-0.3379985188148804,0,nan,0.4426229508196721,0.19885499999781103,0.4,0.031066906
3087,160273,-0.31054868139713165,0,nan,0.5483870967741935,0.19854499999781072,0.4,0.02982472
3088,160304,0.3000820632551805,0,nan,0.5161290322580645,0.19838999999781057,0.4,0.031932503
3089,160337,0.24437743935286693,0,nan,0.45454545454545453,0.1982249999978104,0.4,0.03256734
3090,160368,0.3413282179009669,0,1.0,0.4838709677419355,0.19806999999781025,0.4,0.027957197
3091,160399,0.36905160151851046,0,nan,0.45161290322580644,0.1979149999978101,0.4,0.028957848
3092,160431,0.33522437340850697,0,nan,0.40625,0.19775499999780993,0.4,0.030953363
3093,160506,-0.7745315918799596,0,nan,0.4666666666666667,0.19737999999780956,0.4,0.039942022
3094,160541,0.2364800794741726,0,nan,0.4857142857142857,0.19720499999780938,0.4,0.03080992
3095,160598,-0.28095455439327044,0,nan,0.49122807017543857,0.1969199999978091,0.4,0.030342426
3096,160662,-0.386300058575508,0,nan,0.53125,0.19659999999780878,0.4,0.035951354
3097,160692,0.41063087051450275,0,nan,0.36666666666666664,0.19644999999780863,0.4,0.029414827
3098,160722,0.41866678812607194,0,nan,0.4,0.19629999999780848,0.4,0.029847527
3099,160872,-3.336645349148104,0,nan,0.4533333333333333,0.19554999999780773,0.4,0.054029807
3100,160903,0.31880747429659173,0,nan,0.3870967741935484,0.19539499999780757,0.4,0.031186553
3101,160935,0.3210603501330821,0,nan,0.4375,0.1952349999978074,0.4,0.028781136
3102,160966,0.4562921753770013,0,nan,0.5483870967741935,0.19507999999780726,0.4,0.027601812
3103,160999,0.31590173928750753,0,nan,0.3333333333333333,0.1949149999978071,0.4,0.028751634
3104,161031,0.2975839844278294,0,nan,0.5,0.19475499999780693,0.4,0.031518687
3105,161181,-3.1884320664233528,0,nan,0.49333333333333335,0.19400499999780618,0.4,0.04736043
3106,161218,0.39389093987892554,0,nan,0.43243243243243246,0.193819999997806,0.4,0.028306996
3107,161251,0.3165061265435729,0,nan,0.36363636363636365,0.19365499999780583,0.4,0.030188292
3108,161306,-0.11134989802483197,0,nan,0.41818181818181815,0.19337999999780556,0.4,0.024885252
3109,161338,0.32758291717341237,0,nan,0.5,0.1932199999978054,0.4,0.028003031
3110,161370,0.3129769052627839,0,nan,0.40625,0.19305999999780524,0.4,0.025476223
3111,161405,0.2399676565937583,0,nan,0.37142857142857144,0.19288499999780506,0.4,0.032017764
3112,161437,0.3403670195568732,0,nan,0.34375,0.1927249999978049,0.4,0.029684376
3113,161468,0.3847084578733505,0,nan,0.3548387096774194,0.19256999999780475,0.4,0.030348198
3114,161498,0.3413344607063792,0,nan,0.4,0.1924199999978046,0.4,0.031932663
3115,161590,-0.9338260190404327,0,nan,0.4782608695652174,0.19195999999780414,0.4,0.030910451
3116,161623,0.2953134789985016,0,nan,0.3939393939393939,0.19179499999780397,0.4,0.026056921
3117,161656,0.3192330935295995,0,nan,0.42424242424242425,0.1916299999978038,0.4,0.028601887
3118,161688,0.27866224146176666,0,nan,0.40625,0.19146999999780365,0.4,0.031136217
3119,161720,0.36155785428170106,0,nan,0.4375,0.1913099999978035,0.4,0.026070561
3120,161781,-0.3208405971860526,0,0.0,0.5081967213114754,0.19100499999780318,0.4,0.026050828
3121,161811,0.3505273877222487,0,nan,0.6666666666666666,0.19085499999780303,0.4,0.031008312
3122,161844,0.24808324187670094,0,nan,0.5757575757575758,0.19068999999780287,0.4,0.030457027
3123,161877,0.2811856875685601,0,nan,0.36363636363636365,0.1905249999978027,0.4,0.030033689
3124,162027,-3.2005713564991107,0,nan,0.48,0.18977499999780195,0.4,0.040612362
3125,162072,0.020664845674407517,0,nan,0.4,0.18954999999780173,0.4,0.038484074
3126,162104,0.3075711795313475,0,nan,0.3125,0.18938999999780157,0.4,0.033782866
3127,162135,0.28380072778621357,0,nan,0.5161290322580645,0.1892349999978014,0.4,0.034547485
3128,162194,-0.2709104840533829,0,nan,0.5254237288135594,0.18893999999780112,0.4,0.03011574
3129,162258,-0.40003619059552953,0,nan,0.40625,0.1886199999978008,0.4,0.031184467
3130,162408,-3.2658964532930645,0,nan,0.44,0.18786999999780005,0.4,0.05350097
3131,162445,0.17042554891972272,0,nan,0.43243243243243246,0.18768499999779986,0.4,0.02885652
3132,162478,0.23315366660690595,0,nan,0.3333333333333333,0.1875199999977997,0.4,0.032160085
3133,162505,-0.6546508492389264,0,nan,0.18518518518518517,0.18737999999779956,0.4,0.04752277
3134,162527,-0.5842976368635804,0,nan,0.18181818181818182,0.18726499999779944,0.4,0.14251937
3135,162556,-0.731233919547994,0,nan,0.2413793103448276,0.1871149999977993,0.4,0.039192192
3136,162621,-0.3416687975700864,0,nan,0.5076923076923077,0.18678999999779897,0.4,0.025809351
3137,162662,0.056856060572378464,0,nan,0.4878048780487805,0.18658499999779876,0.4,0.04008271
3138,162692,0.3420973280997811,0,nan,0.36666666666666664,0.1864349999977986,0.4,0.033270624
3139,162723,0.34238997957642314,0,nan,0.3870967741935484,0.18627999999779846,0.4,0.030685848
3140,162808,-0.9181140654510338,0,nan,0.4,0.18585499999779803,0.4,0.03911981
3141,162839,0.2856220806272074,0,nan,0.2903225806451613,0.18569999999779788,0.4,0.03311553
3142,162902,-0.3743170165913885,0,nan,0.4603174603174603,0.18538499999779756,0.4,0.03248746
3143,162933,0.30034134947744806,0,nan,0.5483870967741935,0.1852299999977974,0.4,0.03193136
3144,163011,-0.6377969403829008,0,nan,0.48717948717948717,0.18483999999779702,0.4,0.031374056
3145,163069,-0.3014624906107398,0,nan,0.4827586206896552,0.18454999999779673,0.4,0.03409994
3146,163099,0.30063648156339584,0,nan,0.3333333333333333,0.18439999999779658,0.4,0.034051046
3147,163249,-3.2804716491774975,0,nan,0.44666666666666666,0.18364999999779583,0.4,0.06054112
3148,163308,-0.3468630535225893,0,nan,0.4067796610169492,0.18335499999779553,0.4,0.032652833
3149,163345,0.1704538764547292,0,nan,0.32432432432432434,0.18316999999779535,0.4,0.028695764
3150,163495,-3.556917657861445,0,1.0,0.54,0.1824199999977946,0.4,0.07305134
3151,163645,-3.351252032696213,0,nan,0.47333333333333333,0.18166999999779385,0.4,0.053076092
3152,163679,0.2696766325519624,0,nan,0.4117647058823529,0.18149999999779368,0.4,0.030574469
3153,163740,-0.35635151875779447,0,nan,0.4918032786885246,0.18119499999779337,0.4,0.035384305
3154,163774,0.2180958398240953,0,nan,0.4117647058823529,0.1810249999977932,0.4,0.034220118
3155,163809,0.21985235318369434,0,nan,0.34285714285714286,0.18084999999779303,0.4,0.030207481
3156,163844,0.2205810131230962,0,nan,0.4,0.18067499999779285,0.4,0.029859135
3157,163876,0.3074918455525648,0,nan,0.53125,0.1805149999977927,0.4,0.025503792
3158,163930,-0.08863574849826805,0,nan,0.4444444444444444,0.18024499999779242,0.4,0.026912406
3159,163961,0.38067402827673136,0,nan,0.5161290322580645,0.18008999999779227,0.4,0.025860136
3160,163993,0.24427194708495292,0,nan,0.46875,0.1799299999977921,0.4,0.0347886
3161,164023,0.4113818867824609,0,nan,0.5333333333333333,0.17977999999779196,0.4,0.02750468
3162,164084,-0.3475335462629452,0,nan,0.3770491803278688,0.17947499999779165,0.4,0.039336942
3163,164117,0.29179512999425794,0,nan,0.36363636363636365,0.17930999999779149,0.4,0.030843185
3164,164149,0.32199777153472187,0,nan,0.4375,0.17914999999779133,0.4,0.025956351
3165,164180,0.3054107209790029,0,nan,0.3548387096774194,0.17899499999779117,0.4,0.027905064
3166,164214,0.24324737214027126,0,nan,0.4411764705882353,0.178824999997791,0.4,0.031624384
3167,164248,0.20682228781372136,0,nan,0.4117647058823529,0.17865499999779083,0.4,0.031955946
3168,164286,0.1347048277256957,0,nan,0.4473684210526316,0.17846499999779064,0.4,0.032121688
3169,164322,0.17130238397668718,0,nan,0.3611111111111111,0.17828499999779046,0.4,0.031451613
3170,164392,-0.6527716638712667,0,nan,0.4714285714285714,0.1779349999977901,0.4,0.04359346
3171,164424,0.2963200052990931,0,nan,0.4375,0.17777499999778995,0.4,0.034814764
3172,164456,0.3828202849765825,0,nan,0.3125,0.1776149999977898,0.4,0.030602721
3173,164606,-3.309239203397672,0,nan,0.4066666666666667,0.17686499999778904,0.4,0.054230087
3174,164637,0.3642850183820081,0,nan,0.3548387096774194,0.17670999999778889,0.4,0.030813172
3175,164670,0.2562054933197432,0,nan,0.42424242424242425,0.17654499999778872,0.4,0.030550199
3176,164701,0.3361420518716778,0,nan,0.3548387096774194,0.17638999999778857,0.4,0.02583241
3177,164732,0.2925775585624574,0,nan,0.4838709677419355,0.1762349999977884,0.4,0.03326985
3178,164763,0.365323930364019,0,nan,0.1935483870967742,0.17607999999778826,0.4,0.03317098
3179,164794,0.3153108665256995,0,nan,0.3870967741935484,0.1759249999977881,0.4,0.032396737
3180,164824,0.3657440594115605,0,1.0,0.36666666666666664,0.17577499999778795,0.4,0.032257766
3181,164857,0.36205973881210185,0,nan,0.30303030303030304,0.17560999999778779,0.4,0.023499914
3182,165007,-3.2879319479587323,0,nan,0.44,0.17485999999778704,0.4,0.05129464
3183,165040,0.24987417531981382,0,nan,0.45454545454545453,0.17469499999778687,0.4,0.033185977
3184,165103,-0.30058109811974587,0,nan,0.4444444444444444,0.17437999999778656,0.4,0.033534594
3185,165134,0.36658933698309204,0,nan,0.45161290322580644,0.1742249999977864,0.4,0.02759466
3186,165166,0.2867691525247975,0,nan,0.40625,0.17406499999778624,0.4,0.026249152
3187,165198,0.2663971353390322,0,nan,0.375,0.17390499999778608,0.4,0.03400512
3188,165228,0.316784029488412,0,nan,0.5666666666666667,0.17375499999778593,0.4,0.03186325
3189,165259,0.3108427307686783,0,nan,0.3225806451612903,0.17359999999778578,0.4,0.034253106
3190,165291,0.3051548760426086,0,nan,0.4375,0.17343999999778562,0.4,0.027861252
3191,165350,-0.2669105845926508,0,nan,0.423728813559322,0.17314499999778532,0.4,0.034303702
3192,165500,-3.5286430836550102,0,nan,0.4266666666666667,0.17239499999778457,0.4,0.05305368
3193,165576,-0.5150676573163164,0,nan,0.4473684210526316,0.1720149999977842,0.4,0.031641394
3194,165607,0.32642121031778826,0,nan,0.41935483870967744,0.17185999999778404,0.4,0.029403273
3195,165640,0.26014365306945575,0,nan,0.45454545454545453,0.17169499999778387,0.4,0.032393053
3196,165679,0.1095538082437083,0,nan,0.4358974358974359,0.17149999999778368,0.4,0.030507552
3197,165738,-0.24302847992791554,0,nan,0.5084745762711864,0.17120499999778338,0.4,0.029487161
3198,165770,0.33242428016030234,0,nan,0.40625,0.17104499999778322,0.4,0.030842315
3199,165804,0.25252267360755387,0,nan,0.2647058823529412,0.17087499999778305,0.4,0.029416041
3200,165900,-1.250041925886661,0,nan,0.46875,0.17039499999778257,0.4,0.03924175
3201,166050,-3.4466965517263928,0,nan,0.44,0.16964499999778182,0.4,0.05580311
3202,166117,-0.5077568892506651,0,nan,0.417910447761194,0.16930999999778149,0.4,0.04616503
3203,166150,0.29653053577225763,0,nan,0.42424242424242425,0.16914499999778132,0.4,0.028462062
3204,166180,0.40562617886172414,0,nan,0.43333333333333335,0.16899499999778117,0.4,0.027037498
3205,166330,-3.13583260115275,0,nan,0.44666666666666666,0.16824499999778042,0.4,0.052558377
3206,166361,0.3176128667570076,0,nan,0.2903225806451613,0.16808999999778027,0.4,0.030814774
3207,166392,0.34211287725899564,0,nan,0.5161290322580645,0.1679349999977801,0.4,0.034244083
3208,166424,0.32233407836654526,0,nan,0.34375,0.16777499999777995,0.4,0.029116308
3209,166455,0.31190242584200045,0,nan,0.3548387096774194,0.1676199999977798,0.4,0.028507674
3210,166485,0.351813323146278,0,1.0,0.43333333333333335,0.16746999999777964,0.4,0.033537854
3211,166635,-3.2114424852502443,0,nan,0.4,0.1667199999977789,0.4,0.05104586
3212,166785,-3.2179946097236014,0,nan,0.5,0.16596999999777814,0.4,0.049364846
3213,166817,0.316078990393886,0,nan,0.28125,0.16580999999777798,0.4,0.029312702
3214,166967,-3.2201609670161484,0,nan,0.4533333333333333,0.16505999999777723,0.4,0.05585828
3215,167001,0.25276138580935625,0,nan,0.4117647058823529,0.16488999999777706,0.4,0.02782976
3216,167063,-0.4252176477594638,0,nan,0.46774193548387094,0.16457999999777675,0.4,0.032182194
3217,167103,0.08662274974753004,0,nan,0.425,0.16437999999777655,0.4,0.029044518
3218,167210,-1.252923956476298,0,nan,0.4485981308411215,0.16384499999777602,0.4,0.033574868
3219,167242,0.317875228369479,0,nan,0.40625,0.16368499999777586,0.4,0.028970176
3220,167272,0.36182570588514074,0,nan,0.3333333333333333,0.1635349999977757,0.4,0.030168792
3221,167304,0.328506765392782,0,nan,0.46875,0.16337499999777555,0.4,0.030038474
3222,167335,0.3898836574545157,0,nan,0.25806451612903225,0.1632199999977754,0.4,0.029465968
3223,167364,0.49540421765540976,0,nan,0.3793103448275862,0.16307499999777525,0.4,0.02931356
3224,167514,-3.341919480889366,0,nan,0.44,0.1623249999977745,0.4,0.057470467
3225,167574,-0.17738121604193036,0,nan,0.3333333333333333,0.1620249999977742,0.4,0.030165797
3226,167606,0.2932040818579822,0,nan,0.46875,0.16186499999777404,0.4,0.030841324
3227,167639,0.328391066650345,0,nan,0.3939393939393939,0.16169999999777387,0.4,0.02908483
3228,167669,0.4407094567963368,0,nan,0.4666666666666667,0.16154999999777372,0.4,0.030480463
3229,167700,0.3515611012473182,0,nan,0.41935483870967744,0.16139499999777357,0.4,0.029985778
3230,167732,0.3619720475398923,0,nan,0.4375,0.1612349999977734,0.4,0.026798485
3231,167763,0.3901750885166416,0,nan,0.3548387096774194,0.16107999999777325,0.4,0.028683007
3232,167797,0.2722392033811716,0,nan,0.2647058823529412,0.16090999999777308,0.4,0.030202199
3233,167828,0.38019939839444594,0,nan,0.45161290322580644,0.16075499999777293,0.4,0.028935103
3234,167978,-3.1254753876653907,0,nan,0.4533333333333333,0.16000499999777218,0.4,0.052837893
3235,168011,0.2894308500694919,0,nan,0.45454545454545453,0.15983999999777201,0.4,0.030576348
3236,168043,0.35436581671123346,0,nan,0.3125,0.15967999999777185,0.4,0.027677655
3237,168074,0.41515252793022983,0,nan,0.45161290322580644,0.1595249999977717,0.4,0.030016327
3238,168162,-0.8089063707726738,0,nan,0.4318181818181818,0.15908499999777126,0.4,0.032452933
3239,168193,0.38478134152556565,0,nan,0.41935483870967744,0.1589299999977711,0.4,0.030634386
3240,168225,0.3061023280789953,0,1.0,0.34375,0.15876999999777094,0.4,0.031074183
3241,168283,-0.1481831770552846,0,nan,0.5,0.15847999999777065,0.4,0.032215025
3242,168348,-0.4699115143285937,0,nan,0.4,0.15815499999777033,0.4,0.04189326
3243,168417,-0.4556378829794413,0,nan,0.4782608695652174,0.15780999999776998,0.4,0.03715928
3244,168450,0.29975598309098406,0,nan,0.45454545454545453,0.15764499999776982,0.4,0.030895252
3245,168600,-3.0630056465650166,0,nan,0.46,0.15689499999776907,0.4,0.052926637
3246,168632,0.32124516057872365,0,nan,0.46875,0.1567349999977689,0.4,0.032145645
3247,168782,-3.1583264200355874,0,nan,0.36666666666666664,0.15598499999776816,0.4,0.051004652
3248,168815,0.3091993986850943,0,nan,0.30303030303030304,0.155819999997768,0.4,0.028152386
3249,168877,-0.24002999390294455,0,nan,0.3709677419354839,0.15550999999776768,0.4,0.026151326
3250,169011,-1.8339697057148059,0,nan,0.5298507462686567,0.154839999997767,0.4,0.040356833
3251,169161,-3.265666710116858,0,nan,0.4533333333333333,0.15408999999776626,0.4,0.048133742
3252,169193,0.3058912851266573,0,nan,0.40625,0.1539299999977661,0.4,0.03020885
3253,169227,0.31973078084097106,0,nan,0.2647058823529412,0.15375999999776593,0.4,0.022853453
3254,169258,0.34553063432098485,0,nan,0.45161290322580644,0.15360499999776578,0.4,0.03142622
3255,169408,-3.2409665222825543,0,nan,0.47333333333333333,0.15285499999776503,0.4,0.048636355
3256,169499,-0.965880558793489,0,nan,0.4175824175824176,0.15239999999776457,0.4,0.029286183
3257,169649,-3.3701215480538904,0,nan,0.5,0.15164999999776382,0.4,0.05654719
3258,169799,-3.3184236035497903,0,nan,0.4533333333333333,0.15089999999776307,0.4,0.05948889
3259,169859,-0.2882180399644666,0,nan,0.48333333333333334,0.15059999999776277,0.4,0.034538653
3260,169922,-0.44777504744519314,0,nan,0.42857142857142855,0.15028499999776246,0.4,0.038464673
3261,169987,-0.3514153732130355,0,nan,0.4461538461538462,0.14995999999776213,0.4,0.029218873
3262,170018,0.2583028571543998,0,nan,0.45161290322580644,0.14980499999776198,0.4,0.0331605
3263,170051,0.3154101677781338,0,nan,0.3939393939393939,0.1496399999977618,0.4,0.027698988
3264,170083,0.37573044230609987,0,nan,0.40625,0.14947999999776165,0.4,0.025367303
3265,170114,0.3322277750172098,0,nan,0.3870967741935484,0.1493249999977615,0.4,0.031063292
3266,170145,0.39985191909842366,0,nan,0.3225806451612903,0.14916999999776134,0.4,0.0295866
3267,170295,-3.196115257747989,0,nan,0.38666666666666666,0.1484199999977606,0.4,0.0533533
3268,170445,-3.3082572835481012,0,nan,0.43333333333333335,0.14766999999775984,0.4,0.053300474
3269,170476,0.3095468528703018,0,nan,0.6129032258064516,0.1475149999977597,0.4,0.031295333
3270,170506,0.377847184778237,0,0.0,0.4,0.14736499999775954,0.4,0.03453305
3271,170536,0.4331346490556576,0,nan,0.5,0.1472149999977594,0.4,0.030623307
3272,170600,-0.3588881083161912,0,nan,0.578125,0.14689499999775907,0.4,0.03844528
3273,170663,-0.2935484905487966,0,nan,0.42857142857142855,0.14657999999775875,0.4,0.034375202
3274,170813,-3.267807273807385,0,nan,0.41333333333333333,0.145829999997758,0.4,0.058963686
3275,170880,-0.35988788965803886,0,nan,0.5223880597014925,0.14549499999775767,0.4,0.034256995
3276,170939,-0.17016484049115255,0,nan,0.423728813559322,0.14519999999775737,0.4,0.027762024
3277,171089,-3.2309757933787715,0,nan,0.4266666666666667,0.14444999999775662,0.4,0.052524265
3278,171151,-0.17022721966180854,0,nan,0.3870967741935484,0.1441399999977563,0.4,0.03146321
3279,171184,0.3141822991634182,0,nan,0.36363636363636365,0.14397499999775615,0.4,0.026360892
3280,171247,-0.27647900885177257,0,nan,0.5238095238095238,0.14365999999775583,0.4,0.031924043
3281,171397,-3.141534847633611,0,nan,0.41333333333333333,0.14290999999775508,0.4,0.044765487
3282,171462,-0.3990929267066322,0,nan,0.2923076923076923,0.14258499999775476,0.4,0.038715295
3283,171494,0.3378331427907796,0,nan,0.46875,0.1424249999977546,0.4,0.030829256
3284,171532,0.19879649959586232,0,nan,0.5,0.1422349999977544,0.4,0.039906327
3285,171682,-3.348002718469878,0,nan,0.48,0.14148499999775366,0.4,0.05686739
3286,171736,-0.10837126639617445,0,nan,0.48148148148148145,0.1412149999977534,0.4,0.034816477
3287,171769,0.34985629374043037,0,nan,0.2727272727272727,0.14104999999775322,0.4,0.027479539
3288,171801,0.2877488033304245,0,nan,0.28125,0.14088999999775306,0.4,0.031629592
3289,171834,0.3719477056028112,0,nan,0.3939393939393939,0.1407249999977529,0.4,0.027777193
3290,171895,-0.2856984568101726,0,nan,0.4098360655737705,0.1404199999977526,0.4,0.02974042
3291,171929,0.2772373265423961,0,nan,0.4117647058823529,0.14024999999775242,0.4,0.026810408
3292,171960,0.5037513966293471,1,nan,0.3870967741935484,0.14009499999775227,0.4,0.026294455
3293,172110,-3.1418272514316175,0,nan,0.4266666666666667,0.13934499999775152,0.4,0.052755777
3294,172146,0.2521624133202153,0,nan,0.4166666666666667,0.13916499999775134,0.4,0.027472654
3295,172296,-3.035431122373124,0,nan,0.4066666666666667,0.1384149999977506,0.4,0.043132946
3296,172356,-0.34897206962530325,0,nan,0.4666666666666667,0.1381149999977503,0.4,0.02918355
3297,172417,-0.11573748725827038,0,nan,0.36065573770491804,0.13780999999774998,0.4,0.02425598
3298,172450,0.34457606119623896,0,nan,0.48484848484848486,0.13764499999774982,0.4,0.025489753
3299,172483,0.26606421368560185,0,nan,0.42424242424242425,0.13747999999774965,0.4,0.03070453
3300,172515,0.311659567218847,0,0.0,0.40625,0.1373199999977495,0.4,0.031345062
3301,172548,0.25561237211769616,0,nan,0.5151515151515151,0.13715499999774933,0.4,0.03144131
3302,172580,0.3335871810719492,0,nan,0.34375,0.13699499999774917,0.4,0.029923901
3303,172617,0.26758968257530924,0,nan,0.32432432432432434,0.13680999999774898,0.4,0.02513917
3304,172767,-3.2028460649919355,0,nan,0.4666666666666667,0.13605999999774823,0.4,0.050258104
3305,172917,-3.3340004910131413,0,nan,0.44,0.13530999999774748,0.4,0.051175732
3306,172950,0.3147003063243271,0,nan,0.42424242424242425,0.13514499999774732,0.4,0.03282797
3307,173100,-3.126640158633516,0,nan,0.38666666666666666,0.13439499999774657,0.4,0.053583927
3308,173134,0.24824903705415935,0,nan,0.4411764705882353,0.1342249999977464,0.4,0.031739447
3309,173170,0.2631823932372832,0,nan,0.25,0.13404499999774622,0.4,0.025462
3310,173318,-2.470260599386105,0,nan,0.41216216216216217,0.13330499999774548,0.4,0.05432844
3311,173350,0.37843502706166043,0,nan,0.46875,0.13314499999774532,0.4,0.02585202
3312,173382,0.4115870128224701,0,nan,0.28125,0.13298499999774516,0.4,0.028260829
3313,173414,0.30990610377686545,0,nan,0.34375,0.132824999997745,0.4,0.031055974
3314,173564,-3.487831366003979,0,nan,0.43333333333333335,0.13207499999774425,0.4,0.061292246
3315,173623,-0.2078509926562867,0,nan,0.423728813559322,0.13177999999774395,0.4,0.026474856
3316,173726,-1.2408242714006725,0,nan,0.4174757281553398,0.13126499999774344,0.4,0.03612304
3317,173789,-0.3270292102698631,0,nan,0.4603174603174603,0.13094999999774312,0.4,0.029977763
3318,173824,0.3327914470790917,0,nan,0.34285714285714286,0.13077499999774295,0.4,0.025897449
3319,173974,-3.0917925775275994,0,nan,0.3933333333333333,0.1300249999977422,0.4,0.051838014
3320,174036,-0.2939248297021796,0,nan,0.3064516129032258,0.1297149999977419,0.4,0.033807527
3321,174068,0.3236038002439182,0,nan,0.40625,0.12955499999774173,0.4,0.026884232
3322,174102,0.25892372580618395,0,nan,0.38235294117647056,0.12938499999774156,0.4,0.02629272
3323,174135,0.32621209104449456,0,nan,0.45454545454545453,0.1292199999977414,0.4,0.025219169
3324,174168,0.30451796998135094,0,nan,0.42424242424242425,0.12905499999774123,0.4,0.027222792
3325,174200,0.2759370298408129,0,nan,0.375,0.12889499999774107,0.4,0.029271735
3326,174261,-0.17720217444920827,0,nan,0.4262295081967213,0.12858999999774076,0.4,0.029238
3327,174291,0.3530813657837104,0,nan,0.4,0.1284399999977406,0.4,0.033748243
3328,174325,0.3502332792548474,0,nan,0.29411764705882354,0.12826999999774044,0.4,0.02648244
3329,174361,0.26716089610530913,0,nan,0.3333333333333333,0.12808999999774026,0.4,0.024423694
3330,174511,-3.1511861047610963,0,1.0,0.3466666666666667,0.1273399999977395,0.4,0.0609995
3331,174583,-0.5511634511221136,0,nan,0.4166666666666667,0.12697999999773915,0.4,0.03503276
3332,174614,0.4711476547440304,0,nan,0.3548387096774194,0.126824999997739,0.4,0.027719416
3333,174649,0.270541004830292,0,nan,0.37142857142857144,0.12664999999773882,0.4,0.022352574
3334,174681,0.3427897094645672,0,nan,0.375,0.12648999999773866,0.4,0.025554257
3335,174831,-3.30864924605044,0,nan,0.4066666666666667,0.1257399999977379,0.4,0.05389616
3336,174863,0.3283819352506645,0,nan,0.3125,0.12557999999773775,0.4,0.026870964
3337,175013,-3.358624641514528,0,nan,0.36666666666666664,0.124829999997737,0.4,0.058104355
3338,175045,0.34340388012621836,0,nan,0.40625,0.12466999999773684,0.4,0.031411532
3339,175076,0.35406951710417245,0,nan,0.3548387096774194,0.12451499999773669,0.4,0.028818596
3340,175134,-0.14442341835679962,0,nan,0.3620689655172414,0.1242249999977364,0.4,0.02621484
3341,175284,-3.0099006396912134,0,nan,0.4533333333333333,0.12347499999773565,0.4,0.04132962
3342,175351,-0.3047110897932206,0,nan,0.4626865671641791,0.12313999999773531,0.4,0.040694434
3343,175445,-1.0687314092674811,0,nan,0.3617021276595745,0.12266999999773484,0.4,0.033047594
3344,175478,0.3419192191065692,0,nan,0.3333333333333333,0.12250499999773468,0.4,0.028175771
3345,175509,0.3067906439875445,0,nan,0.2903225806451613,0.12234999999773452,0.4,0.033715725
3346,175541,0.3523996295677657,0,nan,0.40625,0.12218999999773436,0.4,0.031025516
3347,175577,0.3033287236849739,0,nan,0.3333333333333333,0.12200999999773418,0.4,0.023590762
3348,175608,0.37092076817250696,0,nan,0.3548387096774194,0.12185499999773403,0.4,0.02934467
3349,175642,0.31588750656949227,0,nan,0.4117647058823529,0.12168499999773386,0.4,0.026962254
3350,175674,0.29436526702275545,0,nan,0.40625,0.1215249999977337,0.4,0.031190503
3351,175709,0.2932520612089409,0,nan,0.22857142857142856,0.12134999999773352,0.4,0.023710981
3352,175739,0.36473699437269835,0,nan,0.36666666666666664,0.12119999999773337,0.4,0.03006511
3353,175773,0.31000138933926813,0,nan,0.4117647058823529,0.1210299999977332,0.4,0.026773978
3354,175809,0.2042540771585567,0,nan,0.5555555555555556,0.12084999999773302,0.4,0.026655348
3355,175888,-0.7619430845542153,0,nan,0.3924050632911392,0.12045499999773263,0.4,0.041353486
3356,176038,-2.932217522007867,0,nan,0.3333333333333333,0.11970499999773188,0.4,0.046658807
3357,176071,0.4169090948149665,0,nan,0.3333333333333333,0.11953999999773171,0.4,0.029093614
3358,176105,0.30774462878086295,0,nan,0.2647058823529412,0.11936999999773154,0.4,0.024294628
3359,176138,0.32431743507251276,0,nan,0.36363636363636365,0.11920499999773138,0.4,0.029722149
3360,176172,0.2962993144205386,0,1.0,0.35294117647058826,0.1190349999977312,0.4,0.026096245
3361,176206,0.2627516547248242,0,nan,0.3235294117647059,0.11886499999773104,0.4,0.026045874
3362,176238,0.31650250172383243,0,nan,0.28125,0.11870499999773088,0.4,0.032975953
3363,176268,0.28616709841994314,0,nan,0.3,0.11855499999773073,0.4,0.032865334
3364,176297,0.3894770489869823,0,nan,0.41379310344827586,0.11840999999773058,0.4,0.033906303
3365,176328,0.29604606177694137,0,nan,0.3548387096774194,0.11825499999773043,0.4,0.030792115
3366,176358,0.3867979766699198,0,nan,0.3,0.11810499999773028,0.4,0.030676218
3367,176388,0.29703430123468544,0,nan,0.5333333333333333,0.11795499999773013,0.4,0.040510032
3368,176458,-0.5172917232998486,0,nan,0.3142857142857143,0.11760499999772978,0.4,0.036822986
3369,176519,-0.3712272524434457,0,nan,0.4262295081967213,0.11729999999772947,0.4,0.03105947
3370,176669,-3.2365006455793104,0,nan,0.36666666666666664,0.11654999999772872,0.4,0.051083643
3371,176819,-3.14921058635899,0,nan,0.38666666666666666,0.11579999999772797,0.4,0.051259793
3372,176969,-3.4691580748283206,0,nan,0.36666666666666664,0.11504999999772722,0.4,0.06345316
3373,177004,0.24062423074684858,0,nan,0.2857142857142857,0.11487499999772705,0.4,0.029999606
3374,177035,0.29345068913824357,0,nan,0.22580645161290322,0.11471999999772689,0.4,0.033811323
3375,177069,0.27323798239565,0,nan,0.2647058823529412,0.11454999999772672,0.4,0.031932842
3376,177104,0.42309702114348935,0,nan,0.3142857142857143,0.11437499999772655,0.4,0.028898383
3377,177136,0.32264189019052036,0,nan,0.40625,0.11421499999772639,0.4,0.031940643
3378,177168,0.2907910341216283,0,nan,0.46875,0.11405499999772623,0.4,0.030236702
3379,177237,-0.501751083643495,0,nan,0.3333333333333333,0.11370999999772588,0.4,0.031016333
3380,177267,0.3225656653250746,0,nan,0.3333333333333333,0.11355999999772573,0.4,0.032010324
3381,177299,0.33104836776790114,0,nan,0.21875,0.11339999999772557,0.4,0.03041935
3382,177399,-1.0389752109516028,0,nan,0.43,0.11289999999772507,0.4,0.036255494
3383,177434,0.3626919185505538,0,nan,0.3142857142857143,0.1127249999977249,0.4,0.026379092
3384,177468,0.4443509162005914,0,nan,0.17647058823529413,0.11255499999772473,0.4,0.02540786
3385,177497,0.34883778913669095,0,nan,0.41379310344827586,0.11240999999772458,0.4,0.031157125
3386,177529,0.3104700686864116,0,nan,0.40625,0.11224999999772442,0.4,0.032177504
3387,177590,-0.1512213353728199,0,nan,0.45901639344262296,0.11194499999772412,0.4,0.027876638
3388,177626,0.36733817444870376,0,nan,0.19444444444444445,0.11176499999772394,0.4,0.026165877
3389,177667,0.07051498237529774,0,nan,0.4878048780487805,0.11155999999772373,0.4,0.028928654
3390,177700,0.3944746718514549,0,1.0,0.3333333333333333,0.11139499999772356,0.4,0.02952619
3391,177760,-0.18023407288981497,0,nan,0.4,0.11109499999772326,0.4,0.036577005
3392,177800,0.108540904176609,0,nan,0.575,0.11089499999772306,0.4,0.028719742
3393,177950,-3.1024495119603874,0,nan,0.3466666666666667,0.11014499999772231,0.4,0.047416557
3394,178100,-3.3015049781227965,0,nan,0.4266666666666667,0.10939499999772156,0.4,0.05567335
3395,178133,0.27335552289500886,0,nan,0.2727272727272727,0.1092299999977214,0.4,0.031550802
3396,178165,0.316566684629918,0,nan,0.375,0.10906999999772124,0.4,0.02976282
3397,178196,0.3422848503802953,0,nan,0.3548387096774194,0.10891499999772108,0.4,0.033297677
3398,178233,0.20850051173904982,0,nan,0.5675675675675675,0.1087299999977209,0.4,0.03259579
3399,178268,0.3630000038823651,0,nan,0.4,0.10855499999772072,0.4,0.02817511
3400,178299,0.3635768569467339,0,nan,0.1935483870967742,0.10839999999772057,0.4,0.029214833
3401,178329,0.41469101927065133,0,nan,0.2,0.10824999999772042,0.4,0.03432766
3402,178359,0.45795987711844366,0,nan,0.3333333333333333,0.10809999999772027,0.4,0.030869896
3403,178509,-3.1570516848959076,0,nan,0.31333333333333335,0.10734999999771952,0.4,0.05075458
3404,178596,-0.8570302708696392,0,nan,0.41379310344827586,0.10691499999771908,0.4,0.041049972
3405,178629,0.3231656458407758,0,nan,0.3333333333333333,0.10674999999771892,0.4,0.028558968
3406,178664,0.23853737676667952,0,nan,0.2857142857142857,0.10657499999771874,0.4,0.0284307
3407,178694,0.3376663535670099,0,nan,0.43333333333333335,0.1064249999977186,0.4,0.031101998
3408,178726,0.4374292803348272,0,nan,0.25,0.10626499999771843,0.4,0.02967904
3409,178876,-3.378830751158393,0,nan,0.5,0.10551499999771768,0.4,0.06387152
3410,178906,0.3749206712180114,0,nan,0.3333333333333333,0.10536499999771753,0.4,0.03017782
3411,179056,-3.478625560239524,0,nan,0.44,0.10461499999771678,0.4,0.0718855
3412,179206,-3.164186343902542,0,nan,0.3933333333333333,0.10386499999771603,0.4,0.05628938
3413,179238,0.27560676615154633,0,nan,0.3125,0.10370499999771587,0.4,0.033403777
3414,179269,0.32815461149577374,0,nan,0.3870967741935484,0.10354999999771572,0.4,0.034720276
3415,179300,0.33523483871904713,0,nan,0.3548387096774194,0.10339499999771556,0.4,0.03306248
3416,179361,-0.23907897561267932,0,nan,0.4262295081967213,0.10308999999771526,0.4,0.027401721
3417,179428,-0.5802878247034445,0,nan,0.34328358208955223,0.10275499999771492,0.4,0.035808448
3418,179460,0.34064677527534715,0,nan,0.375,0.10259499999771476,0.4,0.029859757
3419,179493,0.280790934028317,0,nan,0.30303030303030304,0.1024299999977146,0.4,0.03091629
3420,179525,0.3677422005579871,0,1.0,0.125,0.10226999999771444,0.4,0.027904177
3421,179557,0.33775126098554575,0,nan,0.40625,0.10210999999771428,0.4,0.03056178
3422,179614,-0.1616970234602757,0,nan,0.40350877192982454,0.101824999997714,0.4,0.02773146
3423,179645,0.359140447978775,0,nan,0.25806451612903225,0.10166999999771384,0.4,0.031065296
3424,179676,0.354157915949865,0,nan,0.41935483870967744,0.10151499999771368,0.4,0.031718206
3425,179708,0.2855474337315569,0,nan,0.4375,0.10135499999771352,0.4,0.0304973
3426,179741,0.2952361262197035,0,nan,0.42424242424242425,0.10118999999771336,0.4,0.028987838
3427,179891,-3.545402474440371,0,nan,0.4066666666666667,0.10043999999771261,0.4,0.05634135
3428,180041,-3.68978937777273,0,nan,0.42,0.1,0.4,0.07825983
3429,180070,0.3416317566659025,0,nan,0.3448275862068966,0.1,0.4,0.037689913
3430,180220,-3.174881476314438,0,nan,0.31333333333333335,0.1,0.4,0.053970184
3431,180286,-0.5218212536905816,0,nan,0.3939393939393939,0.1,0.4,0.042812638
3432,180317,0.2780769081320551,0,nan,0.41935483870967744,0.1,0.4,0.033227358
3433,180467,-3.211399086460624,0,nan,0.42,0.1,0.4,0.041460294
3434,180536,-0.47932419579864705,0,nan,0.391304347826087,0.1,0.4,0.03853158
3435,180686,-3.165606082895887,0,nan,0.37333333333333335,0.1,0.4,0.05242097
3436,180747,-0.22492257839557128,0,nan,0.3770491803278688,0.1,0.4,0.031637866
3437,180776,0.3140891097667271,0,nan,0.3448275862068966,0.1,0.4,0.03289419
3438,180806,0.3141611693771351,0,nan,0.3,0.1,0.4,0.032905873
3439,180837,0.30985438290144895,0,nan,0.25806451612903225,0.1,0.4,0.03174561
3440,180987,-3.243800904296005,0,nan,0.4266666666666667,0.1,0.4,0.046773706
3441,181019,0.2754697695264057,0,nan,0.34375,0.1,0.4,0.03186016
3442,181157,-1.9729558512196699,0,nan,0.32608695652173914,0.1,0.4,0.0404653
3443,181187,0.2771839909693261,0,nan,0.5,0.1,0.4,0.032762304
3444,181275,-0.9035381799613922,0,nan,0.38636363636363635,0.1,0.4,0.031689078
3445,181306,0.304521130120158,0,nan,0.3870967741935484,0.1,0.4,0.03173029
3446,181342,0.1634207860333362,0,nan,0.3611111111111111,0.1,0.4,0.033741936
3447,181373,0.2910792697260772,0,nan,0.2903225806451613,0.1,0.4,0.033320434
3448,181403,0.35121147401245334,0,nan,0.26666666666666666,0.1,0.4,0.03174711
3449,181553,-3.3765011471005506,0,nan,0.4266666666666667,0.1,0.4,0.046930823
3450,181583,0.2899319520321211,0,1.0,0.43333333333333335,0.1,0.4,0.032383945
3451,181613,0.3051502402626485,0,nan,0.4,0.1,0.4,0.03366
3452,181701,-0.9173227610599212,0,nan,0.3068181818181818,0.1,0.4,0.026699914
3453,181732,0.27245290323630333,0,nan,0.2903225806451613,0.1,0.4,0.03188094
3454,181882,-3.467406269726244,0,nan,0.36666666666666664,0.1,0.4,0.049769886
3455,181913,0.2960836587730682,0,nan,0.3548387096774194,0.1,0.4,0.031800706
3456,182063,-3.38827206758575,0,nan,0.4266666666666667,0.1,0.4,0.055906765
3457,182092,0.3215112979173451,0,nan,0.4827586206896552,0.1,0.4,0.031948492
3458,182242,-3.5339090251520298,0,nan,0.3933333333333333,0.1,0.4,0.05453778
3459,182271,0.3803279669599635,0,nan,0.3793103448275862,0.1,0.4,0.031328555
3460,182302,0.388979421711632,0,nan,0.3225806451612903,0.1,0.4,0.028910076
3461,182332,0.37141018888729393,0,nan,0.3,0.1,0.4,0.030744474
3462,182363,0.32121628522300794,0,nan,0.25806451612903225,0.1,0.4,0.032230884
3463,182393,0.2907041326741392,0,nan,0.36666666666666664,0.1,0.4,0.038440783
3464,182423,0.29325411144044244,0,nan,0.26666666666666666,0.1,0.4,0.0315036
3465,182453,0.35079011277798366,0,nan,0.43333333333333335,0.1,0.4,0.030908268
3466,182485,0.30649553947887354,0,nan,0.28125,0.1,0.4,0.03013998
3467,182625,-1.8860363601612493,0,nan,0.4142857142857143,0.1,0.4,0.04073628
3468,182656,0.3993862438503568,0,nan,0.3870967741935484,0.1,0.4,0.025469843
3469,182687,0.3871026119965332,0,nan,0.25806451612903225,0.1,0.4,0.02835804
3470,182718,0.3329875845227013,0,nan,0.22580645161290322,0.1,0.4,0.028541444
3471,182751,0.3333704880909295,0,nan,0.3333333333333333,0.1,0.4,0.030531337
3472,182783,0.30519085332457907,0,nan,0.28125,0.1,0.4,0.03100433
3473,182813,0.3531053079233666,0,nan,0.26666666666666666,0.1,0.4,0.029981695
3474,182843,0.33066388246732026,0,nan,0.23333333333333334,0.1,0.4,0.032019883
3475,182993,-3.0516586437005198,0,nan,0.35333333333333333,0.1,0.4,0.048959553
3476,183143,-3.292279429146823,0,nan,0.2866666666666667,0.1,0.4,0.059036065
3477,183293,-3.1679646710280895,0,nan,0.43333333333333335,0.1,0.4,0.04603001
3478,183325,0.41639728998109793,0,nan,0.25,0.1,0.4,0.020742979
3479,183356,0.47653068035150326,0,nan,0.22580645161290322,0.1,0.4,0.027458323
3480,183445,-0.758682181454473,0,1.0,0.3595505617977528,0.1,0.4,0.029109202
3481,183478,0.38643482027404896,0,nan,0.30303030303030304,0.1,0.4,0.019598493
3482,183512,0.3443383997205317,0,nan,0.38235294117647056,0.1,0.4,0.020254359
3483,183662,-3.3027368659510663,0,nan,0.4066666666666667,0.1,0.4,0.046758447
3484,183812,-3.1520971680439307,0,nan,0.41333333333333333,0.1,0.4,0.049164113
3485,183843,0.43678450895964116,0,nan,0.25806451612903225,0.1,0.4,0.02482877
3486,183875,0.4181734971109098,0,nan,0.34375,0.1,0.4,0.021781558
3487,183905,0.43157224635489366,0,nan,0.26666666666666666,0.1,0.4,0.029392878
3488,183936,0.4763276306144506,0,nan,0.3225806451612903,0.1,0.4,0.023848895
3489,184001,-0.34111364034854996,0,nan,0.3076923076923077,0.1,0.4,0.027285531
3490,184066,-0.2739183326101646,0,nan,0.47692307692307695,0.1,0.4,0.023471411
3491,184097,0.3797013098905546,0,nan,0.3548387096774194,0.1,0.4,0.026696341
3492,184247,-3.2228448504542673,0,nan,0.35333333333333333,0.1,0.4,0.0404653
3493,184278,0.38244299935665427,0,nan,0.25806451612903225,0.1,0.4,0.023589252
3494,184342,-0.4259453344692824,0,nan,0.5,0.1,0.4,0.034821168
3495,184376,0.37259770647415513,0,nan,0.4411764705882353,0.1,0.4,0.01908762
3496,184526,-3.400053648096261,0,nan,0.38666666666666666,0.1,0.4,0.059498806
3497,184591,-0.3597152124143046,0,nan,0.24615384615384617,0.1,0.4,0.026576646
3498,184666,-0.5950492326084651,0,nan,0.29333333333333333,0.1,0.4,0.04436314
3499,184700,0.3223472040954122,0,nan,0.4117647058823529,0.1,0.4,0.020000694
3500,184732,0.3458944785482696,0,nan,0.3125,0.1,0.4,0.027526457
3501,184882,-3.2029991307386125,0,nan,0.38,0.1,0.4,0.05152798
3502,184916,0.3951810451693679,0,nan,0.38235294117647056,0.1,0.4,0.019276557
3503,184948,0.42651355768677746,0,nan,0.34375,0.1,0.4,0.022596227
3504,184981,0.40948657122064047,0,nan,0.3333333333333333,0.1,0.4,0.020441629
3505,185013,0.4779964204700293,0,nan,0.25,0.1,0.4,0.023711793
3506,185075,-0.1184839261770535,0,nan,0.3870967741935484,0.1,0.4,0.0320406
3507,185106,0.42594362003037234,0,nan,0.3225806451612903,0.1,0.4,0.026214007
3508,185256,-3.2866505634355674,0,nan,0.36,0.1,0.4,0.06007342
3509,185286,0.40611436999727346,0,nan,0.36666666666666664,0.1,0.4,0.03017034
3510,185436,-3.401032314215577,0,1.0,0.4066666666666667,0.1,0.4,0.057416726
3511,185466,0.349663820160075,0,nan,0.36666666666666664,0.1,0.4,0.032844055
3512,185555,-0.8665664887659618,0,nan,0.42696629213483145,0.1,0.4,0.031940944
3513,185616,-0.21572120393390248,0,nan,0.4918032786885246,0.1,0.4,0.029112203
3514,185646,0.3161154241975015,0,nan,0.5333333333333333,0.1,0.4,0.031496424
3515,185706,-0.3093585033895422,0,nan,0.38333333333333336,0.1,0.4,0.03535331
3516,185767,-0.26811972797665407,0,nan,0.29508196721311475,0.1,0.4,0.034002118
3517,185834,-0.48692717493208204,0,nan,0.44776119402985076,0.1,0.4,0.039346796
3518,185864,0.374499247054928,0,nan,0.26666666666666666,0.1,0.4,0.031508412
3519,185930,-0.22492161317106485,0,nan,0.2727272727272727,0.1,0.4,0.034466
3520,186080,-3.3296291826190836,0,nan,0.43333333333333335,0.1,0.4,0.05222292
3521,186230,-3.2691966436324673,0,nan,0.35333333333333333,0.1,0.4,0.05257689
3522,186380,-3.11732242289425,0,nan,0.37333333333333335,0.1,0.4,0.048204888
3523,186440,-0.19330610026892092,0,nan,0.43333333333333335,0.1,0.4,0.037144348
3524,186500,-0.20129382228446324,0,nan,0.31666666666666665,0.1,0.4,0.03864909
3525,186650,-3.1351433414532273,0,nan,0.4066666666666667,0.1,0.4,0.05178355
3526,186800,-3.380955005368177,0,nan,0.37333333333333335,0.1,0.4,0.052259207
3527,186893,-0.9157278657858534,0,nan,0.3763440860215054,0.1,0.4,0.037499662
3528,187043,-3.2346110972472006,0,nan,0.3466666666666667,0.1,0.4,0.0526831
3529,187103,-0.15274129660244762,0,nan,0.36666666666666664,0.1,0.4,0.03604311
3530,187253,-3.1091892766918106,0,nan,0.3933333333333333,0.1,0.4,0.050064955
3531,187283,0.4324568743502263,0,nan,0.36666666666666664,0.1,0.4,0.03196859
3532,187345,-0.2905611859853404,0,nan,0.2903225806451613,0.1,0.4,0.039192613
3533,187406,-0.2778254233174784,0,nan,0.36065573770491804,0.1,0.4,0.03851419
3534,187556,-3.2342286464413563,0,nan,0.38,0.1,0.4,0.050561983
3535,187706,-3.1903968308552155,0,nan,0.3333333333333333,0.1,0.4,0.06510102
3536,187856,-3.227666028020009,0,nan,0.38666666666666666,0.1,0.4,0.05363737
3537,187941,-0.9010937343517977,0,nan,0.36470588235294116,0.1,0.4,0.043950588
3538,187971,0.43400698007169525,0,nan,0.23333333333333334,0.1,0.4,0.030964933
3539,188033,-0.19314670386199706,0,nan,0.3709677419354839,0.1,0.4,0.030356368
3540,188183,-3.1689767653181002,0,0.0,0.3466666666666667,0.1,0.4,0.061455414
3541,188252,-0.5116074138004011,0,nan,0.463768115942029,0.1,0.4,0.040847704
3542,188402,-3.3821087260060283,0,nan,0.36666666666666664,0.1,0.4,0.058989093
3543,188552,-3.2931489387912842,0,nan,0.36666666666666664,0.1,0.4,0.050477177
3544,188614,-0.22235014050264168,0,nan,0.45161290322580644,0.1,0.4,0.03337714
3545,188669,0.06591310524694283,0,nan,0.38181818181818183,0.1,0.4,0.026316024
3546,188699,0.4509226108240957,0,nan,0.3,0.1,0.4,0.031254064
3547,188759,-0.14114237273766128,0,nan,0.23333333333333334,0.1,0.4,0.031293444
3548,188808,-0.027865442375340166,0,nan,0.3673469387755102,0.1,0.4,0.030579288
3549,188958,-3.3279427536819743,0,nan,0.38,0.1,0.4,0.04904847
3550,189019,-0.2298979137731183,0,nan,0.29508196721311475,0.1,0.4,0.03289048
3551,189104,-0.8665717507155858,0,nan,0.4470588235294118,0.1,0.4,0.0430439
3552,189164,-0.24349528846329405,0,nan,0.3,0.1,0.4,0.03643417
3553,189194,0.45202317825559835,0,nan,0.23333333333333334,0.1,0.4,0.03089569
3554,189257,-0.2720853590099439,0,nan,0.31746031746031744,0.1,0.4,0.03765021
3555,189287,0.4457084021871327,0,nan,0.1,0.1,0.4,0.030928858
3556,189347,-0.25522694380043165,0,nan,0.3,0.1,0.4,0.038126245
3557,189437,-0.7960479004066172,0,nan,0.4888888888888889,0.1,0.4,0.02999443
3558,189498,-0.361509658025988,0,nan,0.32786885245901637,0.1,0.4,0.03634098
3559,189528,0.5404278670855325,1,nan,0.4,0.1,0.4,0.02977922
3560,189557,0.4671168193085149,0,nan,0.2413793103448276,0.1,0.4,0.03228631
3561,189587,0.40823080666849,0,nan,0.43333333333333335,0.1,0.4,0.03261592
3562,189617,0.49690809338171066,0,nan,0.3333333333333333,0.1,0.4,0.027125724
3563,189767,-2.923081307656322,0,nan,0.35333333333333333,0.1,0.4,0.046028387
3564,189917,-3.3420179187774366,0,nan,0.4266666666666667,0.1,0.4,0.052696593
3565,190007,-0.7884503240813707,0,nan,0.3333333333333333,0.1,0.4,0.03254648
3566,190157,-3.221596282475251,0,nan,0.37333333333333335,0.1,0.4,0.050270878
3567,190187,0.5476319596022647,1,nan,0.3333333333333333,0.1,0.4,0.030012915
3568,190217,0.3810392565123608,0,nan,0.36666666666666664,0.1,0.4,0.03239416
3569,190367,-3.053525625504538,0,nan,0.36666666666666664,0.1,0.4,0.051269405
3570,190397,0.4781784110903542,0,1.0,0.3333333333333333,0.1,0.4,0.03136853
3571,190513,-1.3694575425146827,0,nan,0.4482758620689655,0.1,0.4,0.03653367
3572,190543,0.42711610899489205,0,nan,0.2,0.1,0.4,0.032214317
3573,190573,0.46928347856175057,0,nan,0.3,0.1,0.4,0.029209388
3574,190632,-0.17614071253583474,0,nan,0.3389830508474576,0.1,0.4,0.034602687
3575,190662,0.4197470880093155,0,nan,0.26666666666666666,0.1,0.4,0.031277668
3576,190812,-3.321464678949969,0,nan,0.35333333333333333,0.1,0.4,0.04927122
3577,190962,-3.470034292923681,0,nan,0.4266666666666667,0.1,0.4,0.056150578
3578,191029,-0.48621830020453294,0,nan,0.40298507462686567,0.1,0.4,0.04103264
3579,191179,-3.4220338461854656,0,nan,0.38,0.1,0.4,0.053566463
3580,191329,-3.4219715438965066,0,nan,0.41333333333333333,0.1,0.4,0.056381866
3581,191479,-3.194187013929264,0,nan,0.4,0.1,0.4,0.05666982
3582,191511,0.372198098164889,0,nan,0.34375,0.1,0.4,0.028942397
3583,191541,0.38391397022036533,0,nan,0.3,0.1,0.4,0.03588449
3584,191691,-3.082301884024345,0,nan,0.36,0.1,0.4,0.050488938
3585,191841,-3.30298082290626,0,nan,0.36666666666666664,0.1,0.4,0.051994853
3586,191871,0.368897080652539,0,nan,0.4,0.1,0.4,0.03414706
3587,192021,-3.2542623175454266,0,nan,0.36,0.1,0.4,0.05770282
3588,192078,-0.1045522439783817,0,nan,0.3684210526315789,0.1,0.4,0.032531742
3589,192108,0.4269145620792012,0,nan,0.36666666666666664,0.1,0.4,0.032136206
3590,192258,-3.4206604621252925,0,nan,0.37333333333333335,0.1,0.4,0.06073782
3591,192350,-0.9890308663851547,0,nan,0.43478260869565216,0.1,0.4,0.03393252
3592,192412,-0.284927004691522,0,nan,0.41935483870967744,0.1,0.4,0.030610668
3593,192562,-3.3757932923273377,0,nan,0.36,0.1,0.4,0.059657626
3594,192657,-1.1247860693483243,0,nan,0.45263157894736844,0.1,0.4,0.04978943
3595,192807,-3.322408613280692,0,nan,0.4066666666666667,0.1,0.4,0.05250726
3596,192957,-3.3290669133163897,0,nan,0.36666666666666664,0.1,0.4,0.048715193
3597,192988,0.3501591172688273,0,nan,0.2903225806451613,0.1,0.4,0.030949986
3598,193138,-3.340108095157292,0,nan,0.3333333333333333,0.1,0.4,0.05034903
3599,193288,-3.3002961525225705,0,nan,0.41333333333333333,0.1,0.4,0.05325609
3600,193353,-0.37512093510825684,0,0.0,0.3076923076923077,0.1,0.4,0.03473457
3601,193413,-0.22162734559598363,0,nan,0.3333333333333333,0.1,0.4,0.031329256
3602,193563,-3.406546716608203,0,nan,0.47333333333333333,0.1,0.4,0.060657844
3603,193713,-3.1866478210642177,0,nan,0.44666666666666666,0.1,0.4,0.054305084
3604,193776,-0.36304541165904236,0,nan,0.42857142857142855,0.1,0.4,0.0358008
3605,193835,-0.22958063407335372,0,nan,0.3220338983050847,0.1,0.4,0.032395348
3606,193903,-0.4820215232832079,0,nan,0.5441176470588235,0.1,0.4,0.034245115
3607,194053,-3.484688720975218,0,nan,0.36,0.1,0.4,0.053092163
3608,194116,-0.40543842904662997,0,nan,0.4126984126984127,0.1,0.4,0.037443656
3609,194147,0.38467526883943104,0,nan,0.25806451612903225,0.1,0.4,0.029469911
3610,194297,-3.286190558132985,0,nan,0.41333333333333333,0.1,0.4,0.05125036
3611,194327,0.4026927313401567,0,nan,0.3333333333333333,0.1,0.4,0.031971596
3612,194387,-0.16497239215448078,0,nan,0.3,0.1,0.4,0.0290474
3613,194452,-0.49125104566548505,0,nan,0.4153846153846154,0.1,0.4,0.039204355
3614,194514,-0.2814503482735683,0,nan,0.43548387096774194,0.1,0.4,0.030062469
3615,194664,-3.430350713866342,0,nan,0.4533333333333333,0.1,0.4,0.039628062
3616,194738,-0.5723984029303454,0,nan,0.36486486486486486,0.1,0.4,0.03431406
3617,194888,-3.133341835114257,0,nan,0.4533333333333333,0.1,0.4,0.05172269
3618,194918,0.3972447592388797,0,nan,0.36666666666666664,0.1,0.4,0.033294067
3619,194948,0.31724378896616057,0,nan,0.36666666666666664,0.1,0.4,0.037028987
3620,194979,0.34543477449307425,0,nan,0.2903225806451613,0.1,0.4,0.036799952
3621,195129,-3.2482420292873946,0,nan,0.37333333333333335,0.1,0.4,0.05192878
3622,195159,0.4266471320144327,0,nan,0.26666666666666666,0.1,0.4,0.029376086
3623,195189,0.39573895898333045,0,nan,0.2,0.1,0.4,0.034242574
3624,195219,0.3261949183557522,0,nan,0.3,0.1,0.4,0.038351256
3625,195249,0.41411808832982255,0,nan,0.2,0.1,0.4,0.03182448
3626,195279,0.38092659765411907,0,nan,0.4,0.1,0.4,0.03402357
3627,195308,0.39879836017170234,0,nan,0.3448275862068966,0.1,0.4,0.033935413
3628,195338,0.38152348945177816,0,nan,0.3,0.1,0.4,0.034003522
3629,195488,-3.2418619441404686,0,nan,0.38,0.1,0.4,0.053970724
3630,195550,-0.33953572629584483,0,1.0,0.43548387096774194,0.1,0.4,0.03256033
3631,195615,-0.3569092369639081,0,nan,0.38461538461538464,0.1,0.4,0.040003337
3632,195645,0.3496591820283016,0,nan,0.4,0.1,0.4,0.033196058
3633,195795,-3.428477448742931,0,nan,0.32666666666666666,0.1,0.4,0.057797946
3634,195940,-1.8417672897844515,0,nan,0.4,0.1,0.4,0.037133925
3635,195971,0.3138645162741591,0,nan,0.41935483870967744,0.1,0.4,0.034417793
3636,196121,-3.4943634325811637,0,nan,0.34,0.1,0.4,0.05726799
3637,196151,0.34630027226610927,0,nan,0.3333333333333333,0.1,0.4,0.033676147
3638,196181,0.4179084788870975,0,nan,0.13333333333333333,0.1,0.4,0.029895555
3639,196241,-0.26672635759299146,0,nan,0.3333333333333333,0.1,0.4,0.034730993
3640,196391,-3.390808760120334,0,nan,0.38666666666666666,0.1,0.4,0.05047289
3641,196491,-1.2935129080787005,0,nan,0.37,0.1,0.4,0.06561469
3642,196539,0.06361085534122368,0,nan,0.2916666666666667,0.1,0.4,0.027406866
3643,196689,-3.41867241259165,0,nan,0.38666666666666666,0.1,0.4,0.054992307
3644,196719,0.400716343146035,0,nan,0.3333333333333333,0.1,0.4,0.03420244
3645,196750,0.4175143610228951,0,nan,0.1935483870967742,0.1,0.4,0.02924436
3646,196843,-0.8753823907570601,0,nan,0.3333333333333333,0.1,0.4,0.028535563
3647,196924,-0.7251473150281069,0,nan,0.3333333333333333,0.1,0.4,0.044378508
3648,197074,-3.194304845390446,0,nan,0.37333333333333335,0.1,0.4,0.051003106
3649,197104,0.4279319631064703,0,nan,0.43333333333333335,0.1,0.4,0.030729
3650,197193,-0.8879062537614499,0,nan,0.3595505617977528,0.1,0.4,0.03431659
3651,197343,-3.3937506569890616,0,nan,0.34,0.1,0.4,0.052879784
3652,197401,-0.2750865100535562,0,nan,0.41379310344827586,0.1,0.4,0.030473417
3653,197461,-0.15820500706507457,0,nan,0.3333333333333333,0.1,0.4,0.03079304
3654,197491,0.4007936738489174,0,nan,0.36666666666666664,0.1,0.4,0.029858895
3655,197523,0.34050146914691326,0,nan,0.3125,0.1,0.4,0.02924533
3656,197673,-3.487585271118788,0,nan,0.4533333333333333,0.1,0.4,0.059499796
3657,197733,-0.1075411429519334,0,nan,0.38333333333333336,0.1,0.4,0.028559359
3658,197794,-0.2406876507024991,0,nan,0.3114754098360656,0.1,0.4,0.035297107
3659,197944,-3.12376645400674,0,nan,0.41333333333333333,0.1,0.4,0.05339072
3660,198094,-3.233528984204907,0,1.0,0.38666666666666666,0.1,0.4,0.05031587
3661,198159,-0.4134295252734371,0,nan,0.27692307692307694,0.1,0.4,0.03797124
3662,198309,-3.2122562934329197,0,nan,0.36666666666666664,0.1,0.4,0.047352586
3663,198459,-3.333000181099825,0,nan,0.46,0.1,0.4,0.047166996
3664,198609,-3.430734738369542,0,nan,0.3333333333333333,0.1,0.4,0.05331795
3665,198671,-0.3430429905611845,0,nan,0.532258064516129,0.1,0.4,0.03013236
3666,198821,-3.264695207675805,0,nan,0.35333333333333333,0.1,0.4,0.05116845
3667,198851,0.4153509934628631,0,nan,0.43333333333333335,0.1,0.4,0.029311627
3668,198884,0.28283466452788397,0,nan,0.48484848484848486,0.1,0.4,0.028310204
3669,198945,-0.21999029084664967,0,nan,0.2786885245901639,0.1,0.4,0.026703859
3670,198975,0.4059837440716786,0,nan,0.36666666666666664,0.1,0.4,0.031559464
3671,199049,-0.42340256019991673,0,nan,0.36486486486486486,0.1,0.4,0.038502242
3672,199079,0.41682991922092094,0,nan,0.23333333333333334,0.1,0.4,0.030023329
3673,199109,0.39407391881279796,0,nan,0.36666666666666664,0.1,0.4,0.031015782
3674,199259,-3.4218599384865485,0,nan,0.38,0.1,0.4,0.0680863
3675,199325,-0.45774420903081015,0,nan,0.3787878787878788,0.1,0.4,0.04142656
3676,199475,-3.1181966518507425,0,nan,0.4066666666666667,0.1,0.4,0.054117437
3677,199506,0.3740555743877426,0,nan,0.1935483870967742,0.1,0.4,0.028656142
3678,199569,-0.3671362757381951,0,nan,0.49206349206349204,0.1,0.4,0.038702127
3679,199719,-3.197088767916399,0,nan,0.41333333333333333,0.1,0.4,0.058464807
3680,199749,0.40680996961876403,0,nan,0.3333333333333333,0.1,0.4,0.033280108
3681,199842,-0.9391621090577954,0,nan,0.3870967741935484,0.1,0.4,0.033126064
3682,199872,0.4870488148965493,0,nan,0.23333333333333334,0.1,0.4,0.029137345
3683,199902,0.4077769863634465,0,nan,0.3333333333333333,0.1,0.4,0.03208811
3684,199964,-0.2375297949854922,0,nan,0.3387096774193548,0.1,0.4,0.032144576
3685,199994,0.44128554554309385,0,nan,0.43333333333333335,0.1,0.4,0.030910246
3686,200024,0.3918132442431568,0,nan,0.36666666666666664,0.1,0.4,0.030667923
