episode,frames,train_return,train_success,test_success_rate,ratio,epsilon,init_dist,avg_swing
1,32,0.234181624164726,0,nan,1.0,0.999839999999999,0.3629945107795945,0.03689426
2,63,0.21731606416465288,0,nan,1.0,0.9996849999999979,0.3282535607846103,0.04383976
3,98,0.22086101142779746,0,nan,1.0,0.9995099999999968,0.38771460699676386,0.031791244
4,248,-3.3821707450896197,0,nan,1.0,0.9987599999999919,0.37711361974618085,0.057164498
5,249,-0.021826197254400614,0,nan,2.0,0.9987499999999918,0.4572529715679973,0.40469855
6,277,0.3814443167307583,0,nan,1.0,0.9986099999999909,0.29189259082336466,0.030931598
7,427,-3.273626831964969,0,nan,1.0,0.997859999999986,0.3405570875362635,0.048825253
8,481,-0.3431009586724785,0,nan,1.0,0.9975899999999842,0.34235973025746846,0.041112926
9,509,0.33492199727794414,0,nan,1.0,0.9974499999999833,0.2527482419382145,0.036663484
10,659,-3.2572830973408538,0,nan,0.9866666666666667,0.9966999999999784,0.4955599435290698,0.057984505
11,705,-0.06937503516839705,0,nan,1.0,0.9964699999999769,0.5144663056061969,0.030644616
12,735,0.35526024657201816,0,nan,0.9666666666666667,0.9963199999999759,0.3749530238519089,0.034220126
13,763,0.3160339941834893,0,nan,1.0,0.996179999999975,0.3784665831705183,0.035532054
14,913,-3.2173627527682767,0,nan,0.9933333333333333,0.9954299999999701,0.4695734424188913,0.05268581
15,942,0.32328204446479647,0,nan,1.0,0.9952849999999691,0.39542306081202505,0.031082379
16,978,0.13363707188942942,0,nan,1.0,0.9951049999999679,0.44603118020000976,0.033869084
17,1017,0.04474584641793078,0,nan,1.0,0.9949099999999667,0.4656101517027308,0.04469854
18,1053,0.07924243977122569,0,nan,1.0,0.9947299999999655,0.49514027661577836,0.033331443
19,1203,-3.142354766654242,0,nan,1.0,0.9939799999999606,0.3440668786194531,0.05646197
20,1353,-3.0857345709729547,0,nan,0.98,0.9932299999999556,0.3844808506770286,0.057742864
21,1384,0.20659044355715395,0,nan,1.0,0.9930749999999546,0.5460036694899344,0.03804876
22,1448,-0.5334511456998089,0,nan,0.984375,0.9927549999999525,0.4096292026318209,0.04083393
23,1477,0.2928120560418329,0,nan,1.0,0.9926099999999516,0.36087157758337485,0.033884108
24,1627,-3.2970119992312132,0,nan,0.9933333333333333,0.9918599999999467,0.3594278317602129,0.05515159
25,1777,-3.249124838826966,0,nan,0.9933333333333333,0.9911099999999418,0.4357795773797971,0.053425997
26,1846,-0.6069733857246441,0,nan,1.0,0.9907649999999395,0.44143965303085336,0.04083956
27,1996,-3.363641909817258,0,nan,1.0,0.9900149999999346,0.3257093310428992,0.056803584
28,2146,-3.2744969664077623,0,nan,0.98,0.9892649999999297,0.4298740428175536,0.053802922
29,2180,0.19021015868064484,0,nan,0.9705882352941176,0.9890949999999286,0.45025550191883107,0.033750657
30,2330,-3.4052211185342594,0,0.16,0.9933333333333333,0.9883449999999236,0.4238721361111366,0.06916237
31,2357,0.3762543663557677,0,nan,1.0,0.9882099999999228,0.31485278253986176,0.03401442
32,2507,-3.225456844159736,0,nan,1.0,0.9874599999999178,0.4206914056672611,0.05411717
33,2657,-3.34377693117336,0,nan,0.9933333333333333,0.9867099999999129,0.45252961066222874,0.056320738
34,2692,0.1752855213692529,0,nan,0.9714285714285714,0.9865349999999118,0.4343980687521786,0.0361174
35,2842,-3.33949643193032,0,nan,0.9933333333333333,0.9857849999999069,0.44490169691859244,0.0691088
36,2992,-3.312607275189805,0,nan,1.0,0.985034999999902,0.33840930034745775,0.054997176
37,3020,0.36324872469154035,0,nan,1.0,0.984894999999901,0.39924543822079434,0.030027444
38,3047,0.3749023788364466,0,nan,1.0,0.9847599999999002,0.29027056554486064,0.024145994
39,3076,0.326121272251534,0,nan,1.0,0.9846149999998992,0.41493239285479866,0.034386013
40,3226,-3.252602036873802,0,nan,1.0,0.9838649999998943,0.5101847651384623,0.058865447
41,3257,0.266702804137787,0,nan,1.0,0.9837099999998933,0.491806324470528,0.03151981
42,3287,0.2939037317305886,0,nan,0.9666666666666667,0.9835599999998923,0.33365785785531815,0.03514197
43,3437,-3.23102964632652,0,nan,0.9666666666666667,0.9828099999998874,0.433828983639686,0.05690411
44,3587,-3.2486010984555067,0,nan,0.98,0.9820599999998825,0.36214260823930766,0.05495944
45,3615,0.33629706288627326,0,nan,1.0,0.9819199999998816,0.339809841842275,0.026824232
46,3765,-3.345165604323958,0,nan,0.9866666666666667,0.9811699999998766,0.5117114166991933,0.056710415
47,3915,-3.197077749160809,0,nan,0.9733333333333334,0.9804199999998717,0.28489874725099057,0.056196332
48,4065,-3.2665252829183804,0,nan,0.9933333333333333,0.9796699999998668,0.5287358057883776,0.05404831
49,4215,-3.184333627658633,0,nan,0.9866666666666667,0.9789199999998619,0.3036077862229339,0.050554015
50,4365,-3.6927238478865685,0,nan,1.0,0.978169999999857,0.3556522560731717,0.078313336
51,4515,-3.232796777873057,0,nan,0.9933333333333333,0.9774199999998521,0.4184741359652111,0.056651905
52,4665,-3.2424618829073424,0,nan,0.9933333333333333,0.9766699999998472,0.37537051302527813,0.05668668
53,4815,-3.381338748633768,0,nan,0.98,0.9759199999998422,0.5363617944866701,0.05697897
54,4965,-3.1305171177764555,0,nan,0.98,0.9751699999998373,0.3951731266743064,0.05902376
55,5003,0.056479977782446955,0,nan,0.9736842105263158,0.9749799999998361,0.49541542993992305,0.03897151
56,5153,-3.3175845258250747,0,nan,0.98,0.9742299999998312,0.28362514584335824,0.051316567
57,5303,-3.3510682653563717,0,nan,0.9666666666666667,0.9734799999998263,0.4878292347757208,0.046763267
58,5360,-0.34686857905722146,0,nan,0.9824561403508771,0.9731949999998244,0.40342033689782947,0.034073163
59,5403,-0.06681232422769112,0,nan,0.9534883720930233,0.972979999999823,0.42950370568467405,0.036167327
60,5553,-3.552494834288695,0,0.29,0.98,0.9722299999998181,0.4826123704599058,0.048658952
61,5622,-0.7352789562949654,0,nan,0.9565217391304348,0.9718849999998158,0.4385362347434723,0.043758705
62,5772,-3.4453108742262617,0,nan,0.98,0.9711349999998109,0.2884665657164559,0.061314277
63,5842,-0.7459698198261426,0,nan,0.9857142857142858,0.9707849999998086,0.42884474905665465,0.04509938
64,5992,-3.2471378187166438,0,nan,0.9666666666666667,0.9700349999998037,0.42610440021675017,0.05833416
65,6024,0.21985571775663437,0,nan,1.0,0.9698749999998026,0.4514801902006823,0.039101288
66,6052,0.32227127641501874,0,nan,1.0,0.9697349999998017,0.30471411430297607,0.03791244
67,6202,-3.269375937070131,0,nan,0.98,0.9689849999997968,0.45977334698284616,0.05086512
68,6231,0.3699816418174712,0,nan,1.0,0.9688399999997959,0.42154544926468457,0.026721234
69,6381,-3.3306048407512234,0,nan,0.9733333333333334,0.968089999999791,0.4705717674403494,0.054825664
70,6531,-3.1138657187251213,0,nan,0.9733333333333334,0.967339999999786,0.33715168928558426,0.05331066
71,6681,-3.362275117313549,0,nan,0.9533333333333334,0.9665899999997811,0.35703182707802955,0.050972298
72,6718,0.06949491928927232,0,nan,1.0,0.9664049999997799,0.4328748455275378,0.046303473
73,6868,-3.0850896378418344,0,nan,0.98,0.965654999999775,0.3517009485958746,0.058391526
74,7018,-3.346740601452012,0,nan,0.98,0.9649049999997701,0.3671188914545708,0.04548704
75,7047,0.2604688743036879,0,nan,1.0,0.9647599999997691,0.4038671530236486,0.041930035
76,7197,-3.268172446623044,0,nan,0.9666666666666667,0.9640099999997642,0.419896826764454,0.09343923
77,7347,-3.2478335414657393,0,nan,0.98,0.9632599999997593,0.4250352425044867,0.05787404
78,7376,0.3159524608758777,0,nan,0.9655172413793104,0.9631149999997584,0.38000071186941614,0.034952573
79,7470,-1.2014836845486507,0,nan,0.9680851063829787,0.9626449999997553,0.41468253107176845,0.035916492
80,7620,-3.213398188102435,0,nan,0.9533333333333334,0.9618949999997504,0.4210705975163986,0.056843575
81,7655,0.17638788002054595,0,nan,0.9714285714285714,0.9617199999997492,0.43591212041860833,0.03490861
82,7680,0.46931511302605355,0,nan,1.0,0.9615949999997484,0.31849302724242545,0.030250572
83,7710,0.28176357491828574,0,nan,1.0,0.9614449999997474,0.3641387094080697,0.027179956
84,7860,-3.2796363196198293,0,nan,0.94,0.9606949999997425,0.4864332613702634,0.0505773
85,8010,-3.139411807584563,0,nan,0.9266666666666666,0.9599449999997376,0.34753436813193195,0.05365183
86,8038,0.37989461617820586,0,nan,0.9642857142857143,0.9598049999997367,0.28900135682358424,0.03627007
87,8188,-3.2783501962278336,0,nan,0.9533333333333334,0.9590549999997318,0.5333596308226445,0.04087829
88,8216,0.3226350635790035,0,nan,0.9642857142857143,0.9589149999997308,0.43336892512002495,0.03762478
89,8245,0.3125407368214448,0,nan,0.9655172413793104,0.9587699999997299,0.3475537957714551,0.036159806
90,8276,0.23389328448999425,0,0.6,1.0,0.9586149999997289,0.2853149739570855,0.036370613
91,8426,-3.0816126350378634,0,nan,0.9933333333333333,0.957864999999724,0.46747217344518294,0.054180183
92,8576,-3.232825827481406,0,nan,0.9733333333333334,0.957114999999719,0.456297304294897,0.05660525
93,8602,0.5061020470962483,1,nan,0.9230769230769231,0.9569849999997182,0.3466145063907221,0.02902471
94,8629,0.34270371476173356,0,nan,0.9629629629629629,0.9568499999997173,0.3795411492415344,0.035548553
95,8675,-1.1183663676078903,0,nan,1.0217391304347827,0.9566149999997158,0.4537388378164657,0.05894102
96,8711,0.11101993883948169,0,nan,0.9722222222222222,0.9564349999997146,0.41033176321244297,0.03936711
97,8766,-0.3256629954695449,0,nan,0.9454545454545454,0.9561599999997128,0.4826678136289459,0.052719425
98,8916,-3.3874682815140242,0,nan,0.98,0.9554099999997079,0.4054523997548381,0.053462766
99,9066,-3.282547959725891,0,nan,0.9866666666666667,0.954659999999703,0.4616983187170513,0.054270096
100,9216,-3.4508417600967713,0,nan,0.9933333333333333,0.953909999999698,0.3433752417408092,0.058076415
101,9366,-3.2110612485005223,0,nan,0.9466666666666667,0.9531599999996931,0.4171428842112471,0.05170621
102,9516,-3.1755961165649023,0,nan,0.96,0.9524099999996882,0.3193511506933342,0.054422606
103,9556,-0.004332400888722332,0,nan,0.975,0.9522099999996869,0.36579559204361917,0.04007638
104,9587,0.23905035416042708,0,nan,0.967741935483871,0.9520549999996859,0.46698877214134,0.031218281
105,9621,0.14812729569330585,0,nan,0.9411764705882353,0.9518849999996848,0.38659359377156804,0.037902206
106,9771,-3.203046391715007,0,nan,0.94,0.9511349999996799,0.41422038477794054,0.054066174
107,9921,-3.261970601467113,0,nan,0.96,0.950384999999675,0.42428022521882175,0.052911617
108,9952,0.2411901799946733,0,nan,0.967741935483871,0.950229999999674,0.45005728273471274,0.040073346
109,10102,-3.1544654141801147,0,nan,0.96,0.949479999999669,0.372928964660744,0.055985592
110,10169,-0.5492292093243583,0,nan,0.9701492537313433,0.9491449999996668,0.36295852776469534,0.03756696
111,10198,0.30183114459977856,0,nan,0.9655172413793104,0.9489999999996659,0.38331703010254226,0.034525372
112,10261,-0.4385978935554372,0,nan,0.9682539682539683,0.9486849999996638,0.3883148341264861,0.03810041
113,10305,-0.06004893471705974,0,nan,0.9318181818181818,0.9484649999996624,0.4386128069848707,0.043387756
114,10338,0.1311651101490403,0,nan,0.9696969696969697,0.9482999999996613,0.4708755144974291,0.050781175
115,10365,0.3539123798637519,0,nan,1.0,0.9481649999996604,0.3195385218977802,0.036181495
116,10403,0.0276745302946253,0,nan,0.9473684210526315,0.9479749999996592,0.536310606984244,0.047819987
117,10553,-3.4108112517740694,0,nan,0.9133333333333333,0.9472249999996543,0.3346554772524456,0.0679269
118,10703,-3.7219436088774134,0,nan,0.9733333333333334,0.9464749999996493,0.33315743474438425,0.07504527
119,10853,-3.22481180666396,0,nan,0.96,0.9457249999996444,0.3967873746699081,0.051717497
120,11003,-3.7770331867309412,0,0.29,0.9466666666666667,0.9449749999996395,0.4368762086217989,0.05727076
121,11153,-3.1803627438022373,0,nan,0.9533333333333334,0.9442249999996346,0.3184459881614774,0.057137713
122,11303,-3.218650316517151,0,nan,0.96,0.9434749999996297,0.3012893763964799,0.05915785
123,11453,-3.1855493665217427,0,nan,0.9733333333333334,0.9427249999996248,0.3480289417413083,0.054290522
124,11603,-3.17802582444899,0,nan,0.96,0.9419749999996199,0.32700931071921396,0.05408315
125,11753,-3.754201130821283,0,nan,0.98,0.941224999999615,0.343822277251361,0.05686267
126,11903,-3.2499596726510056,0,nan,0.96,0.94047499999961,0.3218403050166983,0.052379422
127,11933,0.28671902349717804,0,nan,1.0,0.9403249999996091,0.4480220167057973,0.03480975
128,11979,-0.1422700331696185,0,nan,0.9347826086956522,0.9400949999996076,0.4184498688043161,0.04087116
129,12007,0.39880690611250214,0,nan,1.0,0.9399549999996066,0.3308646580623392,0.028397676
130,12157,-3.294587531123713,0,nan,0.9533333333333334,0.9392049999996017,0.35084922264783025,0.05024185
131,12194,0.11717135598269857,0,nan,0.918918918918919,0.9390199999996005,0.5027326107449598,0.04207333
132,12264,-0.5906340201765481,0,nan,0.9857142857142858,0.9386699999995982,0.3809345953337817,0.032404445
133,12293,0.3143362606132457,0,nan,0.9310344827586207,0.9385249999995973,0.32965203900167245,0.033240184
134,12443,-3.6946747560199875,0,nan,0.94,0.9377749999995924,0.2714545607188451,0.06478255
135,12475,0.22909054804390905,0,nan,1.0,0.9376149999995913,0.5209761928060089,0.030228013
136,12511,0.13786289337237145,0,nan,1.0,0.9374349999995901,0.47055209417426314,0.03155535
137,12661,-3.4083164019637344,0,nan,0.96,0.9366849999995852,0.4227984766147011,0.055798568
138,12811,-3.1648472893622075,0,nan,0.9466666666666667,0.9359349999995803,0.4323819666041672,0.05934236
139,12961,-3.187875292973089,0,nan,0.9066666666666666,0.9351849999995754,0.36530526207983327,0.04662797
140,13018,-0.420097018922168,0,nan,0.9473684210526315,0.9348999999995735,0.4019133624406339,0.042478796
141,13168,-3.324367995447099,0,nan,0.9466666666666667,0.9341499999995686,0.2959255804140695,0.049222983
142,13265,-1.2352109345842592,0,nan,0.9587628865979382,0.9336649999995654,0.3494744348194302,0.034273244
143,13293,0.279536842378327,0,nan,0.9285714285714286,0.9335249999995645,0.3398784216779373,0.042018536
144,13322,0.2809129065164244,0,nan,0.9655172413793104,0.9333799999995636,0.392467742749132,0.041458994
145,13381,-0.29811267768338445,0,nan,0.9661016949152542,0.9330849999995616,0.36947534473786037,0.031141493
146,13410,0.33278390579157235,0,nan,1.0,0.9329399999995607,0.35474290885694837,0.028744249
147,13446,0.1871070085552361,0,nan,0.9444444444444444,0.9327599999995595,0.5084700172478572,0.033797126
148,13475,0.3282269165779328,0,nan,1.0,0.9326149999995585,0.42793228734323463,0.028823944
149,13625,-3.2281633946989987,0,nan,0.96,0.9318649999995536,0.3093204771196205,0.060531013
150,13626,-0.021255846594315456,0,0.44,2.0,0.9318549999995536,0.39737287206241295,0.54715997
151,13776,-3.3979906241721944,0,nan,0.98,0.9311049999995487,0.35361807674475637,0.0626246
152,13831,-0.2622644806079263,0,nan,0.9454545454545454,0.9308299999995469,0.3882726710776744,0.034501508
153,13981,-3.2551397454421096,0,nan,0.94,0.9300799999995419,0.39181682824036895,0.055061765
154,14131,-3.1460611365781097,0,nan,0.94,0.929329999999537,0.3709433262822163,0.05571557
155,14160,0.3267076788706078,0,nan,0.9310344827586207,0.9291849999995361,0.3549694012751903,0.031283252
156,14190,0.23885124158436222,0,nan,0.9333333333333333,0.9290349999995351,0.47506586278488167,0.041126378
157,14246,-0.3769790634604029,0,nan,0.9821428571428571,0.9287549999995333,0.3206416429847865,0.03689993
158,14276,0.303025140077373,0,nan,0.9666666666666667,0.9286049999995323,0.41919384559521344,0.030197231
159,14329,-0.18168625420213402,0,nan,0.9622641509433962,0.9283399999995305,0.3706058055118108,0.029469047
160,14479,-3.3366134781351664,0,nan,0.94,0.9275899999995256,0.3569819708899296,0.05534773
161,14629,-3.403449695012446,0,nan,0.9466666666666667,0.9268399999995207,0.4110745186727501,0.05814323
162,14701,-0.7977017252192322,0,nan,0.9444444444444444,0.9264799999995184,0.4669236570056209,0.044212338
163,14765,-0.4500764928254727,0,nan,0.953125,0.9261599999995163,0.3770287688170758,0.033153087
164,14915,-3.2284281523383815,0,nan,0.9066666666666666,0.9254099999995113,0.3119139850566166,0.054112427
165,15065,-3.3378597593015895,0,nan,0.9466666666666667,0.9246599999995064,0.3203296346006205,0.05596024
166,15215,-3.322725236488942,0,nan,0.9533333333333334,0.9239099999995015,0.36024499546630984,0.051525865
167,15365,-3.2968985889564575,0,nan,0.94,0.9231599999994966,0.42149555195927574,0.053981602
168,15400,0.155990753404867,0,nan,0.9428571428571428,0.9229849999994955,0.4564108195575044,0.03261253
169,15430,0.3252297967186778,0,nan,0.9333333333333333,0.9228349999994945,0.34967071962336066,0.031609185
170,15580,-3.242109012339615,0,nan,0.96,0.9220849999994896,0.40888087967704884,0.054002933
171,15611,0.24520943294866726,0,nan,0.967741935483871,0.9219299999994885,0.37522510066747533,0.03573012
172,15761,-3.3567674746288345,0,nan,0.9333333333333333,0.9211799999994836,0.48947365319269787,0.071869545
173,15852,-0.9853707490570148,0,nan,1.0,0.9207249999994807,0.4146760431241212,0.03316734
174,16002,-3.1904876976615646,0,nan,0.96,0.9199749999994757,0.38242539881762805,0.059082463
175,16030,0.3461468361619384,0,nan,1.0,0.9198349999994748,0.35082670069160493,0.03730478
176,16060,0.29485448473619824,0,nan,0.9666666666666667,0.9196849999994738,0.38399778726739486,0.031480514
177,16210,-3.128469562016004,0,nan,0.96,0.9189349999994689,0.30942374135282597,0.05482481
178,16360,-3.461206887640356,0,nan,0.9533333333333334,0.918184999999464,0.4092040753240033,0.058317088
179,16510,-3.293073552190374,0,nan,0.94,0.9174349999994591,0.42410582302335265,0.058486857
180,16541,0.26110505149981744,0,0.2,0.7741935483870968,0.9172799999994581,0.44633871008692316,0.029817076
181,16565,0.500477826556429,1,nan,0.8333333333333334,0.9171599999994573,0.25765151783309315,0.024277398
182,16608,-0.07781705397055738,0,nan,0.9534883720930233,0.9169449999994559,0.3282171433092062,0.04757418
183,16758,-3.290561914652501,0,nan,0.9466666666666667,0.916194999999451,0.4606684796912111,0.053658657
184,16787,0.32177402011902734,0,nan,0.896551724137931,0.91604999999945,0.3209314273936116,0.03528082
185,16937,-3.2498746118331296,0,nan,0.9266666666666666,0.9152999999994451,0.3918379795710074,0.056357637
186,17087,-3.364597070317924,0,nan,0.9133333333333333,0.9145499999994402,0.5308443363107174,0.060577143
187,17116,0.28791777905030824,0,nan,0.9310344827586207,0.9144049999994392,0.3839200815719428,0.04288605
188,17155,0.05419657636767261,0,nan,0.8461538461538461,0.914209999999438,0.40442275862775695,0.03918162
189,17305,-3.509863600589868,0,nan,0.9266666666666666,0.9134599999994331,0.2863431543757602,0.054503236
190,17455,-3.3034832180306317,0,nan,0.9333333333333333,0.9127099999994281,0.5203700588886757,0.050664462
191,17508,-0.16527594986659577,0,nan,0.9245283018867925,0.9124449999994264,0.3464303562185982,0.03112221
192,17658,-3.44891214716763,0,nan,0.9066666666666666,0.9116949999994215,0.5059553415688567,0.055552475
193,17690,0.2758281226422781,0,nan,0.90625,0.9115349999994204,0.44530149214808995,0.029416159
194,17822,-1.9999867846332355,0,nan,0.9242424242424242,0.9108749999994161,0.4013669746333651,0.032705516
195,17972,-3.5256118074148386,0,nan,0.9466666666666667,0.9101249999994112,0.44937284950140477,0.07009296
196,18122,-3.3888563385931416,0,nan,0.9266666666666666,0.9093749999994063,0.40842415907254626,0.06790365
197,18272,-3.2244784684466894,0,nan,0.9,0.9086249999994014,0.4374035214722676,0.052289497
198,18304,0.25011753742668963,0,nan,0.9375,0.9084649999994003,0.3813649902618396,0.030868422
199,18336,0.2063970501064437,0,nan,1.0,0.9083049999993993,0.39431970869047056,0.036177922
200,18486,-3.2474177415733814,0,nan,0.9133333333333333,0.9075549999993944,0.4572731940824329,0.057615522
201,18523,0.13722280265112063,0,nan,0.918918918918919,0.9073699999993932,0.4458148072233577,0.042004634
202,18673,-3.285075909793208,0,nan,0.9266666666666666,0.9066199999993882,0.4495333616209915,0.058707833
203,18823,-3.3305952684801983,0,nan,0.92,0.9058699999993833,0.5059810152048635,0.056339588
204,18973,-3.273938025522331,0,nan,0.9333333333333333,0.9051199999993784,0.39738973108479553,0.05405831
205,19001,0.3612446961292607,0,nan,1.0,0.9049799999993775,0.3123979462102679,0.0319906
206,19151,-3.2270415357487954,0,nan,0.9133333333333333,0.9042299999993726,0.4064611712416239,0.05573181
207,19301,-3.3377029097113398,0,nan,0.9266666666666666,0.9034799999993677,0.4146269127827449,0.05629661
208,19451,-3.243751938202339,0,nan,0.9066666666666666,0.9027299999993628,0.24740286427809416,0.05294125
209,19527,-0.7442174099162329,0,nan,0.9605263157894737,0.9023499999993603,0.5376435632957269,0.038790036
210,19677,-3.3197524644063092,0,0.23,0.9466666666666667,0.9015999999993554,0.44538593818349104,0.05780723
211,19827,-3.2530805139232575,0,nan,0.9466666666666667,0.9008499999993504,0.360224256377981,0.06149633
212,19977,-3.1672991422496923,0,nan,0.94,0.9000999999993455,0.35399307759527077,0.05534804
213,20127,-3.167617637433221,0,nan,0.9133333333333333,0.8993499999993406,0.4140488627180598,0.06281898
214,20277,-3.094536626805832,0,nan,0.9333333333333333,0.8985999999993357,0.32145120588768544,0.056557514
215,20427,-3.3646643479446223,0,nan,0.9133333333333333,0.8978499999993308,0.452935016212534,0.063535556
216,20577,-3.456969538299007,0,nan,0.9266666666666666,0.8970999999993259,0.4617418777350528,0.049758952
217,20609,0.23434318827878453,0,nan,1.0,0.8969399999993248,0.41424463015004814,0.033744793
218,20759,-3.378654086361567,0,nan,0.9133333333333333,0.8961899999993199,0.37234592196189953,0.05547841
219,20789,0.2800137279287058,0,nan,0.9,0.8960399999993189,0.46852391409450245,0.03353115
220,20819,0.31900683677793806,0,nan,0.9666666666666667,0.895889999999318,0.3396390240665413,0.0329215
221,20858,0.0646994515341549,0,nan,0.9230769230769231,0.8956949999993167,0.428756475702083,0.040138986
222,21008,-3.4122559931739715,0,nan,0.94,0.8949449999993118,0.4128689089952709,0.05214874
223,21158,-3.3082335513352024,0,nan,0.9666666666666667,0.8941949999993068,0.3465980977690193,0.056988347
224,21308,-3.2760929656464843,0,nan,0.9333333333333333,0.8934449999993019,0.47871968010511606,0.053912144
225,21458,-3.6053046720620565,0,nan,0.96,0.892694999999297,0.2996837069193691,0.06757984
226,21493,0.14522895270815284,0,nan,0.9142857142857143,0.8925199999992959,0.43194064469708215,0.0421773
227,21643,-3.3720173184534126,0,nan,0.96,0.891769999999291,0.5165145494684077,0.065601766
228,21707,-0.4565679568507036,0,nan,0.9375,0.8914499999992889,0.3434638906035208,0.03660751
229,21737,0.26654733856323387,0,nan,1.0,0.8912999999992879,0.32721172844551666,0.035094324
230,21887,-3.5072308006043715,0,nan,0.9133333333333333,0.890549999999283,0.3964137967152415,0.06630663
231,21985,-1.3421147796892199,0,nan,0.9183673469387755,0.8900599999992798,0.5093621428073843,0.0367372
232,22014,0.30745781972491093,0,nan,0.9310344827586207,0.8899149999992788,0.4554631932679785,0.033476554
233,22164,-3.501524525177517,0,nan,0.8866666666666667,0.8891649999992739,0.5081911699666815,0.05209393
234,22314,-3.442012656581687,0,nan,0.9,0.888414999999269,0.3849214482734303,0.05510645
235,22348,0.19135725946475246,0,nan,0.8823529411764706,0.8882449999992679,0.36246270898987665,0.031043915
236,22377,0.31306579837928994,0,nan,0.9655172413793104,0.8880999999992669,0.4256644560055691,0.03165677
237,22527,-3.5844783478025706,0,nan,0.8666666666666667,0.887349999999262,0.5214245125674353,0.060739093
238,22584,-0.4397058881841639,0,nan,0.9473684210526315,0.8870649999992601,0.4736510825085305,0.041418787
239,22613,0.29042738825218184,0,nan,0.9655172413793104,0.8869199999992592,0.3888570200811196,0.03245706
240,22763,-3.421933062294071,0,0.29,0.8466666666666667,0.8861699999992543,0.45386713219494096,0.05378805
241,22913,-3.4127605493802116,0,nan,0.9266666666666666,0.8854199999992494,0.48671352404473206,0.058586303
242,22942,0.313976112494855,0,nan,0.896551724137931,0.8852749999992484,0.3497605939379955,0.027982337
243,23092,-3.305547032332991,0,nan,0.8866666666666667,0.8845249999992435,0.3313321811386148,0.053403385
244,23122,0.29195886175002417,0,nan,0.9,0.8843749999992425,0.5083063810898123,0.03155941
245,23151,0.3605347472568309,0,nan,0.8275862068965517,0.8842299999992416,0.38176530310280676,0.026575373
246,23301,-3.788477927771749,0,nan,0.9333333333333333,0.8834799999992367,0.35455528208541015,0.07997654
247,23369,-0.5393346408069416,0,nan,0.9558823529411765,0.8831399999992344,0.42740751197159843,0.039820146
248,23519,-3.4988360914578123,0,nan,0.9333333333333333,0.8823899999992295,0.3487486168247846,0.07221541
249,23669,-3.329826291778034,0,nan,0.9533333333333334,0.8816399999992246,0.5369397576255143,0.060978096
250,23819,-3.4875524024810307,0,nan,0.9066666666666666,0.8808899999992197,0.323427595697813,0.052937996
251,23849,0.36308368068693475,0,nan,0.9,0.8807399999992187,0.33826187335542296,0.024203183
252,23888,0.02737816387029446,0,nan,0.9743589743589743,0.8805449999992174,0.4800155172979185,0.03972215
253,24038,-3.187336610384784,0,nan,0.8933333333333333,0.8797949999992125,0.3126772232998999,0.05519565
254,24079,0.023483964849721484,0,nan,0.8780487804878049,0.8795899999992112,0.4499780158475456,0.03403362
255,24114,0.17407822156074648,0,nan,0.9142857142857143,0.87941499999921,0.39071065764886065,0.03480961
256,24264,-3.412661156764805,0,nan,0.9066666666666666,0.8786649999992051,0.4919099389601946,0.08718474
257,24414,-3.2643024144616923,0,nan,0.9266666666666666,0.8779149999992002,0.31256074414044094,0.052973475
258,24508,-1.2786556000146068,0,nan,0.8936170212765957,0.8774449999991971,0.501104992756468,0.03903107
259,24658,-3.3293964643243337,0,nan,0.9,0.8766949999991922,0.37295728566262876,0.054229792
260,24703,-0.12758569018093546,0,nan,0.8888888888888888,0.8764699999991907,0.5049602001402945,0.042076025
261,24853,-3.498990717646318,0,nan,0.9266666666666666,0.8757199999991858,0.40807028568662435,0.068864875
262,24892,0.08479917111581647,0,nan,0.8974358974358975,0.8755249999991845,0.3820399609566325,0.033368867
263,24957,-0.4924262924715016,0,nan,0.8923076923076924,0.8751999999991824,0.5107441246102896,0.035447992
264,25107,-3.270818567279733,0,nan,0.9,0.8744499999991775,0.39836315092993163,0.04942868
265,25139,0.25184932791025005,0,nan,0.78125,0.8742899999991764,0.4773178375007835,0.03359035
266,25172,0.21386704140096346,0,nan,1.0,0.8741249999991754,0.47499367983648977,0.03489778
267,25214,0.05470271534004001,0,nan,0.9047619047619048,0.873914999999174,0.4886902453031978,0.033163078
268,25364,-3.1089926231752725,0,nan,0.8866666666666667,0.8731649999991691,0.2782508662218817,0.055450324
269,25514,-3.0701647933677245,0,nan,0.9,0.8724149999991642,0.47404148466936463,0.05303058
270,25664,-3.3109671575843205,0,0.47,0.9333333333333333,0.8716649999991593,0.3729965446195473,0.056306567
271,25814,-3.2369263035202507,0,nan,0.88,0.8709149999991543,0.46648326045115374,0.052714884
272,25964,-3.3182966452918303,0,nan,0.9133333333333333,0.8701649999991494,0.4190684094880213,0.05478023
273,26007,-0.005146891642004436,0,nan,0.8837209302325582,0.869949999999148,0.4791321148163287,0.03047395
274,26157,-3.197580079532406,0,nan,0.9133333333333333,0.8691999999991431,0.4792981098400948,0.049129903
275,26307,-3.303148691459743,0,nan,0.9133333333333333,0.8684499999991382,0.49078802915462294,0.05559653
276,26340,0.20426431940407364,0,nan,0.9696969696969697,0.8682849999991371,0.35025427528443104,0.042163875
277,26368,0.2918987148953073,0,nan,0.9642857142857143,0.8681449999991362,0.3930008736852966,0.03544683
278,26518,-3.2482185349766715,0,nan,0.8533333333333334,0.8673949999991313,0.390292122033002,0.056597773
279,26668,-3.439117343513238,0,nan,0.9,0.8666449999991264,0.4783646839971352,0.054023083
280,26711,0.022249771401883334,0,nan,0.8837209302325582,0.866429999999125,0.4937154440391416,0.037195284
281,26861,-3.229204500422644,0,nan,0.8733333333333333,0.86567999999912,0.4592275500952591,0.050436288
282,27011,-3.3503081210488155,0,nan,0.8533333333333334,0.8649299999991151,0.29460559416032844,0.050523892
283,27161,-3.2817989838809836,0,nan,0.8866666666666667,0.8641799999991102,0.4480638246811879,0.053851586
284,27311,-3.2569744398019087,0,nan,0.9,0.8634299999991053,0.48053834437198045,0.04671197
285,27363,-0.0863108728991514,0,nan,0.9038461538461539,0.8631699999991036,0.26346861242544484,0.027798193
286,27398,0.12118004528004744,0,nan,0.8571428571428571,0.8629949999991025,0.42193906142108195,0.040820036
287,27548,-3.266694081494024,0,nan,0.8866666666666667,0.8622449999990975,0.3554173556777886,0.055493757
288,27698,-3.2425659780891247,0,nan,0.88,0.8614949999990926,0.5394216738760789,0.053292494
289,27848,-3.22060795380711,0,nan,0.8933333333333333,0.8607449999990877,0.4342209193929466,0.059354253
290,27998,-3.3591511662795908,0,nan,0.9066666666666666,0.8599949999990828,0.4563993381479046,0.048394237
291,28040,0.0539613474482169,0,nan,0.9285714285714286,0.8597849999990814,0.37738138133758176,0.03471133
292,28190,-3.2461334000415194,0,nan,0.88,0.8590349999990765,0.41653412805157725,0.05186468
293,28340,-3.4016353216720194,0,nan,0.9266666666666666,0.8582849999990716,0.3056850843234639,0.05847058
294,28490,-3.3222268249652203,0,nan,0.8466666666666667,0.8575349999990667,0.42860930064595276,0.04805645
295,28596,-1.3145598027305443,0,nan,0.8679245283018868,0.8570049999990632,0.4962320603683987,0.049763422
296,28746,-3.6049136205740737,0,nan,0.8866666666666667,0.8562549999990583,0.4126874451593056,0.054949015
297,28788,0.021307699452643436,0,nan,0.9523809523809523,0.8560449999990569,0.5347976270199336,0.041443776
298,28814,0.415868078782355,0,nan,0.9230769230769231,0.8559149999990561,0.25886740984424383,0.030235954
299,28887,-0.684504643450156,0,nan,0.863013698630137,0.8555499999990537,0.5273179070396612,0.035608813
300,28950,-0.421564218180118,0,0.86,0.9365079365079365,0.8552349999990516,0.2785800304058714,0.035003155
301,28977,0.3670676362175137,0,nan,0.7777777777777778,0.8550999999990507,0.37013484096462174,0.035837132
302,29127,-3.122544762123746,0,nan,0.8933333333333333,0.8543499999990458,0.4042937887454507,0.0489058
303,29277,-3.2692065434253634,0,nan,0.8666666666666667,0.8535999999990409,0.4624165053718008,0.05530987
304,29319,-0.03113993936344117,0,nan,0.8809523809523809,0.8533899999990395,0.43504863792150217,0.040998537
305,29360,0.062019168149064385,0,nan,0.8780487804878049,0.8531849999990382,0.3386432612408717,0.032168318
306,29391,0.24626173317738165,0,nan,0.9354838709677419,0.8530299999990372,0.3859607356951878,0.036116097
307,29541,-3.4072872782075283,0,nan,0.86,0.8522799999990323,0.3995349149109455,0.049905874
308,29691,-3.463234040370662,0,nan,0.88,0.8515299999990273,0.3293382592750518,0.051797055
309,29725,0.16962712726247609,0,nan,1.0,0.8513599999990262,0.30447383549482554,0.042184535
310,29875,-3.361448987650028,0,nan,0.8533333333333334,0.8506099999990213,0.29689982403734744,0.0523692
311,29904,0.35261484644805063,0,nan,0.8275862068965517,0.8504649999990204,0.3562884734114745,0.028570995
312,30054,-3.3803349395122373,0,nan,0.94,0.8497149999990155,0.4028562112511163,0.05448156
313,30204,-3.322662874391342,0,nan,0.88,0.8489649999990105,0.3467082533013146,0.053478107
314,30331,-1.8965713683181322,0,nan,0.889763779527559,0.8483299999990064,0.4522477789885195,0.03939173
315,30372,-0.011758549613009373,0,nan,0.926829268292683,0.848124999999005,0.41187368599893215,0.04361295
316,30445,-0.6957135843714247,0,nan,0.8904109589041096,0.8477599999990026,0.5126450300962986,0.03860264
317,30504,-0.3608269038704517,0,nan,0.7627118644067796,0.8474649999990007,0.3299453965546844,0.038375635
318,30654,-3.2961111737874753,0,nan,0.8666666666666667,0.8467149999989958,0.3014980240036284,0.053370018
319,30748,-1.005337342308282,0,nan,0.9042553191489362,0.8462449999989927,0.4905054093570464,0.03930236
320,30898,-3.333713687592891,0,nan,0.9133333333333333,0.8454949999989878,0.46279832703513607,0.05665278
321,30926,0.36418461567622895,0,nan,0.8571428571428571,0.8453549999989869,0.32381496819079875,0.032747045
322,30952,0.4312017596441178,0,nan,0.9615384615384616,0.845224999998986,0.32523893471387794,0.026447486
323,31102,-3.4471762151966523,0,nan,0.8933333333333333,0.8444749999989811,0.44107753829181084,0.057488754
324,31132,0.2844379861779568,0,nan,0.8,0.8443249999989801,0.38952021351250177,0.034623567
325,31282,-3.391502070939367,0,nan,0.9,0.8435749999989752,0.32343279453502866,0.05350631
326,31311,0.32386219636350755,0,nan,0.9310344827586207,0.8434299999989743,0.4422980068552281,0.039184377
327,31341,0.23024323578648365,0,nan,0.8,0.8432799999989733,0.36441465126467504,0.043476548
328,31491,-3.198940031995928,0,nan,0.88,0.8425299999989684,0.28450191778075506,0.055752352
329,31641,-3.172915458772063,0,nan,0.9,0.8417799999989635,0.2966966463848566,0.04962496
330,31669,0.325700567101295,0,0.83,0.8928571428571429,0.8416399999989626,0.38119928560959143,0.035193216
331,31767,-1.1832856333806037,0,nan,0.8469387755102041,0.8411499999989593,0.48688635017559484,0.042447057
332,31917,-3.2978336538642665,0,nan,0.9133333333333333,0.8403999999989544,0.3457877311864138,0.053778764
333,32067,-3.2677655877797425,0,nan,0.8266666666666667,0.8396499999989495,0.49366738716309266,0.05664586
334,32217,-3.4667383848106272,0,nan,0.9066666666666666,0.8388999999989446,0.44200454655133786,0.04920385
335,32367,-3.2564384623133638,0,nan,0.86,0.8381499999989397,0.41113475259788707,0.059483115
336,32517,-3.240029803192755,0,nan,0.9266666666666666,0.8373999999989348,0.29808319806740063,0.051149
337,32545,0.3152045469090641,0,nan,0.9285714285714286,0.8372599999989339,0.4440961757735069,0.036319915
338,32695,-3.278354527919547,0,nan,0.9133333333333333,0.8365099999989289,0.45301509744203006,0.054002903
339,32764,-0.531099421029837,0,nan,0.8115942028985508,0.8361649999989267,0.3839841562651759,0.04486839
340,32914,-3.4604819088718233,0,nan,0.86,0.8354149999989218,0.5026028301530465,0.048109695
341,32955,0.0783239742052182,0,nan,0.9024390243902439,0.8352099999989204,0.4538539684019809,0.031157332
342,32984,0.3027535561335517,0,nan,0.8620689655172413,0.8350649999989195,0.5129215850927725,0.04065802
343,33134,-3.3980396047929915,0,nan,0.8866666666666667,0.8343149999989146,0.37311788301714127,0.05782716
344,33193,-0.4276257569786759,0,nan,0.8983050847457628,0.8340199999989126,0.4369476055946462,0.03321847
345,33220,0.3638309526030681,0,nan,0.7777777777777778,0.8338849999989117,0.2994638121931701,0.029704584
346,33252,0.23569222388270916,0,nan,0.875,0.8337249999989107,0.4967435001143635,0.032064795
347,33402,-3.1962262173834874,0,nan,0.9333333333333333,0.8329749999989058,0.48932796734592077,0.06611512
348,33465,-0.5109132512874257,0,nan,0.9047619047619048,0.8326599999989037,0.3252570676569606,0.03562411
349,33615,-3.2802097213900474,0,nan,0.88,0.8319099999988988,0.30452395429964413,0.070715666
350,33765,-3.305977158167205,0,nan,0.9,0.8311599999988939,0.5324652357465363,0.055203628
351,33915,-3.6440093164659055,0,nan,0.8733333333333333,0.830409999998889,0.32109450989981414,0.04495639
352,33984,-0.5321527225356326,0,nan,0.9130434782608695,0.8300649999988867,0.493283119264405,0.029926458
353,34134,-3.29311965506781,0,nan,0.8533333333333334,0.8293149999988818,0.388636362050477,0.0687719
354,34284,-3.2547250187009062,0,nan,0.8266666666666667,0.8285649999988769,0.35861387847399206,0.05482247
355,34320,0.07827169486164476,0,nan,0.75,0.8283849999988757,0.3531567954237706,0.040216155
356,34470,-3.5489957045138603,0,nan,0.84,0.8276349999988708,0.5113012869444791,0.065281555
357,34530,-0.22761289192000955,0,nan,0.9,0.8273349999988688,0.40649572509024545,0.027421983
358,34589,-0.29253074360113096,0,nan,0.8983050847457628,0.8270399999988669,0.3573992900324663,0.039861947
359,34648,-0.3590226110501402,0,nan,0.9322033898305084,0.826744999998865,0.38125712869707634,0.031756356
360,34691,-0.03840461298341136,0,0.37,0.9069767441860465,0.8265299999988636,0.4790413956602756,0.034293115
361,34723,0.2266825204046884,0,nan,0.9375,0.8263699999988625,0.45218396757032425,0.03625147
362,34873,-3.503783899234827,0,nan,0.8866666666666667,0.8256199999988576,0.34169731551681515,0.061462466
363,34922,-0.1821470205335276,0,nan,0.8775510204081632,0.825374999998856,0.45715105730185945,0.034255266
364,34975,-0.2018837545269927,0,nan,0.8490566037735849,0.8251099999988543,0.35808124883402825,0.028027145
365,35125,-3.2152739906380114,0,nan,0.9,0.8243599999988493,0.33226895213596347,0.05421596
366,35154,0.2672430220190005,0,nan,1.0,0.8242149999988484,0.3826049695624092,0.044048745
367,35192,0.13653342381054057,0,nan,0.9210526315789473,0.8240249999988472,0.26066006881790577,0.029764442
368,35342,-3.1754250612058317,0,nan,0.8333333333333334,0.8232749999988422,0.348033797573602,0.05344881
369,35492,-3.2740941357625366,0,nan,0.8933333333333333,0.8225249999988373,0.344675900880187,0.056004435
370,35642,-3.371826246619132,0,nan,0.8733333333333333,0.8217749999988324,0.35168678590544306,0.07364049
371,35792,-3.532904812013589,0,nan,0.88,0.8210249999988275,0.3417868466329775,0.063472725
372,35821,0.3905789714156408,0,nan,0.896551724137931,0.8208799999988265,0.30917324241192856,0.0236593
373,35971,-3.2706870669061185,0,nan,0.86,0.8201299999988216,0.34153200741514883,0.05681841
374,36018,-0.12919422426164073,0,nan,0.9361702127659575,0.8198949999988201,0.3620257053605412,0.04159868
375,36168,-3.556830528045886,0,nan,0.8733333333333333,0.8191449999988152,0.34591493851243704,0.060627796
376,36209,0.006532339438999002,0,nan,0.9024390243902439,0.8189399999988138,0.5145517461422006,0.038515165
377,36240,0.2432966686467709,0,nan,0.7096774193548387,0.8187849999988128,0.4414987827510044,0.032752894
378,36295,-0.1840635709956484,0,nan,0.8545454545454545,0.818509999998811,0.3540783870822412,0.029945359
379,36324,0.3110455871515807,0,nan,0.8620689655172413,0.8183649999988101,0.4382406573330941,0.029900404
380,36385,-0.3619741202775475,0,nan,0.9016393442622951,0.8180599999988081,0.4287677158782081,0.03319443
381,36535,-3.3193124123090705,0,nan,0.8533333333333334,0.8173099999988032,0.2697944381562998,0.064659275
382,36685,-3.6696778323923476,0,nan,0.8733333333333333,0.8165599999987982,0.35795415732588,0.06749593
383,36724,0.08374003838007194,0,nan,0.8974358974358975,0.816364999998797,0.4414671420012468,0.044280343
384,36765,-0.03999858256383182,0,nan,0.8780487804878049,0.8161599999987956,0.399066313790593,0.044606168
385,36790,0.41295334825529817,0,nan,0.88,0.8160349999987948,0.3409009611928913,0.03499682
386,36940,-3.401972695317941,0,nan,0.9066666666666666,0.8152849999987899,0.3322705220097695,0.05422047
387,37090,-3.6917197964056645,0,nan,0.9066666666666666,0.814534999998785,0.38867904532922654,0.059752554
388,37240,-3.2901211886836728,0,nan,0.8666666666666667,0.8137849999987801,0.3467885642876846,0.05809927
389,37294,-0.2041332335285696,0,nan,0.9259259259259259,0.8135149999987783,0.28494980639901446,0.03267524
390,37444,-3.635620822354892,0,0.44,0.8933333333333333,0.8127649999987734,0.3993451294483478,0.057690002
391,37594,-3.345509713636362,0,nan,0.8733333333333333,0.8120149999987685,0.451052872004345,0.056743685
392,37744,-3.512311259235431,0,nan,0.8733333333333333,0.8112649999987636,0.4010105271642072,0.055227548
393,37894,-3.2491206531165933,0,nan,0.8533333333333334,0.8105149999987586,0.5174840965776013,0.054523367
394,38044,-3.387981512078574,0,nan,0.8666666666666667,0.8097649999987537,0.47846337263439015,0.05671105
395,38194,-3.3289145289103903,0,nan,0.8133333333333334,0.8090149999987488,0.4310240364892524,0.051831093
396,38344,-3.1241066021292494,0,nan,0.8266666666666667,0.8082649999987439,0.43081110654333127,0.051406085
397,38494,-3.3172817690604304,0,nan,0.82,0.807514999998739,0.31990278571266717,0.05566803
398,38644,-3.3238658044245124,0,nan,0.88,0.8067649999987341,0.3785035830170726,0.0538031
399,38687,-0.024339156760490588,0,nan,0.813953488372093,0.8065499999987327,0.4316739755119946,0.034985222
400,38837,-3.2855352831722318,0,nan,0.8533333333333334,0.8057999999987278,0.3793959363502553,0.052252047
401,38987,-3.3313960804345317,0,nan,0.84,0.8050499999987228,0.4627033010832681,0.05454904
402,39137,-3.251071571882878,0,nan,0.8066666666666666,0.8042999999987179,0.2538434273005611,0.052857183
403,39287,-3.46542727958973,0,nan,0.8666666666666667,0.803549999998713,0.4320865094607674,0.07181583
404,39437,-3.213533923176734,0,nan,0.8933333333333333,0.8027999999987081,0.3772880124655353,0.050280247
405,39466,0.31015359443206525,0,nan,0.7586206896551724,0.8026549999987072,0.38619684874133253,0.032419607
406,39616,-3.1912569880275017,0,nan,0.8,0.8019049999987022,0.2556885072701682,0.05872382
407,39644,0.3503590264237767,0,nan,0.9642857142857143,0.8017649999987013,0.2664874002351112,0.022421481
408,39708,-0.3091840154207003,0,nan,0.84375,0.8014449999986992,0.35903340965469965,0.03018451
409,39763,-0.26266766145729614,0,nan,0.7636363636363637,0.8011699999986974,0.3139173172254402,0.03270307
410,39913,-3.2266138814867533,0,nan,0.8533333333333334,0.8004199999986925,0.35367097833157335,0.05423357
411,39978,-0.4461064777216809,0,nan,0.8615384615384616,0.8000949999986904,0.38067739514506216,0.03256341
412,40008,0.2752548640049147,0,nan,0.8333333333333334,0.7999449999986894,0.3593731956226696,0.039034106
413,40158,-3.10042828507826,0,nan,0.9066666666666666,0.7991949999986845,0.34305245663554,0.053896677
414,40308,-3.882614460980643,0,nan,0.86,0.7984449999986796,0.42380737197377405,0.07342719
415,40338,0.25219248739873257,0,nan,0.8333333333333334,0.7982949999986786,0.2543038907203067,0.036730032
416,40488,-3.5606796427074277,0,nan,0.8533333333333334,0.7975449999986737,0.430083143498322,0.057307538
417,40638,-3.266645937927194,0,nan,0.82,0.7967949999986688,0.336212724376557,0.063579306
418,40667,0.2790635093495273,0,nan,0.8620689655172413,0.7966499999986678,0.39057449102681335,0.040294275
419,40697,0.2910431514854178,0,nan,0.9666666666666667,0.7964999999986668,0.5071892773518969,0.031735733
420,40847,-3.2326646029064463,0,0.42,0.9066666666666666,0.7957499999986619,0.3041286899573826,0.05615693
421,40997,-3.4554326192962517,0,nan,0.8666666666666667,0.794999999998657,0.5397422130574453,0.05747966
422,41032,0.1712073954052057,0,nan,0.8571428571428571,0.7948249999986559,0.3756432555137824,0.034985505
423,41100,-0.4862391336930054,0,nan,0.7647058823529411,0.7944849999986536,0.4129558904086354,0.036766857
424,41133,0.23061391093803107,0,nan,0.8484848484848485,0.7943199999986525,0.36779993534641353,0.028846504
425,41167,0.15527620818801025,0,nan,0.8235294117647058,0.7941499999986514,0.4462002390340156,0.041765995
426,41317,-3.145601801068104,0,nan,0.8666666666666667,0.7933999999986465,0.41585625346660643,0.050776802
427,41467,-3.1554339373212317,0,nan,0.8266666666666667,0.7926499999986416,0.3321045093431672,0.054118983
428,41617,-3.200987090433356,0,nan,0.8333333333333334,0.7918999999986367,0.37949575780332556,0.05499464
429,41767,-3.412890227078332,0,nan,0.8066666666666666,0.7911499999986318,0.4000179674120115,0.051736865
430,41917,-3.3214682857784132,0,nan,0.8,0.7903999999986269,0.38615726294956526,0.051505003
431,42067,-3.4881284874390674,0,nan,0.8133333333333334,0.789649999998622,0.5150615570923618,0.05795358
432,42094,0.37620346676064986,0,nan,0.8888888888888888,0.7895149999986211,0.3153315349887233,0.032304626
433,42244,-3.3749014627933005,0,nan,0.84,0.7887649999986162,0.5086140718310224,0.068545654
434,42273,0.27646199772572233,0,nan,0.7931034482758621,0.7886199999986152,0.38930416578373134,0.03732128
435,42423,-3.3115057036407034,0,nan,0.84,0.7878699999986103,0.45010929550201983,0.055968836
436,42454,0.27939479092663166,0,nan,0.9032258064516129,0.7877149999986093,0.43408364172797054,0.035989936
437,42604,-3.2781922490315174,0,nan,0.8533333333333334,0.7869649999986044,0.435361329787988,0.053198796
438,42633,0.27234621387707614,0,nan,0.896551724137931,0.7868199999986034,0.38024057337687683,0.041797534
439,42664,0.25636305716489416,0,nan,0.967741935483871,0.7866649999986024,0.36006272917983423,0.03230121
440,42814,-3.466341092102507,0,nan,0.82,0.7859149999985975,0.508210752310033,0.058142178
441,42848,0.1870932177182919,0,nan,0.8823529411764706,0.7857449999985964,0.37349082077562,0.03948698
442,42998,-3.283510244534034,0,nan,0.8533333333333334,0.7849949999985915,0.40890630115606635,0.057441577
443,43039,-0.03440678171526024,0,nan,0.8292682926829268,0.7847899999985901,0.3621165516439659,0.04246144
444,43189,-3.454869556027377,0,nan,0.84,0.7840399999985852,0.4739096220470124,0.057597302
445,43339,-3.3609305808808214,0,nan,0.8733333333333333,0.7832899999985803,0.4310249118501546,0.05226004
446,43396,-0.2996811213176085,0,nan,0.8421052631578947,0.7830049999985784,0.43084857608647814,0.037072297
447,43546,-3.2461449659764767,0,nan,0.8466666666666667,0.7822549999985735,0.31437207578316784,0.056564733
448,43637,-1.0610039124602686,0,nan,0.8461538461538461,0.7817999999985705,0.5313429381773009,0.037630316
449,43787,-3.2358414284507395,0,nan,0.84,0.7810499999985656,0.45323195581942444,0.05045294
450,43937,-3.327677216526029,0,0.54,0.8466666666666667,0.7802999999985607,0.4382090636644422,0.05390967
451,43964,0.366527407530444,0,nan,0.8518518518518519,0.7801649999985598,0.37303844687413323,0.030498723
452,44114,-3.451712556549461,0,nan,0.8533333333333334,0.7794149999985549,0.43478844733775385,0.051710095
453,44147,0.20453224249515156,0,nan,0.8787878787878788,0.7792499999985538,0.30896096102722737,0.036832687
454,44174,0.3593713984760637,0,nan,0.8888888888888888,0.7791149999985529,0.3251311307272367,0.02720699
455,44294,-1.6601873283658573,0,nan,0.8583333333333333,0.778514999998549,0.3354378829410592,0.049085643
456,44321,0.3627736331812287,0,nan,0.7777777777777778,0.7783799999985481,0.28315081854165663,0.03643399
457,44386,-0.5381235293017119,0,nan,0.8615384615384616,0.778054999998546,0.4879589351433136,0.040481906
458,44417,0.24164784562786867,0,nan,0.9354838709677419,0.777899999998545,0.34017483308747065,0.040245086
459,44448,0.3365891874934581,0,nan,0.7741935483870968,0.777744999998544,0.4391373495415304,0.031016547
460,44519,-0.6669706857921277,0,nan,0.9295774647887324,0.7773899999985416,0.366262440759993,0.042709988
461,44549,0.32225860278664953,0,nan,0.9,0.7772399999985407,0.3583408172618627,0.02561554
462,44576,0.4592823368272435,0,nan,0.9629629629629629,0.7771049999985398,0.2880126692789062,0.027647067
463,44726,-3.259558076858977,0,nan,0.88,0.7763549999985349,0.35420804239895926,0.05448514
464,44876,-3.3138284558427418,0,nan,0.8,0.7756049999985299,0.337944548814604,0.054933127
465,45026,-3.629277533398391,0,nan,0.9066666666666666,0.774854999998525,0.38120452794529325,0.05195079
466,45176,-3.346066324306413,0,nan,0.8266666666666667,0.7741049999985201,0.3200078272352092,0.08016098
467,45326,-3.3772417422625636,0,nan,0.8466666666666667,0.7733549999985152,0.393686384872058,0.055858854
468,45476,-3.5436631798485534,0,nan,0.8533333333333334,0.7726049999985103,0.3634374457660242,0.06214884
469,45504,0.3330064558929037,0,nan,0.8928571428571429,0.7724649999985094,0.30740088272352806,0.03819064
470,45654,-3.2453830844105043,0,nan,0.84,0.7717149999985045,0.36898642896391,0.053793766
471,45804,-3.4981401863868586,0,nan,0.8266666666666667,0.7709649999984995,0.4823259928268955,0.059027247
472,45954,-3.3500926486352216,0,nan,0.8133333333333334,0.7702149999984946,0.3635442889640928,0.055788167
473,45982,0.3244395783130374,0,nan,0.9285714285714286,0.7700749999984937,0.41514928136878865,0.03725731
474,46132,-3.4349729887372806,0,nan,0.8266666666666667,0.7693249999984888,0.4097316938616545,0.05417483
475,46282,-3.415659068724514,0,nan,0.78,0.7685749999984839,0.40340684635363144,0.056345284
476,46432,-3.634803268585914,0,nan,0.78,0.767824999998479,0.29335695546351415,0.0599237
477,46460,0.3156030324205167,0,nan,0.8214285714285714,0.7676849999984781,0.3335545665104852,0.03249348
478,46491,0.2912162456481373,0,nan,0.8387096774193549,0.767529999998477,0.34920937906258,0.027553169
479,46641,-3.4738202355351997,0,nan,0.7866666666666666,0.7667799999984721,0.4924319918486181,0.060096193
480,46702,-0.42732137142428617,0,0.47,0.9016393442622951,0.7664749999984701,0.46716952211172846,0.03647203
481,46852,-3.615993469961086,0,nan,0.8666666666666667,0.7657249999984652,0.4253212447827605,0.051241603
482,47002,-3.6020003874057767,0,nan,0.8266666666666667,0.7649749999984603,0.38991523565179603,0.052572977
483,47152,-3.3855743688011595,0,nan,0.84,0.7642249999984554,0.4551389662337448,0.054816473
484,47302,-3.308353262906097,0,nan,0.8066666666666666,0.7634749999984505,0.44188609986424576,0.059796993
485,47341,0.0826347699736838,0,nan,0.8717948717948718,0.7632799999984492,0.38530991114320046,0.03754228
486,47371,0.2631644608862562,0,nan,0.8666666666666667,0.7631299999984482,0.434010665964865,0.040429495
487,47431,-0.3440484708144692,0,nan,0.8333333333333334,0.7628299999984463,0.3495419917975225,0.034767743
488,47460,0.4346725937919744,0,nan,0.7931034482758621,0.7626849999984453,0.38864059222485847,0.029567473
489,47610,-3.4767666703516897,0,nan,0.8133333333333334,0.7619349999984404,0.3501468225040175,0.05737971
490,47642,0.2539811966679104,0,nan,0.875,0.7617749999984393,0.39174913448213194,0.032664213
491,47672,0.3014856031040215,0,nan,0.8333333333333334,0.7616249999984384,0.3460529074779605,0.039619375
492,47822,-3.271358793697018,0,nan,0.8133333333333334,0.7608749999984334,0.36773359368452063,0.07024461
493,47972,-3.4536426426550992,0,nan,0.8,0.7601249999984285,0.3246957883051885,0.060331356
494,48034,-0.47796201452945697,0,nan,0.7903225806451613,0.7598149999984265,0.32068171527240064,0.03911937
495,48073,0.019187389201398286,0,nan,0.8717948717948718,0.7596199999984252,0.4619893993071593,0.04336141
496,48223,-3.342237186996866,0,nan,0.86,0.7588699999984203,0.38414501602679285,0.05657548
497,48255,0.20515868055878084,0,nan,0.90625,0.7587099999984193,0.33343427597914477,0.039337862
498,48285,0.3139101770125603,0,nan,0.8333333333333334,0.7585599999984183,0.46888191253726025,0.033560418
499,48435,-3.3838805866376913,0,nan,0.7266666666666667,0.7578099999984134,0.38889013738337325,0.057785653
500,48470,0.2491689743571247,0,nan,0.8285714285714286,0.7576349999984122,0.3043179533944024,0.033139247
501,48620,-3.2936225176764804,0,nan,0.7466666666666667,0.7568849999984073,0.2577661343730683,0.05600064
502,48770,-3.4753085978057108,0,nan,0.8266666666666667,0.7561349999984024,0.30633275968325846,0.061281133
503,48920,-3.3644538135727777,0,nan,0.7933333333333333,0.7553849999983975,0.3757765033703145,0.056123473
504,49070,-3.496957365068138,0,nan,0.8333333333333334,0.7546349999983926,0.43830227139274447,0.058649857
505,49220,-3.6241173822155073,0,nan,0.82,0.7538849999983877,0.47312649896506354,0.076311514
506,49252,0.22326650937017944,0,nan,0.78125,0.7537249999983866,0.3965119818002049,0.03905304
507,49402,-3.6058517823155594,0,nan,0.8133333333333334,0.7529749999983817,0.4710583382622035,0.0591651
508,49552,-3.717485654874221,0,nan,0.8066666666666666,0.7522249999983768,0.3406767309496012,0.063257225
509,49702,-3.3405489857724473,0,nan,0.8466666666666667,0.7514749999983719,0.3944821229891349,0.05649914
510,49731,0.34426370837961995,0,0.54,0.8620689655172413,0.7513299999983709,0.39816567545791537,0.035171337
511,49881,-3.476324968863154,0,nan,0.8333333333333334,0.750579999998366,0.4828849307116848,0.05274236
512,50031,-3.2861303262132555,0,nan,0.84,0.7498299999983611,0.42952954183340303,0.05663756
513,50061,0.20402267886372283,0,nan,0.8666666666666667,0.7496799999983601,0.36129742131864023,0.04915723
514,50105,-0.0352491578580133,0,nan,0.8409090909090909,0.7494599999983587,0.36459489387500493,0.04322704
515,50139,0.25170017615491524,0,nan,0.9117647058823529,0.7492899999983575,0.381084657202407,0.030826127
516,50289,-3.3878799024763295,0,nan,0.8333333333333334,0.7485399999983526,0.3376715583470551,0.05591165
517,50439,-3.321986497340121,0,nan,0.7933333333333333,0.7477899999983477,0.3023198843576757,0.05410941
518,50589,-3.377518114101411,0,nan,0.8533333333333334,0.7470399999983428,0.43940063084574366,0.047301937
519,50739,-3.5510674726056117,0,nan,0.82,0.7462899999983379,0.3513289994427356,0.045367893
520,50889,-3.237109001855963,0,nan,0.8066666666666666,0.745539999998333,0.35031324039691625,0.05684201
521,51039,-3.2152458544033244,0,nan,0.8266666666666667,0.7447899999983281,0.4892195637260533,0.05276718
522,51189,-3.280709371000081,0,nan,0.84,0.7440399999983232,0.3375356387204223,0.05713644
523,51339,-3.3913013202413,0,nan,0.8133333333333334,0.7432899999983182,0.3625689806152778,0.056999467
524,51371,0.2956757969479912,0,nan,0.8125,0.7431299999983172,0.26914503051230054,0.02761977
525,51419,-0.08332316972469489,0,nan,0.75,0.7428899999983156,0.48521215846090476,0.03504695
526,51569,-3.3938094843173543,0,nan,0.84,0.7421399999983107,0.33874756586322774,0.055300616
527,51598,0.29480077919584,0,nan,0.8275862068965517,0.7419949999983098,0.42995513786960793,0.037356485
528,51748,-3.5060907638066783,0,nan,0.8133333333333334,0.7412449999983048,0.4378371431993345,0.0616409
529,51898,-3.476082679976199,0,nan,0.7933333333333333,0.7404949999982999,0.37386570897060134,0.051369376
530,52048,-3.5726992014309804,0,nan,0.82,0.739744999998295,0.4465438757260515,0.057467513
531,52198,-3.3879962339777037,0,nan,0.82,0.7389949999982901,0.527877705019506,0.056138635
532,52348,-3.4873076178161333,0,nan,0.7866666666666666,0.7382449999982852,0.4635945835559833,0.051833995
533,52376,0.34463600663497895,0,nan,0.8928571428571429,0.7381049999982843,0.4333670898642807,0.035057902
534,52526,-3.216276368746859,0,nan,0.84,0.7373549999982794,0.40345284113442836,0.048554957
535,52557,0.31906818451095553,0,nan,0.8387096774193549,0.7371999999982783,0.39321938848560234,0.031570785
536,52707,-3.4819934632330853,0,nan,0.8,0.7364499999982734,0.44297626271096696,0.054689534
537,52857,-3.3784219748768893,0,nan,0.8,0.7356999999982685,0.4211448610533639,0.05779279
538,52886,0.3065553232489072,0,nan,0.7241379310344828,0.7355549999982676,0.37427429812003005,0.03778231
539,52918,0.2653007370273319,0,nan,0.875,0.7353949999982665,0.4150601509218959,0.039730527
540,53068,-3.288556066479311,0,0.38,0.8066666666666666,0.7346449999982616,0.4140040293680967,0.049701188
541,53218,-3.3600507509000486,0,nan,0.84,0.7338949999982567,0.5208144100970296,0.051326867
542,53368,-3.368981625396704,0,nan,0.7933333333333333,0.7331449999982518,0.2770474896453009,0.05485386
543,53405,0.11059359251853307,0,nan,0.7297297297297297,0.7329599999982506,0.46778089191401545,0.038398817
544,53555,-3.374429931852478,0,nan,0.76,0.7322099999982457,0.4557838528842824,0.053151045
545,53594,0.10776559103246053,0,nan,0.9230769230769231,0.7320149999982444,0.3788597638381104,0.036919896
546,53674,-1.0138879494363349,0,nan,0.8,0.7316149999982418,0.46700834969403704,0.045839123
547,53824,-3.3896604220003734,0,nan,0.8133333333333334,0.7308649999982368,0.46019338579354274,0.055517234
548,53892,-0.5342919849224551,0,nan,0.7647058823529411,0.7305249999982346,0.4171557289751752,0.03749962
549,53955,-0.43827298493615374,0,nan,0.7777777777777778,0.7302099999982326,0.42970753848172644,0.038060144
550,53988,0.23057951284281986,0,nan,0.7575757575757576,0.7300449999982315,0.5098195713277758,0.031554665
551,54138,-3.494275948981917,0,nan,0.8266666666666667,0.7292949999982266,0.5330903858494462,0.05694482
552,54250,-1.6563313042976118,0,nan,0.8303571428571429,0.7287349999982229,0.4938281531987731,0.039226223
553,54400,-3.3674857291877176,0,nan,0.8,0.727984999998218,0.4310186693934499,0.052428607
554,54438,0.09600495931952413,0,nan,0.7894736842105263,0.7277949999982167,0.45638985550836325,0.03649504
555,54588,-3.4386680457869314,0,nan,0.7866666666666666,0.7270449999982118,0.30392590390979496,0.06597332
556,54738,-3.410990849273736,0,nan,0.8333333333333334,0.7262949999982069,0.4726790865446781,0.06295675
557,54888,-3.4609436533643763,0,nan,0.8,0.725544999998202,0.38256532760360207,0.056852613
558,54916,0.27875792464162497,0,nan,0.7857142857142857,0.7254049999982011,0.3846779217058265,0.042482726
559,55066,-3.3121970536479903,0,nan,0.82,0.7246549999981962,0.4564580956764292,0.045423087
560,55216,-3.391232462003861,0,nan,0.8333333333333334,0.7239049999981912,0.4761032888695298,0.050105873
561,55244,0.39753299065927883,0,nan,0.8928571428571429,0.7237649999981903,0.3266600815659205,0.040324666
562,55302,-0.2454912175229531,0,nan,0.7758620689655172,0.7234749999981884,0.4185929423832924,0.03127246
563,55452,-3.4121310015671984,0,nan,0.8133333333333334,0.7227249999981835,0.43411966087353576,0.054118887
564,55602,-3.619018005753012,0,nan,0.7666666666666667,0.7219749999981786,0.4940196519841066,0.052407645
565,55629,0.3551280126138845,0,nan,0.7407407407407407,0.7218399999981777,0.37408857427479586,0.031441234
566,55659,0.3146246784595419,0,nan,0.8,0.7216899999981767,0.4173427606594936,0.02890828
567,55809,-3.5550923739493734,0,nan,0.7733333333333333,0.7209399999981718,0.32767093022095756,0.053888906
568,55842,0.21679145498881802,0,nan,0.7878787878787878,0.7207749999981707,0.5325420272674679,0.029934164
569,55992,-3.4765754246446274,0,nan,0.8133333333333334,0.7200249999981658,0.48607526379135785,0.05418789
570,56142,-3.297675770768776,0,0.45,0.8,0.7192749999981609,0.5037214094302173,0.05637582
571,56143,-0.021298207368959533,0,nan,2.0,0.7192649999981608,0.3786964853394772,0.6703837
572,56293,-3.2997131452893664,0,nan,0.78,0.7185149999981559,0.42072628583901567,0.047944378
573,56320,0.36566999815776735,0,nan,0.7037037037037037,0.718379999998155,0.283617954524083,0.032907303
574,56349,0.2905484355695609,0,nan,0.7586206896551724,0.7182349999981541,0.4002705949269194,0.035351247
575,56499,-3.5613496244414526,0,nan,0.74,0.7174849999981492,0.2857198982188572,0.05480318
576,56536,0.10524368695782993,0,nan,0.7027027027027027,0.717299999998148,0.46486532217273974,0.02831183
577,56686,-3.372282891598622,0,nan,0.8133333333333334,0.7165499999981431,0.4996291581741167,0.04943894
578,56836,-3.6231798479510346,0,nan,0.7933333333333333,0.7157999999981381,0.34805700599190004,0.06989952
579,56986,-3.5099088162696037,0,nan,0.7333333333333333,0.7150499999981332,0.470583140926775,0.052308384
580,57136,-3.5323636452858858,0,nan,0.7733333333333333,0.7142999999981283,0.449638099631492,0.057929114
581,57204,-0.6134962690376586,0,nan,0.8235294117647058,0.7139599999981261,0.40862540384486334,0.03552311
582,57243,0.08686234242552904,0,nan,0.7948717948717948,0.7137649999981248,0.4104699229394081,0.041121732
583,57307,-0.4853400622490842,0,nan,0.765625,0.7134449999981227,0.4139497368837268,0.04783991
584,57457,-3.639417694772387,0,nan,0.7933333333333333,0.7126949999981178,0.39998740249369075,0.057222616
585,57498,0.03841901611287435,0,nan,0.8292682926829268,0.7124899999981165,0.4758652669381949,0.041409936
586,57587,-1.311081510091305,0,nan,0.8426966292134831,0.7120449999981135,0.44901192653770233,0.06588125
587,57737,-3.2725437816843224,0,nan,0.7866666666666666,0.7112949999981086,0.40193185580131374,0.05141058
588,57771,0.17402248911032692,0,nan,0.7941176470588235,0.7111249999981075,0.3995605731364317,0.038534366
589,57814,-0.023149742313988142,0,nan,0.8372093023255814,0.7109099999981061,0.5255396367137529,0.03797431
590,57964,-3.532555715307627,0,nan,0.7666666666666667,0.7101599999981012,0.31737797311334104,0.051902488
591,57993,0.35107855791170894,0,nan,0.6896551724137931,0.7100149999981002,0.3164443825456277,0.028304998
592,58143,-3.4102484024505357,0,nan,0.7333333333333333,0.7092649999980953,0.3162708801186739,0.05511543
593,58293,-3.4625517354019637,0,nan,0.7933333333333333,0.7085149999980904,0.33050044178807286,0.057821713
594,58443,-3.397081256708863,0,nan,0.8266666666666667,0.7077649999980855,0.4100690584070766,0.05167454
595,58516,-0.5471266366605528,0,nan,0.726027397260274,0.7073999999980831,0.34496034454427,0.0361992
596,58558,-0.021119388832725683,0,nan,0.8095238095238095,0.7071899999980817,0.5180336382354409,0.037506536
597,58708,-3.4077042275304197,0,nan,0.78,0.7064399999980768,0.4480004235027031,0.051686637
598,58737,0.2809586146275189,0,nan,0.6896551724137931,0.7062949999980759,0.33857132546647783,0.03972766
599,58887,-3.3935829724140327,0,nan,0.84,0.705544999998071,0.4607784676389615,0.051367875
600,58916,0.2923738596588983,0,0.62,0.8275862068965517,0.70539999999807,0.30966921055117175,0.03922324
601,59066,-3.4299196408393136,0,nan,0.7733333333333333,0.7046499999980651,0.3072074516898988,0.055314228
602,59126,-0.4584473333936555,0,nan,0.7333333333333333,0.7043499999980631,0.4247677609132726,0.03653598
603,59276,-3.311664786995895,0,nan,0.8266666666666667,0.7035999999980582,0.4679440772253236,0.055482656
604,59426,-3.483942670791334,0,nan,0.8066666666666666,0.7028499999980533,0.5183443780875562,0.05833553
605,59456,0.2907503043643096,0,nan,0.7666666666666667,0.7026999999980523,0.3150767922172179,0.038898304
606,59606,-3.3940898982141054,0,nan,0.7266666666666667,0.7019499999980474,0.471835289323597,0.059447516
607,59634,0.3331727074541502,0,nan,0.8571428571428571,0.7018099999980465,0.37484343001009995,0.033126254
608,59784,-3.394564579842844,0,nan,0.7933333333333333,0.7010599999980416,0.3737940226938122,0.05378672
609,59845,-0.440933490887659,0,nan,0.8688524590163934,0.7007549999980396,0.444942651851759,0.05748607
610,59881,0.11450588251393612,0,nan,0.8333333333333334,0.7005749999980384,0.4858368196227841,0.04308312
611,60031,-3.2530477887026574,0,nan,0.84,0.6998249999980335,0.3157671262630746,0.054671396
612,60181,-3.308014259180072,0,nan,0.86,0.6990749999980286,0.367597923610603,0.054338727
613,60331,-3.377378985942037,0,nan,0.72,0.6983249999980237,0.40614792103798814,0.056700867
614,60481,-3.4029337821443817,0,nan,0.7666666666666667,0.6975749999980188,0.39567815544610546,0.05431714
615,60513,0.21882209418131382,0,nan,0.9375,0.6974149999980177,0.36626956977592984,0.031720344
616,60663,-3.370798364813197,0,nan,0.7466666666666667,0.6966649999980128,0.4614926777554942,0.060889818
617,60694,0.2789613383562807,0,nan,0.7419354838709677,0.6965099999980118,0.4838698211192688,0.034155585
618,60724,0.30132764856417915,0,nan,0.8333333333333334,0.6963599999980108,0.4359101697611207,0.02889477
619,60874,-3.2513220732276684,0,nan,0.8133333333333334,0.6956099999980059,0.3614185834834928,0.046147596
620,60907,0.21315805495002338,0,nan,0.9090909090909091,0.6954449999980048,0.5067838019578536,0.03298041
621,60968,-0.39022901739390814,0,nan,0.8688524590163934,0.6951399999980028,0.4931262675682055,0.037858047
622,61118,-3.332395397686122,0,nan,0.7866666666666666,0.6943899999979979,0.48762372367506235,0.06217104
623,61177,-0.3967917216255218,0,nan,0.7966101694915254,0.694094999997996,0.3957309927254544,0.041009717
624,61208,0.23254028193929044,0,nan,0.8709677419354839,0.6939399999979949,0.5244275145288402,0.04415367
625,61235,0.41148582476466633,0,nan,0.8148148148148148,0.693804999997994,0.3154798852736026,0.030172845
626,61267,0.23069524398778363,0,nan,0.84375,0.693644999997993,0.35017638052385497,0.043516975
627,61367,-1.3015291616304951,0,nan,0.84,0.6931449999979897,0.43642704776253405,0.0363001
628,61517,-3.418195935522117,0,nan,0.84,0.6923949999979848,0.4751253037782068,0.052710198
629,61667,-3.4555194664182323,0,nan,0.7333333333333333,0.6916449999979799,0.5007311518494475,0.07122322
630,61817,-3.674334999276807,0,0.54,0.7266666666666667,0.690894999997975,0.5245646221635478,0.054450545
631,61847,0.3184863813440262,0,nan,0.8,0.690744999997974,0.4081874029494742,0.033227958
632,61875,0.3584147127474643,0,nan,0.75,0.6906049999979731,0.34208699775846046,0.03512495
633,61912,0.1079082181146217,0,nan,0.7837837837837838,0.6904199999979719,0.3695136947817482,0.040361036
634,61942,0.2812724420937298,0,nan,0.8333333333333334,0.6902699999979709,0.3370063834600194,0.03876937
635,62092,-3.430176209416445,0,nan,0.7866666666666666,0.689519999997966,0.520280404297368,0.0560234
636,62120,0.399743126844882,0,nan,0.8928571428571429,0.6893799999979651,0.32966077119250853,0.027442798
637,62270,-3.3617973887571067,0,nan,0.7933333333333333,0.6886299999979602,0.43990063862202855,0.058159586
638,62420,-3.3479414180458003,0,nan,0.76,0.6878799999979552,0.30908550848515143,0.052589208
639,62449,0.3190634248441422,0,nan,0.7931034482758621,0.6877349999979543,0.4285406474559134,0.033450376
640,62479,0.2657443455299374,0,nan,0.6666666666666666,0.6875849999979533,0.3553152964204225,0.032987554
641,62508,0.2910414087094998,0,nan,0.8275862068965517,0.6874399999979524,0.3654782053413226,0.035403553
642,62571,-0.49278667124073516,0,nan,0.7619047619047619,0.6871249999979503,0.37304094964021983,0.03594263
643,62587,-0.4522650075437509,0,nan,0.8125,0.6870399999979497,0.36439158095430063,0.231465
644,62737,-3.488542194014155,0,nan,0.8333333333333334,0.6862899999979448,0.4510495021411966,0.04564076
645,62770,0.2821523138903155,0,nan,0.8181818181818182,0.6861249999979437,0.47909747494437566,0.037018236
646,62920,-3.3672061396701385,0,nan,0.7733333333333333,0.6853749999979388,0.43406809808483965,0.050763458
647,62960,0.05795415955540917,0,nan,0.725,0.6851749999979375,0.5256917972719177,0.033956297
648,62989,0.3097383001973649,0,nan,0.6896551724137931,0.6850299999979366,0.3834216645057245,0.04201345
649,63139,-3.2159795805282867,0,nan,0.7466666666666667,0.6842799999979317,0.36336971960211967,0.05273981
650,63167,0.3408956963514722,0,nan,0.75,0.6841399999979307,0.4181570919459289,0.037949566
651,63317,-3.4452438889338763,0,nan,0.7533333333333333,0.6833899999979258,0.4627632744330832,0.05354644
652,63467,-3.4259589267338106,0,nan,0.7533333333333333,0.6826399999979209,0.33741693196505784,0.05243441
653,63617,-3.479608935374863,0,nan,0.7933333333333333,0.681889999997916,0.5223669155668007,0.05493257
654,63767,-3.55656460944605,0,nan,0.7266666666666667,0.6811399999979111,0.5067854756453742,0.061837908
655,63917,-3.352372989553574,0,nan,0.78,0.6803899999979062,0.4006570962937833,0.057842202
656,64016,-1.3419053615906946,0,nan,0.8181818181818182,0.6798949999979029,0.3800446544351774,0.04020352
657,64083,-0.6043501023571787,0,nan,0.8656716417910447,0.6795599999979007,0.33673659638699444,0.03762013
658,64112,0.3105633069348297,0,nan,0.7241379310344828,0.6794149999978998,0.4175013499650232,0.033994667
659,64187,-0.7336836800578413,0,nan,0.76,0.6790399999978973,0.46901586774459114,0.04028496
660,64337,-3.332070025184131,0,0.38,0.76,0.6782899999978924,0.4645766377070229,0.05621713
661,64487,-3.3384336567728154,0,nan,0.74,0.6775399999978875,0.4024288031359148,0.059053548
662,64637,-3.2636128202659664,0,nan,0.7533333333333333,0.6767899999978826,0.46781046136634163,0.057257842
663,64683,-0.02633144220458916,0,nan,0.8260869565217391,0.6765599999978811,0.3912382897979887,0.039419025
664,64833,-3.447479806597151,0,nan,0.82,0.6758099999978762,0.4515495441595113,0.063085295
665,64983,-3.3153512065640944,0,nan,0.7466666666666667,0.6750599999978713,0.4116804919599481,0.052051954
666,65133,-3.280960754468466,0,nan,0.7666666666666667,0.6743099999978663,0.35662818948598907,0.059169266
667,65283,-3.3321909581464686,0,nan,0.7133333333333334,0.6735599999978614,0.4492508739627577,0.055604775
668,65327,-0.03178060293460094,0,nan,0.8409090909090909,0.67333999999786,0.4016426118745356,0.03810641
669,65477,-3.2753746843218696,0,nan,0.78,0.6725899999978551,0.28508493776723026,0.058678985
670,65539,-0.43369796550420314,0,nan,0.7419354838709677,0.672279999997853,0.45758160428179595,0.029115291
671,65689,-3.430602981266727,0,nan,0.6933333333333334,0.6715299999978481,0.32296420857056407,0.05583675
672,65839,-3.3358507980137984,0,nan,0.82,0.6707799999978432,0.39629116590684693,0.04948057
673,65872,0.2435213587275702,0,nan,0.696969696969697,0.6706149999978421,0.44189127309242393,0.03995552
674,66022,-3.429779572253825,0,nan,0.8,0.6698649999978372,0.4241449080995149,0.059599217
675,66172,-3.3379220080953798,0,nan,0.7666666666666667,0.6691149999978323,0.538524762193579,0.058649216
676,66201,0.34178711373988757,0,nan,0.7586206896551724,0.6689699999978314,0.4640154438857116,0.02968095
677,66235,0.18989884555471037,0,nan,0.6764705882352942,0.6687999999978302,0.5118656252065438,0.03380952
678,66267,0.2158034002405672,0,nan,0.6875,0.6686399999978292,0.43360930604729825,0.038961254
679,66417,-3.4387787398111653,0,nan,0.7333333333333333,0.6678899999978243,0.403124880326245,0.054872263
680,66445,0.2950112530252471,0,nan,0.7857142857142857,0.6677499999978234,0.27794272896995226,0.035495006
681,66595,-3.749341931671072,0,nan,0.76,0.6669999999978184,0.36114675235680976,0.0744007
682,66660,-0.4411751186372187,0,nan,0.8307692307692308,0.6666749999978163,0.3327408217585399,0.031945784
683,66760,-1.3449984234302566,0,nan,0.82,0.666174999997813,0.44919232127286507,0.038468357
684,66788,0.3300081878258275,0,nan,0.7142857142857143,0.6660349999978121,0.3425806961898574,0.032939084
685,66824,0.14235642530724024,0,nan,0.7777777777777778,0.665854999997811,0.48137829367644863,0.045004737
686,66855,0.25088049215138286,0,nan,0.8064516129032258,0.6656999999978099,0.4142961260946692,0.039353363
687,67005,-3.3055115874893923,0,nan,0.7266666666666667,0.664949999997805,0.3553854083377943,0.049660776
688,67033,0.35244160272492153,0,nan,0.8214285714285714,0.6648099999978041,0.34195098170651433,0.030662423
689,67183,-3.3254391746312164,0,nan,0.7133333333333334,0.6640599999977992,0.41740182502804607,0.05081296
690,67214,0.3058698647793173,0,0.34,0.7096774193548387,0.6639049999977982,0.35745612142896893,0.03555959
691,67364,-3.2131075742545354,0,nan,0.72,0.6631549999977933,0.48397576126567426,0.058571484
692,67514,-3.3786699239754356,0,nan,0.7333333333333333,0.6624049999977883,0.46909469975842827,0.055897426
693,67543,0.2858253009593319,0,nan,0.7931034482758621,0.6622599999977874,0.3159007578348073,0.039883807
694,67576,0.2175784000953932,0,nan,0.8181818181818182,0.6620949999977863,0.3795556770489137,0.038640264
695,67609,0.21976849231215434,0,nan,0.7272727272727273,0.6619299999977852,0.4672981171690505,0.034782056
696,67759,-3.364895900176265,0,nan,0.7866666666666666,0.6611799999977803,0.4285688976030753,0.057019576
697,67909,-3.656417661568809,0,nan,0.7533333333333333,0.6604299999977754,0.48706193668153913,0.07432217
698,68059,-3.611278132560827,0,nan,0.68,0.6596799999977705,0.4261306353120256,0.059447646
699,68093,0.19953901962781972,0,nan,0.7647058823529411,0.6595099999977694,0.4175740840198281,0.040065285
700,68243,-3.4127206812729938,0,nan,0.8,0.6587599999977645,0.5378348097541723,0.06426824
701,68310,-0.6447525838293879,0,nan,0.746268656716418,0.6584249999977623,0.514398953549291,0.03778868
702,68460,-3.2887864194957297,0,nan,0.74,0.6576749999977574,0.4676009177904167,0.049387846
703,68610,-3.2801065756500978,0,nan,0.7533333333333333,0.6569249999977524,0.5324659124809512,0.05996446
704,68637,0.4369012920978097,0,nan,0.7037037037037037,0.6567899999977516,0.2680354443833542,0.027000787
705,68787,-3.5463482273495073,0,nan,0.7,0.6560399999977466,0.4798432955020957,0.067170136
706,68937,-3.357402934646803,0,nan,0.7133333333333334,0.6552899999977417,0.38264678626731913,0.058232777
707,69017,-0.7700760069015535,0,nan,0.7125,0.6548899999977391,0.3756191288334625,0.052945204
708,69167,-3.5578141304987496,0,nan,0.7533333333333333,0.6541399999977342,0.4180174596768113,0.06796669
709,69317,-3.5421496471092984,0,nan,0.8,0.6533899999977293,0.47957192986665137,0.07206211
710,69467,-3.512959180984727,0,nan,0.7733333333333333,0.6526399999977244,0.43554279448681643,0.05572864
711,69617,-3.3374988997931943,0,nan,0.7066666666666667,0.6518899999977195,0.43321819745506684,0.055647705
712,69659,-0.020947717989418857,0,nan,0.7619047619047619,0.6516799999977181,0.5076003227349931,0.03787321
713,69687,0.3386370789011426,0,nan,0.7857142857142857,0.6515399999977172,0.29393651311565694,0.04003245
714,69721,0.13025354692799507,0,nan,0.7647058823529411,0.651369999997716,0.4006231091668934,0.048275482
715,69871,-3.4878566410967227,0,nan,0.7266666666666667,0.6506199999977111,0.46729500895483633,0.05417095
716,70021,-3.5108216937126806,0,nan,0.8066666666666666,0.6498699999977062,0.5253119981080359,0.07029884
717,70171,-3.255083870833632,0,nan,0.7066666666666667,0.6491199999977013,0.34319071671792606,0.054637007
718,70196,0.4726639419954256,0,nan,0.68,0.6489949999977005,0.27480393649068224,0.029426288
719,70346,-3.2562396501568287,0,nan,0.7533333333333333,0.6482449999976956,0.4543545685581879,0.05611243
720,70380,0.18039399918167487,0,0.49,0.8235294117647058,0.6480749999976945,0.3932423127140552,0.044144336
721,70455,-0.8424901208284722,0,nan,0.88,0.647699999997692,0.40184548122631186,0.04430111
722,70487,0.2529690615060256,0,nan,0.6875,0.647539999997691,0.4233281203671912,0.030812372
723,70637,-3.4027684999005894,0,nan,0.7666666666666667,0.646789999997686,0.342185985614096,0.05271915
724,70671,0.14427437650417818,0,nan,0.8235294117647058,0.6466199999976849,0.486878528416461,0.045689043
725,70821,-3.3666761463596355,0,nan,0.7533333333333333,0.64586999999768,0.4586650129191246,0.05411481
726,70902,-1.0762150480307564,0,nan,0.8148148148148148,0.6454649999976774,0.4833061348188532,0.054839406
727,70934,0.22208641184530398,0,nan,0.8125,0.6453049999976763,0.34378750841519745,0.033248156
728,71084,-3.2695244026825803,0,nan,0.76,0.6445549999976714,0.4179556551622223,0.063243575
729,71234,-3.3811887447799345,0,nan,0.78,0.6438049999976665,0.39757796458722644,0.05743023
730,71384,-3.423181393835373,0,nan,0.72,0.6430549999976616,0.44482345734557244,0.051235136
731,71534,-3.3319359640333173,0,nan,0.7066666666666667,0.6423049999976567,0.38341213376774763,0.055096295
732,71684,-3.2907050416525836,0,nan,0.7333333333333333,0.6415549999976518,0.39686810687577323,0.053777684
733,71834,-3.3409634557232617,0,nan,0.72,0.6408049999976468,0.46996461667681944,0.059378795
734,71896,-0.5742548033999821,0,nan,0.7903225806451613,0.6404949999976448,0.38874539723980633,0.044511486
735,71924,0.35452511742412685,0,nan,0.7142857142857143,0.6403549999976439,0.32845731946015116,0.034946892
736,72074,-3.5020156340121993,0,nan,0.7466666666666667,0.639604999997639,0.37285717039370575,0.08031328
737,72224,-3.4769940938200388,0,nan,0.72,0.6388549999976341,0.31795310285207157,0.053248078
738,72259,0.19653134504489844,0,nan,0.8,0.6386799999976329,0.26677223741223477,0.032123893
739,72409,-3.4423129007597337,0,nan,0.7733333333333333,0.637929999997628,0.4559551999361555,0.055330303
740,72559,-3.434725841145494,0,nan,0.7466666666666667,0.6371799999976231,0.34498680986395897,0.054266397
741,72618,-0.39699600996586937,0,nan,0.7796610169491526,0.6368849999976212,0.5194633097915122,0.041198693
742,72650,0.19943389169625936,0,nan,0.84375,0.6367249999976201,0.32651989591867964,0.041474782
743,72800,-3.438331423251483,0,nan,0.74,0.6359749999976152,0.5003284836965979,0.06156467
744,72866,-0.5263709010883797,0,nan,0.7121212121212122,0.635644999997613,0.42512648662970953,0.04026675
745,73016,-3.5982842573945217,0,nan,0.7133333333333334,0.6348949999976081,0.5125262669964838,0.05495463
746,73044,0.36123988029272025,0,nan,0.7857142857142857,0.6347549999976072,0.48120866696545705,0.03939162
747,73076,0.2141818743985926,0,nan,0.78125,0.6345949999976062,0.350483571966025,0.04364682
748,73105,0.257284396348225,0,nan,0.7241379310344828,0.6344499999976052,0.3873551665671514,0.043399412
749,73255,-3.528429881103894,0,nan,0.7133333333333334,0.6336999999976003,0.42956286687926415,0.07936365
750,73405,-3.514395235447644,0,0.43,0.7466666666666667,0.6329499999975954,0.36771253376930274,0.059446074
751,73434,0.2954611222563708,0,nan,0.7241379310344828,0.6328049999975944,0.4638814761475421,0.034924217
752,73467,0.24705828165475274,0,nan,0.7878787878787878,0.6326399999975933,0.4296375081191475,0.035121698
753,73617,-3.124035772461823,0,nan,0.7466666666666667,0.6318899999975884,0.2777513202201504,0.06692571
754,73649,0.25412598939614406,0,nan,0.65625,0.6317299999975874,0.3406056220114961,0.028116636
755,73679,0.35039113915002307,0,nan,0.6333333333333333,0.6315799999975864,0.33489168881790055,0.03315646
756,73829,-3.134716715135242,0,nan,0.7333333333333333,0.6308299999975815,0.5060470399471172,0.051337704
757,73979,-3.232568508520837,0,nan,0.7466666666666667,0.6300799999975766,0.4177009810470058,0.06035546
758,74129,-3.2276772481325255,0,nan,0.8133333333333334,0.6293299999975717,0.47145463947734073,0.047934588
759,74157,0.3253093252034306,0,nan,0.7857142857142857,0.6291899999975707,0.29501386450974393,0.04095603
760,74186,0.2598933245385445,0,nan,0.6551724137931034,0.6290449999975698,0.38742710462550267,0.041345514
761,74336,-3.3414109225653794,0,nan,0.8333333333333334,0.6282949999975649,0.29260048413342293,0.067335606
762,74486,-3.182968878775138,0,nan,0.6933333333333334,0.62754499999756,0.5263896865308497,0.055746485
763,74636,-3.487852386088798,0,nan,0.8,0.6267949999975551,0.46820446813063915,0.056939207
764,74786,-3.3970066172647915,0,nan,0.7266666666666667,0.6260449999975501,0.47408110669170506,0.056995258
765,74936,-3.260087526821792,0,nan,0.7866666666666666,0.6252949999975452,0.4246784573419046,0.055804152
766,75086,-3.496307356421541,0,nan,0.7266666666666667,0.6245449999975403,0.4508366364564445,0.06376692
767,75236,-3.246042678059384,0,nan,0.7866666666666666,0.6237949999975354,0.4148698265275374,0.056117743
768,75386,-3.6033857123051907,0,nan,0.7666666666666667,0.6230449999975305,0.48901191194175697,0.049116008
769,75536,-3.221226872730196,0,nan,0.8333333333333334,0.6222949999975256,0.43294262343640444,0.057723146
770,75566,0.2357969705075219,0,nan,0.7666666666666667,0.6221449999975246,0.34480769576253545,0.04956745
771,75716,-3.2586002541073698,0,nan,0.74,0.6213949999975197,0.42520236157446195,0.055700526
772,75866,-3.48628649226655,0,nan,0.7866666666666666,0.6206449999975148,0.44979872904794627,0.06857988
773,76016,-3.2706205539433535,0,nan,0.7333333333333333,0.6198949999975099,0.3998502872399514,0.06159956
774,76166,-3.4547658237349994,0,nan,0.6933333333333334,0.6191449999975049,0.4267097753263352,0.058719292
775,76197,0.3355660542189345,0,nan,0.8387096774193549,0.6189899999975039,0.4526328560387949,0.03290363
776,76201,-0.10990985096883887,0,nan,0.75,0.6189649999975038,0.4096926739520132,0.34774438
777,76240,0.07624642889076527,0,nan,0.7435897435897436,0.6187699999975025,0.4242677476583728,0.043034837
778,76390,-3.278474653933871,0,nan,0.7266666666666667,0.6180199999974976,0.3201397955051994,0.05814627
779,76540,-3.2692657239605456,0,nan,0.72,0.6172699999974927,0.30420095251635215,0.059189525
780,76690,-3.2207872382481963,0,0.52,0.7133333333333334,0.6165199999974877,0.3546191653004979,0.052786663
781,76719,0.34532576561221995,0,nan,0.8275862068965517,0.6163749999974868,0.34707572969208983,0.03177241
782,76758,0.06550055848569192,0,nan,0.7948717948717948,0.6161799999974855,0.43687628001745776,0.034820925
783,76908,-3.4142032275326826,0,nan,0.7133333333333334,0.6154299999974806,0.2870066727789896,0.044524893
784,77058,-3.5391153865948226,0,nan,0.7466666666666667,0.6146799999974757,0.4953306483607153,0.055330873
785,77208,-3.5064626878194427,0,nan,0.7066666666666667,0.6139299999974708,0.47425293833844634,0.056411363
786,77358,-3.3253022684012508,0,nan,0.7266666666666667,0.6131799999974659,0.3477397761010948,0.057719644
787,77508,-3.4914766137609607,0,nan,0.7533333333333333,0.612429999997461,0.49587917396250736,0.052375868
788,77658,-3.3979390265699787,0,nan,0.7066666666666667,0.611679999997456,0.5165600588723198,0.054566223
789,77808,-3.408321761890788,0,nan,0.7466666666666667,0.6109299999974511,0.4385664563212705,0.053301368
790,77958,-3.488696158361887,0,nan,0.76,0.6101799999974462,0.29247709512092473,0.08006558
791,77989,0.234934494601428,0,nan,0.7741935483870968,0.6100249999974452,0.4562952253389252,0.03945124
792,78139,-3.5357879354134942,0,nan,0.74,0.6092749999974403,0.42806834658746756,0.04604208
793,78169,0.27725976309511446,0,nan,0.7333333333333333,0.6091249999974393,0.41881131006489597,0.031866655
794,78319,-3.3194464673279915,0,nan,0.7133333333333334,0.6083749999974344,0.46131649537742186,0.05258879
795,78469,-3.387233656989873,0,nan,0.7266666666666667,0.6076249999974295,0.42638907422455646,0.058025755
796,78502,0.1456892987005507,0,nan,0.7878787878787878,0.6074599999974284,0.454163626026651,0.04167384
797,78579,-0.8165314159807116,0,nan,0.7012987012987013,0.6070749999974259,0.4090911913701502,0.040618043
798,78607,0.3255825098506373,0,nan,0.75,0.606934999997425,0.34863773343025944,0.03578374
799,78636,0.3268891671440953,0,nan,0.6206896551724138,0.606789999997424,0.48931105250577056,0.035546087
800,78670,0.15997563589714814,0,nan,0.7058823529411765,0.6066199999974229,0.35765222929846563,0.0369322
801,78703,0.20045573840976083,0,nan,0.8484848484848485,0.6064549999974218,0.4447897623159774,0.035735857
802,78853,-3.3941358832414252,0,nan,0.7266666666666667,0.6057049999974169,0.5005906362636375,0.053555228
803,79003,-3.4081767562424163,0,nan,0.7866666666666666,0.604954999997412,0.27311072299666156,0.059146587
804,79153,-3.105546670933737,0,nan,0.68,0.6042049999974071,0.3362354087552772,0.050353955
805,79187,0.17371579818915428,0,nan,0.6764705882352942,0.604034999997406,0.5013680323516397,0.043216925
806,79219,0.26158181560397864,0,nan,0.75,0.6038749999974049,0.5305462268495906,0.036795937
807,79369,-3.2892998415725168,0,nan,0.7666666666666667,0.6031249999974,0.3536462224021349,0.05410091
808,79519,-3.2790764742145537,0,nan,0.74,0.6023749999973951,0.4173640620152923,0.06297929
809,79669,-3.3484444203824335,0,nan,0.6,0.6016249999973902,0.375083115841393,0.05461937
810,79701,0.21371045508957176,0,0.58,0.84375,0.6014649999973891,0.49392975380999854,0.03602999
811,79738,0.08933046370295095,0,nan,0.7027027027027027,0.6012799999973879,0.42519703235477907,0.03825342
812,79773,0.2106765758609206,0,nan,0.5714285714285714,0.6011049999973868,0.34013739605788107,0.038440302
813,79923,-3.4536239760497005,0,nan,0.7,0.6003549999973818,0.3867019695710459,0.06071052
814,80073,-3.1626780982880094,0,nan,0.7466666666666667,0.5996049999973769,0.3606697682098356,0.053519726
815,80223,-3.341246795186402,0,nan,0.7666666666666667,0.598854999997372,0.395059321397288,0.0592955
816,80296,-0.6927357944302256,0,nan,0.6986301369863014,0.5984899999973696,0.3756869950741471,0.037381813
817,80446,-3.4594603312391667,0,nan,0.7133333333333334,0.5977399999973647,0.5239080264345106,0.052444544
818,80475,0.36727072797039584,0,nan,0.6896551724137931,0.5975949999973638,0.3843809921314437,0.026526077
819,80516,0.03472818337337302,0,nan,0.7804878048780488,0.5973899999973624,0.4079187650866805,0.035636358
820,80666,-3.4704549078684876,0,nan,0.72,0.5966399999973575,0.44497934967826,0.05267238
821,80702,0.17316292235119946,0,nan,0.7777777777777778,0.5964599999973563,0.47299392921609595,0.03305595
822,80733,0.23906097102500046,0,nan,0.8387096774193549,0.5963049999973553,0.366793746119387,0.038033288
823,80761,0.3440169418829402,0,nan,0.75,0.5961649999973544,0.3216411917606994,0.03864214
824,80911,-3.4649137341695755,0,nan,0.7666666666666667,0.5954149999973495,0.35480780658882577,0.05547453
825,80943,0.24856731954482558,0,nan,0.6875,0.5952549999973484,0.43708338721355333,0.031958967
826,81093,-3.6093944146727215,0,nan,0.7066666666666667,0.5945049999973435,0.33118609375649916,0.058554504
827,81243,-3.391625402450474,0,nan,0.7,0.5937549999973386,0.4449575546014857,0.052473303
828,81276,0.18091763270913985,0,nan,0.7878787878787878,0.5935899999973375,0.32577822043717075,0.047909994
829,81310,0.1868701307548205,0,nan,0.7058823529411765,0.5934199999973364,0.5163074677015136,0.0322562
830,81352,0.026164453287843448,0,nan,0.7380952380952381,0.593209999997335,0.4315074804576997,0.033620723
831,81379,0.3487594670617531,0,nan,0.6296296296296297,0.5930749999973342,0.3876491592968017,0.036547445
832,81529,-3.7420105652110136,0,nan,0.8066666666666666,0.5923249999973292,0.3843639999280547,0.05649716
833,81564,0.15756640422075874,0,nan,0.7428571428571429,0.5921499999973281,0.5362168551951672,0.035846982
834,81714,-3.4646775514857264,0,nan,0.7733333333333333,0.5913999999973232,0.37411098661482867,0.05326588
835,81864,-3.518091072681714,0,nan,0.7133333333333334,0.5906499999973183,0.4559152705356406,0.055676352
836,81905,-0.010016202104731753,0,nan,0.6097560975609756,0.5904449999973169,0.5235381524343764,0.04257551
837,82055,-3.4477925297488143,0,nan,0.6466666666666666,0.589694999997312,0.31301839137937953,0.05399695
838,82205,-3.490464894584996,0,nan,0.7266666666666667,0.5889449999973071,0.4249046895499336,0.070337884
839,82241,0.1751944979823007,0,nan,0.8055555555555556,0.5887649999973059,0.44172024008051597,0.04002327
840,82391,-3.5265576238956813,0,0.65,0.6866666666666666,0.588014999997301,0.4436831579896931,0.05783467
841,82541,-3.3684547548506667,0,nan,0.7133333333333334,0.5872649999972961,0.3037949657058222,0.058043137
842,82691,-3.424371023143029,0,nan,0.6333333333333333,0.5865149999972912,0.3084177364817956,0.059655927
843,82841,-3.422893144452234,0,nan,0.6533333333333333,0.5857649999972863,0.4824939536743646,0.051423553
844,82991,-3.3673739701770975,0,nan,0.7,0.5850149999972813,0.4723565591417823,0.050541565
845,83141,-3.5186690649656662,0,nan,0.76,0.5842649999972764,0.33257938343253385,0.05268326
846,83291,-3.658031371290796,0,nan,0.6933333333333334,0.5835149999972715,0.27462352863473943,0.07013288
847,83441,-3.6541348424414233,0,nan,0.64,0.5827649999972666,0.40193562036137104,0.058440406
848,83484,-0.02922188903614542,0,nan,0.7441860465116279,0.5825499999972652,0.43092748048980684,0.03774249
849,83634,-3.33325397702663,0,nan,0.7,0.5817999999972603,0.33727214664884764,0.054962732
850,83668,0.1405212826600185,0,nan,0.7058823529411765,0.5816299999972592,0.44594836906922,0.045584634
851,83818,-3.3653032560485197,0,nan,0.7733333333333333,0.5808799999972543,0.3814310574405419,0.05456321
852,83968,-3.5525128635911094,0,nan,0.76,0.5801299999972493,0.27109525331859685,0.047236636
853,83997,0.3123026679334645,0,nan,0.7586206896551724,0.5799849999972484,0.4274243424382183,0.030547127
854,84063,-0.5024035841464831,0,nan,0.7272727272727273,0.5796549999972462,0.37378034366768353,0.037792575
855,84213,-3.490416055316312,0,nan,0.7066666666666667,0.5789049999972413,0.35422255112748613,0.055078138
856,84247,0.2633579497537656,0,nan,0.7058823529411765,0.5787349999972402,0.2904829030109745,0.028673813
857,84397,-3.353762341965122,0,nan,0.7133333333333334,0.5779849999972353,0.36883661409943974,0.057552654
858,84547,-3.3961064316853995,0,nan,0.6733333333333333,0.5772349999972304,0.47597377338721064,0.05930797
859,84578,0.24928038556912857,0,nan,0.8709677419354839,0.5770799999972294,0.42715962353385895,0.03729461
860,84728,-3.3268738348729228,0,nan,0.6866666666666666,0.5763299999972245,0.43793021379449776,0.05861152
861,84757,0.32209892042716315,0,nan,0.6551724137931034,0.5761849999972235,0.4884293001554375,0.031166092
862,84907,-3.5207253782548213,0,nan,0.7266666666666667,0.5754349999972186,0.4960854432788132,0.05634253
863,84939,0.23923443906629938,0,nan,0.78125,0.5752749999972175,0.3575372919252904,0.03595113
864,84969,0.27692463356744246,0,nan,0.7666666666666667,0.5751249999972166,0.40855744227171464,0.03420905
865,85119,-3.4920531933153853,0,nan,0.7266666666666667,0.5743749999972116,0.3793429004889959,0.057067797
866,85213,-1.2903845230351156,0,nan,0.8085106382978723,0.5739049999972086,0.3019069002966385,0.05504975
867,85280,-0.4921805380770222,0,nan,0.7164179104477612,0.5735699999972064,0.3208959376736126,0.032630466
868,85341,-0.5263544612679221,0,nan,0.7540983606557377,0.5732649999972044,0.5208545858547873,0.046580628
869,85441,-1.3883723231619522,0,nan,0.81,0.5727649999972011,0.47449392261996653,0.040747304
870,85470,0.2932201125188255,0,0.58,0.6896551724137931,0.5726199999972001,0.3331242065567158,0.042326126
871,85620,-3.402243183440445,0,nan,0.6733333333333333,0.5718699999971952,0.4362902585379428,0.055990525
872,85651,0.27234685003377423,0,nan,0.7096774193548387,0.5717149999971942,0.369853270798983,0.03396609
873,85801,-3.4024593175862825,0,nan,0.68,0.5709649999971893,0.37716822342102485,0.055043805
874,85840,0.07776543548986425,0,nan,0.7948717948717948,0.570769999997188,0.5036530940853333,0.034951963
875,85868,0.30882818380753563,0,nan,0.6785714285714286,0.5706299999971871,0.3329505732218489,0.036039893
876,86018,-3.3262083181562314,0,nan,0.7666666666666667,0.5698799999971822,0.4001801083727389,0.0522279
877,86050,0.2378524087591214,0,nan,0.84375,0.5697199999971811,0.32759932787761736,0.02865513
878,86200,-3.356423623457074,0,nan,0.6533333333333333,0.5689699999971762,0.39151304902129,0.059435464
879,86321,-1.7945094962453303,0,nan,0.7024793388429752,0.5683649999971723,0.3543771031093498,0.040691145
880,86471,-3.4947161827387507,0,nan,0.7266666666666667,0.5676149999971674,0.4783756138874336,0.05728099
881,86473,-0.058568222179346305,0,nan,1.5,0.5675999999971673,0.5304461500733773,0.45251232
882,86623,-3.488860438862155,0,nan,0.6466666666666666,0.5668499999971623,0.38757777831179774,0.057580184
883,86773,-3.4865732630040056,0,nan,0.7466666666666667,0.5660999999971574,0.49662249360775684,0.06392148
884,86923,-3.270293817102681,0,nan,0.6733333333333333,0.5653499999971525,0.5065541182086906,0.057710927
885,87073,-3.4757786105948787,0,nan,0.6866666666666666,0.5645999999971476,0.5525083119147722,0.056973495
886,87100,0.35874812901077224,0,nan,0.7037037037037037,0.5644649999971467,0.37146096117387806,0.040163096
887,87250,-3.557537863713221,0,nan,0.7466666666666667,0.5637149999971418,0.46844546291832984,0.058634967
888,87281,0.2998841270044377,0,nan,0.6129032258064516,0.5635599999971408,0.348049387899092,0.026853194
889,87431,-3.4139690259445667,0,nan,0.74,0.5628099999971359,0.502899015183081,0.056862947
890,87492,-0.4451425555338867,0,nan,0.639344262295082,0.5625049999971339,0.37471308408570364,0.037955668
891,87642,-3.434837849750634,0,nan,0.7733333333333333,0.561754999997129,0.2840593274713161,0.052928805
892,87680,0.1138362055690828,0,nan,0.6842105263157895,0.5615649999971277,0.4384689637101505,0.041264776
893,87830,-3.484938914988121,0,nan,0.8133333333333334,0.5608149999971228,0.3295704564301928,0.05651635
894,87858,0.36375084571874816,0,nan,0.8214285714285714,0.5606749999971219,0.3362153705542179,0.033287186
895,88008,-3.3884825339303886,0,nan,0.6533333333333333,0.559924999997117,0.48102445584392556,0.053045698
896,88158,-3.437913648176484,0,nan,0.66,0.5591749999971121,0.4312375257649719,0.054048266
897,88197,0.0971814332271207,0,nan,0.6666666666666666,0.5589799999971108,0.41813006805577624,0.03054953
898,88227,0.28257140516310675,0,nan,0.5666666666666667,0.5588299999971098,0.5046451398658967,0.031903055
899,88377,-3.356679900133366,0,nan,0.64,0.5580799999971049,0.48175526594272006,0.059382025
900,88467,-1.0410160480223736,0,0.63,0.7666666666666667,0.5576299999971019,0.4627649935977238,0.041721545
901,88506,0.05965728601420195,0,nan,0.7948717948717948,0.5574349999971007,0.4358669354182284,0.034696892
902,88562,-0.20339044809255902,0,nan,0.7857142857142857,0.5571549999970988,0.3966390342117517,0.030628774
903,88712,-3.4731482558259446,0,nan,0.74,0.5564049999970939,0.4275753124491714,0.052550163
904,88747,0.16588204525997252,0,nan,0.8,0.5562299999970928,0.44736457700597604,0.032788415
905,88897,-3.26146655987637,0,nan,0.78,0.5554799999970879,0.42404240260630166,0.0630977
906,89047,-3.446226680671964,0,nan,0.6266666666666667,0.554729999997083,0.3170511008467054,0.060458533
907,89081,0.1940104708500452,0,nan,0.5882352941176471,0.5545599999970818,0.3217430331587047,0.034231693
908,89108,0.3798810266051341,0,nan,0.8888888888888888,0.554424999997081,0.3667978071377395,0.028422358
909,89137,0.3636933294223178,0,nan,0.7241379310344828,0.55427999999708,0.30428292263469003,0.031884197
910,89182,-0.08652918567942058,0,nan,0.6888888888888889,0.5540549999970785,0.4895974059013208,0.03820384
911,89223,0.03678128276429027,0,nan,0.7073170731707317,0.5538499999970772,0.3274094216282498,0.039233387
912,89259,0.20425995640144756,0,nan,0.6666666666666666,0.553669999997076,0.35495303748863455,0.042250212
913,89294,0.18416802325965687,0,nan,0.8,0.5534949999970749,0.3664222829617864,0.034061883
914,89444,-3.4542644397065407,0,nan,0.6666666666666666,0.5527449999970699,0.4483194754428055,0.05307864
915,89475,0.26469973751734277,0,nan,0.7419354838709677,0.5525899999970689,0.48298133804832627,0.039019495
916,89625,-3.5123843694667185,0,nan,0.7133333333333334,0.551839999997064,0.40883767178176056,0.055546056
917,89775,-3.6696989944245266,0,nan,0.6666666666666666,0.5510899999970591,0.41092233366783476,0.07070704
918,89808,0.23954823110219559,0,nan,0.8181818181818182,0.550924999997058,0.34197856768215884,0.032836612
919,89886,-0.8197362882381612,0,nan,0.782051282051282,0.5505349999970555,0.48326733108790715,0.045868665
920,90036,-3.401333932297647,0,nan,0.6933333333333334,0.5497849999970505,0.40551293425443247,0.064501144
921,90186,-3.353802103740001,0,nan,0.64,0.5490349999970456,0.26690173819949053,0.056719754
922,90336,-3.623656604063819,0,nan,0.68,0.5482849999970407,0.34869969844279686,0.062378135
923,90366,0.3254247903419356,0,nan,0.6666666666666666,0.5481349999970397,0.4701622276681789,0.027628433
924,90408,-0.03285609493823605,0,nan,0.8095238095238095,0.5479249999970384,0.5010150714649245,0.044224788
925,90558,-3.2982989790722774,0,nan,0.68,0.5471749999970335,0.37191410113780565,0.052366614
926,90613,-0.3631852943006707,0,nan,0.7090909090909091,0.5468999999970316,0.43695683952350206,0.035881944
927,90641,0.3756564609304517,0,nan,0.7857142857142857,0.5467599999970307,0.3387834675677352,0.027546898
928,90791,-3.3552142006991224,0,nan,0.7333333333333333,0.5460099999970258,0.4559702695573011,0.05493531
929,90941,-3.6860109701327586,0,nan,0.7266666666666667,0.5452599999970209,0.43207881174647883,0.079119965
930,90968,0.41730881909395934,0,0.51,0.5925925925925926,0.54512499999702,0.3103223575870419,0.031415153
931,90999,0.2518119887616519,0,nan,0.6774193548387096,0.544969999997019,0.34792734435226463,0.036119357
932,91149,-3.359430670141417,0,nan,0.7133333333333334,0.5442199999970141,0.2730723160035533,0.0603397
933,91187,-0.7939945224561402,0,nan,0.6578947368421053,0.5440249999970128,0.29155295098226486,0.04701264
934,91261,-0.6925194950292518,0,nan,0.6351351351351351,0.5436549999970104,0.37862136075219666,0.033870056
935,91411,-3.3045365626762004,0,nan,0.7533333333333333,0.5429049999970055,0.30980148750678493,0.055346373
936,91444,0.2084330853362254,0,nan,0.7575757575757576,0.5427399999970044,0.46614097813976985,0.034063336
937,91482,0.1382150102017048,0,nan,0.7105263157894737,0.5425499999970032,0.4395267405707679,0.035110362
938,91510,0.33377133097835343,0,nan,0.75,0.5424099999970022,0.2915071757324485,0.034306936
939,91660,-3.196701557879109,0,nan,0.6066666666666667,0.5416599999969973,0.3955996340203656,0.05206888
940,91708,-0.16355494064391563,0,nan,0.6666666666666666,0.5414199999969957,0.5023345112210743,0.037012137
941,91858,-3.3216468713275047,0,nan,0.68,0.5406699999969908,0.5208559256851776,0.050673995
942,92008,-3.4627600516191985,0,nan,0.7,0.5399199999969859,0.5025429765957292,0.055147476
943,92158,-3.3751810066373804,0,nan,0.62,0.539169999996981,0.4414611408651676,0.054012597
944,92220,-0.5157951297134694,0,nan,0.7258064516129032,0.538859999996979,0.26288385159206223,0.041937504
945,92248,0.4235829903528886,0,nan,0.6428571428571429,0.5387199999969781,0.3704550740007788,0.029642671
946,92398,-3.4374501949560505,0,nan,0.6666666666666666,0.5379699999969731,0.5208017394606115,0.052023336
947,92548,-3.3468136954040704,0,nan,0.6266666666666667,0.5372199999969682,0.5117616112838997,0.0555918
948,92698,-3.288210922572737,0,nan,0.6533333333333333,0.5364699999969633,0.39748857586017755,0.057504572
949,92771,-0.7271012440425069,0,nan,0.6438356164383562,0.5361049999969609,0.44952159626965305,0.039498
950,92806,0.1809569598107833,0,nan,0.7714285714285715,0.5359299999969598,0.35139791298906875,0.03075485
951,92844,0.08761634256356088,0,nan,0.8157894736842105,0.5357399999969585,0.47050240596583837,0.04482536
952,92994,-3.3170232084713795,0,nan,0.6333333333333333,0.5349899999969536,0.3212109966188119,0.054374084
953,93144,-3.650318828284189,0,nan,0.6533333333333333,0.5342399999969487,0.3460921872405511,0.050233826
954,93294,-3.4357155889167883,0,nan,0.6866666666666666,0.5334899999969438,0.5224712670501273,0.05703945
955,93331,0.16140757637315506,0,nan,0.6486486486486487,0.5333049999969426,0.4076396190839612,0.0361053
956,93481,-3.399862025357419,0,nan,0.6666666666666666,0.5325549999969377,0.28937784464633626,0.05920366
957,93509,0.35274209514868726,0,nan,0.6428571428571429,0.5324149999969368,0.32360317716334847,0.027489439
958,93659,-3.194719961236346,0,nan,0.7,0.5316649999969318,0.5143310787311133,0.059827175
959,93809,-3.3929846610288923,0,nan,0.6866666666666666,0.5309149999969269,0.4386378888996091,0.056747463
960,93959,-3.469962610869588,0,0.61,0.6133333333333333,0.530164999996922,0.4345177393479518,0.05716045
961,94109,-3.605948181657342,0,nan,0.66,0.5294149999969171,0.35819802191666567,0.05772658
962,94148,0.08617977011963451,0,nan,0.6666666666666666,0.5292199999969158,0.4735029822549002,0.031073455
963,94298,-3.498649543043444,0,nan,0.6533333333333333,0.5284699999969109,0.5385193973985759,0.05670756
964,94448,-3.394865561034066,0,nan,0.6266666666666667,0.527719999996906,0.42358491050387864,0.057407588
965,94598,-3.4443458981355812,0,nan,0.6466666666666666,0.5269699999969011,0.4004720125304174,0.05384683
966,94635,0.07023562930595684,0,nan,0.7297297297297297,0.5267849999968999,0.395130315995152,0.04427866
967,94785,-3.263771106638031,0,nan,0.6866666666666666,0.526034999996895,0.3168960152310131,0.04691201
968,94935,-3.3765213109467282,0,nan,0.6666666666666666,0.52528499999689,0.38272558898618575,0.055891342
969,95085,-3.6608804261565995,0,nan,0.6733333333333333,0.5245349999968851,0.45000585874337945,0.05803406
970,95235,-3.6228756735648178,0,nan,0.66,0.5237849999968802,0.47788706373252154,0.07109067
971,95290,-0.1593150444470185,0,nan,0.6727272727272727,0.5235099999968784,0.271445818415932,0.027690385
972,95323,0.2060442615792174,0,nan,0.8181818181818182,0.5233449999968773,0.5081953120627003,0.037160832
973,95473,-3.5540149818949387,0,nan,0.7133333333333334,0.5225949999968724,0.3570432105213576,0.07638616
974,95623,-3.6290090613741177,0,nan,0.6866666666666666,0.5218449999968675,0.4674177594319343,0.060053106
975,95773,-3.2875022528628484,0,nan,0.6933333333333334,0.5210949999968626,0.4920413745066237,0.051677495
976,95923,-3.3944705927386747,0,nan,0.6666666666666666,0.5203449999968577,0.32233941395488014,0.057868775
977,96073,-3.387580688989057,0,nan,0.6866666666666666,0.5195949999968528,0.40545237560551856,0.053730514
978,96110,0.14225014476183517,0,nan,0.7027027027027027,0.5194099999968516,0.4828264401671834,0.042989273
979,96157,-0.1375206651618831,0,nan,0.6382978723404256,0.51917499999685,0.49245619666599955,0.042223908
980,96307,-3.5183609864897276,0,nan,0.64,0.5184249999968451,0.45910470502114376,0.052898034
981,96457,-3.3562116008796865,0,nan,0.66,0.5176749999968402,0.3530760771660244,0.05668407
982,96497,0.10505412530755753,0,nan,0.7,0.5174749999968389,0.49186204858096794,0.032997537
983,96500,-0.08477165239296386,0,nan,1.0,0.5174549999968387,0.30782288118896606,0.3709613
984,96554,-0.09918500735801239,0,nan,0.6851851851851852,0.517184999996837,0.37433807063102165,0.0294306
985,96583,0.30837809352359635,0,nan,0.6896551724137931,0.517039999996836,0.3569876434304676,0.037154637
986,96733,-3.445819802273078,0,nan,0.6666666666666666,0.5162899999968311,0.3256927069723937,0.057150047
987,96883,-3.3435383436320434,0,nan,0.6733333333333333,0.5155399999968262,0.41084245315857737,0.05404942
988,97033,-3.305691782063892,0,nan,0.6666666666666666,0.5147899999968213,0.34774145277262664,0.05110772
989,97183,-3.48662094351694,0,nan,0.66,0.5140399999968164,0.3929969682186569,0.056073844
990,97212,0.3347451447395857,0,0.52,0.7241379310344828,0.5138949999968154,0.3621247477837571,0.036384553
991,97272,-0.3000323497823658,0,nan,0.65,0.5135949999968135,0.4454275902549099,0.031842124
992,97299,0.46495092654225856,0,nan,0.7037037037037037,0.5134599999968126,0.3386978324690863,0.025621463
993,97337,0.09623321866057077,0,nan,0.7368421052631579,0.5132699999968113,0.38618413170718546,0.043140993
994,97487,-3.5217926429037427,0,nan,0.6866666666666666,0.5125199999968064,0.35601606460443824,0.06515768
995,97557,-0.5834971314203737,0,nan,0.7,0.5121699999968041,0.4160787676380931,0.04281047
996,97619,-0.4522300105936695,0,nan,0.6451612903225806,0.5118599999968021,0.4200632399295636,0.041857332
997,97679,-0.282416141906488,0,nan,0.7,0.5115599999968001,0.3348295797968841,0.031386156
998,97740,-0.42854246903311655,0,nan,0.7704918032786885,0.5112549999967981,0.46802575515915373,0.042325284
999,97890,-3.187375212095951,0,nan,0.62,0.5105049999967932,0.3477592043472529,0.050046574
1000,97920,0.26914848145895964,0,nan,0.6333333333333333,0.5103549999967922,0.4246707476405628,0.034992095
1001,98070,-3.3126340918690946,0,nan,0.6866666666666666,0.5096049999967873,0.2701579104953198,0.056622066
1002,98220,-3.4148150881384343,0,nan,0.64,0.5088549999967824,0.35273559239337804,0.06644854
1003,98282,-0.4596707653741551,0,nan,0.7419354838709677,0.5085449999967804,0.4317427667271435,0.03778452
1004,98432,-3.583526759746325,0,nan,0.6266666666666667,0.5077949999967755,0.41060493600320397,0.061480705
1005,98582,-3.6517556319895927,0,nan,0.6333333333333333,0.5070449999967706,0.4515550675623101,0.059426416
1006,98644,-0.410967903363639,0,nan,0.8387096774193549,0.5067349999967685,0.4723113183413418,0.031401053
1007,98794,-3.298498396847579,0,nan,0.6666666666666666,0.5059849999967636,0.34159088917072244,0.05578846
1008,98944,-3.290754994594442,0,nan,0.66,0.5052349999967587,0.449302060760117,0.055848464
1009,98991,-0.0035834499083002846,0,nan,0.7446808510638298,0.5049999999967572,0.41091118916284153,0.03407218
1010,99021,0.24990611367542204,0,nan,0.6666666666666666,0.5048499999967562,0.45759476341169836,0.037275195
1011,99171,-3.7696955637359753,0,nan,0.6666666666666666,0.5040999999967513,0.3274225843029661,0.07266133
1012,99202,0.25586175464877614,0,nan,0.5806451612903226,0.5039449999967502,0.46513835153817545,0.027809307
1013,99352,-3.259694450805194,0,nan,0.6533333333333333,0.5031949999967453,0.3765797797348088,0.056460693
1014,99421,-0.5642183043613519,0,nan,0.7391304347826086,0.5028499999967431,0.46253484614986573,0.03654874
1015,99571,-3.7026352699873892,0,nan,0.68,0.5020999999967382,0.4644042635181562,0.055443212
1016,99721,-3.6987254173817345,0,nan,0.7066666666666667,0.5013499999967332,0.45178480836551,0.056399334
1017,99871,-3.6278726023862604,0,nan,0.6533333333333333,0.5005999999967283,0.5341647588490899,0.06524899
1018,99900,0.3386588451476844,0,nan,0.7586206896551724,0.5004549999967274,0.4923400665984696,0.032252714
1019,99935,0.18020278343666163,0,nan,0.7714285714285715,0.5002799999967262,0.40186300396435204,0.036637317
1020,100085,-3.437984646048137,0,0.6,0.64,0.4995299999967266,0.5207859134278431,0.060028248
1021,100235,-3.6892398476802506,0,nan,0.7333333333333333,0.49877999999673,0.4784551207498495,0.060829803
1022,100273,0.08642072852986638,0,nan,0.7105263157894737,0.49858999999673087,0.4956226148807325,0.03288411
1023,100423,-3.6316239555000327,0,nan,0.66,0.4978399999967343,0.3996393824537986,0.05898215
1024,100573,-3.3441613941379797,0,nan,0.54,0.4970899999967377,0.33920129831198986,0.054844424
1025,100723,-3.3429622697575194,0,nan,0.6666666666666666,0.4963399999967411,0.41534125028367996,0.054036435
1026,100782,-0.3683335718702966,0,nan,0.576271186440678,0.49604499999674245,0.32773432320631396,0.03244911
1027,100906,-1.7272783582450721,0,nan,0.7016129032258065,0.4954249999967453,0.37022029647605575,0.03385591
1028,100935,0.29314538030417325,0,nan,0.7586206896551724,0.49527999999674593,0.33927723874387206,0.040614866
1029,101085,-3.483550176734019,0,nan,0.5933333333333334,0.49452999999674935,0.38403565461717526,0.06363722
1030,101235,-3.5676808823725747,0,nan,0.7466666666666667,0.49377999999675276,0.42027265160802746,0.077659346
1031,101265,0.3181323082535066,0,nan,0.6333333333333333,0.49362999999675344,0.39120992856009956,0.026550261
1032,101305,0.015921051152823495,0,nan,0.775,0.49342999999675435,0.45258270778378545,0.03746638
1033,101338,0.2165969211452633,0,nan,0.7878787878787878,0.4932649999967551,0.4670987733400071,0.03505556
1034,101369,0.24514167964099454,0,nan,0.8064516129032258,0.4931099999967558,0.45150480213487754,0.032765828
1035,101409,0.08473142676170398,0,nan,0.65,0.4929099999967567,0.42427279847229543,0.034201194
1036,101471,-0.42293136671185116,0,nan,0.7741935483870968,0.49259999999675813,0.4049412030678129,0.03515001
1037,101621,-3.378173021602723,0,nan,0.6933333333333334,0.49184999999676154,0.4319284238205265,0.054478906
1038,101667,-0.028826079529414406,0,nan,0.7391304347826086,0.4916199999967626,0.3796866580690727,0.043877706
1039,101817,-3.5884659057604225,0,nan,0.72,0.490869999996766,0.5141537591244469,0.05834154
1040,101967,-3.541299456356183,0,nan,0.68,0.4901199999967694,0.4425151348251465,0.05497619
1041,102030,-0.47531142582782193,0,nan,0.6507936507936508,0.48980499999677085,0.25484657382731324,0.038515177
1042,102068,0.12865544787997918,0,nan,0.6052631578947368,0.4896149999967717,0.4780390787962003,0.035869457
1043,102104,0.09740745858893729,0,nan,0.5833333333333334,0.48943499999677254,0.47618188871103373,0.041624986
1044,102254,-3.504774810730639,0,nan,0.6333333333333333,0.48868499999677595,0.45479046449227234,0.055896617
1045,102284,0.31686766832993074,0,nan,0.8,0.48853499999677663,0.3206828207868894,0.030826585
1046,102434,-3.522058653667767,0,nan,0.5733333333333334,0.48778499999678004,0.4457026212626771,0.053526122
1047,102584,-3.396487142243352,0,nan,0.58,0.48703499999678346,0.3650139700236536,0.054585293
1048,102655,-0.6492351473627892,0,nan,0.7323943661971831,0.4866799999967851,0.4484464786188216,0.03360714
1049,102805,-3.416555740357162,0,nan,0.6066666666666667,0.4859299999967885,0.3091757364723012,0.05266195
1050,102955,-3.442141696121857,0,0.66,0.6533333333333333,0.4851799999967919,0.4348787102866187,0.052030466
1051,103105,-3.5658844957622655,0,nan,0.5733333333333334,0.4844299999967953,0.36894369805372146,0.06417303
1052,103178,-0.7108082200964109,0,nan,0.684931506849315,0.484064999996797,0.42390411234765263,0.041077543
1053,103328,-3.4124182701872234,0,nan,0.66,0.4833149999968004,0.3640685631092063,0.056017138
1054,103478,-3.597648554173117,0,nan,0.62,0.4825649999968038,0.4788785190033039,0.057558224
1055,103537,-0.32383552699395923,0,nan,0.6271186440677966,0.48226999999680514,0.45696167869364474,0.046119157
1056,103566,0.2891179983599075,0,nan,0.6896551724137931,0.4821249999968058,0.35556188295172797,0.037623912
1057,103604,0.07975622705822127,0,nan,0.6842105263157895,0.48193499999680667,0.4855493531919463,0.0345125
1058,103631,0.39682592752844903,0,nan,0.5185185185185185,0.4817999999968073,0.3265789994812855,0.03455465
1059,103662,0.3500721734870521,0,nan,0.6129032258064516,0.481644999996808,0.3971480984803405,0.035405807
1060,103812,-3.32654118867183,0,nan,0.5933333333333334,0.4808949999968114,0.35367383994695695,0.05810834
1061,103962,-3.467578361909018,0,nan,0.6133333333333333,0.4801449999968148,0.51741331983606,0.057535846
1062,104061,-1.3023245309289853,0,nan,0.7373737373737373,0.47964999999681707,0.37699864091703905,0.04024959
1063,104211,-3.3356150218377296,0,nan,0.64,0.4788999999968205,0.3431612663777191,0.057977904
1064,104361,-3.3907415810161825,0,nan,0.68,0.4781499999968239,0.4942774423657383,0.042454526
1065,104404,-0.016976454631535964,0,nan,0.6976744186046512,0.47793499999682487,0.4372207234110376,0.039028317
1066,104442,0.06692635172264882,0,nan,0.7105263157894737,0.47774499999682574,0.4802790118494389,0.04952302
1067,104566,-1.8606118557592164,0,nan,0.6209677419354839,0.47712499999682856,0.5580683426246382,0.051091533
1068,104716,-3.5208387236539043,0,nan,0.6333333333333333,0.47637499999683197,0.5323503798225292,0.062102955
1069,104746,0.29185847501882345,0,nan,0.5666666666666667,0.47622499999683265,0.43719860608365374,0.039332263
1070,104896,-3.395044685747252,0,nan,0.6466666666666666,0.47547499999683607,0.4005399991715894,0.049874313
1071,104932,0.20327294530414797,0,nan,0.6944444444444444,0.4752949999968369,0.43795311128218706,0.03496079
1072,104962,0.2899990656213959,0,nan,0.6,0.47514499999683757,0.48859325332270037,0.04283195
1073,105112,-3.272917282929247,0,nan,0.6133333333333333,0.474394999996841,0.34910778076293497,0.046888933
1074,105142,0.2882797951750914,0,nan,0.6666666666666666,0.47424499999684167,0.3755310478785491,0.03405946
1075,105292,-3.3042562694052515,0,nan,0.6866666666666666,0.4734949999968451,0.46345262482693284,0.058409054
1076,105324,0.2915554694366911,0,nan,0.59375,0.4733349999968458,0.3911746412011332,0.03484487
1077,105355,0.24824586698277684,0,nan,0.6451612903225806,0.4731799999968465,0.31390279821821226,0.03282439
1078,105505,-3.1857216116150893,0,nan,0.5933333333333334,0.4724299999968499,0.5019700037171283,0.05992223
1079,105655,-3.085927373475931,0,nan,0.5933333333333334,0.47167999999685334,0.3414944914214516,0.05505443
1080,105692,0.13521013657106729,0,0.72,0.7837837837837838,0.4714949999968542,0.3361907542103686,0.035780214
1081,105842,-3.543961234877355,0,nan,0.6266666666666667,0.4707449999968576,0.4551761081787401,0.056889802
1082,105872,0.34621094025755783,0,nan,0.6666666666666666,0.4705949999968583,0.34630557655668426,0.031083103
1083,106022,-3.506772274957529,0,nan,0.58,0.4698449999968617,0.46075580738753497,0.070137665
1084,106089,-0.5628115695741585,0,nan,0.6567164179104478,0.4695099999968632,0.37828382490263013,0.036171928
1085,106239,-3.3225847726737054,0,nan,0.6466666666666666,0.4687599999968666,0.5414432200358662,0.051973283
1086,106389,-3.306539231355415,0,nan,0.6466666666666666,0.46800999999687004,0.43648013101558647,0.05285959
1087,106539,-3.2411596952135704,0,nan,0.6,0.46725999999687345,0.41116152265980943,0.053558826
1088,106689,-3.5134013578333145,0,nan,0.6,0.46650999999687687,0.4922633945521734,0.05571137
1089,106839,-3.2311906066343994,0,nan,0.58,0.4657599999968803,0.28936655357335633,0.055309765
1090,106989,-3.3475216145758835,0,nan,0.58,0.4650099999968837,0.3734378744376665,0.052641116
1091,107026,0.13650822923191086,0,nan,0.5945945945945946,0.46482499999688454,0.45948429525124335,0.0332507
1092,107176,-3.3021502436846513,0,nan,0.5933333333333334,0.46407499999688795,0.4506950221924018,0.056503844
1093,107249,-0.7011137863607484,0,nan,0.7671232876712328,0.4637099999968896,0.42221004914249527,0.037823003
1094,107289,0.10256488203122027,0,nan,0.7,0.4635099999968905,0.5016319220916967,0.03270232
1095,107316,0.37326843803093557,0,nan,0.7777777777777778,0.46337499999689113,0.2609040326862566,0.039442737
1096,107466,-3.1844611678011625,0,nan,0.56,0.46262499999689455,0.36852601311248,0.054306533
1097,107495,0.3332485206212952,0,nan,0.5517241379310345,0.4624799999968952,0.46152299297615296,0.03350099
1098,107645,-3.2974637594026412,0,nan,0.5333333333333333,0.4617299999968986,0.39739385588071025,0.073094055
1099,107795,-3.664164420242361,0,nan,0.68,0.46097999999690203,0.3774748394744005,0.05882472
1100,107945,-3.482079364747424,0,nan,0.6466666666666666,0.46022999999690545,0.4160895087278241,0.06601466
1101,108009,-0.5157391664510983,0,nan,0.609375,0.4599099999969069,0.422336187176756,0.04216778
1102,108044,0.18374421662081297,0,nan,0.5714285714285714,0.4597349999969077,0.4055793015787801,0.03341729
1103,108194,-3.420887710789164,0,nan,0.5866666666666667,0.4589849999969111,0.466022768689009,0.057332356
1104,108232,0.11710542150207015,0,nan,0.5789473684210527,0.458794999996912,0.5030131132972293,0.03469812
1105,108382,-3.3591700439161616,0,nan,0.5666666666666667,0.4580449999969154,0.3586057855735667,0.04944357
1106,108411,0.30570830007470917,0,nan,0.6206896551724138,0.45789999999691605,0.40614612593017985,0.034443926
1107,108561,-3.806595218881936,0,nan,0.6533333333333333,0.45714999999691946,0.4510802388548042,0.054019794
1108,108711,-3.2558565127324854,0,nan,0.6266666666666667,0.4563999999969229,0.391597883397878,0.05568651
1109,108861,-3.414553362230326,0,nan,0.6133333333333333,0.4556499999969263,0.40447482471094837,0.06702915
1110,108893,0.22760392531549578,0,0.55,0.71875,0.455489999996927,0.3863863922170389,0.039866578
1111,108923,0.29315700411435963,0,nan,0.4,0.4553399999969277,0.4775479311624162,0.035719093
1112,109073,-3.1508991586362076,0,nan,0.6333333333333333,0.4545899999969311,0.38847138239756324,0.05024458
1113,109223,-3.522324701557621,0,nan,0.6066666666666667,0.45383999999693453,0.3897778980769934,0.054097835
1114,109287,-0.3907916038016952,0,nan,0.75,0.453519999996936,0.43538799565391856,0.03661581
1115,109375,-0.9244960053757273,0,nan,0.5568181818181818,0.453079999996938,0.29878247193202545,0.03524211
1116,109401,0.44525064012280613,0,nan,0.6923076923076923,0.4529499999969386,0.3481394723861998,0.034222703
1117,109431,0.2520994868085309,0,nan,0.7666666666666667,0.45279999999693926,0.4587608232107622,0.041033916
1118,109581,-3.3401049145453325,0,nan,0.6066666666666667,0.4520499999969427,0.46507227038561355,0.056378294
1119,109612,0.28594258226831126,0,nan,0.5806451612903226,0.4518949999969434,0.43789119229214896,0.032588758
1120,109762,-3.2868955937273676,0,nan,0.52,0.4511449999969468,0.5252391768067568,0.044630516
1121,109792,0.2929991065448312,0,nan,0.5,0.4509949999969475,0.45640825553679687,0.04557169
1122,109848,-0.2058607873957733,0,nan,0.7678571428571429,0.45071499999694875,0.400578296924233,0.03234151
1123,109998,-3.3856782367943254,0,nan,0.6533333333333333,0.44996499999695216,0.43992045183867445,0.070092134
1124,110027,0.354664769930929,0,nan,0.7241379310344828,0.4498199999969528,0.30541934711230245,0.030053094
1125,110072,0.029164117145564772,0,nan,0.6222222222222222,0.44959499999695385,0.42364307074948154,0.04534295
1126,110222,-3.250410567100262,0,nan,0.58,0.44884499999695726,0.42749056970314797,0.056627158
1127,110372,-3.348579087602138,0,nan,0.6933333333333334,0.4480949999969607,0.3065505731216557,0.057680294
1128,110407,0.10339613485587507,0,nan,0.8,0.44791999999696147,0.493510382242839,0.04636771
1129,110557,-3.1220017122988724,0,nan,0.5466666666666666,0.4471699999969649,0.29013069027754596,0.054871075
1130,110597,0.08005092562225091,0,nan,0.65,0.4469699999969658,0.3283826690390887,0.042798012
1131,110629,0.22673787972941817,0,nan,0.65625,0.4468099999969665,0.3398699544533913,0.033885024
1132,110658,0.3386803562224756,0,nan,0.5517241379310345,0.4466649999969672,0.4328468325311325,0.035090804
1133,110808,-3.6310205425824575,0,nan,0.6733333333333333,0.4459149999969706,0.47654694065178227,0.065774076
1134,110958,-3.4234187976354122,0,nan,0.6933333333333334,0.445164999996974,0.4189792273828903,0.06458416
1135,111108,-3.3466444656249466,0,nan,0.5466666666666666,0.4444149999969774,0.3299107363653191,0.0844912
1136,111133,0.46560321552244244,0,nan,0.72,0.444289999996978,0.25440977168692597,0.028051902
1137,111283,-3.322929541106682,0,nan,0.52,0.4435399999969814,0.4716487075486452,0.064572245
1138,111311,0.3522663992799593,0,nan,0.5357142857142857,0.44339999999698204,0.34231676634251335,0.030411499
1139,111371,-0.2609843885140595,0,nan,0.6333333333333333,0.4430999999969834,0.41385078795309094,0.031703886
1140,111521,-3.313067737549638,0,0.58,0.5266666666666666,0.4423499999969868,0.4374880265165405,0.057538267
1141,111579,-0.2504906585232409,0,nan,0.603448275862069,0.44205999999698814,0.3411817655468186,0.031215958
1142,111729,-3.2946284576788933,0,nan,0.5533333333333333,0.44130999999699155,0.5318123136506459,0.052212678
1143,111879,-3.3499837550758866,0,nan,0.6733333333333333,0.44055999999699497,0.4283179665643694,0.04767614
1144,112029,-3.2654319008449444,0,nan,0.5933333333333334,0.4398099999969984,0.4046642437635584,0.054679636
1145,112140,-1.6101323436424706,0,nan,0.6216216216216216,0.4392549999970009,0.382606717413264,0.040913805
1146,112171,0.30568874874588225,0,nan,0.5806451612903226,0.4390999999970016,0.38152044299190274,0.032280218
1147,112210,0.07955819284218157,0,nan,0.6153846153846154,0.4389049999970025,0.4156272997170008,0.041734017
1148,112260,-0.26941637560817433,0,nan,0.64,0.43865499999700364,0.434089549836393,0.055214033
1149,112320,-0.42597743767429785,0,nan,0.6166666666666667,0.438354999997005,0.44135137874518987,0.046604734
1150,112470,-3.3711349931013888,0,nan,0.64,0.4376049999970084,0.32593474162294467,0.052885685
1151,112501,0.27527092640095274,0,nan,0.7741935483870968,0.4374499999970091,0.4969179976442,0.03453669
1152,112651,-3.3480144024783365,0,nan,0.7133333333333334,0.43669999999701253,0.4574958651926034,0.052105814
1153,112801,-3.3010413460828545,0,nan,0.58,0.43594999999701595,0.3843247752522082,0.057405397
1154,112830,0.2471016542019001,0,nan,0.8620689655172413,0.4358049999970166,0.4029511750432916,0.044163987
1155,112980,-3.3586413163725592,0,nan,0.64,0.43505499999702,0.4906331837780806,0.074484535
1156,113130,-3.179089336359301,0,nan,0.6133333333333333,0.43430499999702343,0.453426071255272,0.061847948
1157,113161,0.2762173214266983,0,nan,0.6774193548387096,0.43414999999702414,0.3783141486189926,0.03659801
1158,113311,-3.2449589063488347,0,nan,0.64,0.43339999999702755,0.46738060315644603,0.049598053
1159,113364,-0.276090915461066,0,nan,0.6037735849056604,0.43313499999702876,0.49902326192485125,0.04308687
1160,113394,0.2316745466956458,0,nan,0.6333333333333333,0.43298499999702944,0.4588850718553855,0.042595174
1161,113457,-0.2842950544750209,0,nan,0.5714285714285714,0.4326699999970309,0.5228922026996491,0.027906695
1162,113607,-3.5108838984159543,0,nan,0.5933333333333334,0.4319199999970343,0.2833705655083689,0.054876804
1163,113757,-3.2535982772858745,0,nan,0.68,0.4311699999970377,0.36491674370712024,0.052993067
1164,113789,0.21422200268357106,0,nan,0.6875,0.43100999999703843,0.29029617913845807,0.040964212
1165,113939,-3.106586845825857,0,nan,0.6133333333333333,0.43025999999704184,0.2724193788878779,0.053082842
1166,113996,-0.2716854880156848,0,nan,0.6666666666666666,0.42997499999704314,0.43581731465155804,0.030914973
1167,114055,-0.4474316407946054,0,nan,0.6949152542372882,0.4296799999970445,0.3572017078786615,0.047149852
1168,114205,-3.067688990388437,0,nan,0.5933333333333334,0.4289299999970479,0.3184155109945487,0.05212501
1169,114233,0.365366543710261,0,nan,0.6071428571428571,0.42878999999704853,0.32152218096169166,0.029108504
1170,114383,-3.3611304679630485,0,0.8,0.5066666666666667,0.42803999999705195,0.5337316608275258,0.050564192
1171,114411,0.4242739102595148,0,nan,0.39285714285714285,0.4278999999970526,0.2722151950336332,0.03100975
1172,114561,-3.296620721815659,0,nan,0.6466666666666666,0.427149999997056,0.4002147817464555,0.063424855
1173,114711,-3.1679076041678664,0,nan,0.5066666666666667,0.4263999999970594,0.4012299978997168,0.06268939
1174,114861,-3.143124175008139,0,nan,0.5066666666666667,0.4256499999970628,0.3549178001815095,0.05848332
1175,115011,-3.119855392694078,0,nan,0.6,0.42489999999706624,0.4519719519491269,0.055455588
1176,115041,0.30032470218163243,0,nan,0.5666666666666667,0.4247499999970669,0.3493514094440574,0.03262765
1177,115115,-0.8250614763624363,0,nan,0.6081081081081081,0.4243799999970686,0.34937280178206553,0.04701817
1178,115265,-3.2054518140620725,0,nan,0.56,0.423629999997072,0.4380462439658216,0.05427143
1179,115267,-0.05286934436817304,0,nan,1.5,0.4236149999970721,0.40862697769014494,0.3512063
1180,115295,0.3668374679036456,0,nan,0.42857142857142855,0.4234749999970727,0.33341886197092263,0.028345194
1181,115331,0.1782461111304613,0,nan,0.7222222222222222,0.42329499999707354,0.37534370612813034,0.030635254
1182,115362,0.23497189982308764,0,nan,0.41935483870967744,0.42313999999707425,0.4691821617269284,0.042761683
1183,115512,-3.1863145986236447,0,nan,0.6266666666666667,0.42238999999707766,0.3572252010363569,0.054129455
1184,115558,-0.0466895244584824,0,nan,0.4782608695652174,0.4221599999970787,0.39236881400317963,0.04289819
1185,115590,0.2829701721945881,0,nan,0.6875,0.42199999999707943,0.4000481849854855,0.029912699
1186,115626,0.2997925021096851,0,nan,0.6666666666666666,0.42181999999708025,0.3533517391223565,0.027098559
1187,115776,-3.210132615724524,0,nan,0.56,0.42106999999708367,0.34667444548813336,0.05625561
1188,115842,-0.45046841696825424,0,nan,0.6212121212121212,0.42073999999708517,0.438477480950764,0.03584794
1189,115992,-3.3543652648490436,0,nan,0.6533333333333333,0.4199899999970886,0.3278022097769338,0.052734237
1190,116142,-3.285734606297397,0,nan,0.5933333333333334,0.419239999997092,0.34271123797661496,0.052787483
1191,116292,-3.2467993599937883,0,nan,0.6266666666666667,0.4184899999970954,0.44708463646858754,0.052915815
1192,116442,-3.397625292688389,0,nan,0.58,0.4177399999970988,0.3596171945452044,0.05805943
1193,116592,-3.209999676743904,0,nan,0.5866666666666667,0.41698999999710223,0.30777594788797663,0.050354805
1194,116620,0.3562620831211254,0,nan,0.7142857142857143,0.41684999999710287,0.32761853045225503,0.037558787
1195,116657,0.13371215237982093,0,nan,0.6486486486486487,0.4166649999971037,0.4497928598238835,0.03896766
1196,116758,-1.1322671886074311,0,nan,0.5148514851485149,0.416159999997106,0.3724155752378653,0.05107041
1197,116862,-1.1648922462672422,0,nan,0.6153846153846154,0.4156399999971084,0.3198740831653269,0.045630515
1198,117012,-3.290050195227443,0,nan,0.56,0.4148899999971118,0.30552021012407876,0.067063965
1199,117162,-3.190558547965437,0,nan,0.5266666666666666,0.4141399999971152,0.3555434591279312,0.05575533
1200,117225,-0.28610556073157045,0,0.69,0.6349206349206349,0.41382499999711664,0.40377239004412685,0.029940438
1201,117288,-0.4525460398876078,0,nan,0.6825396825396826,0.41350999999711807,0.39192090146363395,0.036512684
1202,117317,0.3464112764106061,0,nan,0.6206896551724138,0.41336499999711873,0.401248124869161,0.026353084
1203,117467,-3.487576281702773,0,nan,0.5866666666666667,0.41261499999712214,0.2975340404855304,0.05441428
1204,117501,0.2119712774338507,0,nan,0.6176470588235294,0.4124449999971229,0.4466600444971967,0.03832064
1205,117543,0.02613611481401723,0,nan,0.47619047619047616,0.4122349999971239,0.3569600508404079,0.03835332
1206,117574,0.28424828086669307,0,nan,0.4838709677419355,0.4120799999971246,0.4031783639794339,0.036059607
1207,117643,-0.563753353841258,0,nan,0.6666666666666666,0.41173499999712615,0.38266615010759614,0.031379875
1208,117671,0.32604496938071026,0,nan,0.6071428571428571,0.4115949999971268,0.2877935744155806,0.03940965
1209,117821,-3.376514955739183,0,nan,0.58,0.4108449999971302,0.442299294490961,0.053438313
1210,117971,-3.2922076236317848,0,nan,0.7133333333333334,0.4100949999971336,0.32980241201432464,0.05221523
1211,118121,-3.712863474245883,0,nan,0.6066666666666667,0.409344999997137,0.28823013950610854,0.07293004
1212,118271,-3.096075721067243,0,nan,0.5933333333333334,0.40859499999714044,0.37191248667953614,0.050704896
1213,118421,-3.4208917634485356,0,nan,0.6133333333333333,0.40784499999714385,0.36389636588298463,0.06281252
1214,118571,-3.1410532075961886,0,nan,0.5933333333333334,0.40709499999714727,0.3735694650434958,0.056128807
1215,118600,0.32339934022695505,0,nan,0.5862068965517241,0.4069499999971479,0.433176024716246,0.037575357
1216,118692,-1.0187094388636706,0,nan,0.6413043478260869,0.40648999999715,0.4080668835813779,0.048389275
1217,118720,0.4300233833979721,0,nan,0.5357142857142857,0.40634999999715066,0.35233536178983166,0.027204795
1218,118750,0.35998695106558865,0,nan,0.6,0.40619999999715134,0.3052751444096191,0.022450168
1219,118779,0.3243294549078751,0,nan,0.7241379310344828,0.406054999997152,0.3199384626775521,0.03235449
1220,118929,-3.2652352698978775,0,nan,0.5533333333333333,0.4053049999971554,0.3464493621229869,0.050614763
1221,119079,-3.189395470781356,0,nan,0.5666666666666667,0.4045549999971588,0.3352883241700133,0.05573735
1222,119149,-0.5224950292031645,0,nan,0.6857142857142857,0.4042049999971604,0.4702468154061871,0.035779264
1223,119299,-3.417316157149986,0,nan,0.6666666666666666,0.40345499999716383,0.46126197207851416,0.05439321
1224,119356,-0.23221746320307568,0,nan,0.6140350877192983,0.40316999999716513,0.42542076248177446,0.030022688
1225,119506,-3.281557809958486,0,nan,0.5733333333333334,0.40241999999716854,0.47187120732920146,0.053045943
1226,119535,0.3253069166664665,0,nan,0.5172413793103449,0.4022749999971692,0.4221327782651866,0.034788057
1227,119623,-0.7989295598493661,0,nan,0.6590909090909091,0.4018349999971712,0.3461883753986832,0.026393391
1228,119773,-3.372566272423314,0,nan,0.6333333333333333,0.4010849999971746,0.5149230130495925,0.054710038
1229,119805,0.3041313172472364,0,nan,0.5625,0.40092499999717535,0.3719635213597738,0.03165599
1230,119835,0.2785297564180531,0,0.63,0.7333333333333333,0.40077499999717603,0.4438801774328746,0.03587776
1231,119909,-0.7144365065356709,0,nan,0.581081081081081,0.4004049999971777,0.49885334006273174,0.039560884
1232,119943,0.2347572476285833,0,nan,0.6764705882352942,0.4002349999971785,0.4073869067439501,0.03330582
1233,119973,0.30189706948829453,0,nan,0.5666666666666667,0.40008499999717917,0.45397326014162503,0.029716652
1234,120002,0.32593381206005945,0,nan,0.6551724137931034,0.39993999999717983,0.46813183239854267,0.03808253
1235,120029,0.40423745673259714,0,nan,0.5555555555555556,0.39980499999718044,0.33925155013377484,0.026240416
1236,120065,0.136633775150797,0,nan,0.5555555555555556,0.39962499999718126,0.33183380661007783,0.0485288
1237,120097,0.24867622456547944,0,nan,0.75,0.399464999997182,0.3654234435615877,0.036096677
1238,120123,0.4652849373125989,0,nan,0.6538461538461539,0.3993349999971826,0.28735092803841533,0.027647408
1239,120273,-3.3809497938164914,0,nan,0.54,0.398584999997186,0.33674223692922556,0.061536063
1240,120302,0.2972224249219835,0,nan,0.5517241379310345,0.39843999999718666,0.302018065525446,0.035786472
1241,120452,-3.3744864120474523,0,nan,0.56,0.39768999999719007,0.43072227910009236,0.06819944
1242,120602,-3.4782933402307017,0,nan,0.56,0.3969399999971935,0.4467663924121258,0.05783736
1243,120636,0.2616549153467618,0,nan,0.6176470588235294,0.39676999999719426,0.350433169221701,0.030599948
1244,120786,-3.1584141656714286,0,nan,0.6133333333333333,0.39601999999719767,0.35558198944208363,0.053911388
1245,120936,-3.20329731792765,0,nan,0.5333333333333333,0.3952699999972011,0.4159135061309112,0.050397895
1246,121086,-3.41560558615557,0,nan,0.5866666666666667,0.3945199999972045,0.44350696927087735,0.051602744
1247,121116,0.3079438031418512,0,nan,0.6,0.3943699999972052,0.5172103446506288,0.031053301
1248,121266,-3.2496866827430853,0,nan,0.66,0.3936199999972086,0.332824179823172,0.059954267
1249,121416,-3.380328433982274,0,nan,0.6066666666666667,0.392869999997212,0.44151227307124474,0.044162385
1250,121566,-3.281912826861448,0,nan,0.58,0.3921199999972154,0.3596158932695788,0.061903737
1251,121597,0.31415155214499046,0,nan,0.7096774193548387,0.3919649999972161,0.4749030996848982,0.031198945
1252,121747,-3.3304955762283903,0,nan,0.5466666666666666,0.39121499999721954,0.41941663181751043,0.050130684
1253,121897,-3.2105124029979355,0,nan,0.54,0.39046499999722295,0.41507228844567445,0.054582182
1254,121927,0.2834969883800269,0,nan,0.6333333333333333,0.39031499999722363,0.44028693809715597,0.033777617
1255,122077,-3.3476766716980855,0,nan,0.64,0.38956499999722705,0.4081670135971371,0.062070083
1256,122144,-0.5679068867240569,0,nan,0.582089552238806,0.38922999999722857,0.48864115244884015,0.048689585
1257,122283,-1.9687593420584486,0,nan,0.5539568345323741,0.38853499999723173,0.48723985350699234,0.046628516
1258,122328,-0.11029852973120802,0,nan,0.6444444444444445,0.38830999999723276,0.3464439103346928,0.04739956
1259,122358,0.3577509856658314,0,nan,0.4666666666666667,0.38815999999723344,0.31504620187850885,0.037984643
1260,122449,-1.0970970561932567,0,0.65,0.6263736263736264,0.3877049999972355,0.3092894466784486,0.035615925
1261,122599,-3.3046237515075307,0,nan,0.52,0.3869549999972389,0.47006223639588196,0.052877586
1262,122749,-3.074095725727171,0,nan,0.5466666666666666,0.38620499999724234,0.30448073859923624,0.064859465
1263,122899,-3.210242930093874,0,nan,0.6066666666666667,0.38545499999724575,0.3357713451271429,0.052996475
1264,123049,-3.231777005376558,0,nan,0.62,0.38470499999724916,0.3736801148924198,0.05199544
1265,123082,0.19337936872416717,0,nan,0.3939393939393939,0.3845399999972499,0.4190946925696947,0.047572266
1266,123232,-3.3301530340949883,0,nan,0.56,0.38378999999725333,0.4192066027654721,0.047555123
1267,123259,0.3629369762175777,0,nan,0.6666666666666666,0.38365499999725394,0.33081078081789933,0.03337754
1268,123318,-0.3535903365796992,0,nan,0.6101694915254238,0.3833599999972553,0.4958581771159362,0.045367643
1269,123351,0.20373921313654464,0,nan,0.696969696969697,0.38319499999725604,0.4579910299238719,0.036243904
1270,123379,0.32931347400333877,0,nan,0.6785714285714286,0.3830549999972567,0.36015123893395345,0.038057446
1271,123421,-0.014889938438885197,0,nan,0.6666666666666666,0.38284499999725763,0.5127871510638043,0.037335467
1272,123449,0.40667226754228125,0,nan,0.6785714285714286,0.38270499999725827,0.26466997208950543,0.029952347
1273,123486,0.17069978620819848,0,nan,0.7567567567567568,0.3825199999972591,0.4421136703133022,0.032882057
1274,123515,0.32678391621963876,0,nan,0.5172413793103449,0.38237499999725977,0.5059916774381813,0.032792617
1275,123574,-0.36533469283777076,0,nan,0.6271186440677966,0.3820799999972611,0.4197715914201591,0.03532371
1276,123724,-3.302025597569209,0,nan,0.6333333333333333,0.3813299999972645,0.33660979851113026,0.057710998
1277,123874,-3.3994836704756644,0,nan,0.56,0.38057999999726794,0.4619306034059928,0.05967203
1278,124024,-3.3186136192728224,0,nan,0.6266666666666667,0.37982999999727135,0.3027096343691956,0.055499777
1279,124054,0.2631117754578992,0,nan,0.6666666666666666,0.37967999999727203,0.3421063108224579,0.042098664
1280,124204,-3.2934235053938155,0,nan,0.52,0.37892999999727545,0.40061483138477155,0.057800192
1281,124232,0.35340740606695054,0,nan,0.6071428571428571,0.3787899999972761,0.3356747701452502,0.03247455
1282,124233,-0.027364013564310542,0,nan,1.0,0.37877999999727613,0.5063923369398162,0.47780085
1283,124357,-1.6816024465337245,0,nan,0.6290322580645161,0.37815999999727895,0.39404553782447327,0.05109437
1284,124507,-3.2734717397663626,0,nan,0.5266666666666666,0.37740999999728236,0.3179006874333943,0.055626087
1285,124657,-3.2982423754196395,0,nan,0.54,0.3766599999972858,0.44850557757053194,0.069760375
1286,124807,-3.260146415269652,0,nan,0.58,0.3759099999972892,0.36978469851665025,0.052598737
1287,124875,-0.5805936298737591,0,nan,0.6176470588235294,0.37556999999729074,0.4326759951713181,0.04054069
1288,124902,0.3630054689107821,0,nan,0.7037037037037037,0.37543499999729135,0.311455623797615,0.031602688
1289,125052,-3.348885252798494,0,nan,0.5533333333333333,0.37468499999729477,0.549543287096496,0.04954197
1290,125097,-0.042363325182825484,0,0.76,0.4222222222222222,0.3744599999972958,0.5473038361742617,0.032633718
1291,125247,-3.4448471120976807,0,nan,0.62,0.3737099999972992,0.5059687813550547,0.054017164
1292,125397,-3.3373926230019686,0,nan,0.6,0.3729599999973026,0.38538498512140423,0.053567722
1293,125547,-3.5870939143785856,0,nan,0.6066666666666667,0.37220999999730603,0.44464870871895645,0.059876982
1294,125697,-3.275690892694082,0,nan,0.68,0.37145999999730944,0.3915683079179311,0.051299315
1295,125739,0.10574142984687607,0,nan,0.6428571428571429,0.3712499999973104,0.4050235113949733,0.0294055
1296,125889,-3.4426583189446145,0,nan,0.5933333333333334,0.3704999999973138,0.3407627604194203,0.06202982
1297,125918,0.32650483515425255,0,nan,0.5172413793103449,0.37035499999731447,0.33026238639605604,0.035513032
1298,125953,0.19970775268129148,0,nan,0.6857142857142857,0.37017999999731527,0.43333934643286265,0.038137197
1299,126103,-3.2834669992342396,0,nan,0.5533333333333333,0.3694299999973187,0.4077967287412187,0.052587975
1300,126253,-3.566107553142017,0,nan,0.6066666666666667,0.3686799999973221,0.36290745910930666,0.055243243
1301,126288,0.15234471492657586,0,nan,0.5714285714285714,0.3685049999973229,0.4517684151716446,0.04210676
1302,126438,-3.4383963721780013,0,nan,0.5533333333333333,0.3677549999973263,0.46657325774747316,0.055124372
1303,126588,-3.5621318852359694,0,nan,0.58,0.3670049999973297,0.4374739063657123,0.059786815
1304,126624,0.16616015975418585,0,nan,0.5555555555555556,0.36682499999733054,0.4352645064692941,0.03269178
1305,126774,-3.2094824025985864,0,nan,0.5533333333333333,0.36607499999733395,0.44551860802105103,0.05218958
1306,126812,0.14073073966698002,0,nan,0.5,0.3658849999973348,0.32667795603145955,0.031807035
1307,126880,-0.4236955460862173,0,nan,0.5294117647058824,0.36554499999733636,0.42498688932381135,0.02922714
1308,126917,0.18675253767407063,0,nan,0.5675675675675675,0.3653599999973372,0.39993999960128324,0.03422111
1309,127067,-3.2088909983377687,0,nan,0.46,0.3646099999973406,0.37272969081236323,0.05784166
1310,127217,-3.393712951271976,0,nan,0.56,0.36385999999734403,0.4261736795141884,0.056407
1311,127246,0.3126381376268066,0,nan,0.5862068965517241,0.3637149999973447,0.3706837776051064,0.028360803
1312,127396,-3.4794989882475242,0,nan,0.5,0.3629649999973481,0.28159801903226744,0.051425498
1313,127546,-3.4130614569658184,0,nan,0.62,0.3622149999973515,0.4485682946710602,0.05778675
1314,127592,-0.08355146493110488,0,nan,0.6521739130434783,0.36198499999735256,0.3279943869979377,0.034617268
1315,127742,-3.1490992516566854,0,nan,0.64,0.361234999997356,0.4327038652944426,0.048353743
1316,127773,0.2530623390816519,0,nan,0.5483870967741935,0.3610799999973567,0.4615063751389279,0.041071866
1317,127806,0.2079672614086916,0,nan,0.6363636363636364,0.36091499999735743,0.4523668681249475,0.030170072
1318,127956,-3.3788841319723844,0,nan,0.5533333333333333,0.36016499999736085,0.40552456148616584,0.05321259
1319,128106,-3.6800741949279336,0,nan,0.6133333333333333,0.35941499999736426,0.4585357836217133,0.05610188
1320,128256,-3.5461368626831415,0,0.8,0.62,0.3586649999973677,0.40741064782209674,0.055235285
1321,128406,-3.337486000589677,0,nan,0.6066666666666667,0.3579149999973711,0.43759325327534776,0.04883114
1322,128556,-3.2568222747324054,0,nan,0.4866666666666667,0.3571649999973745,0.3550364181088129,0.052520297
1323,128585,0.26205518529321925,0,nan,0.6551724137931034,0.35701999999737516,0.4318057877865061,0.04547986
1324,128621,0.15686199319389182,0,nan,0.6111111111111112,0.356839999997376,0.34082929870117634,0.040020064
1325,128771,-3.491281299574223,0,nan,0.4866666666666667,0.3560899999973794,0.4015379771612019,0.051841054
1326,128800,0.30005380483149724,0,nan,0.7241379310344828,0.35594499999738005,0.37026129082346043,0.035485312
1327,128950,-3.796921351574049,0,nan,0.6266666666666667,0.35519499999738346,0.4654667695408064,0.07547462
1328,128983,0.22387249254960084,0,nan,0.5151515151515151,0.3550299999973842,0.4320648135257589,0.036352266
1329,129012,0.28579838337498087,0,nan,0.5862068965517241,0.3548849999973849,0.46508302240929555,0.04100345
1330,129120,-1.2737805437871632,0,nan,0.5462962962962963,0.35434499999738733,0.4546708791442001,0.042755134
1331,129152,0.19859219414033957,0,nan,0.59375,0.35418499999738806,0.43009804823826453,0.03868816
1332,129180,0.3419081208157909,0,nan,0.6428571428571429,0.3540449999973887,0.28100960308332323,0.03293948
1333,129274,-1.1154455896217583,0,nan,0.5957446808510638,0.35357499999739084,0.3883495193191088,0.03899241
1334,129424,-3.3633781640830396,0,nan,0.5333333333333333,0.35282499999739425,0.3391462012174397,0.05388656
1335,129459,0.146209608073941,0,nan,0.5142857142857142,0.35264999999739505,0.3575383206512653,0.040587965
1336,129518,-1.2115164692649636,0,nan,0.711864406779661,0.3523499999973964,0.2854578658904165,0.047483534
1337,129668,-3.491266057252317,0,nan,0.5,0.3515999999973998,0.5140196182395865,0.054693427
1338,129818,-3.621068191627881,0,nan,0.5266666666666666,0.35084999999740324,0.31817721759220713,0.06725916
1339,129968,-3.2692920605310354,0,nan,0.5733333333333334,0.35009999999740665,0.2731817209891181,0.054110996
1340,130059,-1.1010749757782836,0,nan,0.6263736263736264,0.3496449999974087,0.4027770630624072,0.037916083
1341,130134,-0.6578991415834562,0,nan,0.64,0.34926999999741043,0.39936115018518986,0.03802127
1342,130163,0.3523096909467207,0,nan,0.5517241379310345,0.3491249999974111,0.3801489094008129,0.03339366
1343,130313,-3.220964446652993,0,nan,0.5,0.3483749999974145,0.46580947859479904,0.047161587
1344,130463,-3.3269908024564656,0,nan,0.52,0.3476249999974179,0.2920172004751169,0.05881761
1345,130613,-3.5129943448551058,0,nan,0.5466666666666666,0.34687499999742133,0.4546958667795329,0.053045426
1346,130663,-0.12113094509755384,0,nan,0.66,0.34662499999742247,0.30246601141168533,0.034733027
1347,130813,-3.647637388630507,0,nan,0.5133333333333333,0.3458749999974259,0.30463588020719173,0.053801347
1348,130840,0.3611099079524346,0,nan,0.4444444444444444,0.3457399999974265,0.2945384420911396,0.03842404
1349,130990,-3.4728051953246055,0,nan,0.5066666666666667,0.3449899999974299,0.49615716789388825,0.053266026
1350,131140,-3.353491766895707,0,0.6,0.56,0.3442399999974333,0.2954444443859577,0.047754265
1351,131170,0.29815352648937266,0,nan,0.6333333333333333,0.344089999997434,0.4165100082686058,0.03189942
1352,131320,-3.4515090078940376,0,nan,0.5733333333333334,0.3433399999974374,0.32915725836215576,0.052696146
1353,131348,0.33446380926505503,0,nan,0.7142857142857143,0.34319999999743805,0.38098240163668995,0.03670457
1354,131379,0.30988156148441237,0,nan,0.3870967741935484,0.34304499999743876,0.3739260782829585,0.027829545
1355,131453,-0.7492628307635453,0,nan,0.527027027027027,0.34267499999744044,0.3922873541870363,0.045494575
1356,131513,-0.30308418058363107,0,nan,0.5833333333333334,0.3423749999974418,0.3097757285776952,0.030146556
1357,131540,0.41423484365712027,0,nan,0.48148148148148145,0.3422399999974424,0.2512223285163466,0.036435593
1358,131605,-0.5100782243117894,0,nan,0.5692307692307692,0.3419149999974439,0.4145613233621018,0.05161612
1359,131643,0.03856044238106515,0,nan,0.5,0.34172499999744477,0.37940365033114637,0.04682821
1360,131691,-0.12196662882955578,0,nan,0.7083333333333334,0.34148499999744586,0.4863832176781927,0.03875244
1361,131841,-3.487994180253582,0,nan,0.54,0.3407349999974493,0.40117900529165285,0.054468047
1362,131887,-0.09435486338003607,0,nan,0.5652173913043478,0.3405049999974503,0.4556618086102897,0.041858602
1363,131923,0.09978793103967332,0,nan,0.6388888888888888,0.34032499999745114,0.4610545443625871,0.042705778
1364,131953,0.2699857793993814,0,nan,0.6,0.3401749999974518,0.4625158704944219,0.03392241
1365,131994,-0.018337169722130175,0,nan,0.6585365853658537,0.33996999999745275,0.44379032119288503,0.048219196
1366,132144,-3.5314968445261585,0,nan,0.5533333333333333,0.33921999999745617,0.4439738661378543,0.06163706
1367,132294,-3.467689140542851,0,nan,0.54,0.3384699999974596,0.4570641518844607,0.05138448
1368,132385,-1.1402199318175987,0,nan,0.5274725274725275,0.33801499999746165,0.4078579966467862,0.038369086
1369,132412,0.3800738280867947,0,nan,0.4444444444444444,0.33787999999746227,0.35203571474961165,0.03927996
1370,132441,0.34317551481114783,0,nan,0.5172413793103449,0.3377349999974629,0.3573986681440111,0.03367801
1371,132591,-3.3801920430685746,0,nan,0.6066666666666667,0.33698499999746634,0.48923697243851894,0.052413587
1372,132619,0.3375948090917671,0,nan,0.42857142857142855,0.336844999997467,0.3895787353356826,0.037074823
1373,132648,0.23515506166922617,0,nan,0.5862068965517241,0.33669999999746764,0.35590998428505577,0.04937567
1374,132798,-3.4242536715329153,0,nan,0.5133333333333333,0.33594999999747105,0.4033198395092189,0.04757973
1375,132799,-0.02262195184619718,0,nan,0.0,0.3359399999974711,0.49142768024911215,0.41427433
1376,132949,-3.338503986331186,0,nan,0.5533333333333333,0.3351899999974745,0.3439515327534054,0.053569976
1377,132980,0.251924560445854,0,nan,0.5806451612903226,0.3350349999974752,0.413355603561715,0.031955596
1378,133130,-3.3903655285038687,0,nan,0.52,0.3342849999974786,0.3288779570245206,0.047391817
1379,133160,0.30969018012282556,0,nan,0.5666666666666667,0.3341349999974793,0.4196854629352476,0.038254097
1380,133310,-3.7060048511425467,0,0.73,0.5266666666666666,0.3333849999974827,0.4814740106166158,0.06721562
1381,133460,-3.459166152062494,0,nan,0.5133333333333333,0.33263499999748614,0.3992553966016329,0.04509059
1382,133610,-3.2870954430465207,0,nan,0.54,0.33188499999748955,0.3571681504297981,0.05401411
1383,133660,-0.2317184063014126,0,nan,0.62,0.3316349999974907,0.41790078908161593,0.046469778
1384,133810,-3.5797221459100035,0,nan,0.5133333333333333,0.3308849999974941,0.5133341913830722,0.05190029
1385,133960,-3.6196760246363606,0,nan,0.6333333333333333,0.3301349999974975,0.4411742758354463,0.0587098
1386,134110,-3.3626558449966684,0,nan,0.5266666666666666,0.3293849999975009,0.3625337899782945,0.053405058
1387,134260,-3.3533133609898615,0,nan,0.5266666666666666,0.32863499999750434,0.5372180187005017,0.05538092
1388,134291,0.26324486077094933,0,nan,0.5806451612903226,0.32847999999750505,0.2977489872529072,0.036498927
1389,134441,-3.5386003542297337,0,nan,0.56,0.32772999999750846,0.4806375168038082,0.06039282
1390,134591,-3.449507187848448,0,nan,0.49333333333333335,0.32697999999751187,0.3970936370835581,0.052739758
1391,134629,0.13886998198767642,0,nan,0.5,0.32678999999751274,0.4466692648199505,0.031183137
1392,134658,0.3865607105012041,0,nan,0.6551724137931034,0.3266449999975134,0.28683956985150744,0.025271636
1393,134808,-3.6157417784540784,0,nan,0.56,0.3258949999975168,0.42885133690591365,0.057290815
1394,134958,-3.4658844877426915,0,nan,0.47333333333333333,0.3251449999975202,0.33839713315177666,0.05386722
1395,135108,-3.48248626605847,0,nan,0.48,0.32439499999752364,0.47556729810734977,0.05485084
1396,135258,-3.2798384098031472,0,nan,0.5133333333333333,0.32364499999752705,0.3594966926980099,0.053683504
1397,135408,-3.3180190179188305,0,nan,0.52,0.32289499999753046,0.40019283116143123,0.05524422
1398,135558,-3.433335231249213,0,nan,0.5533333333333333,0.3221449999975339,0.39335071832099106,0.05344626
1399,135708,-3.198908473326733,0,nan,0.6,0.3213949999975373,0.4363753617065665,0.051859483
1400,135858,-3.517890858056031,0,nan,0.54,0.3206449999975407,0.4738925413443207,0.05867077
1401,136008,-3.398868629906526,0,nan,0.54,0.3198949999975441,0.5051718664819034,0.05183442
1402,136033,0.41401944539533797,0,nan,0.6,0.3197699999975447,0.2695679656411372,0.029421894
1403,136183,-3.5232559048396226,0,nan,0.52,0.3190199999975481,0.43108695092375254,0.07239129
1404,136226,0.018556040622201286,0,nan,0.6511627906976745,0.3188049999975491,0.41457102263858464,0.03534701
1405,136285,-0.27698911650915337,0,nan,0.4915254237288136,0.3185099999975504,0.38760881766108596,0.029314492
1406,136435,-3.5253451011210766,0,nan,0.54,0.31775999999755383,0.3553448123703459,0.051622093
1407,136585,-3.5789284237093693,0,nan,0.6,0.31700999999755725,0.512834205222691,0.06033322
1408,136635,-0.14124693843452474,0,nan,0.54,0.3167599999975584,0.5302918231830391,0.03740927
1409,136785,-3.4213546638203627,0,nan,0.5,0.3160099999975618,0.4675063195919036,0.05152604
1410,136935,-3.32178277287719,0,0.5,0.5866666666666667,0.3152599999975652,0.44048286386758867,0.05098647
1411,136964,0.4103730061730998,0,nan,0.5517241379310345,0.31511499999756587,0.3796817602839027,0.03183107
1412,137114,-3.4206541573563634,0,nan,0.5466666666666666,0.3143649999975693,0.3392889962982105,0.059253864
1413,137168,-0.2514710708591916,0,nan,0.5555555555555556,0.3140949999975705,0.38005776679550657,0.036505297
1414,137228,-0.3519769066334655,0,nan,0.6833333333333333,0.3137949999975719,0.4015712661044298,0.031927325
1415,137378,-3.451525046186735,0,nan,0.52,0.3130449999975753,0.3663441094981484,0.059921425
1416,137407,0.4211742054921447,0,nan,0.5862068965517241,0.31289999999757595,0.38476833105352637,0.031799804
1417,137435,0.3651516466031076,0,nan,0.5,0.3127599999975766,0.36736747149805565,0.029863214
1418,137465,0.30882147726016307,0,nan,0.4666666666666667,0.31260999999757727,0.41980499127247445,0.043185018
1419,137615,-3.547197501452642,0,nan,0.48,0.3118599999975807,0.4355875423008362,0.05610214
1420,137765,-3.6302230126367108,0,nan,0.5266666666666666,0.3111099999975841,0.52465736786181,0.055888057
1421,137915,-3.494292455739547,0,nan,0.4866666666666667,0.3103599999975875,0.4548437628582884,0.054319955
1422,137945,0.3761340279874651,0,nan,0.4666666666666667,0.3102099999975882,0.40605709159326414,0.030049343
1423,137973,0.3369275472992246,0,nan,0.6071428571428571,0.31006999999758883,0.38889788838806244,0.03169169
1424,138002,0.3241868583552453,0,nan,0.6551724137931034,0.3099249999975895,0.3492690158907729,0.03242315
1425,138032,0.3108837823112668,0,nan,0.6,0.3097749999975902,0.38209240911720016,0.027429156
1426,138182,-3.423675849007741,0,nan,0.56,0.3090249999975936,0.36577805418195874,0.060848508
1427,138332,-3.1963912089416806,0,nan,0.5133333333333333,0.308274999997597,0.5144128023745016,0.059606437
1428,138482,-3.5640948000938506,0,nan,0.5133333333333333,0.3075249999976004,0.43180032997766166,0.053143796
1429,138632,-3.3349336954066735,0,nan,0.58,0.3067749999976038,0.39588822568059273,0.052340534
1430,138782,-3.3930922694661003,0,nan,0.52,0.30602499999760724,0.33761779723320096,0.051814675
1431,138785,-0.07331903428347514,0,nan,0.6666666666666666,0.30600499999760733,0.47351889929142743,0.37218857
1432,138935,-3.251405518643564,0,nan,0.5533333333333333,0.30525499999761074,0.32502144607045774,0.058522116
1433,139085,-3.371966097137784,0,nan,0.4533333333333333,0.30450499999761416,0.4768308777040924,0.05512043
1434,139235,-3.6867325150969537,0,nan,0.56,0.30375499999761757,0.3766637884623383,0.07535002
1435,139385,-3.5064082249316884,0,nan,0.5733333333333334,0.303004999997621,0.4474572291393364,0.06272717
1436,139535,-3.19068781372912,0,nan,0.49333333333333335,0.3022549999976244,0.3343714914348784,0.05144729
1437,139685,-3.328053326660333,0,nan,0.5066666666666667,0.3015049999976278,0.3743744455609904,0.04667361
1438,139751,-0.5371825388477345,0,nan,0.5757575757575758,0.3011749999976293,0.43618029452854074,0.03855742
1439,139901,-3.49906773149256,0,nan,0.62,0.3004249999976327,0.43029469979243734,0.04531378
1440,140051,-3.6584449997220068,0,0.61,0.6533333333333333,0.29967499999763614,0.43243126085421796,0.07544063
1441,140083,0.22949183181518407,0,nan,0.71875,0.29951499999763687,0.4194186408619068,0.036381684
1442,140233,-3.2088503357496414,0,nan,0.52,0.2987649999976403,0.3368678020572235,0.05282208
1443,140262,0.3292020258183288,0,nan,0.6551724137931034,0.29861999999764094,0.3415958698557363,0.037575755
1444,140412,-3.364012863743026,0,nan,0.54,0.29786999999764435,0.43674097212577756,0.038887102
1445,140507,-1.160032856390564,0,nan,0.47368421052631576,0.2973949999976465,0.36125071810677345,0.042966336
1446,140657,-3.5023169291167098,0,nan,0.47333333333333333,0.2966449999976499,0.368727558855,0.054550096
1447,140686,0.28832295059172863,0,nan,0.4827586206896552,0.2964999999976506,0.3625741602108224,0.035007294
1448,140836,-3.528665446530274,0,nan,0.6066666666666667,0.295749999997654,0.3482639036179721,0.04641368
1449,140986,-3.3448843666909664,0,nan,0.5266666666666666,0.2949999999976574,0.4991165673951237,0.05129959
1450,141023,0.11380280596319847,0,nan,0.5405405405405406,0.29481499999765826,0.4375197862435101,0.03334082
1451,141051,0.30594328917770774,0,nan,0.5714285714285714,0.2946749999976589,0.30665088513481864,0.037122525
1452,141103,-0.12601634026495168,0,nan,0.6153846153846154,0.2944149999976601,0.3465137094871772,0.034003027
1453,141145,-0.02675157033585185,0,nan,0.5714285714285714,0.29420499999766103,0.48472880147939534,0.041884217
1454,141200,-0.21066539795391748,0,nan,0.5818181818181818,0.2939299999976623,0.45193027892335347,0.042413823
1455,141350,-3.5063317152748574,0,nan,0.44666666666666666,0.2931799999976657,0.5078179648448298,0.05723226
1456,141386,0.10430061487846132,0,nan,0.6944444444444444,0.2929999999976665,0.5582359072258204,0.04395025
1457,141536,-3.357912558716447,0,nan,0.44,0.29224999999766993,0.36913151101240305,0.057032388
1458,141565,0.38944661675173975,0,nan,0.4827586206896552,0.2921049999976706,0.31188918744268856,0.032577828
1459,141601,0.19136500236023968,0,nan,0.4722222222222222,0.2919249999976714,0.49802492833325207,0.02838707
1460,141751,-3.4968183104347847,0,nan,0.5,0.2911749999976748,0.36831838409454726,0.053963374
1461,141783,0.20867151077403379,0,nan,0.71875,0.29101499999767555,0.47620513627307376,0.041784897
1462,141933,-3.2732167752321812,0,nan,0.4666666666666667,0.29026499999767896,0.4400912727449821,0.046640556
1463,142083,-3.39093758455538,0,nan,0.54,0.2895149999976824,0.326043006908963,0.044593096
1464,142143,-0.3526032842764786,0,nan,0.5166666666666667,0.28921499999768374,0.3449182332074405,0.036702625
1465,142173,0.3072904371522249,0,nan,0.4,0.2890649999976844,0.37117632289244407,0.037261494
1466,142202,0.3800658353048618,0,nan,0.5517241379310345,0.2889199999976851,0.3286063515629788,0.025536407
1467,142352,-3.613185512221101,0,nan,0.54,0.2881699999976885,0.350761077337664,0.057252523
1468,142380,0.43434780856776445,0,nan,0.4642857142857143,0.28802999999768913,0.35804859322068006,0.03308191
1469,142530,-3.6302982318969823,0,nan,0.5666666666666667,0.28727999999769255,0.44366938681371915,0.07315028
1470,142680,-3.454244449145,0,0.6,0.54,0.28652999999769596,0.4635366368759467,0.059749737
1471,142733,-0.1393328915070533,0,nan,0.4716981132075472,0.28626499999769717,0.2824686904661064,0.043694545
1472,142883,-3.1949257328901837,0,nan,0.5333333333333333,0.2855149999977006,0.33349450976794975,0.0508254
1473,142935,-0.16715633242934425,0,nan,0.4230769230769231,0.28525499999770176,0.49500495606980643,0.034772985
1474,143085,-3.376273470105989,0,nan,0.58,0.2845049999977052,0.49912030463463175,0.053681448
1475,143147,-0.4493163551545384,0,nan,0.5,0.2841949999977066,0.5277066064895362,0.045332346
1476,143180,0.2368242725062667,0,nan,0.5454545454545454,0.28402999999770734,0.3700522158689137,0.04281598
1477,143211,0.3235094145863503,0,nan,0.6451612903225806,0.28387499999770804,0.4853095564640921,0.031790566
1478,143361,-3.2956475968392573,0,nan,0.6466666666666666,0.28312499999771146,0.36372789328402044,0.053437512
1479,143406,-0.08294770265833362,0,nan,0.6,0.2828999999977125,0.42885205118541286,0.043093916
1480,143499,-1.079344161888142,0,nan,0.5698924731182796,0.2824349999977146,0.4555110233001426,0.033929076
1481,143649,-3.181615808510441,0,nan,0.6133333333333333,0.281684999997718,0.4033679386590417,0.05547104
1482,143799,-3.348930631521276,0,nan,0.5466666666666666,0.2809349999977214,0.36601573618515576,0.052005254
1483,143949,-3.535793823400002,0,nan,0.47333333333333333,0.28018499999772484,0.4399267622557268,0.056285273
1484,144099,-3.4496818463063437,0,nan,0.5666666666666667,0.27943499999772825,0.444816810546825,0.06491986
1485,144249,-3.5587653388920857,0,nan,0.47333333333333333,0.27868499999773166,0.3656501789073152,0.054573033
1486,144399,-3.326090494058308,0,nan,0.54,0.2779349999977351,0.38669558704626383,0.05652856
1487,144549,-3.3178224843780257,0,nan,0.4866666666666667,0.2771849999977385,0.5195963387618576,0.055976573
1488,144592,-0.009080709742985027,0,nan,0.5813953488372093,0.27696999999773947,0.3321083289902908,0.044402264
1489,144742,-3.2323023694312174,0,nan,0.5266666666666666,0.2762199999977429,0.2643789366643255,0.067667626
1490,144892,-3.409529185624893,0,nan,0.5066666666666667,0.2754699999977463,0.3174936867608071,0.052955173
1491,144938,0.017274131302811968,0,nan,0.43478260869565216,0.27523999999774734,0.38184131302766344,0.027244754
1492,145006,-0.5356246837274361,0,nan,0.47058823529411764,0.2748999999977489,0.3959999065542752,0.042540938
1493,145156,-3.4322041642458685,0,nan,0.5333333333333333,0.2741499999977523,0.5023061011339733,0.054402396
1494,145183,0.29924358854616473,0,nan,0.4444444444444444,0.2740149999977529,0.2817883472114147,0.046278454
1495,145333,-3.6504868393690155,0,nan,0.47333333333333333,0.27326499999775633,0.433255403605901,0.060714684
1496,145483,-3.50674427383684,0,nan,0.47333333333333333,0.27251499999775974,0.3886304847632272,0.05382251
1497,145512,0.27269965553185505,0,nan,0.5862068965517241,0.2723699999977604,0.3432571890937829,0.03803986
1498,145662,-3.315384556566814,0,nan,0.43333333333333335,0.2716199999977638,0.46897253756706886,0.07483148
1499,145812,-3.413465585698741,0,nan,0.52,0.27086999999776723,0.45739171547540836,0.058017157
1500,145962,-3.54742374043158,0,0.67,0.5133333333333333,0.27011999999777064,0.39004112310275074,0.055453744
1501,146079,-1.561146968735813,0,nan,0.49572649572649574,0.2695349999977733,0.41039822172780666,0.04463234
1502,146110,0.30418439109648643,0,nan,0.5483870967741935,0.269379999997774,0.45511546224562466,0.029100029
1503,146138,0.37378171643320857,0,nan,0.5,0.26923999999777465,0.4216130666047402,0.026232462
1504,146288,-3.4281231647957457,0,nan,0.5,0.26848999999777806,0.41580605234184154,0.058151532
1505,146438,-3.6439365889759037,0,nan,0.4066666666666667,0.2677399999977815,0.4986571186177827,0.058517348
1506,146470,0.26873392083699466,0,nan,0.53125,0.2675799999977822,0.41053205469700277,0.0290654
1507,146499,0.3258850993032746,0,nan,0.5172413793103449,0.26743499999778286,0.40156763312110355,0.03462684
1508,146532,0.23831275465885726,0,nan,0.48484848484848486,0.2672699999977836,0.4164038513357304,0.03115534
1509,146588,-0.257355553788137,0,nan,0.5892857142857143,0.2669899999977849,0.3303446974354381,0.03570258
1510,146635,-0.12617342565692502,0,nan,0.3829787234042553,0.26675499999778596,0.4723602289173448,0.04669124
1511,146692,-0.2807859813093283,0,nan,0.5087719298245614,0.26646999999778725,0.39827826589329995,0.039107926
1512,146842,-3.424381271493685,0,nan,0.4666666666666667,0.26571999999779067,0.4086215969997783,0.057248816
1513,146943,-1.3112436234590943,0,nan,0.5247524752475248,0.26521499999779297,0.4631627798681015,0.035990763
1514,147017,-0.650778514524923,0,nan,0.5945945945945946,0.26484499999779465,0.39225586058400685,0.041319422
1515,147167,-3.6604717175122046,0,nan,0.5466666666666666,0.26409499999779806,0.3919290188808947,0.062264964
1516,147195,0.3510815894039979,0,nan,0.4642857142857143,0.2639549999977987,0.26726908248514414,0.03712327
1517,147345,-3.293018628203458,0,nan,0.5,0.2632049999978021,0.303622311624108,0.08362606
1518,147383,0.13150007687611032,0,nan,0.6578947368421053,0.263014999997803,0.35569721724186354,0.036701575
1519,147533,-3.416889067807974,0,nan,0.5266666666666666,0.2622649999978064,0.4711150648442039,0.045556773
1520,147559,0.46102562270881575,0,nan,0.6153846153846154,0.262134999997807,0.3274065578856832,0.029828284
1521,147586,0.40054382237634556,0,nan,0.4444444444444444,0.2619999999978076,0.2909991304277314,0.029873563
1522,147626,0.05180262940785141,0,nan,0.475,0.2617999999978085,0.46515596123049757,0.032416493
1523,147776,-3.689041002586388,0,nan,0.5466666666666666,0.2610499999978119,0.41063215585022494,0.06278208
1524,147857,-0.738697317275167,0,nan,0.5185185185185185,0.26064499999781376,0.5072889263705609,0.036766823
1525,147890,0.23060167751519633,0,nan,0.6060606060606061,0.2604799999978145,0.4578864534241399,0.03135143
1526,148040,-3.482312655952467,0,nan,0.5666666666666667,0.25972999999781793,0.39050553351023415,0.069821164
1527,148078,0.12451747383537004,0,nan,0.4473684210526316,0.2595399999978188,0.5029014517340636,0.039465286
1528,148228,-3.3911889814084666,0,nan,0.5266666666666666,0.2587899999978222,0.5040306939743645,0.089559674
1529,148378,-3.3423019091189246,0,nan,0.5133333333333333,0.2580399999978256,0.3992764022540846,0.059013512
1530,148528,-3.247678282126234,0,0.54,0.4666666666666667,0.25728999999782903,0.3974959829753856,0.055621237
1531,148678,-3.4801272415318123,0,nan,0.44666666666666666,0.25653999999783245,0.430069938026391,0.0594618
1532,148828,-3.4806100563777513,0,nan,0.4533333333333333,0.25578999999783586,0.5016920067018289,0.07146024
1533,148978,-3.2036370139568566,0,nan,0.5133333333333333,0.2550399999978393,0.46243112898363165,0.05274169
1534,149128,-3.380538514243944,0,nan,0.5466666666666666,0.2542899999978427,0.41852787183394957,0.06413055
1535,149158,0.3142329048786455,0,nan,0.6666666666666666,0.25413999999784337,0.4760474465599556,0.031548683
1536,149185,0.37133808576668115,0,nan,0.4444444444444444,0.254004999997844,0.2907840327379834,0.037209135
1537,149278,-0.9292781567881621,0,nan,0.5053763440860215,0.2535399999978461,0.3307636422454807,0.030229451
1538,149307,0.2991439719000112,0,nan,0.4827586206896552,0.25339499999784676,0.3239574826015329,0.036957964
1539,149457,-3.150336033732118,0,nan,0.5133333333333333,0.2526449999978502,0.41320696126702694,0.049354848
1540,149607,-3.217003311001908,0,nan,0.49333333333333335,0.2518949999978536,0.40476651965649596,0.05391974
1541,149678,-0.7113245023309686,0,nan,0.5774647887323944,0.2515399999978552,0.320279618570817,0.049762867
1542,149753,-0.6734729929039026,0,nan,0.5866666666666667,0.2511649999978569,0.4246775871984997,0.040370714
1543,149889,-2.0665896251343234,0,nan,0.5,0.25048499999786,0.4957975573629667,0.041203372
1544,150039,-3.497818394714722,0,nan,0.5333333333333333,0.24973499999786192,0.44108901866004924,0.0592477
1545,150068,0.31513825778476146,0,nan,0.5862068965517241,0.24958999999786177,0.36672375693595266,0.037532657
1546,150099,0.2021434045613273,0,nan,0.45161290322580644,0.24943499999786162,0.47790755446532157,0.046502452
1547,150249,-3.3756607413598867,0,nan,0.47333333333333333,0.24868499999786087,0.3348989469579851,0.058725256
1548,150335,-0.8543647206380975,0,nan,0.4186046511627907,0.24825499999786044,0.3051103882957233,0.032920405
1549,150485,-3.4393056495785093,0,nan,0.4533333333333333,0.2475049999978597,0.5098811618089953,0.059199106
1550,150635,-3.613886435887686,0,nan,0.4533333333333333,0.24675499999785894,0.38722581360829217,0.07806809
1551,150672,0.14551482906204782,0,nan,0.5405405405405406,0.24656999999785875,0.49021339048145257,0.03619059
1552,150760,-1.954732598640068,0,nan,0.5,0.2461249999978583,0.4309152768426433,0.05196744
1553,150794,0.2154948757558811,0,nan,0.5294117647058824,0.24595499999785814,0.38315591844061053,0.031120261
1554,150824,0.28538391222750203,0,nan,0.6,0.245804999997858,0.44007498611203155,0.027796
1555,150854,0.3082850351988874,0,nan,0.5,0.24565499999785784,0.34294034722309913,0.033261754
1556,150949,-0.9156586160631437,0,nan,0.5157894736842106,0.24517999999785736,0.3183326698846547,0.03884669
1557,150993,0.052272441754053656,0,nan,0.5,0.24495999999785714,0.27846929294068584,0.042194597
1558,151143,-3.353079023181746,0,nan,0.52,0.2442099999978564,0.46348822505656617,0.05448804
1559,151171,0.3806935121537508,0,nan,0.32142857142857145,0.24406999999785625,0.40827946583688796,0.032945756
1560,151321,-3.317309460450375,0,0.43,0.5266666666666666,0.2433199999978555,0.3819933601863081,0.037467334
1561,151471,-3.3593439130126224,0,nan,0.4,0.24256999999785475,0.46231328023989715,0.05651635
1562,151501,0.31105828238067634,0,nan,0.4666666666666667,0.2424199999978546,0.4267118001154804,0.043739308
1563,151651,-3.4104695687641864,0,nan,0.44,0.24166999999785385,0.4844519781032067,0.060716566
1564,151801,-3.299503854523997,0,nan,0.48,0.2409199999978531,0.3661239148079322,0.044424318
1565,151832,0.2810092530214118,0,nan,0.3225806451612903,0.24076499999785295,0.41164475599153155,0.031044364
1566,151871,0.09572635264890772,0,nan,0.5897435897435898,0.24056999999785275,0.4412950721207362,0.04000128
1567,152021,-3.28035716993621,0,nan,0.46,0.239819999997852,0.31517437654613323,0.05062614
1568,152050,0.2842893720304682,0,nan,0.5517241379310345,0.23967499999785186,0.4298304115462711,0.035911344
1569,152078,0.3727376146449921,0,nan,0.6071428571428571,0.23953499999785172,0.40909522132131626,0.034155153
1570,152228,-3.5575220608030365,0,nan,0.47333333333333333,0.23878499999785097,0.4245321389650341,0.059561197
1571,152272,0.012596836794563693,0,nan,0.5909090909090909,0.23856499999785075,0.4485534941966248,0.033807293
1572,152422,-3.1169254195732035,0,nan,0.42,0.23781499999785,0.3465892278076469,0.056521233
1573,152464,0.07610571915345565,0,nan,0.5238095238095238,0.2376049999978498,0.42941198767363553,0.030909428
1574,152614,-3.3166141294541682,0,nan,0.47333333333333333,0.23685499999784904,0.490773767982055,0.058428045
1575,152643,0.297502568487931,0,nan,0.41379310344827586,0.2367099999978489,0.3175330557156495,0.037243873
1576,152793,-3.4408044576561516,0,nan,0.49333333333333335,0.23595999999784814,0.4531716113884565,0.057822324
1577,152943,-3.4131078131213717,0,nan,0.47333333333333333,0.2352099999978474,0.41364305485606007,0.05681093
1578,152973,0.3095566299754049,0,nan,0.5,0.23505999999784724,0.49180992628354964,0.037674554
1579,153123,-3.201739976784464,0,nan,0.4666666666666667,0.2343099999978465,0.4987329206828142,0.044477493
1580,153155,0.24097615941709738,0,nan,0.625,0.23414999999784633,0.39474188781222364,0.038643338
1581,153246,-1.0189730033138789,0,nan,0.5824175824175825,0.23369499999784588,0.47877510116501615,0.03980102
1582,153276,0.32299359009887874,0,nan,0.43333333333333335,0.23354499999784573,0.3759831075985668,0.03187726
1583,153426,-3.5883225970701207,0,nan,0.41333333333333333,0.23279499999784498,0.33160210394815753,0.051069897
1584,153576,-3.268292556048803,0,nan,0.4866666666666667,0.23204499999784423,0.4067712168395165,0.05284728
1585,153606,0.3121175913695914,0,nan,0.4666666666666667,0.23189499999784408,0.32224897340312153,0.03267669
1586,153632,0.4343080035020761,0,nan,0.46153846153846156,0.23176499999784395,0.30224198303479616,0.028898763
1587,153782,-3.293639509790284,0,nan,0.4266666666666667,0.2310149999978432,0.30304431645113933,0.057803795
1588,153846,-0.49441235124534366,0,nan,0.5,0.23069499999784288,0.42948552561107395,0.04076065
1589,153873,0.381800448964417,0,nan,0.37037037037037035,0.23055999999784274,0.2621122751126116,0.032497313
1590,153905,0.24362974937341697,0,0.61,0.4375,0.23039999999784258,0.39354622776540277,0.044823885
1591,153936,0.23303643082923398,0,nan,0.3870967741935484,0.23024499999784243,0.33661639982216357,0.04237745
1592,154086,-3.7399264061492534,0,nan,0.42,0.22949499999784168,0.3709191633925517,0.06120479
1593,154116,0.29884116984713005,0,nan,0.5333333333333333,0.22934499999784153,0.4064756105237009,0.038155776
1594,154159,0.041939374128456275,0,nan,0.5813953488372093,0.2291299999978413,0.2735293281042443,0.040728312
1595,154223,-0.42604817413831,0,nan,0.5,0.228809999997841,0.3243115864670317,0.03337071
1596,154373,-3.53736916863023,0,nan,0.52,0.22805999999784024,0.30527737879285277,0.06749272
1597,154402,0.36745516979659765,0,nan,0.5172413793103449,0.2279149999978401,0.32663697205013165,0.034802113
1598,154430,0.3337280569457237,0,nan,0.42857142857142855,0.22777499999783996,0.3353323873842555,0.040527306
1599,154459,0.3932071586070418,0,nan,0.4482758620689655,0.2276299999978398,0.4325789454723637,0.027895184
1600,154515,-0.2257906291781776,0,nan,0.35714285714285715,0.22734999999783953,0.4960828874660657,0.041555393
1601,154665,-3.1531329160217814,0,nan,0.5466666666666666,0.22659999999783878,0.5183127217609702,0.055139612
1602,154815,-3.254445678451261,0,nan,0.4866666666666667,0.22584999999783803,0.32980290561714776,0.05002916
1603,154845,0.2885475033578584,0,nan,0.4666666666666667,0.22569999999783788,0.32131726916509756,0.03637517
1604,154885,0.06480207086782652,0,nan,0.475,0.22549999999783768,0.4861838786340932,0.033388153
1605,154916,0.26296347989674274,0,nan,0.3548387096774194,0.22534499999783753,0.3811504978326321,0.040021155
1606,155066,-3.3844335473872227,0,nan,0.5133333333333333,0.22459499999783678,0.4330812693668654,0.05438511
1607,155216,-3.6893292017011445,0,nan,0.5266666666666666,0.22384499999783602,0.4377227007830015,0.06397168
1608,155366,-3.3524397214973476,0,nan,0.52,0.22309499999783527,0.4349754061380802,0.054520912
1609,155395,0.28863092684336855,0,nan,0.6551724137931034,0.22294999999783513,0.42447025153203044,0.039442353
1610,155427,0.27018093744614935,0,nan,0.40625,0.22278999999783497,0.3907659445518468,0.03616414
1611,155462,0.16140156231076153,0,nan,0.5142857142857142,0.2226149999978348,0.5145244250980517,0.039791655
1612,155494,0.24092817396439659,0,nan,0.625,0.22245499999783463,0.37900896347893737,0.04329908
1613,155644,-3.34107030068311,0,nan,0.52,0.22170499999783388,0.34019413442284513,0.052567825
1614,155675,0.25383649903580596,0,nan,0.45161290322580644,0.22154999999783373,0.33793638121648095,0.03720576
1615,155825,-3.303107721647634,0,nan,0.38,0.22079999999783298,0.3576924869851073,0.061436556
1616,155856,0.3175712170965176,0,nan,0.45161290322580644,0.22064499999783282,0.408115592062185,0.034999117
1617,156006,-3.166853917648724,0,nan,0.46,0.21989499999783207,0.48124832322263456,0.05164898
1618,156156,-3.3632456301774427,0,nan,0.48,0.21914499999783132,0.44027041239086034,0.04806582
1619,156306,-3.303167028398402,0,nan,0.4066666666666667,0.21839499999783057,0.4509318916774246,0.04685859
1620,156456,-3.4143122811423856,0,0.6,0.4066666666666667,0.21764499999782982,0.44714948864981824,0.055312146
1621,156606,-3.3421804302348277,0,nan,0.44,0.21689499999782907,0.2962582070931202,0.05196952
1622,156756,-3.3061014149735937,0,nan,0.46,0.21614499999782832,0.5099756959916557,0.05155976
1623,156784,0.3631536223454227,0,nan,0.32142857142857145,0.21600499999782818,0.3189941323526676,0.03581109
1624,156934,-3.332195483937933,0,nan,0.5066666666666667,0.21525499999782743,0.47081345402882746,0.055058416
1625,156966,0.2502333464274966,0,nan,0.53125,0.21509499999782727,0.4365421245775117,0.03063396
1626,157026,-0.4465059159139543,0,nan,0.36666666666666664,0.21479499999782697,0.46183017624358497,0.04018088
1627,157090,-0.571346241510204,0,nan,0.578125,0.21447499999782665,0.43122680080753645,0.04844997
1628,157240,-3.5118352003192808,0,nan,0.5333333333333333,0.2137249999978259,0.3486552429726218,0.044943776
1629,157291,-0.23769286019828073,0,nan,0.5490196078431373,0.21346999999782565,0.5299688530906006,0.04360823
1630,157319,0.37558256370734655,0,nan,0.42857142857142855,0.2133299999978255,0.3369104267239199,0.0329976
1631,157469,-3.369117908473417,0,nan,0.49333333333333335,0.21257999999782476,0.4084603357269056,0.053464666
1632,157513,-0.04196095617891027,0,nan,0.4318181818181818,0.21235999999782454,0.40912342382113476,0.03938865
1633,157663,-3.3840087966978905,0,nan,0.44666666666666666,0.2116099999978238,0.4102816410693499,0.053920593
1634,157728,-0.49155000553060146,0,nan,0.5692307692307692,0.21128499999782346,0.367342207740323,0.043013506
1635,157763,0.19410709442142993,0,nan,0.4857142857142857,0.2111099999978233,0.4477913331514511,0.030636359
1636,157913,-3.4644408561241784,0,nan,0.4266666666666667,0.21035999999782254,0.4095523910362085,0.054852083
1637,157953,0.04311448519318739,0,nan,0.45,0.21015999999782234,0.39340393477391583,0.037152033
1638,158012,-0.3111330887172916,0,nan,0.4576271186440678,0.20986499999782204,0.37833900625314576,0.039104946
1639,158162,-3.629671143672638,0,nan,0.52,0.2091149999978213,0.34352128612543104,0.05618441
1640,158312,-3.5362554724299007,0,nan,0.44,0.20836499999782054,0.3515882801112439,0.05072684
1641,158342,0.27574237517641664,0,nan,0.5666666666666667,0.2082149999978204,0.35550647111033584,0.04370203
1642,158369,0.34367949135759335,0,nan,0.4074074074074074,0.20807999999782026,0.31897717724260877,0.03748853
1643,158519,-3.403505847143571,0,nan,0.48,0.2073299999978195,0.3479381103990807,0.05227311
1644,158548,0.313656332407927,0,nan,0.4827586206896552,0.20718499999781936,0.34367295561502414,0.037967674
1645,158698,-3.405271012586755,0,nan,0.56,0.2064349999978186,0.4832073193837109,0.06005067
1646,158727,0.3880203943364464,0,nan,0.6206896551724138,0.20628999999781847,0.4101525207521097,0.029529432
1647,158877,-3.513849024371948,0,nan,0.44,0.20553999999781772,0.4493101997372683,0.062398802
1648,158905,0.34544300248917637,0,nan,0.7142857142857143,0.20539999999781758,0.4718070156898255,0.03924415
1649,158951,-0.051174362741588486,0,nan,0.4782608695652174,0.20516999999781735,0.3678147656821652,0.03196258
1650,159101,-3.5534212692275813,0,0.46,0.5066666666666667,0.2044199999978166,0.33126992252715914,0.052355252
1651,159167,-0.6032288404063977,0,nan,0.5757575757575758,0.20408999999781627,0.5023751710437138,0.041287467
1652,159317,-3.3641873976805847,0,nan,0.5066666666666667,0.20333999999781552,0.4784952906190721,0.06362166
1653,159467,-3.2765930059472157,0,nan,0.46,0.20258999999781477,0.4761432272046323,0.059999783
1654,159495,0.3807324076054954,0,nan,0.42857142857142855,0.20244999999781463,0.2947002853384365,0.031307112
1655,159645,-3.3273744521103565,0,nan,0.43333333333333335,0.20169999999781388,0.370457809691096,0.049501594
1656,159795,-3.4190656996204174,0,nan,0.48,0.20094999999781313,0.35304449389972853,0.05769394
1657,159945,-3.515974763312664,0,nan,0.5533333333333333,0.20019999999781238,0.3680749623774282,0.057460416
1658,159981,0.2006641418752202,0,nan,0.4444444444444444,0.2000199999978122,0.288722815193267,0.02987707
1659,160131,-3.336565705859515,0,nan,0.37333333333333335,0.19926999999781145,0.4907268498114795,0.057873104
1660,160163,0.22731450294438538,0,nan,0.375,0.1991099999978113,0.3698138372235579,0.03607685
1661,160190,0.4190192951515973,0,nan,0.5185185185185185,0.19897499999781115,0.33601582947216574,0.035300933
1662,160340,-3.483013544463954,0,nan,0.4066666666666667,0.1982249999978104,0.3465054821617347,0.0541349
1663,160490,-3.2587677725295325,0,nan,0.37333333333333335,0.19747499999780965,0.2714627041646528,0.054455522
1664,160532,-0.03511722741573897,0,nan,0.5476190476190477,0.19726499999780944,0.5400907266058904,0.041013334
1665,160682,-3.315461044885049,0,nan,0.5066666666666667,0.1965149999978087,0.4801012855490809,0.060952287
1666,160712,0.31737579668957816,0,nan,0.5,0.19636499999780854,0.3721470245784121,0.032259732
1667,160862,-3.322178783645958,0,nan,0.4866666666666667,0.1956149999978078,0.45339279221425166,0.053923536
1668,160890,0.3680723958060088,0,nan,0.42857142857142855,0.19547499999780765,0.3688172512465559,0.03304071
1669,161040,-3.327556534247793,0,nan,0.5333333333333333,0.1947249999978069,0.3942500807505317,0.05222954
1670,161067,0.3606830865595053,0,nan,0.5555555555555556,0.19458999999780677,0.3102455006261237,0.037804678
1671,161217,-3.24448188975618,0,nan,0.43333333333333335,0.19383999999780602,0.40511036806768846,0.0558992
1672,161245,0.33144495353091974,0,nan,0.4642857142857143,0.19369999999780588,0.4252810681598197,0.032357715
1673,161395,-3.2534223178371806,0,nan,0.38666666666666666,0.19294999999780513,0.3504426713308353,0.047889605
1674,161425,0.29016319073183294,0,nan,0.4,0.19279999999780498,0.4339031884442187,0.03162442
1675,161575,-3.141052146051018,0,nan,0.44,0.19204999999780423,0.3687236686295461,0.054768093
1676,161635,-0.4225299550481624,0,nan,0.5166666666666667,0.19174999999780393,0.371774880899597,0.0420649
1677,161785,-3.176898837479115,0,nan,0.49333333333333335,0.19099999999780318,0.42911065321208747,0.053691983
1678,161815,0.30954643880675925,0,nan,0.43333333333333335,0.19084999999780303,0.38495889391690125,0.033764564
1679,161856,0.012519433738917396,0,nan,0.3902439024390244,0.19064499999780282,0.49454840834336894,0.040892188
1680,162006,-3.274916030870526,0,0.61,0.44666666666666666,0.18989499999780207,0.4073457175109235,0.059106663
1681,162156,-3.447652605570925,0,nan,0.44666666666666666,0.18914499999780132,0.31210912283883624,0.05526636
1682,162202,-0.10138345823509343,0,nan,0.4782608695652174,0.1889149999978011,0.4570240991123776,0.04568207
1683,162244,0.07187473294009794,0,nan,0.40476190476190477,0.18870499999780088,0.40103510199622017,0.030135503
1684,162394,-3.1854379005612246,0,nan,0.4266666666666667,0.18795499999780013,0.4064946557364268,0.05310233
1685,162454,-0.2736152475811693,0,nan,0.6166666666666667,0.18765499999779983,0.483017718325532,0.031935535
1686,162604,-3.3805076030238435,0,nan,0.37333333333333335,0.18690499999779908,0.5140243065635484,0.05943903
1687,162633,0.2619736865835942,0,nan,0.4827586206896552,0.18675999999779894,0.288504528415663,0.04422443
1688,162783,-3.3110834050967415,0,nan,0.3466666666666667,0.1860099999977982,0.49258899993989175,0.06019682
1689,162819,0.15220557089567444,0,nan,0.4166666666666667,0.185829999997798,0.446857849067202,0.03415734
1690,162854,0.19557456057668732,0,nan,0.45714285714285713,0.18565499999779783,0.3832049998421495,0.035049655
1691,162944,-0.9097482543898933,0,nan,0.4777777777777778,0.18520499999779738,0.30104712896574015,0.045586325
1692,163094,-3.346422732328786,0,nan,0.4666666666666667,0.18445499999779663,0.45910735750818427,0.059873022
1693,163244,-3.3956745720652117,0,nan,0.5533333333333333,0.18370499999779588,0.4579965993811052,0.062069084
1694,163394,-3.197251658852944,0,nan,0.42,0.18295499999779513,0.40002841706860404,0.05123092
1695,163544,-3.2697675310702587,0,nan,0.5,0.18220499999779438,0.34801562055832963,0.055899736
1696,163694,-3.1212088424170252,0,nan,0.4,0.18145499999779363,0.5300199084959369,0.054174066
1697,163724,0.32237999303187514,0,nan,0.3333333333333333,0.18130499999779348,0.34772515653319014,0.036685985
1698,163874,-3.311039064921566,0,nan,0.56,0.18055499999779273,0.4618876289926454,0.05948801
1699,164024,-3.3020274313416573,0,nan,0.42,0.17980499999779198,0.3796222134569448,0.056597933
1700,164174,-3.2803846608069347,0,nan,0.5866666666666667,0.17905499999779123,0.3709009372111686,0.056429323
1701,164324,-3.5295516881522366,0,nan,0.4266666666666667,0.17830499999779048,0.3314933720688325,0.06271224
1702,164406,-0.83902049806085,0,nan,0.3902439024390244,0.17789499999779007,0.34411647894954994,0.044016372
1703,164556,-3.524011288956539,0,nan,0.5,0.17714499999778932,0.40882211810550034,0.05507082
1704,164706,-3.352400179288445,0,nan,0.4266666666666667,0.17639499999778857,0.4708472212379144,0.053434685
1705,164762,-0.2920997917013437,0,nan,0.5535714285714286,0.1761149999977883,0.34591166289602926,0.034668345
1706,164912,-3.181665723122618,0,nan,0.4,0.17536499999778754,0.28696816506509726,0.054089673
1707,164941,0.3397545354121275,0,nan,0.41379310344827586,0.1752199999977874,0.40237624238925174,0.03558151
1708,164970,0.3321796601364545,0,nan,0.4482758620689655,0.17507499999778725,0.4840921804925031,0.03534471
1709,165120,-3.3351673492737084,0,nan,0.49333333333333335,0.1743249999977865,0.5504735314348992,0.05958683
1710,165270,-3.7071811500705105,0,0.55,0.5333333333333333,0.17357499999778575,0.5126917554021123,0.054592412
1711,165420,-3.3895873754838997,0,nan,0.46,0.172824999997785,0.310867223634498,0.06748308
1712,165459,0.10617200937786431,0,nan,0.4358974358974359,0.1726299999977848,0.4135208937153883,0.04096485
1713,165499,0.1473574408115773,0,nan,0.6,0.1724299999977846,0.4302113960804184,0.03154187
1714,165526,0.40617545111703235,0,nan,0.4074074074074074,0.17229499999778447,0.3496076904308447,0.03256838
1715,165557,0.20731996086006488,0,nan,0.6129032258064516,0.17213999999778432,0.4708526293288711,0.044934753
1716,165585,0.32184346388521745,0,nan,0.4642857142857143,0.17199999999778418,0.39271522821600496,0.037656784
1717,165735,-3.3232530873399413,0,nan,0.4,0.17124999999778343,0.3371071760015989,0.05743726
1718,165885,-3.2008746617224273,0,nan,0.4266666666666667,0.17049999999778268,0.3282873283520564,0.05245912
1719,165931,0.004706037744795277,0,nan,0.391304347826087,0.17026999999778245,0.38733716460229733,0.032339916
1720,166081,-3.177361135140112,0,nan,0.44666666666666666,0.1695199999977817,0.44611709372227937,0.06036075
1721,166231,-3.253481318050539,0,nan,0.47333333333333333,0.16876999999778095,0.3946054952292454,0.043707665
1722,166381,-3.384279154822005,0,nan,0.4066666666666667,0.1680199999977802,0.4402712020950977,0.05267953
1723,166531,-3.4622610822242037,0,nan,0.44666666666666666,0.16726999999777944,0.4774406305985509,0.051609088
1724,166563,0.2960147055675739,0,nan,0.46875,0.16710999999777928,0.4776625331547639,0.032275088
1725,166592,0.3149145947109946,0,nan,0.3793103448275862,0.16696499999777914,0.3914447587397691,0.037884593
1726,166621,0.31406778186896733,0,nan,0.41379310344827586,0.166819999997779,0.33658955502681337,0.036856726
1727,166655,0.4295818552874675,0,nan,0.4117647058823529,0.16664999999777882,0.47624795853684104,0.020909807
1728,166805,-3.45567903597966,0,nan,0.36,0.16589999999777807,0.4944497338048831,0.05596787
1729,166955,-3.520121762279174,0,nan,0.42,0.16514999999777732,0.4094817139731031,0.057843354
1730,167105,-3.4442811567350464,0,nan,0.42,0.16439999999777657,0.36304972644530725,0.06059951
1731,167255,-3.2886735843424013,0,nan,0.41333333333333333,0.16364999999777582,0.47312764989583583,0.05412612
1732,167285,0.32071258034743555,0,nan,0.36666666666666664,0.16349999999777567,0.3736885588224596,0.057244845
1733,167435,-3.5283658077738314,0,nan,0.5,0.16274999999777492,0.4604855144286191,0.05618375
1734,167585,-3.3655363824549145,0,nan,0.41333333333333333,0.16199999999777417,0.5138512437801496,0.05507858
1735,167735,-3.54608504598218,0,nan,0.41333333333333333,0.16124999999777342,0.36919825826103864,0.056331124
1736,167885,-3.3512264717886686,0,nan,0.44666666666666666,0.16049999999777267,0.4366181479044617,0.055283584
1737,168035,-3.5298040717986496,0,nan,0.44,0.15974999999777192,0.39600124960754496,0.05359852
1738,168185,-3.4701221507761533,0,nan,0.38666666666666666,0.15899999999777117,0.46246251324137444,0.054480635
1739,168335,-3.5387478147036795,0,nan,0.54,0.15824999999777042,0.4868265606952511,0.0524959
1740,168387,-0.2360655941673787,0,0.56,0.46153846153846156,0.15798999999777016,0.4963397737083177,0.03978553
1741,168442,-0.2110142671849995,0,nan,0.4727272727272727,0.1577149999977699,0.3007667067978454,0.035778407
1742,168477,0.20247787598576172,0,nan,0.37142857142857144,0.15753999999776971,0.370501200431479,0.040703494
1743,168627,-3.4625284131668392,0,nan,0.4066666666666667,0.15678999999776896,0.43013665184656424,0.05933454
1744,168654,0.5325674629399384,1,nan,0.5185185185185185,0.15665499999776883,0.33987425690740986,0.028856002
1745,168686,0.26000277290738827,0,nan,0.375,0.15649499999776867,0.4646422891412622,0.03413242
1746,168836,-3.4986055885989638,0,nan,0.41333333333333333,0.15574499999776792,0.5107104762812461,0.06251199
1747,168986,-3.3090899489697563,0,nan,0.48,0.15499499999776717,0.37662493533543195,0.051090136
1748,169136,-3.4237342076637405,0,nan,0.38666666666666666,0.15424499999776642,0.45620357975907255,0.057382897
1749,169286,-3.476361876159499,0,nan,0.46,0.15349499999776567,0.4220220544366047,0.055682886
1750,169436,-3.5929134419430597,0,nan,0.3933333333333333,0.15274499999776492,0.393157656933752,0.054861035
1751,169586,-3.546532416018103,0,nan,0.38,0.15199499999776417,0.44283983671957033,0.05854789
1752,169614,0.3741487556136772,0,nan,0.5,0.15185499999776403,0.3169017546766118,0.03165939
1753,169764,-3.384607840400836,0,nan,0.4666666666666667,0.15110499999776328,0.4104724648206475,0.058174707
1754,169914,-3.711973202402301,0,nan,0.5266666666666666,0.15035499999776253,0.35328305011640243,0.062163256
1755,170064,-3.3899474325598553,0,nan,0.4533333333333333,0.14960499999776178,0.32465621870762396,0.058019232
1756,170093,0.34678738177317525,0,nan,0.5862068965517241,0.14945999999776163,0.3756799824154353,0.032057833
1757,170243,-3.429226651303928,0,nan,0.43333333333333335,0.14870999999776088,0.4963596980811558,0.05285261
1758,170320,-0.8071038081941571,0,nan,0.4155844155844156,0.1483249999977605,0.4541970576022222,0.04626741
1759,170348,0.29587916632674294,0,nan,0.42857142857142855,0.14818499999776036,0.38998497198855864,0.041761268
1760,170377,0.3106027153729416,0,nan,0.5517241379310345,0.1480399999977602,0.4939819819240198,0.03558466
1761,170407,0.31818164764831014,0,nan,0.26666666666666666,0.14788999999776006,0.40840601799603593,0.035432644
1762,170471,-0.5120642323339034,0,nan,0.578125,0.14756999999775974,0.49071829468736783,0.043437943
1763,170500,0.31593317756707073,0,nan,0.41379310344827586,0.1474249999977596,0.34643881541478927,0.040534325
1764,170650,-3.3379695615389915,0,nan,0.36,0.14667499999775885,0.31493084698352525,0.058831673
1765,170800,-3.476092557822952,0,nan,0.4066666666666667,0.1459249999977581,0.5544403276694846,0.074944735
1766,170870,-0.5637602361711028,0,nan,0.5285714285714286,0.14557499999775775,0.49397134160660616,0.029027319
1767,171020,-3.5008130112448703,0,nan,0.4066666666666667,0.144824999997757,0.36022611005351934,0.056341253
1768,171170,-3.289760007481274,0,nan,0.36666666666666664,0.14407499999775625,0.4677449962579078,0.054366857
1769,171235,-0.4158630130034683,0,nan,0.38461538461538464,0.14374999999775592,0.3687786936596755,0.034713943
1770,171270,0.22271510834343822,0,0.6,0.4,0.14357499999775575,0.3870466923696059,0.038726594
1771,171299,0.3477788522220414,0,nan,0.4827586206896552,0.1434299999977556,0.34498972233091285,0.030399743
1772,171449,-3.2388798583514915,0,nan,0.4666666666666667,0.14267999999775485,0.5285311870026278,0.05568291
1773,171479,0.29991059187481317,0,nan,0.6,0.1425299999977547,0.4070919626291584,0.040972173
1774,171629,-3.470811487927545,0,nan,0.48,0.14177999999775395,0.39944314671057185,0.058162715
1775,171673,-0.047819829778790734,0,nan,0.4090909090909091,0.14155999999775373,0.5182732124247498,0.04425784
1776,171823,-3.3576130562462296,0,nan,0.4,0.14080999999775298,0.44621053612162964,0.06192007
1777,171886,-0.4625378148258241,0,nan,0.42857142857142855,0.14049499999775267,0.4399983508391971,0.03438433
1778,172036,-3.32166061998759,0,nan,0.4866666666666667,0.13974499999775192,0.4950295301336896,0.058253497
1779,172186,-3.3828902169621844,0,nan,0.4066666666666667,0.13899499999775117,0.508341641325034,0.06239127
1780,172336,-3.4229809984588138,0,nan,0.34,0.13824499999775042,0.4451604048555469,0.0528701
1781,172365,0.2857038630762263,0,nan,0.27586206896551724,0.13809999999775027,0.3249557807047759,0.044840828
1782,172515,-3.2804920832960742,0,nan,0.3933333333333333,0.13734999999774952,0.42344681768739134,0.051208485
1783,172665,-3.4375619603348455,0,nan,0.38666666666666666,0.13659999999774877,0.5432549541795242,0.06487467
1784,172694,0.3312966247804924,0,nan,0.5517241379310345,0.13645499999774863,0.38970093194363464,0.03616965
1785,172729,0.26076113191851347,0,nan,0.5142857142857142,0.13627999999774845,0.3933321713543063,0.029209482
1786,172757,0.33489234189880757,0,nan,0.5,0.1361399999977483,0.3678005638092519,0.035720013
1787,172787,0.3153958972359623,0,nan,0.5,0.13598999999774816,0.48846385959630384,0.037361
1788,172818,0.27428727576480993,0,nan,0.2903225806451613,0.135834999997748,0.43653279592067956,0.04005379
1789,172880,-0.47066466261170725,0,nan,0.5,0.1355249999977477,0.4256304836112712,0.041460503
1790,173030,-3.6164161274435545,0,nan,0.4266666666666667,0.13477499999774695,0.4750741929373129,0.06347589
1791,173058,0.3483992045082194,0,nan,0.42857142857142855,0.1346349999977468,0.3357125847875905,0.0256245
1792,173208,-3.3979988962552747,0,nan,0.4533333333333333,0.13388499999774606,0.3945484955722377,0.04938046
1793,173236,0.3438135610228984,0,nan,0.5,0.13374499999774592,0.3754883245568302,0.03615997
1794,173336,-1.4550328979212725,0,nan,0.52,0.13324499999774542,0.3450983039903673,0.048618764
1795,173486,-3.5931119811459165,0,nan,0.4066666666666667,0.13249499999774467,0.5089678279084064,0.055578187
1796,173518,0.2855543417057149,0,nan,0.375,0.1323349999977445,0.3706136507882111,0.034870483
1797,173668,-3.4676807900241347,0,nan,0.42,0.13158499999774376,0.40307263551701794,0.054205723
1798,173696,0.40748909527355226,0,nan,0.39285714285714285,0.13144499999774362,0.37692452461687126,0.030009503
1799,173729,0.26111291994529606,0,nan,0.45454545454545453,0.13127999999774345,0.3735452153992903,0.032556713
1800,173879,-3.4034668000425765,0,0.65,0.37333333333333335,0.1305299999977427,0.2797346813015927,0.057365797
1801,174029,-3.453201055208177,0,nan,0.43333333333333335,0.12977999999774195,0.4899858312778841,0.05410968
1802,174072,0.05983726641551024,0,nan,0.3953488372093023,0.12956499999774174,0.42295631243746235,0.039255984
1803,174100,0.3738021968164036,0,nan,0.5357142857142857,0.1294249999977416,0.3505650459879141,0.03399364
1804,174178,-0.779747588907345,0,nan,0.4230769230769231,0.1290349999977412,0.34065073834445697,0.052655146
1805,174239,-0.16870453062491453,0,nan,0.4262295081967213,0.1287299999977409,0.304108302116438,0.027026867
1806,174299,-0.23666073274666666,0,nan,0.3,0.1284299999977406,0.5034093526190093,0.028260946
1807,174327,0.33561975201547345,0,nan,0.42857142857142855,0.12828999999774046,0.3654337542601651,0.03649612
1808,174477,-3.4448415080758443,0,nan,0.38,0.1275399999977397,0.5332893366986412,0.050223555
1809,174506,0.3040599022754361,0,nan,0.4827586206896552,0.12739499999773957,0.3127146526614813,0.038950965
1810,174537,0.29118652600190253,0,nan,0.3548387096774194,0.1272399999977394,0.45422903408942905,0.03669568
1811,174585,-0.1408741355049219,0,nan,0.4375,0.12699999999773917,0.40449861298984424,0.041178275
1812,174735,-3.5916695007386052,0,nan,0.4533333333333333,0.12624999999773842,0.38554132136110913,0.08414148
1813,174852,-1.4966190236861021,0,nan,0.4017094017094017,0.12566499999773784,0.39752180916125407,0.036506515
1814,174889,0.26709996418625304,0,nan,0.4594594594594595,0.12547999999773765,0.3989215725565628,0.033376753
1815,175039,-3.5474632799073604,0,nan,0.38,0.1247299999977369,0.35212433794454123,0.05305486
1816,175070,0.27257577363288976,0,nan,0.5483870967741935,0.12457499999773675,0.3318511536554038,0.03280849
1817,175099,0.2906375823157611,0,nan,0.5172413793103449,0.1244299999977366,0.3918269701471542,0.034589954
1818,175102,-0.08519115732896634,0,nan,0.3333333333333333,0.12440999999773658,0.3597739321883244,0.3732719
1819,175136,0.28868093007065454,0,nan,0.5294117647058824,0.12423999999773641,0.3223797460888575,0.031920742
1820,175178,-0.0004010877316648065,0,nan,0.42857142857142855,0.1240299999977362,0.45832102632562816,0.041773267
1821,175328,-3.5409077766810846,0,nan,0.38666666666666666,0.12327999999773545,0.42264341931573757,0.06039231
1822,175368,0.049169068748230904,0,nan,0.4,0.12307999999773525,0.421185272953833,0.03765667
1823,175518,-3.3452197723554913,0,nan,0.44666666666666666,0.1223299999977345,0.3375521200627708,0.057768516
1824,175668,-3.471077714093915,0,nan,0.42,0.12157999999773375,0.5098495781914988,0.054487284
1825,175697,0.3767081760676123,0,nan,0.41379310344827586,0.1214349999977336,0.48381976313697567,0.03915959
1826,175726,0.28464688742585675,0,nan,0.4482758620689655,0.12128999999773346,0.4470580012904639,0.045092367
1827,175754,0.30332706501210027,0,nan,0.6071428571428571,0.12114999999773332,0.31157804237609654,0.03791784
1828,175789,0.19390631318045948,0,nan,0.5428571428571428,0.12097499999773315,0.5013136020143718,0.03291171
1829,175822,0.22403285064156575,0,nan,0.3333333333333333,0.12080999999773298,0.3867480196689194,0.03735038
1830,175849,0.472864261731583,0,0.65,0.37037037037037035,0.12067499999773285,0.36020679990722787,0.024002587
1831,175999,-3.3707305590174,0,nan,0.42,0.1199249999977321,0.5129109557806074,0.055590272
1832,176029,0.337354551532841,0,nan,0.5333333333333333,0.11977499999773195,0.345785357839531,0.034396026
1833,176059,0.27686842744790585,0,nan,0.3333333333333333,0.1196249999977318,0.42905450559290603,0.03555041
1834,176209,-3.296920552364776,0,nan,0.41333333333333333,0.11887499999773105,0.2764699766177303,0.055214647
1835,176239,0.32252619227298773,0,nan,0.26666666666666666,0.1187249999977309,0.4018749858980493,0.035003867
1836,176389,-3.512463420896518,0,nan,0.44,0.11797499999773015,0.47323026614560804,0.061130904
1837,176539,-3.3931427305978885,0,nan,0.37333333333333335,0.1172249999977294,0.5038762167996708,0.057538796
1838,176689,-3.591327070759326,0,nan,0.4,0.11647499999772865,0.3809668860526542,0.068154916
1839,176839,-3.435361810180846,0,nan,0.42,0.1157249999977279,0.4576554464737002,0.05825391
1840,176869,0.24068278818715128,0,nan,0.5333333333333333,0.11557499999772775,0.3721621434161726,0.038906258
1841,176906,0.1239663434848649,0,nan,0.4864864864864865,0.11538999999772756,0.4492447863054605,0.038099337
1842,177056,-3.383414920872668,0,nan,0.3933333333333333,0.11463999999772681,0.2834284041747491,0.05807657
1843,177083,0.3867107450733792,0,nan,0.3333333333333333,0.11450499999772668,0.29270424738370837,0.03353397
1844,177143,-0.23805630909811892,0,nan,0.4,0.11420499999772638,0.4613307060046702,0.036324102
1845,177293,-3.413798694929752,0,nan,0.3333333333333333,0.11345499999772563,0.38839493716417844,0.055094708
1846,177443,-3.3734616327608964,0,nan,0.4,0.11270499999772488,0.41792048168927587,0.051360186
1847,177593,-3.3382062614012176,0,nan,0.35333333333333333,0.11195499999772413,0.40985119323738894,0.058722395
1848,177651,-0.26240534457520015,0,nan,0.4827586206896552,0.11166499999772384,0.3595532955543047,0.029297562
1849,177801,-3.297451175778496,0,nan,0.4066666666666667,0.11091499999772308,0.4006742922798459,0.052516587
1850,177951,-3.3364459173762446,0,nan,0.38666666666666666,0.11016499999772233,0.39171018027629906,0.055080034
1851,178101,-3.5126924613277284,0,nan,0.38,0.10941499999772158,0.33874090131474854,0.060555276
1852,178136,0.1979556171645901,0,nan,0.37142857142857144,0.10923999999772141,0.47513083998755634,0.035486743
1853,178286,-3.3930056089462886,0,nan,0.42,0.10848999999772066,0.4915547142453691,0.049016487
1854,178436,-3.4406440126260214,0,nan,0.41333333333333333,0.10773999999771991,0.40635042184655856,0.04830128
1855,178463,0.3887039376547161,0,nan,0.18518518518518517,0.10760499999771977,0.45010013541373295,0.03825657
1856,178502,0.05768297579858361,0,nan,0.3333333333333333,0.10740999999771958,0.5154882627883732,0.053062458
1857,178542,0.07957259504715108,0,nan,0.45,0.10720999999771938,0.45008306296898964,0.04663054
1858,178576,0.27422588979711604,0,nan,0.35294117647058826,0.10703999999771921,0.528151245913088,0.024249839
1859,178607,0.2766674610097587,0,nan,0.25806451612903225,0.10688499999771905,0.4379374373080566,0.04293535
1860,178757,-3.5570013370310507,0,0.66,0.4,0.1061349999977183,0.46191143525417533,0.06416469
1861,178789,0.22475982237202086,0,nan,0.3125,0.10597499999771814,0.34166164964641416,0.03600375
1862,178939,-3.4042360155575087,0,nan,0.4,0.1052249999977174,0.3178192544888344,0.0750426
1863,178996,-0.32961849658897124,0,nan,0.47368421052631576,0.10493999999771711,0.4051051885165967,0.051891804
1864,179146,-3.342231728211454,0,nan,0.46,0.10418999999771636,0.444477923852712,0.057575766
1865,179296,-3.4749987805867737,0,nan,0.35333333333333333,0.10343999999771561,0.4210656791984058,0.060815018
1866,179332,0.20772220520336093,0,nan,0.5,0.10325999999771543,0.4173601668033322,0.03996941
1867,179482,-3.250938604235658,0,nan,0.47333333333333333,0.10250999999771468,0.3286866688879669,0.052405633
1868,179513,0.36267593524543196,0,nan,0.2903225806451613,0.10235499999771452,0.4109235318398505,0.034492064
1869,179585,-0.6668105412828039,0,nan,0.3611111111111111,0.10199499999771416,0.4509968356949939,0.035556346
1870,179623,0.1111887416552404,0,nan,0.4473684210526316,0.10180499999771397,0.5449897311189101,0.035898816
1871,179654,0.24474144849370894,0,nan,0.25806451612903225,0.10164999999771382,0.4560160139434915,0.040365864
1872,179708,-0.2666685749056662,0,nan,0.2962962962962963,0.10137999999771355,0.3270705490341115,0.04408937
1873,179772,-0.22303474682460378,0,nan,0.484375,0.10105999999771323,0.4851380554184832,0.03601839
1874,179810,0.06523245622063822,0,nan,0.5789473684210527,0.10086999999771304,0.4619593693498152,0.037802666
1875,179960,-3.389108725270988,0,nan,0.38666666666666666,0.10011999999771229,0.35367576118243327,0.052846607
1876,180110,-3.147076180922437,0,nan,0.35333333333333333,0.1,0.36355102102719644,0.060252838
1877,180145,0.25338099589264584,0,nan,0.4,0.1,0.4762403086175714,0.031757396
1878,180185,0.06256066059027465,0,nan,0.325,0.1,0.45397843290651146,0.036875002
1879,180335,-3.5067638500669673,0,nan,0.4266666666666667,0.1,0.41059971101003184,0.054676857
1880,180485,-3.139903926265866,0,nan,0.36,0.1,0.4201918449131545,0.055888034
1881,180635,-3.4687219972250363,0,nan,0.38666666666666666,0.1,0.490495892680233,0.055622667
1882,180785,-3.235960161500671,0,nan,0.32,0.1,0.34318928425745787,0.056350026
1883,180935,-3.5795983730473067,0,nan,0.4,0.1,0.424265717351882,0.081957646
1884,180984,-0.11672288775584694,0,nan,0.4489795918367347,0.1,0.47296603652393165,0.044442255
1885,181134,-3.537453977814467,0,nan,0.4266666666666667,0.1,0.4576098798937041,0.07189948
1886,181163,0.39604868516617575,0,nan,0.2413793103448276,0.1,0.3414251167047356,0.026311425
1887,181166,-0.08785249595550247,0,nan,0.6666666666666666,0.1,0.4598367495293787,0.35687256
1888,181197,0.2527606340741019,0,nan,0.3870967741935484,0.1,0.4437344235978421,0.03535649
1889,181347,-3.5757972504042526,0,nan,0.44666666666666666,0.1,0.4653998135221493,0.068655215
1890,181376,0.3269497524482916,0,0.64,0.41379310344827586,0.1,0.3702712867952933,0.03344543
1891,181526,-3.2973194227394624,0,nan,0.3333333333333333,0.1,0.4822905769609655,0.05580749
1892,181676,-3.6125652487693958,0,nan,0.4066666666666667,0.1,0.41829597013390696,0.0557659
1893,181826,-3.344572031770732,0,nan,0.44,0.1,0.36754089393404393,0.054551303
1894,181859,-0.8450280339202854,0,nan,0.2727272727272727,0.1,0.5046899156175547,0.11899636
1895,181886,0.3745941924556315,0,nan,0.4074074074074074,0.1,0.3008118543837167,0.037716724
1896,182036,-3.3539225827120758,0,nan,0.48,0.1,0.3970667752557378,0.0788389
1897,182071,0.2238988487516742,0,nan,0.5428571428571428,0.1,0.4546311783212865,0.03747338
1898,182104,0.23767431748013834,0,nan,0.5151515151515151,0.1,0.3506319970616275,0.033443213
1899,182254,-3.3452093424121268,0,nan,0.4,0.1,0.38868847217286856,0.054304097
1900,182404,-3.48378012201983,0,nan,0.41333333333333333,0.1,0.4413601165520112,0.053852584
1901,182434,0.3146353158613314,0,nan,0.3,0.1,0.44783482036180405,0.03259485
1902,182492,-0.26940916668596837,0,nan,0.4827586206896552,0.1,0.3971090684975123,0.034629628
1903,182522,0.34352277322306735,0,nan,0.4666666666666667,0.1,0.4968620936703122,0.03851998
1904,182558,0.2468785190198317,0,nan,0.3611111111111111,0.1,0.47646219440276344,0.03132349
1905,182589,0.2855012930155655,0,nan,0.41935483870967744,0.1,0.3923855294338721,0.041691564
1906,182619,0.3873818588080553,0,nan,0.43333333333333335,0.1,0.404987393114587,0.027655547
1907,182656,0.17395296753339462,0,nan,0.43243243243243246,0.1,0.42815848829914105,0.031037366
1908,182687,-0.8091805728491029,0,nan,0.3225806451612903,0.1,0.49581779155499484,0.08271668
1909,182716,0.29462125411810414,0,nan,0.4827586206896552,0.1,0.3753701494451099,0.039361242
1910,182866,-3.4246959803986488,0,nan,0.36666666666666664,0.1,0.40580156547592416,0.046836305
1911,182892,0.4913575352655517,0,nan,0.4230769230769231,0.1,0.39338931333344734,0.028997323
1912,183042,-3.3706284508501163,0,nan,0.43333333333333335,0.1,0.3932858590690949,0.055688426
1913,183192,-3.552154177542036,0,nan,0.4066666666666667,0.1,0.39867640880375893,0.061584637
1914,183222,-0.7672185134275865,0,nan,0.1,0.1,0.4064486455436838,0.085487716
1915,183283,-0.4063893446203106,0,nan,0.3442622950819672,0.1,0.40462318664602104,0.037229966
1916,183313,-0.7723176788087547,0,nan,0.16666666666666666,0.1,0.36663504075908376,0.10801646
1917,183463,-3.2246398248205463,0,nan,0.4266666666666667,0.1,0.4313597430143077,0.050836768
1918,183613,-3.3182356767672574,0,nan,0.35333333333333333,0.1,0.3035251462061454,0.07358701
1919,183763,-2.353801316411842,0,nan,0.4,0.1,0.40401883594985394,0.057741567
1920,183790,-0.705276073895071,0,0.23,0.2962962962962963,0.1,0.4438974730949171,0.45664525
1921,183820,-0.7648464924973538,0,nan,0.3333333333333333,0.1,0.49649647905444805,0.10492284
1922,183848,-0.7056601507958123,0,nan,0.25,0.1,0.3955924710707379,0.12911953
1923,183876,-0.710000059115132,0,nan,0.21428571428571427,0.1,0.5010037830998446,0.08898313
1924,184026,-3.653333529790597,0,nan,0.4666666666666667,0.1,0.3383578070180789,0.056139074
1925,184176,-3.697071526554839,0,nan,0.4266666666666667,0.1,0.33121094049695693,0.0615054
1926,184326,-3.333450805627562,0,nan,0.34,0.1,0.2934247595970909,0.053733367
1927,184358,-0.73085336725091,0,nan,0.1875,0.1,0.4273151132224413,0.11466966
1928,184508,-3.2136201630311003,0,nan,0.43333333333333335,0.1,0.40002932602092683,0.05845444
1929,184535,-0.7013084670388652,0,nan,0.3333333333333333,0.1,0.39401704669869103,0.11870632
1930,184564,0.39101648778249387,0,nan,0.3448275862068966,0.1,0.2627903522608062,0.028669536
1931,184593,-0.7620821827897273,0,nan,0.2413793103448276,0.1,0.4807828935856144,0.09688028
1932,184620,-0.7011974577678358,0,nan,0.14814814814814814,0.1,0.5329644548009628,0.07307369
1933,184645,0.4532214385911214,0,nan,0.4,0.1,0.31714326559930117,0.025763752
1934,184670,-0.6364819371795226,0,nan,0.16,0.1,0.5374410158259811,0.21466424
1935,184698,-0.7155675139403177,0,nan,0.21428571428571427,0.1,0.3651335878925754,0.09669284
1936,184741,0.01011643568814602,0,nan,0.5581395348837209,0.1,0.32594671962610083,0.033395186
1937,184770,0.3620974317483867,0,nan,0.41379310344827586,0.1,0.3756415283213572,0.03236438
1938,184799,-0.7697244291577436,0,nan,0.1724137931034483,0.1,0.3881505045732757,0.10054546
1939,184884,-0.9483792215014801,0,nan,0.43529411764705883,0.1,0.41807494734028877,0.03181292
1940,184912,0.35681814398777845,0,nan,0.42857142857142855,0.1,0.35023365436599985,0.03451526
1941,185062,-3.3553427520357006,0,nan,0.44666666666666666,0.1,0.29998400056284025,0.053129263
1942,185089,-0.6942582465461976,0,nan,0.25925925925925924,0.1,0.5165980157117764,0.110912286
1943,185239,-3.4546096756815454,0,nan,0.46,0.1,0.3409395319377594,0.06518004
1944,185389,-3.2912862099802624,0,nan,0.42,0.1,0.3243545813023642,0.054496385
1945,185418,0.33909334753988996,0,nan,0.3448275862068966,0.1,0.33755303343952975,0.028743293
1946,185445,-0.7172647906245572,0,nan,0.3333333333333333,0.1,0.4263927497318602,0.07159665
1947,185595,-3.2892984880577676,0,nan,0.41333333333333333,0.1,0.32388143144916226,0.052142974
1948,185745,-3.2807074177379243,0,nan,0.38,0.1,0.3483602092376791,0.050749514
1949,185895,-3.1655266470623227,0,nan,0.38,0.1,0.37629976906101287,0.05152873
1950,186045,-3.3510858463824933,0,0.24,0.44666666666666666,0.1,0.31585629550741673,0.07385059
1951,186074,-0.6727655794816416,0,nan,0.41379310344827586,0.1,0.5034616705718106,0.09721086
1952,186101,-0.7064829007255409,0,nan,0.18518518518518517,0.1,0.4626749802269776,0.10960988
1953,186132,-0.7667905037677901,0,nan,0.22580645161290322,0.1,0.42982952227693294,0.09338682
1954,186162,-0.7709455771297143,0,nan,0.3333333333333333,0.1,0.4167559348011321,0.0764306
1955,186312,-3.4184912221388983,0,nan,0.41333333333333333,0.1,0.3294752665351887,0.06313106
1956,186462,-3.3207943181753294,0,nan,0.3933333333333333,0.1,0.4713258896515326,0.056110248
1957,186612,-3.2463164241118356,0,nan,0.4,0.1,0.32830754095804976,0.05715395
1958,186640,-0.7062040012718354,0,nan,0.2857142857142857,0.1,0.3891075061098554,0.11071638
1959,186790,-3.0998328391142516,0,nan,0.4,0.1,0.29764032380311,0.053615887
1960,186819,-0.730113681710208,0,nan,0.27586206896551724,0.1,0.475395848682082,0.124767005
1961,186847,-0.7003819447837024,0,nan,0.14285714285714285,0.1,0.3863700317491728,0.08582337
1962,186883,-0.9346817351348986,0,nan,0.2777777777777778,0.1,0.3370951221307966,0.089029044
1963,186914,-0.7786831967099103,0,nan,0.1935483870967742,0.1,0.4743513666865426,0.089558944
1964,186945,-0.6665903704026255,0,nan,0.3548387096774194,0.1,0.4923833548260419,4.1530766
1965,186977,-0.796043267457501,0,nan,0.25,0.1,0.4065604847922786,0.12609822
1966,187006,0.33673963643363025,0,nan,0.3448275862068966,0.1,0.3169385830205641,0.03439646
1967,187047,-1.0368714437470765,0,nan,0.24390243902439024,0.1,0.42115092476632826,0.0883499
1968,187078,0.2593462436734604,0,nan,0.3225806451612903,0.1,0.3407939426049745,0.04387436
1969,187228,-3.6254310770935816,0,nan,0.36,0.1,0.4695480339068626,0.06964321
1970,187378,-3.5949248601854347,0,nan,0.42,0.1,0.4581853262103774,0.071542166
1971,187411,-0.7693473947220364,0,nan,0.45454545454545453,0.1,0.4926464396138911,0.07903621
1972,187561,-3.3462640666394656,0,nan,0.4533333333333333,0.1,0.423682016367114,0.055463016
1973,187711,-3.344871423791606,0,nan,0.3466666666666667,0.1,0.49437522907924114,0.061824206
1974,187861,-3.367758365571898,0,nan,0.44666666666666666,0.1,0.3575221841991141,0.062188156
1975,188011,-3.3689827677807425,0,nan,0.41333333333333333,0.1,0.3095397376712473,0.056455925
1976,188050,-0.9462770528798172,0,nan,0.5384615384615384,0.1,0.4374496215368476,0.06479239
1977,188200,-3.162658149301873,0,nan,0.48,0.1,0.41693453294982086,0.053809095
1978,188350,-3.2654880579342476,0,nan,0.38666666666666666,0.1,0.4546637553392512,0.05545718
1979,188409,-1.1893273416000527,0,nan,0.4576271186440678,0.1,0.3725390949783633,0.04878774
1980,188559,-3.2089996708900426,0,0.47,0.3333333333333333,0.1,0.32878677425190966,0.056096643
1981,188671,-1.4844364479933518,0,nan,0.45535714285714285,0.1,0.3860038592434976,0.054007117
1982,188821,-3.495070307686657,0,nan,0.32,0.1,0.4505080222547762,0.06337071
1983,188852,0.328054863558519,0,nan,0.3870967741935484,0.1,0.40431654449460064,0.032766167
1984,188884,0.22500972695949617,0,nan,0.375,0.1,0.37425083218565475,0.04427204
1985,188916,0.2846702691018994,0,nan,0.4375,0.1,0.44123574318059733,0.03748624
1986,188947,0.3090273832364252,0,nan,0.16129032258064516,0.1,0.2994654058628671,0.0363964
1987,188976,0.3534141935031947,0,nan,0.5172413793103449,0.1,0.4857356888501513,0.035948362
1988,189052,-0.7223396965259483,0,nan,0.4868421052631579,0.1,0.4254964946578227,0.037273552
1989,189202,-3.5508181369105727,0,nan,0.4266666666666667,0.1,0.3331284733060221,0.10154737
1990,189267,-0.48459372052451,0,nan,0.3384615384615385,0.1,0.4443811813640764,0.046458874
1991,189417,-3.4179564196134775,0,nan,0.38666666666666666,0.1,0.32958751855449053,0.07065044
1992,189446,0.24883928793027932,0,nan,0.4827586206896552,0.1,0.3847669117361155,0.045892075
1993,189479,0.2681629123913478,0,nan,0.5757575757575758,0.1,0.47409276857689814,0.02973834
1994,189507,0.3700920969778322,0,nan,0.35714285714285715,0.1,0.29874859234724893,0.028438972
1995,189657,-3.4102957368977367,0,nan,0.41333333333333333,0.1,0.43651143100340034,0.059300974
1996,189807,-3.4323517463893465,0,nan,0.49333333333333335,0.1,0.5108659574714566,0.06270983
1997,189876,-0.4889035298694404,0,nan,0.4057971014492754,0.1,0.42469920348713014,0.041397087
1998,190026,-3.274497699664172,0,nan,0.42,0.1,0.3046947004188773,0.052321766
1999,190058,0.31219905326495057,0,nan,0.46875,0.1,0.3823881754817659,0.028729146
2000,190208,-3.279736300501681,0,nan,0.38,0.1,0.4459032711685124,0.07652149
2001,190238,0.32500822099748017,0,nan,0.3,0.1,0.4225048928106106,0.04388517
2002,190388,-3.290753685112266,0,nan,0.48,0.1,0.4807329659543991,0.054923635
2003,190415,0.4321621902396474,0,nan,0.4074074074074074,0.1,0.2951863310427718,0.03176324
2004,190467,-0.22577827612013457,0,nan,0.4807692307692308,0.1,0.5282210625349181,0.040528234
2005,190617,-3.2458604406805045,0,nan,0.5,0.1,0.43095729018473555,0.05407931
2006,190767,-3.4359892780245036,0,nan,0.36,0.1,0.3910464215673812,0.05550176
2007,190813,-0.09737308887216634,0,nan,0.41304347826086957,0.1,0.4278685558686568,0.035695557
2008,190963,-3.144679324459231,0,nan,0.47333333333333333,0.1,0.4887378832182627,0.0516329
2009,190999,0.21201290342813173,0,nan,0.4444444444444444,0.1,0.49537903127791244,0.036819883
2010,191028,0.30566651700311065,0,0.47,0.41379310344827586,0.1,0.3831701465803865,0.04142157
2011,191178,-3.5365181920475854,0,nan,0.31333333333333335,0.1,0.3853117107566824,0.059016693
2012,191328,-3.368530313630255,0,nan,0.43333333333333335,0.1,0.3058958655595146,0.053395174
2013,191478,-3.443670215704061,0,nan,0.37333333333333335,0.1,0.38979575725222393,0.056788463
2014,191546,-0.531489406222788,0,nan,0.38235294117647056,0.1,0.4837320904774805,0.037678678
2015,191688,-2.382050366599866,0,nan,0.3873239436619718,0.1,0.3624601722183754,0.054677363
2016,191721,0.26108956306317377,0,nan,0.3939393939393939,0.1,0.33060009739104634,0.034249127
2017,191871,-3.183193081015579,0,nan,0.37333333333333335,0.1,0.4336008419026483,0.058149718
2018,192021,-3.314194149069588,0,nan,0.44666666666666666,0.1,0.4698184693819832,0.06468519
2019,192171,-3.6337039531772843,0,nan,0.4,0.1,0.3465787221953495,0.0645707
2020,192200,0.34464628076705817,0,nan,0.3448275862068966,0.1,0.37296900491501345,0.03737221
2021,192227,0.3730538977528308,0,nan,0.48148148148148145,0.1,0.25843217775884425,0.027591432
2022,192377,-3.1800275500840227,0,nan,0.4,0.1,0.28723516538629806,0.057216264
2023,192405,0.3786605411707019,0,nan,0.39285714285714285,0.1,0.37606365857430596,0.03070425
2024,192498,-1.0016644189601038,0,nan,0.44086021505376344,0.1,0.5095487636622219,0.034771208
2025,192525,0.42575239197660153,0,nan,0.4074074074074074,0.1,0.3802106840710559,0.03156405
2026,192554,0.3064853762950458,0,nan,0.20689655172413793,0.1,0.44163422954746445,0.03601339
2027,192704,-3.3167872771867386,0,nan,0.3933333333333333,0.1,0.3915204204735343,0.06332479
2028,192854,-3.633440575809174,0,nan,0.38666666666666666,0.1,0.37491281869767845,0.055845413
2029,192914,-0.3459474503802358,0,nan,0.43333333333333335,0.1,0.35188631354248207,0.036169168
2030,192943,0.31772981675708023,0,nan,0.41379310344827586,0.1,0.40256427060715055,0.027321117
2031,193093,-3.353493717817526,0,nan,0.34,0.1,0.5236386043358521,0.049297404
2032,193243,-3.5459014432936624,0,nan,0.44,0.1,0.50117917937021,0.06520789
2033,193288,0.0247195276650094,0,nan,0.24444444444444444,0.1,0.3558030629617,0.03329697
2034,193316,0.424679784619995,0,nan,0.5357142857142857,0.1,0.37952171689398123,0.031964622
2035,193407,-0.9276771388797014,0,nan,0.3956043956043956,0.1,0.38064472029735463,0.03235778
2036,193557,-3.2479171468269614,0,nan,0.38,0.1,0.4473620027907809,0.055177484
2037,193590,0.3188897450075039,0,nan,0.3333333333333333,0.1,0.4821959771251751,0.030126423
2038,193671,-0.7517099865280054,0,nan,0.30864197530864196,0.1,0.4654765436195004,0.03865939
2039,193702,0.2736353507483644,0,nan,0.4838709677419355,0.1,0.3888374034468762,0.03370943
2040,193762,-0.28153985351517996,0,0.77,0.38333333333333336,0.1,0.43964531913079397,0.035284996
2041,193912,-3.1607821668340286,0,nan,0.28,0.1,0.463535302052984,0.056988087
2042,193941,0.3738986368867019,0,nan,0.4482758620689655,0.1,0.438653658495107,0.02798276
2043,193968,0.44489699565830043,0,nan,0.4444444444444444,0.1,0.325807592947638,0.03261205
2044,193996,0.3739166722761147,0,nan,0.35714285714285715,0.1,0.3560637000468933,0.02737775
2045,194090,-1.1453340268282928,0,nan,0.40425531914893614,0.1,0.49836795611275814,0.04494984
2046,194124,0.22156646671361502,0,nan,0.4117647058823529,0.1,0.4993742352144248,0.0407607
2047,194274,-3.1672752036631935,0,nan,0.46,0.1,0.3103277269607126,0.044111673
2048,194424,-3.4117271338369792,0,nan,0.43333333333333335,0.1,0.4376097160772878,0.055336025
2049,194574,-3.4259002448241667,0,nan,0.4533333333333333,0.1,0.4171576597106694,0.06879028
2050,194724,-3.548371409596655,0,nan,0.3466666666666667,0.1,0.28693362752730306,0.072721906
2051,194761,0.13846583975560167,0,nan,0.40540540540540543,0.1,0.5056379942314542,0.037565563
2052,194833,-0.49608999745819626,0,nan,0.4444444444444444,0.1,0.33399152959977946,0.041789938
2053,194889,-0.299774770025508,0,nan,0.48214285714285715,0.1,0.4156991150859937,0.039965063
2054,195039,-3.4610684367651263,0,nan,0.4266666666666667,0.1,0.3891770027940673,0.04958607
2055,195079,0.06822754901716344,0,nan,0.425,0.1,0.4184419510684145,0.035257526
2056,195109,0.2957519182823575,0,nan,0.3,0.1,0.415994310279641,0.033182856
2057,195139,0.3230445767787615,0,nan,0.23333333333333334,0.1,0.5058442156177663,0.028418116
2058,195172,0.18980309673520046,0,nan,0.36363636363636365,0.1,0.4752731595524413,0.039909113
2059,195204,0.24436953790718463,0,nan,0.3125,0.1,0.4741768132690944,0.035319895
2060,195354,-3.384702997707203,0,nan,0.3933333333333333,0.1,0.3376266907865422,0.058547083
2061,195423,-0.44362296055612327,0,nan,0.4492753623188406,0.1,0.3356985747858111,0.040817883
2062,195573,-3.4855513291552866,0,nan,0.36666666666666664,0.1,0.43500043262199345,0.057961788
2063,195602,0.2877126696920903,0,nan,0.3793103448275862,0.1,0.35809111433400587,0.035992935
2064,195660,-0.2661943136647943,0,nan,0.41379310344827586,0.1,0.37721058169615296,0.038821608
2065,195695,0.09985099594550784,0,nan,0.45714285714285713,0.1,0.49537662721346676,0.048826654
2066,195743,-0.11479366401488122,0,nan,0.375,0.1,0.45408790778422387,0.045679327
2067,195893,-3.1813161182232546,0,nan,0.38,0.1,0.4101641026214512,0.051900636
2068,196043,-3.327568166244201,0,nan,0.36,0.1,0.39742858278230286,0.05562419
2069,196193,-3.5105197570337814,0,nan,0.4,0.1,0.30868720628792984,0.056630235
2070,196224,0.275343254294251,0,0.69,0.4838709677419355,0.1,0.26584864058523155,0.036642276
2071,196271,-0.07995910862971733,0,nan,0.3829787234042553,0.1,0.390806455525497,0.045357604
2072,196311,0.0804545953300404,0,nan,0.3,0.1,0.4588568365035217,0.031793706
2073,196392,-0.819231772391702,0,nan,0.43209876543209874,0.1,0.44382602871362,0.039008193
2074,196542,-3.33265447563296,0,nan,0.36666666666666664,0.1,0.40103525575827725,0.05203695
2075,196692,-3.3815754850411284,0,nan,0.38,0.1,0.44335042780977263,0.05396249
2076,196842,-3.526416610887697,0,nan,0.37333333333333335,0.1,0.4413134293162858,0.055585347
2077,196953,-1.4982000933953368,0,nan,0.38738738738738737,0.1,0.5028288323738941,0.045307104
2078,197103,-3.3703471649496377,0,nan,0.30666666666666664,0.1,0.36047995111104253,0.06061346
2079,197253,-3.1291242412758136,0,nan,0.4533333333333333,0.1,0.39828394340554024,0.04359823
2080,197284,0.3100004356246622,0,nan,0.3548387096774194,0.1,0.42937239157770063,0.02703502
2081,197333,-1.1487233509714,0,nan,0.42857142857142855,0.1,0.4484992962643325,0.060589265
2082,197483,-3.594293456030281,0,nan,0.3933333333333333,0.1,0.2565601924746968,0.07013112
2083,197512,0.30775408582904507,0,nan,0.41379310344827586,0.1,0.4280386214075233,0.034267105
2084,197558,-0.02162110720246402,0,nan,0.34782608695652173,0.1,0.38949838042250917,0.043042723
2085,197590,0.2410707308785569,0,nan,0.28125,0.1,0.49874004918188636,0.03630365
2086,197740,-3.3178524441833406,0,nan,0.3466666666666667,0.1,0.35366716142429694,0.056713104
2087,197890,-3.43103502359185,0,nan,0.44666666666666666,0.1,0.33419117439342616,0.051949453
2088,197952,-0.32706633753325687,0,nan,0.45161290322580644,0.1,0.3954791533704253,0.03344268
2089,198004,-1.1198419213225492,0,nan,0.5,0.1,0.3217700552277383,0.05916909
2090,198032,0.40752058565980454,0,nan,0.39285714285714285,0.1,0.34777090326904353,0.028053384
2091,198182,-3.5392458898286145,0,nan,0.42,0.1,0.383400940806745,0.060043454
2092,198308,-1.6862540804615735,0,nan,0.49206349206349204,0.1,0.3155046993994754,0.050459187
2093,198338,0.3151601256367449,0,nan,0.4,0.1,0.29824253629947567,0.031021914
2094,198368,0.3345811065228068,0,nan,0.3333333333333333,0.1,0.40507809582281334,0.03495687
2095,198398,0.31312420559443244,0,nan,0.43333333333333335,0.1,0.38444823067465184,0.038671896
2096,198548,-3.3674514655509977,0,nan,0.36666666666666664,0.1,0.3581565251655804,0.0563292
2097,198575,0.4064384821971161,0,nan,0.2962962962962963,0.1,0.2746315119992689,0.027703958
2098,198725,-3.331342505019528,0,nan,0.34,0.1,0.4352029924440076,0.057923622
2099,198755,0.352414675514513,0,nan,0.2,0.1,0.34447745080114056,0.03129354
2100,198818,-0.43446197256799335,0,0.68,0.4603174603174603,0.1,0.4060097138377632,0.044863228
2101,198922,-1.321576598248941,0,nan,0.3269230769230769,0.1,0.27058920887569865,0.048191268
2102,198945,0.5013682075199892,1,nan,0.43478260869565216,0.1,0.2672970188890896,0.02906828
2103,199038,-1.1353613549801982,0,nan,0.41935483870967744,0.1,0.35695241286687845,0.03833087
2104,199069,0.2974149670108456,0,nan,0.3870967741935484,0.1,0.3502695309103933,0.028318845
2105,199219,-3.539355316244948,0,nan,0.4,0.1,0.4606684590896012,0.05429797
2106,199249,0.30078609810696777,0,nan,0.36666666666666664,0.1,0.46368508230438515,0.036835212
2107,199310,-0.3362698751250779,0,nan,0.36065573770491804,0.1,0.2778716989670872,0.039025195
2108,199460,-3.4572532261909776,0,nan,0.38,0.1,0.3415728074526367,0.060292047
2109,199490,0.32760623843727,0,nan,0.4666666666666667,0.1,0.47253129994574394,0.024702298
2110,199521,0.3299439940024437,0,nan,0.3225806451612903,0.1,0.443872901090504,0.031478517
2111,199671,-3.3194600141576784,0,nan,0.30666666666666664,0.1,0.45497535669034017,0.058250308
2112,199821,-3.4971475232069977,0,nan,0.4666666666666667,0.1,0.44223205194939613,0.060697913
2113,199880,-0.34423324851230275,0,nan,0.4745762711864407,0.1,0.38913483509478514,0.040314827
2114,200030,-3.1313055431452814,0,nan,0.4533333333333333,0.1,0.4469454041517999,0.055553976
