episode,frames,return,Lc,La,Lbc,ratio,test
0,138,1.0,3.662672298787584e-08,-0.009857060387730598,0.0,1.0,0
1,288,0.0,0.0013477234169840813,0.0689401626586914,0.0795726552605629,1.0,0
2,428,1.0,0.0010204364079982042,0.0061575379222631454,0.016887616366147995,1.0,0
3,575,1.0,0.0004145116836298257,0.0002867216244339943,0.01118504162877798,1.0,0
4,725,0.0,0.0004798141890205443,-0.005251011811196804,0.006172602064907551,0.9866666666666667,0
5,871,1.0,0.0009127933299168944,0.004228790290653706,0.01573179103434086,1.0,0
6,1021,0.0,0.00032615603413432837,-0.005349050275981426,0.006207028403878212,0.9933333333333333,0
7,1157,1.0,9.068509825738147e-05,-0.008053326979279518,0.0032521961256861687,0.9852941176470589,0
8,1307,0.0,0.0004852704587392509,-0.009974383749067783,0.0015875009121373296,0.9933333333333333,0
9,1446,1.0,6.465828482760116e-05,-0.010216517373919487,0.0012014566455036402,1.0,0
10,1596,0.0,0.00026486971182748675,-0.010175921022891998,0.0013380914460867643,0.9866666666666667,0
11,1743,1.0,0.00015612778952345252,-0.009076415561139584,0.002742655575275421,0.9931972789115646,0
12,1888,1.0,0.00015051360242068768,-0.01111084409058094,0.0007909652777016163,0.9862068965517241,0
13,2038,0.0,0.00011623870523180813,-0.011287255212664604,0.0010139221558347344,0.9933333333333333,0
14,2188,0.0,0.00011476653162389994,-0.010737468488514423,0.001424586633220315,0.9933333333333333,0
15,2338,0.0,9.391677303938195e-05,-0.011070061475038528,0.0005917879170738161,0.9866666666666667,0
16,2488,0.0,3.5892819141736254e-05,-0.011593865230679512,0.0004678686091210693,0.9933333333333333,0
17,2625,1.0,6.856786785647273e-05,-0.011483422480523586,0.0007524616667069495,0.9635036496350365,0
18,2775,0.0,3.967490192735568e-05,-0.010741149075329304,0.0014188068453222513,0.9866666666666667,0
19,2925,0.0,2.2040738258510828e-05,-0.011051476001739502,0.0008530996856279671,0.9866666666666667,0
20,3072,1.0,5.115775275044143e-05,-0.011954286135733128,0.0006283550173975527,0.9931972789115646,0
21,3213,1.0,3.0116323614493012e-05,-0.011739256791770458,0.000589224451687187,0.9929078014184397,0
22,3361,1.0,2.5964054657379165e-05,-0.011716862209141254,0.0004652503994293511,0.9932432432432432,0
23,3511,0.0,7.355972775258124e-05,-0.011448998935520649,0.0004057071637362242,0.96,0
24,3661,0.0,5.442999099614099e-05,-0.011604289524257183,0.0005035902722738683,0.9933333333333333,0
25,3808,1.0,3.369373735040426e-05,-0.011029421351850033,0.0008328480762429535,0.9795918367346939,0
26,3958,0.0,5.432169928099029e-05,-0.011679491028189659,0.0005606869817711413,1.0,0
27,4108,0.0,2.828260403475724e-05,-0.010836303234100342,0.0007324620964936912,0.9866666666666667,0
28,4258,1.0,2.364179636060726e-05,-0.011854229494929314,0.00036655855365097523,0.9666666666666667,0
29,4406,1.0,3.4627020795596763e-05,-0.012237326242029667,0.00023010735458228737,0.9797297297297297,0
30,4556,0.0,0.00010475867748027667,-0.011926324106752872,0.00043811011710204184,0.9933333333333333,0
31,4698,1.0,2.802622111630626e-05,-0.012053506448864937,0.00035539036616683006,0.9859154929577465,0
32,4838,1.0,2.534482700866647e-05,-0.011970828287303448,0.0004634512879420072,0.9928571428571429,0
33,4988,0.0,2.207003126386553e-05,-0.010935614816844463,0.0012434531236067414,0.98,0
34,5138,0.0,1.5016512406873517e-05,-0.011645065620541573,0.0005698512541130185,0.98,0
35,5288,0.0,3.841884608846158e-05,-0.01193734910339117,0.0006520032766275108,0.9666666666666667,0
36,5430,1.0,3.5708158975467086e-05,-0.012246286496520042,0.0003834594681393355,0.9647887323943662,0
37,5574,1.0,2.9502933102776296e-05,-0.011898976750671864,0.0004176519578322768,0.9861111111111112,0
38,5724,1.0,1.888103724922985e-05,-0.012116563506424427,0.00042478283285163343,0.98,0
39,5874,0.0,1.7376747564412653e-05,-0.012019519694149494,0.0004584956041071564,0.98,0
40,6024,0.0,2.18944187508896e-05,-0.01194068230688572,0.00028746799216605723,0.9533333333333334,0
41,6173,1.0,1.8388825992587954e-05,-0.012110015377402306,0.000544175913091749,0.9865771812080537,0
42,6323,0.0,2.0369585399748757e-05,-0.012185218743979931,0.0003637096961028874,0.98,0
43,6473,0.0,3.837486292468384e-05,-0.011261886917054653,0.0011162178125232458,0.96,0
44,6623,0.0,2.486321682226844e-05,-0.01132698729634285,0.001048184698447585,0.9866666666666667,0
45,6771,1.0,3.957387525588274e-05,-0.011972256936132908,0.0007158985245041549,0.9527027027027027,0
46,6921,0.0,2.9495995477191173e-05,-0.012265845201909542,0.00045022679842077196,1.0,0
47,7071,0.0,5.0074711907655e-05,-0.012029983103275299,0.0007140903035178781,0.9533333333333334,0
48,7219,1.0,5.450776370707899e-05,-0.012165014632046223,0.00045729478006251156,0.9932432432432432,0
49,7369,1.0,1.572885776113253e-05,-0.01212387066334486,0.0004275324463378638,0.9733333333333334,0
50,7505,1.0,1.341122970188735e-05,-0.011834579519927502,0.0006322154658846557,0.9779411764705882,0
51,7655,0.0,1.6050518752308562e-05,-0.012499931268393993,0.00023254123516380787,0.96,0
52,7795,1.0,1.5856870959396474e-05,-0.012029656209051609,0.000455528061138466,0.9714285714285714,0
53,7933,1.0,1.3755044165009167e-05,-0.012176732532680035,0.0004654740041587502,0.927536231884058,0
54,8078,1.0,2.036962177953683e-05,-0.012041176669299603,0.00035822426434606314,0.9724137931034482,0
55,8228,0.0,1.6290676285279915e-05,-0.011216766200959682,0.0011845604749396443,0.9666666666666667,0
56,8378,0.0,2.9628490665345453e-05,-0.012000104412436485,0.0006274893530644476,0.96,0
57,8521,1.0,3.4131247957702726e-05,-0.011119726113975048,0.001743016648106277,0.951048951048951,0
58,8671,0.0,1.5357352822320536e-05,-0.012023861519992352,0.0004055763129144907,0.9866666666666667,0
59,8813,1.0,3.0211598641471937e-05,-0.012437302619218826,0.0006720027304254472,0.9366197183098591,0
60,8960,1.0,2.4392673367401585e-05,-0.012145480141043663,0.0004805072967428714,0.9455782312925171,0
61,9100,1.0,2.7476933610159904e-05,-0.01197762694209814,0.0004803267656825483,0.9785714285714285,0
62,9243,1.0,2.0856325136264786e-05,-0.012540202587842941,0.00030639770557172596,0.993006993006993,0
63,9382,1.0,2.2785008695791475e-05,-0.012477315962314606,0.00048542319564148784,0.9712230215827338,0
64,9532,0.0,2.0883624529233202e-05,-0.012752442620694637,0.0003649921272881329,0.98,0
65,9673,1.0,2.9495262424461544e-05,-0.012287959456443787,0.0004663133295252919,0.9432624113475178,0
66,9823,0.0,2.3613989469595253e-05,-0.013050918467342854,0.0005412534228526056,0.9866666666666667,0
67,9973,0.0,3.657816705526784e-05,-0.012872316874563694,0.0003587102401070297,0.92,0
68,10109,1.0,4.3074378481833264e-05,-0.012480376288294792,0.0007447091047652066,0.9411764705882353,0
69,10259,0.0,2.939872138085775e-05,-0.01203690655529499,0.0009409220656380057,0.98,0
70,10403,1.0,3.424620445002802e-05,-0.012233179062604904,0.0008241316536441445,0.9444444444444444,0
71,10553,0.0,5.488002352649346e-05,-0.012416047975420952,0.0009170644916594028,0.9666666666666667,0
72,10695,1.0,1.5630164853064343e-05,-0.013128906488418579,0.00036188572994433343,0.9507042253521126,0
73,10845,0.0,2.7406145818531513e-05,-0.012692042626440525,0.000490330217871815,0.9466666666666667,0
74,10995,0.0,3.6833745980402455e-05,-0.013011502102017403,0.00041914221947081387,0.9666666666666667,0
75,11140,1.0,3.569395994418301e-05,-0.012894900515675545,0.0004670708440244198,0.9655172413793104,0
76,11290,0.0,3.336702138767578e-05,-0.012966697104275227,0.00036441662814468145,0.9733333333333334,0
77,11430,1.0,1.7594898963579908e-05,-0.012774106115102768,0.00036809282028116286,0.9428571428571428,0
78,11580,0.0,2.146741644537542e-05,-0.013185434974730015,0.000326706183841452,0.9533333333333334,0
79,11730,0.0,3.1493385904468596e-05,-0.013018351048231125,0.00036256760358810425,0.9066666666666666,0
80,11870,1.0,3.276978895883076e-05,-0.012754450552165508,0.00032038643257692456,0.9571428571428572,0
81,12020,0.0,1.9661190890474245e-05,-0.013066117651760578,0.00040563082438893616,0.9866666666666667,0
82,12170,0.0,2.0724193745991215e-05,-0.013058233074843884,0.00048303097719326615,0.9533333333333334,0
83,12320,0.0,2.384059007454198e-05,-0.013269474729895592,0.00037228927249088883,0.92,0
84,12458,1.0,3.589902917155996e-05,-0.013138215988874435,0.00033701147185638547,0.9492753623188406,0
85,12604,1.0,4.097535565961152e-05,-0.013231316581368446,0.00020830654830206186,0.958904109589041,0
86,12754,0.0,1.942267408594489e-05,-0.012456324882805347,0.0005573740345425904,0.9466666666666667,0
87,12897,1.0,1.609065839147661e-05,-0.01296937558799982,0.0003589508996810764,0.9440559440559441,0
88,13034,1.0,1.352856088487897e-05,-0.01300815399736166,0.0004365713684819639,0.9781021897810219,0
89,13175,1.0,4.3390980863478035e-05,-0.013057763688266277,0.0004009264812339097,0.9432624113475178,0
90,13325,0.0,2.5742858269950375e-05,-0.01260426640510559,0.00045356363989412785,0.9333333333333333,0
91,13472,1.0,2.4180495529435575e-05,-0.013222095556557178,0.00020984314323868603,0.9727891156462585,0
92,13622,0.0,3.865965845761821e-05,-0.013301319442689419,0.0003496910212561488,0.94,0
93,13767,1.0,4.5225839130580425e-05,-0.013243050314486027,0.00028777928673662245,0.9655172413793104,0
94,13917,0.0,3.516497235978022e-05,-0.013104181736707687,0.00032017764169722795,0.9466666666666667,0
95,14067,0.0,3.3943113521672785e-05,-0.012937959283590317,0.0005408230936154723,0.94,0
96,14217,0.0,3.6626872315537184e-05,-0.013027360662817955,0.0007170387543737888,0.94,0
97,14361,1.0,5.417809006758034e-05,-0.01296230498701334,0.0005207815556786954,0.9375,0
98,14511,0.0,2.4898208721424453e-05,-0.013023735955357552,0.0006076947320252657,0.9466666666666667,0
99,14661,0.0,2.680024044821039e-05,-0.012067992240190506,0.001415985869243741,0.96,0
100,14806,1.0,2.934135409304872e-05,-0.013276645913720131,0.00044182714191265404,0.9379310344827586,0
101,14950,1.0,3.8160338590387255e-05,-0.013472380116581917,0.00038302733446471393,0.9236111111111112,0
102,15100,0.0,4.509079008130357e-05,-0.01356290653347969,0.0002065508597297594,0.9333333333333333,0
103,15250,0.0,1.7183228919748217e-05,-0.013497063890099525,0.00026070731109939516,0.9533333333333334,0
104,15400,0.0,1.9442964912741445e-05,-0.013103053905069828,0.0002511796192266047,0.9333333333333333,0
105,15550,0.0,2.6364068617112935e-05,-0.013243732042610645,0.0005286339437589049,0.94,0
106,15690,1.0,2.6579253244563006e-05,-0.01334986463189125,0.0002816513297148049,0.9357142857142857,0
107,15840,0.0,2.3593465812155046e-05,-0.01320510171353817,0.00023768062237650156,0.94,0
108,15989,1.0,1.8078488210448995e-05,-0.013265485875308514,0.00040981394704431295,0.9194630872483222,0
109,16132,1.0,2.3975408112164587e-05,-0.013046287931501865,0.00041694988613016903,0.9440559440559441,0
110,16282,0.0,2.314638186362572e-05,-0.013362634927034378,0.00022857320436742157,0.9733333333333334,0
111,16430,1.0,2.2864969650981948e-05,-0.013053887523710728,0.00033776421332731843,0.9391891891891891,0
112,16580,0.0,1.45576850627549e-05,-0.012888539582490921,0.00037485136999748647,0.94,0
113,16730,1.0,2.676827716641128e-05,-0.01344320084899664,0.00028914347058162093,0.9466666666666667,0
114,16877,1.0,6.386986206052825e-05,-0.013305149972438812,0.0004888087860308588,0.9387755102040817,0
115,17024,1.0,1.6571837477385998e-05,-0.013432030566036701,0.00028140205540694296,0.9523809523809523,0
116,17174,0.0,1.4316519809653983e-05,-0.013207372277975082,0.00022410505334846675,0.9733333333333334,0
117,17324,0.0,2.090915950248018e-05,-0.013218977488577366,0.0004916668403893709,0.9133333333333333,0
118,17469,1.0,1.8071248632622883e-05,-0.012961847707629204,0.00040771078784018755,0.9310344827586207,0
119,17617,1.0,3.511225077090785e-05,-0.01324089989066124,0.00023847119882702827,0.9391891891891891,0
120,17760,1.0,3.498081787256524e-05,-0.012892147526144981,0.00024190984549932182,0.9370629370629371,0
121,17910,0.0,3.646436016424559e-05,-0.013372211717069149,0.00033375454950146377,0.9466666666666667,0
122,18060,0.0,2.732317261688877e-05,-0.013646191917359829,0.0002122381265508011,0.94,0
123,18210,0.0,3.603470395319164e-05,-0.013637050054967403,0.0003585217928048223,0.94,0
124,18345,1.0,2.536335523473099e-05,-0.013231223449110985,0.0003586185921449214,0.9259259259259259,0
125,18483,1.0,2.6956382498610765e-05,-0.012919511646032333,0.00034219902590848505,0.9347826086956522,0
126,18631,1.0,3.254160765209235e-05,-0.013320877216756344,0.00031226564897224307,0.9256756756756757,0
127,18781,0.0,1.7262173059862107e-05,-0.01330858189612627,0.00026417282060720026,0.9266666666666666,0
128,18926,1.0,3.475281482678838e-05,-0.01288190484046936,0.00024781996035017073,0.8689655172413793,0
129,19076,0.0,2.243330527562648e-05,-0.013256833888590336,0.0002689423563424498,0.92,0
130,19215,1.0,2.1947309505776502e-05,-0.01325041614472866,0.00040301145054399967,0.9136690647482014,0
131,19359,1.0,2.8228207156644203e-05,-0.013222717680037022,0.0002777815971057862,0.9166666666666666,0
132,19509,1.0,2.493715328455437e-05,-0.013332549482584,0.00033936111140064895,0.9,0
133,19659,0.0,6.712781032547355e-05,-0.013268472626805305,0.00032665953040122986,0.9333333333333333,0
134,19794,1.0,3.5705947084352374e-05,-0.013168228790163994,0.00041411336860619485,0.9555555555555556,0
135,19935,1.0,3.146122980979271e-05,-0.012864344753324986,0.00032028029090724885,0.950354609929078,0
136,20080,1.0,1.794313357095234e-05,-0.013096046634018421,0.0003698095679283142,0.903448275862069,0
137,20230,0.0,5.1838265790138394e-05,-0.013159224763512611,0.00034438137663528323,0.96,0
138,20380,0.0,1.9328377675265074e-05,-0.013167372904717922,0.00018166325753554702,0.9333333333333333,0
139,20530,0.0,3.052535976166837e-05,-0.01330274436622858,0.00020306557416915894,0.9533333333333334,0
140,20678,1.0,2.065619446511846e-05,-0.01275942474603653,0.0003806987951975316,0.918918918918919,0
141,20828,0.0,2.7717695047613233e-05,-0.013118135742843151,0.00021497609850484878,0.94,0
142,20967,1.0,3.767797170439735e-05,-0.013255721889436245,0.00021404019207693636,0.9064748201438849,0
143,21114,1.0,2.6257144781993702e-05,-0.012902677990496159,0.00032096303766593337,0.9115646258503401,0
144,21264,0.0,3.985618241131306e-05,-0.012923767790198326,0.0002773507731035352,0.9466666666666667,0
145,21414,0.0,2.253825732623227e-05,-0.013127262704074383,0.00026404004893265665,0.9066666666666666,0
146,21564,0.0,2.4592232875875197e-05,-0.013272414915263653,0.00012888324272353202,0.9333333333333333,0
147,21714,0.0,3.7016365240560845e-05,-0.013177843764424324,0.00021268441923893988,0.9733333333333334,0
148,21864,0.0,3.221323640900664e-05,-0.01309445034712553,0.00023237851564772427,0.8666666666666667,0
149,22007,1.0,3.305850987089798e-05,-0.013171163387596607,0.00033549583167769015,0.9300699300699301,0
150,22157,0.0,3.821709469775669e-05,-0.01293225772678852,0.00019859097665175796,0.94,0
151,22307,0.0,3.34547548845876e-05,-0.013079303316771984,0.00019968060951214284,0.9,0
152,22457,0.0,3.326570731587708e-05,-0.01302779745310545,0.00017743355419952422,0.9066666666666666,0
153,22607,0.0,3.5445271350909024e-05,-0.012818890623748302,0.0003253909235354513,0.9266666666666666,0
154,22746,1.0,1.529758083052002e-05,-0.012852439656853676,0.0002894184726756066,0.9136690647482014,0
155,22896,0.0,2.542059519328177e-05,-0.012154139578342438,0.0005280184559524059,0.92,0
156,23041,1.0,6.726800347678363e-05,-0.012667513452470303,0.00020075456995982677,0.9379310344827586,0
157,23190,1.0,2.5992951123043895e-05,-0.012721122242510319,0.0002631668758112937,0.9261744966442953,0
158,23339,1.0,2.3255661290022545e-05,-0.012858554720878601,0.000147973551065661,0.9194630872483222,0
159,23489,0.0,2.824570947268512e-05,-0.012632304802536964,0.00022250600159168243,0.88,0
160,23627,1.0,2.5097455363720655e-05,-0.012631299905478954,0.00025720483972691,0.9492753623188406,0
161,23777,0.0,3.049534461752046e-05,-0.012715144082903862,0.00018888458725996315,0.9266666666666666,0
162,23924,1.0,1.9746155885513872e-05,-0.012543934397399426,0.0003676421183627099,0.9251700680272109,0
163,24071,1.0,2.6989377147401683e-05,-0.012210921384394169,0.00022553335293196142,0.8979591836734694,0
164,24221,0.0,2.3567157768411562e-05,-0.012688701041042805,0.00025756575632840395,0.9,0
165,24358,1.0,3.431921504670754e-05,-0.01246875524520874,0.00020756438607349992,0.9051094890510949,0
166,24508,0.0,1.4548235412803479e-05,-0.01245750393718481,0.00039785823901183903,0.92,0
167,24658,0.0,1.783718471415341e-05,-0.01201358251273632,0.00032310234382748604,0.9133333333333333,0
168,24808,0.0,2.2051834093872458e-05,-0.0131522910669446,0.00020172385848127306,0.92,0
169,24958,0.0,3.857394040096551e-05,-0.01216170284897089,0.0004459650081116706,0.88,0
170,25108,0.0,1.665787203819491e-05,-0.012513047084212303,0.00023318918829318136,0.8933333333333333,0
171,25250,1.0,1.7272843251703307e-05,-0.012113831005990505,0.00026743681519292295,0.9295774647887324,0
172,25392,1.0,2.5342065782751888e-05,-0.012345575727522373,0.00018263550009578466,0.9366197183098591,0
173,25542,0.0,2.3474010959034786e-05,-0.01178786065429449,0.000754075706936419,0.9,0
174,25682,1.0,4.64472541352734e-05,-0.012194064445793629,0.00019728322513401508,0.9285714285714286,0
175,25832,0.0,1.850869011832401e-05,-0.012440485879778862,0.00019221400725655258,0.8866666666666667,0
176,25974,1.0,2.8422338800737634e-05,-0.012171071954071522,0.00018341324175707996,0.9295774647887324,0
177,26122,1.0,2.6469428121345118e-05,-0.012396562844514847,0.0002665442007128149,0.9594594594594594,0
178,26260,1.0,2.633366602822207e-05,-0.012636484578251839,0.0003568435786291957,0.8913043478260869,0
179,26410,0.0,2.7321924790157937e-05,-0.012470345944166183,0.00021205059601925313,0.9333333333333333,0
180,26560,0.0,2.4073957320069894e-05,-0.012284383177757263,0.0001993508340092376,0.92,0
181,26701,1.0,3.3082906156778336e-05,-0.012370391748845577,0.00025559705682098866,0.9432624113475178,0
182,26851,0.0,1.9576546037569642e-05,-0.012467226944863796,0.00018345283751841635,0.96,0
183,26994,1.0,3.5524866689229384e-05,-0.012300618924200535,0.00026810626150108874,0.9020979020979021,0
184,27141,1.0,3.902658500010148e-05,-0.01232149824500084,0.00027889353805221617,0.8775510204081632,0
185,27288,1.0,4.066665132995695e-05,-0.012549106031656265,0.00015976460417732596,0.8503401360544217,0
186,27438,0.0,0.000110027969640214,-0.012542743235826492,0.00015469927166122943,0.8666666666666667,0
187,27576,1.0,4.833653292735107e-05,-0.012307939119637012,0.00019525698735378683,0.8985507246376812,0
188,27722,1.0,1.8615968656376936e-05,-0.012351335026323795,0.00015254564641509205,0.9041095890410958,0
189,27862,1.0,2.9785574952256866e-05,-0.012284564785659313,0.00011385270772734657,0.8857142857142857,0
190,28007,1.0,3.634243330452591e-05,-0.012464193627238274,0.0003417537664063275,0.9103448275862069,0
191,28157,0.0,3.393575025256723e-05,-0.012473388575017452,0.000217203312786296,0.9066666666666666,0
192,28307,0.0,4.116670606890693e-05,-0.012661004438996315,0.0002105136663885787,0.94,0
193,28444,1.0,1.7387505067745224e-05,-0.012545626610517502,0.0001022709984681569,0.9343065693430657,0
194,28594,0.0,2.2066175006330013e-05,-0.012494925409555435,0.00015594970318488777,0.9266666666666666,0
195,28744,0.0,4.40676485595759e-05,-0.012545770034193993,0.0001976773637579754,0.8666666666666667,0
196,28894,1.0,2.311473508598283e-05,-0.012585981748998165,0.0002153519744751975,0.9066666666666666,0
197,29040,1.0,2.8990609280299395e-05,-0.012466421350836754,0.0004254844388924539,0.8698630136986302,0
198,29184,1.0,3.2263167668133974e-05,-0.01250649057328701,0.00017012047464959323,0.8888888888888888,0
199,29334,0.0,3.952407860197127e-05,-0.012462170794606209,0.00016810878878459334,0.88,0
200,29484,0.0,3.117595406365581e-05,-0.013054515235126019,0.0002122146834153682,0.9066666666666666,0
201,29634,0.0,2.595441765151918e-05,-0.012667210772633553,0.0001936119660967961,0.9,0
202,29784,0.0,2.087096800096333e-05,-0.01227626483887434,0.00012383000284899026,0.92,0
203,29934,0.0,5.217373836785555e-05,-0.012672356329858303,0.00019128856365568936,0.86,0
204,30081,1.0,3.292647306807339e-05,-0.012750471942126751,0.0002910433686338365,0.8027210884353742,0
205,30228,1.0,2.586016125860624e-05,-0.012774087488651276,0.00020190756185911596,0.9047619047619048,0
206,30378,1.0,1.860521297203377e-05,-0.012615015730261803,0.00013333784590940922,0.88,0
207,30514,1.0,5.650649472954683e-05,-0.012971047312021255,0.00013190983736421913,0.9191176470588235,0
208,30664,0.0,3.201170329703018e-05,-0.01248706690967083,0.00015058147255331278,0.9333333333333333,0
209,30800,1.0,1.9897735910490155e-05,-0.012779008597135544,0.00011286127119092271,0.9338235294117647,0
210,30945,1.0,3.262361860834062e-05,-0.012591423466801643,0.00011853604519274086,0.896551724137931,0
211,31095,0.0,3.296029899502173e-05,-0.012616807594895363,0.0001219185724039562,0.88,0
212,31245,0.0,3.4678705560509115e-05,-0.01255478709936142,0.00020088671590201557,0.8866666666666667,0
213,31395,0.0,3.21121551678516e-05,-0.012381116859614849,7.141421519918367e-05,0.8733333333333333,0
214,31545,0.0,3.8408015825552866e-05,-0.012131605297327042,0.0004572274046950042,0.88,0
215,31683,1.0,5.4352825827663764e-05,-0.01268766913563013,9.557150769978762e-05,0.9347826086956522,0
216,31827,1.0,3.4649223380256444e-05,-0.01265338808298111,0.00016481343482155353,0.9305555555555556,0
217,31977,0.0,2.7765485356212594e-05,-0.01286082062870264,0.00013444367505144328,0.9,0
218,32127,0.0,4.2664596549002454e-05,-0.013123512268066406,0.00012877982226200402,0.9066666666666666,0
219,32274,1.0,3.368702164152637e-05,-0.01259700022637844,0.00018811662448570132,0.9047619047619048,0
220,32422,1.0,4.927516420139e-05,-0.012800701893866062,0.00026922120014205575,0.9459459459459459,0
221,32569,1.0,5.612774839391932e-05,-0.012590405531227589,0.00025515342713333666,0.8775510204081632,0
222,32719,0.0,2.6943336706608534e-05,-0.012421693652868271,0.0001614404027350247,0.9133333333333333,0
223,32869,0.0,3.655362888821401e-05,-0.01241602748632431,0.00024488280178047717,0.9066666666666666,0
224,33019,0.0,3.9269885746762156e-05,-0.012889374047517776,0.00014597583503928035,0.9,0
225,33164,1.0,4.772149259224534e-05,-0.012896552681922913,0.00015637579781468958,0.9172413793103448,0
226,33314,0.0,5.133902232046239e-05,-0.012552796863019466,0.00024201435735449195,0.9066666666666666,0
227,33464,0.0,3.306441067252308e-05,-0.013043050654232502,0.00010299700807081535,0.86,0
228,33614,0.0,3.986039155279286e-05,-0.012796826660633087,0.0001527744170743972,0.8666666666666667,0
229,33750,1.0,3.4963337384397164e-05,-0.012554247863590717,0.00015165243530645967,0.8897058823529411,0
230,33900,0.0,3.1998388294596225e-05,-0.012871963903307915,0.00021326603018678725,0.8933333333333333,0
231,34050,0.0,4.610480391420424e-05,-0.012880300171673298,0.00010218429088126868,0.88,0
232,34200,0.0,7.587346772197634e-05,-0.012868990190327168,0.00010543564712861553,0.84,0
233,34350,0.0,3.093578197876923e-05,-0.012780172750353813,0.00018875329988077283,0.9133333333333333,0
234,34492,1.0,5.6083423260133713e-05,-0.012655440717935562,0.00028883287450298667,0.8943661971830986,0
235,34630,1.0,3.928654405171983e-05,-0.012651407159864902,0.0001336197747150436,0.9057971014492754,0
236,34772,1.0,4.184360659564845e-05,-0.012964033521711826,0.00017703567573335022,0.8732394366197183,0
237,34909,1.0,4.779415758093819e-05,-0.012839771807193756,0.0003015368420165032,0.8686131386861314,0
238,35049,1.0,0.00012550818792078644,-0.012871351093053818,0.00024735298939049244,0.8714285714285714,0
239,35199,0.0,4.6362281864276156e-05,-0.012676460668444633,0.00015450839418917894,0.8466666666666667,0
240,35349,0.0,3.865491089527495e-05,-0.01299951784312725,0.00012846200843341649,0.86,0
241,35489,1.0,2.6338870156905614e-05,-0.012683208100497723,0.00035026317345909774,0.9285714285714286,0
242,35639,0.0,7.493440352845937e-05,-0.012983344495296478,0.00041346586658619344,0.92,0
243,35789,0.0,7.747752533759922e-05,-0.01300523430109024,0.0001375259889755398,0.8733333333333333,0
244,35939,1.0,6.150596163934097e-05,-0.01304983627051115,0.0001778503938112408,0.8666666666666667,0
245,36089,0.0,2.8806747650378384e-05,-0.01299236249178648,0.00014404112880583853,0.9,0
246,36239,0.0,3.005222970386967e-05,-0.013123620301485062,0.00021280869259499013,0.8733333333333333,0
247,36377,1.0,5.073483771411702e-05,-0.013460376299917698,0.0001145869173342362,0.8405797101449275,0
248,36527,0.0,3.7859495932934806e-05,-0.012578455731272697,0.000417554285377264,0.9066666666666666,0
249,36677,0.0,3.866728366119787e-05,-0.013330409303307533,0.000194793741684407,0.86,0
250,36827,0.0,3.843253216473386e-05,-0.012990489602088928,0.00020651750674005598,0.8933333333333333,0
251,36969,1.0,4.2072082578670233e-05,-0.013025255873799324,0.00023804418742656708,0.8661971830985915,0
252,37109,1.0,3.551179906935431e-05,-0.013132753781974316,0.0001388097443850711,0.8285714285714286,0
253,37259,0.0,4.7927809646353126e-05,-0.013239307329058647,0.00020728739036712795,0.8533333333333334,0
254,37398,1.0,4.209255348541774e-05,-0.012773999944329262,0.00029247908969409764,0.8489208633093526,0
255,37548,0.0,4.857861858909018e-05,-0.013237738981842995,0.00016514630988240242,0.88,0
256,37698,0.0,3.7148183764657006e-05,-0.013128899037837982,0.00022743103909306228,0.8733333333333333,0
257,37848,0.0,4.604882269632071e-05,-0.012942486442625523,0.00018303281103726476,0.88,0
258,37998,0.0,4.2073770600836724e-05,-0.013199162669479847,0.00011270484537817538,0.9066666666666666,0
259,38148,0.0,4.653879295801744e-05,-0.01320275291800499,0.00016798423894215375,0.8866666666666667,0
260,38298,0.0,3.345137884025462e-05,-0.01303992047905922,0.0003102098125964403,0.8466666666666667,0
261,38448,0.0,5.153502934263088e-05,-0.013024290092289448,0.00030484789749607444,0.9133333333333333,0
262,38598,0.0,4.5732893340755254e-05,-0.012885257601737976,0.0003318139351904392,0.8866666666666667,0
263,38735,1.0,6.180218770168722e-05,-0.013325892388820648,0.00018410166376270354,0.9051094890510949,0
264,38885,0.0,5.061011324869469e-05,-0.013340848498046398,0.00016966888506431133,0.88,0
265,39035,0.0,2.9947797884233296e-05,-0.013171701692044735,0.00021835541701875627,0.8333333333333334,0
266,39185,0.0,4.192845517536625e-05,-0.013163893483579159,0.0001176235600723885,0.9133333333333333,0
267,39335,0.0,5.3908166592009366e-05,-0.013195276260375977,0.00023201147268991917,0.9,0
268,39485,0.0,4.814534986508079e-05,-0.013179000467061996,0.00020039452647324651,0.9066666666666666,0
269,39630,1.0,4.9125759687740356e-05,-0.01305865217000246,0.0001902523508761078,0.9241379310344827,0
270,39765,1.0,4.4886270188726485e-05,-0.013033626601099968,0.0001988104049814865,0.8814814814814815,0
271,39915,0.0,4.214321234030649e-05,-0.012893067672848701,0.00013651675544679165,0.8733333333333333,0
272,40065,0.0,3.704597111209296e-05,-0.012959255836904049,9.256025077775121e-05,0.8733333333333333,0
273,40215,0.0,4.7536952479276806e-05,-0.012816304340958595,0.00017828070849645883,0.88,0
274,40358,1.0,3.085079151787795e-05,-0.01272114459425211,0.00012647578842006624,0.9090909090909091,0
275,40507,1.0,2.7449088520370424e-05,-0.01304527185857296,9.952764230547473e-05,0.8859060402684564,0
276,40657,0.0,4.7773573896847665e-05,-0.013022341765463352,8.68507195264101e-05,0.8466666666666667,0
277,40807,0.0,7.473412551917136e-05,-0.013004903681576252,0.00019981153309345245,0.8466666666666667,0
278,40957,0.0,4.021013228339143e-05,-0.012955063953995705,0.00010286869655828923,0.8266666666666667,0
279,41095,1.0,3.779392864089459e-05,-0.013017148710787296,0.00015564668865408748,0.9057971014492754,0
280,41240,1.0,3.358475805725902e-05,-0.013163470663130283,0.00016112203593365848,0.8413793103448276,0
281,41376,1.0,2.89099698420614e-05,-0.01260211318731308,0.00018101515888702124,0.8235294117647058,0
282,41516,1.0,4.067944610142149e-05,-0.012753398157656193,0.00018945918418467045,0.8785714285714286,0
283,41666,0.0,6.54601608403027e-05,-0.012876690365374088,0.00015855107631068677,0.8533333333333334,0
284,41807,1.0,4.383728082757443e-05,-0.013310834765434265,0.00015150129911489785,0.8085106382978723,0
285,41957,0.0,9.279257210437208e-05,-0.012647699564695358,0.0001266169419977814,0.8866666666666667,0
286,42107,0.0,4.8337078624172136e-05,-0.01253365259617567,0.000246999115915969,0.84,0
287,42245,1.0,4.0681552491150796e-05,-0.012673507444560528,0.00022687696036882699,0.8333333333333334,0
288,42395,0.0,3.92471301893238e-05,-0.012625281699001789,0.00021728132560383528,0.84,0
289,42545,0.0,3.25232686009258e-05,-0.012683936394751072,0.00014617548731621355,0.88,0
290,42691,1.0,2.8684311473625712e-05,-0.012812396511435509,0.0002508206816855818,0.821917808219178,0
291,42830,1.0,2.8280688638915308e-05,-0.01270983088761568,8.273948333226144e-05,0.8848920863309353,0
292,42969,1.0,5.321099888533354e-05,-0.012424861080944538,0.00019158808572683483,0.8776978417266187,0
293,43114,1.0,3.4288401366211474e-05,-0.012606693431735039,0.00014446231944020838,0.8689655172413793,0
294,43264,0.0,3.580253178370185e-05,-0.012541849166154861,0.00014817260671406984,0.8466666666666667,0
295,43414,0.0,3.924929478671402e-05,-0.01215250976383686,0.0001730126969050616,0.8333333333333334,0
296,43559,1.0,4.2783405660884455e-05,-0.01301801297813654,0.00011809078569058329,0.8068965517241379,0
297,43700,1.0,5.258025339571759e-05,-0.012516234070062637,0.000131910084746778,0.900709219858156,0
298,43850,0.0,2.2199672457645647e-05,-0.012761160731315613,0.00025561751681379974,0.82,0
299,43997,1.0,2.3843373128329404e-05,-0.01246007438749075,9.85602309810929e-05,0.8299319727891157,0
300,44140,1.0,3.871948138112202e-05,-0.012502634897828102,9.526790381642058e-05,0.8601398601398601,0
301,44285,1.0,2.3025229893391952e-05,-0.012188601307570934,0.0001327774953097105,0.8137931034482758,0
302,44434,1.0,4.704218736151233e-05,-0.012191474437713623,0.0001468889240641147,0.7651006711409396,0
303,44584,0.0,3.2561820262344554e-05,-0.012355875223875046,0.00012534238339867443,0.88,0
304,44734,0.0,1.3418993148661684e-05,-0.012541740201413631,0.0001364287018077448,0.8533333333333334,0
305,44884,0.0,4.523147799773142e-05,-0.012228374369442463,0.00016390350356232375,0.8133333333333334,0
306,45034,0.0,3.420030407141894e-05,-0.012517638504505157,9.65283252298832e-05,0.8866666666666667,0
307,45184,0.0,3.812244540313259e-05,-0.012458193115890026,0.00017665058840066195,0.8666666666666667,0
308,45328,1.0,3.979414759669453e-05,-0.012570173479616642,0.00012191229325253516,0.8333333333333334,0
309,45469,1.0,3.3297248592134565e-05,-0.012193160131573677,0.0001915778120746836,0.8794326241134752,0
310,45619,0.0,4.255932435626164e-05,-0.012521708384156227,0.00014939738321118057,0.8933333333333333,0
311,45758,1.0,4.160447133472189e-05,-0.012183787301182747,0.00010199088865192607,0.8201438848920863,0
312,45908,1.0,5.653359039570205e-05,-0.012329686433076859,0.00012668051931541413,0.84,0
313,46045,1.0,3.5070726880803704e-05,-0.012206650339066982,0.00016451971896458417,0.8759124087591241,0
314,46180,1.0,2.487602614564821e-05,-0.012328176759183407,0.00015271647134795785,0.8666666666666667,0
315,46327,1.0,4.46993435616605e-05,-0.012429021298885345,0.00012512874673120677,0.8571428571428571,0
316,46477,0.0,2.6342837372794747e-05,-0.012414137832820415,0.000111583256511949,0.8133333333333334,0
317,46614,1.0,3.0616418371209875e-05,-0.012480114586651325,0.00013764857430942357,0.8394160583941606,0
318,46756,1.0,4.79173322673887e-05,-0.012691291980445385,6.588277756236494e-05,0.7676056338028169,0
319,46895,1.0,4.452207940630615e-05,-0.011705899611115456,0.000952604808844626,0.841726618705036,0
320,47037,1.0,4.073821037309244e-05,-0.012290166690945625,0.00018395920051261783,0.8943661971830986,0
321,47175,1.0,3.9922946598380804e-05,-0.012466147541999817,8.832875755615532e-05,0.8043478260869565,0
322,47325,0.0,7.44665740057826e-05,-0.01208910159766674,0.00029446789994835854,0.8733333333333333,0
323,47462,1.0,2.5872664991766214e-05,-0.012243956327438354,0.00010506263060960919,0.8248175182481752,0
324,47601,1.0,3.178431143169291e-05,-0.012397506274282932,0.00011664124031085521,0.7841726618705036,0
325,47746,1.0,2.2943841031519696e-05,-0.012441419996321201,8.69946088641882e-05,0.8206896551724138,0
326,47896,0.0,3.453165845712647e-05,-0.012724981643259525,9.007351764012128e-05,0.9066666666666666,0
327,48043,1.0,8.109767077257857e-05,-0.012204614467918873,0.000111745459435042,0.8095238095238095,0
328,48189,1.0,2.6008290660683997e-05,-0.012118267826735973,7.172590267146006e-05,0.9041095890410958,0
329,48339,0.0,2.4686982214916497e-05,-0.012155610136687756,6.381906132446602e-05,0.8533333333333334,0
330,48487,1.0,2.6622599762049504e-05,-0.012203563936054707,0.000129607884446159,0.8716216216216216,0
331,48625,1.0,4.836099105887115e-05,-0.012160074897110462,7.997734064701945e-05,0.855072463768116,0
332,48775,1.0,4.326757334638387e-05,-0.012361764907836914,0.00012569088721647859,0.84,0
333,48925,1.0,5.820455407956615e-05,-0.012099224142730236,0.00014038202061783522,0.7533333333333333,0
334,49075,0.0,3.318271046737209e-05,-0.011897837743163109,0.00012887915363535285,0.8066666666666666,0
335,49225,0.0,2.902465348597616e-05,-0.012289387173950672,0.00013138962094672024,0.8866666666666667,0
336,49362,1.0,3.416121398913674e-05,-0.01174877304583788,0.0001114624465117231,0.7737226277372263,0
337,49512,0.0,6.015668623149395e-05,-0.012080613523721695,0.00012322267866693437,0.86,0
338,49662,1.0,3.8263999158516526e-05,-0.012160197831690311,9.887648047879338e-05,0.8066666666666666,0
339,49802,1.0,3.154821024509147e-05,-0.012182440608739853,0.0001102410678868182,0.7428571428571429,0
340,49951,1.0,3.9315018511842936e-05,-0.01194055750966072,0.00015714367327746004,0.8322147651006712,0
341,50096,1.0,3.141332126688212e-05,-0.012271580286324024,0.0001874784502433613,0.7724137931034483,0
342,50238,1.0,3.305979407741688e-05,-0.012429255992174149,0.00010733394447015598,0.7887323943661971,0
343,50386,1.0,4.1772378608584404e-05,-0.012253603897988796,0.00015352432092186064,0.7837837837837838,0
344,50526,1.0,2.6055160560645163e-05,-0.012260549701750278,8.694852294865996e-05,0.85,0
345,50670,1.0,8.368340058950707e-05,-0.011928471736609936,0.0001996529463212937,0.875,0
346,50820,0.0,2.684068567759823e-05,-0.011820169165730476,0.00012142805644543841,0.8333333333333334,0
347,50968,1.0,3.194028977304697e-05,-0.012285805307328701,0.0001451507705496624,0.8378378378378378,0
348,51115,1.0,5.904353020014241e-05,-0.011954719200730324,0.00010616306826705113,0.8435374149659864,0
349,51265,0.0,3.7439982406795025e-05,-0.012149699032306671,0.00014375121099874377,0.8333333333333334,0
350,51415,0.0,8.383927342947572e-05,-0.011901583522558212,0.00011729921970982105,0.8333333333333334,0
351,51553,1.0,3.768249007407576e-05,-0.01183120533823967,8.641619933769107e-05,0.8405797101449275,0
352,51694,1.0,4.092773451702669e-05,-0.01172565296292305,9.991352999350056e-05,0.7872340425531915,0
353,51838,1.0,3.4175354812759906e-05,-0.012208804488182068,0.00016378788859583437,0.7708333333333334,0
354,51987,1.0,3.4765605960274115e-05,-0.012137370184063911,0.0001340988092124462,0.7986577181208053,0
355,52137,0.0,2.8833746910095215e-05,-0.012018503621220589,0.00017137115355581045,0.7733333333333333,0
356,52277,1.0,4.047055699629709e-05,-0.012166736647486687,0.00015793615602888167,0.8285714285714286,0
357,52424,1.0,3.8094338378869e-05,-0.011997094377875328,7.917062612250447e-05,0.8163265306122449,0
358,52565,1.0,2.3346219677478075e-05,-0.011782112531363964,0.0001265228056581691,0.8297872340425532,0
359,52708,1.0,2.7482557925395668e-05,-0.011353679932653904,0.00015781614638399333,0.8111888111888111,0
360,52858,0.0,5.5684660765109584e-05,-0.01183205284178257,0.00018156797159463167,0.78,0
361,52995,1.0,2.963669248856604e-05,-0.011967121623456478,9.729379235068336e-05,0.7956204379562044,0
362,53145,0.0,4.112203896511346e-05,-0.011818980798125267,9.85100632533431e-05,0.8133333333333334,0
363,53289,1.0,3.4674914786592126e-05,-0.01200960110872984,0.00014660526358056813,0.8541666666666666,0
364,53439,0.0,2.7953123208135366e-05,-0.012041620910167694,0.0001118977161240764,0.8333333333333334,0
365,53589,0.0,3.16200457746163e-05,-0.011788842268288136,0.00011983638250967488,0.8333333333333334,0
366,53739,0.0,4.730303771793842e-05,-0.012081299908459187,0.00012496874842327088,0.8066666666666666,0
367,53889,0.0,4.69017140858341e-05,-0.01178699266165495,0.00015574542339891195,0.82,0
368,54039,0.0,2.7139472877024673e-05,-0.011408988386392593,0.00013822581968270242,0.8133333333333334,0
369,54189,0.0,3.7666708522010595e-05,-0.011547708883881569,0.00015414293739013374,0.7933333333333333,0
370,54339,0.0,4.863135109189898e-05,-0.011759262531995773,0.00010332037345506251,0.7733333333333333,0
371,54481,1.0,4.7734833060530946e-05,-0.011960486881434917,0.00010833344276761636,0.8169014084507042,0
372,54631,0.0,1.8823082427843474e-05,-0.011494774371385574,0.0002473322965670377,0.7133333333333334,0
373,54774,1.0,2.8296117307036184e-05,-0.0115933483466506,8.569193596486002e-05,0.7902097902097902,0
374,54924,0.0,3.82862490369007e-05,-0.0116233816370368,0.00011714598076650873,0.8466666666666667,0
375,55064,1.0,2.9174685550970025e-05,-0.011819220148026943,0.00011125495075248182,0.8357142857142857,0
376,55214,1.0,3.986879164585844e-05,-0.011710516177117825,0.000152781285578385,0.8133333333333334,0
377,55364,0.0,3.326522346469574e-05,-0.011950367130339146,0.00012247676204424351,0.8066666666666666,0
378,55502,1.0,2.6410551072331145e-05,-0.011435451917350292,0.00010422139894217253,0.7753623188405797,0
379,55652,0.0,6.1033497331663966e-05,-0.01201521698385477,8.682924089953303e-05,0.78,0
380,55802,0.0,4.569225711748004e-05,-0.012114070355892181,6.684711843263358e-05,0.7666666666666667,0
381,55952,0.0,4.5503951696446165e-05,-0.011501871980726719,0.0002124045422533527,0.8333333333333334,0
382,56102,0.0,6.418062548618764e-05,-0.011617641896009445,0.0001479359489167109,0.8133333333333334,0
383,56252,0.0,6.568137905560434e-05,-0.011656713671982288,8.135502866934985e-05,0.76,0
384,56402,0.0,1.8653012375580147e-05,-0.011517954058945179,9.985133510781452e-05,0.7666666666666667,0
385,56552,0.0,3.7699144741054624e-05,-0.01176393497735262,8.377528138225898e-05,0.7866666666666666,0
386,56702,0.0,4.045352397952229e-05,-0.01190732978284359,7.972225284902379e-05,0.8666666666666667,0
387,56852,0.0,2.8927574021508917e-05,-0.011576837860047817,0.00017515597573947161,0.8133333333333334,0
388,57002,0.0,2.6708767109084874e-05,-0.011392660439014435,0.00013085284444969147,0.8,0
389,57149,1.0,3.876551636494696e-05,-0.011570574715733528,0.00011198283755220473,0.8231292517006803,0
390,57299,0.0,4.6127690438879654e-05,-0.011869343928992748,0.00010742826998466626,0.8133333333333334,0
391,57449,1.0,6.60220393911004e-05,-0.011642391793429852,0.00011304128565825522,0.8733333333333333,0
392,57593,1.0,4.0729712054599077e-05,-0.01170030701905489,9.088141086976975e-05,0.7777777777777778,0
393,57729,1.0,3.9874710637377575e-05,-0.01163847092539072,9.912027599057183e-05,0.8529411764705882,0
394,57875,1.0,3.283195837866515e-05,-0.011476886458694935,6.999189645284787e-05,0.8082191780821918,0
395,58025,0.0,3.662551171146333e-05,-0.011524355970323086,0.000175610781298019,0.8333333333333334,0
396,58175,0.0,4.664462903747335e-05,-0.011549431830644608,9.838170080911368e-05,0.8333333333333334,0
397,58323,1.0,4.433389403857291e-05,-0.011275836266577244,0.00013351072266232222,0.8040540540540541,0
398,58460,1.0,2.859051528503187e-05,-0.011534037068486214,8.146556501742452e-05,0.781021897810219,0
399,58601,1.0,3.268868022132665e-05,-0.011918283998966217,8.876303036231548e-05,0.8156028368794326,0
400,58743,1.0,6.15962126175873e-05,-0.011247057467699051,8.676724246470258e-05,0.7816901408450704,0
401,58893,0.0,0.0002232460246887058,-0.011628893204033375,0.00015758546942379326,0.8266666666666667,0
402,59032,1.0,2.945623782579787e-05,-0.011632141657173634,0.0001106903437175788,0.7913669064748201,0
403,59182,0.0,5.4617779824184254e-05,-0.011656494811177254,6.639878120040521e-05,0.84,0
404,59322,1.0,3.585663944249973e-05,-0.011451033875346184,9.806931484490633e-05,0.7142857142857143,0
405,59472,0.0,2.3036905986373313e-05,-0.01142203900963068,8.691623224876821e-05,0.78,0
406,59622,0.0,1.784900450729765e-05,-0.011569889262318611,6.687258428428322e-05,0.84,0
407,59772,0.0,5.656178836943582e-05,-0.011311317794024944,0.00023014516045805067,0.74,0
408,59906,1.0,4.16319708165247e-05,-0.011545305140316486,0.00026854046154767275,0.7164179104477612,0
409,60052,1.0,2.423065234324895e-05,-0.011428436264395714,0.00012138167949160561,0.8013698630136986,0
410,60199,1.0,6.485444464487955e-05,-0.011497624218463898,6.982023478485644e-05,0.8231292517006803,0
411,60349,0.0,2.3541884729638696e-05,-0.01121742557734251,0.00019527410040609539,0.7666666666666667,0
412,60499,1.0,0.00010842538176802918,-0.011701857671141624,0.00013877062883693725,0.8,0
413,60649,0.0,4.484486271394417e-05,-0.011214151978492737,0.00011571351933525875,0.86,0
414,60799,0.0,4.1627874452387914e-05,-0.01138318795710802,0.00011030372115783393,0.78,0
415,60949,0.0,4.201097181066871e-05,-0.011333538219332695,8.920427353587002e-05,0.8466666666666667,0
416,61099,0.0,3.199766797479242e-05,-0.011622196063399315,9.721620881464332e-05,0.7866666666666666,0
417,61248,1.0,4.598171290126629e-05,-0.011341419070959091,0.0001315705885645002,0.8456375838926175,0
418,61398,0.0,3.3070322388084605e-05,-0.010997547768056393,0.00010905007366091013,0.7666666666666667,0
419,61548,0.0,3.6650177207775414e-05,-0.011269627138972282,0.00012309903104323894,0.8,0
420,61682,1.0,3.779485996346921e-05,-0.011590092442929745,9.448471973882988e-05,0.7388059701492538,0
421,61832,0.0,4.061849176650867e-05,-0.01179672870784998,8.892062032828107e-05,0.7933333333333333,0
422,61982,0.0,4.622732012649067e-05,-0.011538505554199219,0.00011496235674712807,0.7266666666666667,0
423,62132,0.0,5.373981548473239e-05,-0.011529414914548397,0.00019823724869638681,0.7133333333333334,0
424,62276,1.0,2.6193150915787555e-05,-0.011789773590862751,6.238683999981731e-05,0.7847222222222222,0
425,62426,0.0,2.353786476305686e-05,-0.011349988169968128,0.00011972287757089362,0.7733333333333333,0
426,62575,1.0,2.8031030524289235e-05,-0.011112060397863388,0.00010839151946129277,0.8120805369127517,0
427,62711,1.0,5.4970194469206035e-05,-0.01143819373100996,0.00010114332690136507,0.7720588235294118,0
428,62858,1.0,2.0748577298945747e-05,-0.011072085238993168,0.00015075449482537806,0.8435374149659864,0
429,63003,1.0,2.7311305530020036e-05,-0.011412816122174263,0.00011060739780077711,0.7241379310344828,0
430,63153,0.0,3.2501990062883124e-05,-0.01152099296450615,0.0001137563813244924,0.7866666666666666,0
431,63303,0.0,2.5910590920830145e-05,-0.011307444423437119,0.00023684932966716588,0.8333333333333334,0
432,63443,1.0,3.5800527257379144e-05,-0.0110505111515522,9.586931992089376e-05,0.7357142857142858,0
433,63593,0.0,4.497816553339362e-05,-0.011340156197547913,0.00012659505591727793,0.8266666666666667,0
434,63743,0.0,0.000102802092442289,-0.01135905273258686,0.00015037621778901666,0.7466666666666667,0
435,63883,1.0,4.930372961098328e-05,-0.011206583119928837,0.00012945766502525657,0.7857142857142857,0
436,64021,1.0,2.7380046958569437e-05,-0.011525277979671955,0.0001238602853845805,0.7753623188405797,0
437,64171,0.0,3.424720489419997e-05,-0.011320868507027626,8.57788254506886e-05,0.74,0
438,64321,0.0,7.103934331098571e-05,-0.011352760717272758,7.918238407000899e-05,0.7533333333333333,0
439,64471,0.0,7.482194632757455e-05,-0.011056652292609215,0.00016376195708289742,0.7866666666666666,0
440,64621,0.0,3.241140802856535e-05,-0.011499711312353611,6.77335265208967e-05,0.7133333333333334,0
441,64771,0.0,4.537637869361788e-05,-0.011100146919488907,9.572772250976413e-05,0.7933333333333333,0
442,64921,0.0,4.56411944469437e-05,-0.011386309750378132,9.458914428250864e-05,0.82,0
443,65065,1.0,4.191938933217898e-05,-0.011558840982615948,8.336010796483606e-05,0.75,0
444,65203,1.0,4.853591599385254e-05,-0.011118952184915543,0.00011725387594196945,0.7536231884057971,0
445,65353,0.0,2.4957689674920402e-05,-0.01099260151386261,8.753452857490629e-05,0.7533333333333333,0
446,65495,1.0,3.3213815186172724e-05,-0.01117569301277399,7.706341420998797e-05,0.8169014084507042,0
447,65643,1.0,2.5309980628662743e-05,-0.01105357613414526,0.0001332785323029384,0.7837837837837838,0
448,65781,1.0,1.931071346916724e-05,-0.011425398290157318,9.882570884656161e-05,0.7246376811594203,0
449,65931,0.0,2.5144609026028775e-05,-0.011351468041539192,9.098863665712997e-05,0.8133333333333334,0
450,66081,0.0,2.1230222046142444e-05,-0.011314813047647476,0.00011184497270733118,0.78,0
451,66222,1.0,2.9000068025197834e-05,-0.01150012481957674,8.645847992738709e-05,0.7943262411347518,0
452,66372,0.0,7.412870763801038e-05,-0.011158468201756477,0.0001241897844010964,0.8066666666666666,0
453,66522,0.0,3.112352715106681e-05,-0.011173643171787262,0.00011031580652343109,0.7533333333333333,0
454,66672,0.0,3.286492938059382e-05,-0.011531692929565907,8.153903036145493e-05,0.7733333333333333,0
455,66822,0.0,4.274932507541962e-05,-0.011241588741540909,7.458388427039608e-05,0.8066666666666666,0
456,66972,0.0,3.4142783988500014e-05,-0.011072324588894844,6.262068927753717e-05,0.7333333333333333,0
457,67122,0.0,4.194851135252975e-05,-0.011463846080005169,0.00010128327267011628,0.74,0
458,67266,1.0,3.458314677118324e-05,-0.011499237269163132,0.00011700639879563823,0.8333333333333334,0
459,67405,1.0,5.2721989050041884e-05,-0.011151033453643322,8.878471271600574e-05,0.7913669064748201,0
460,67546,1.0,3.798739635385573e-05,-0.010793961584568024,7.045817619655281e-05,0.6666666666666666,0
461,67693,1.0,5.490779221872799e-05,-0.011146997101604939,9.348208550363779e-05,0.8299319727891157,0
462,67843,0.0,3.6625831853598356e-05,-0.01076435949653387,9.699608926894143e-05,0.7733333333333333,0
463,67982,1.0,2.753300577751361e-05,-0.011030218563973904,7.99845511210151e-05,0.7050359712230215,0
464,68132,0.0,3.6001121770823374e-05,-0.01111279334872961,7.638136594323441e-05,0.7533333333333333,0
465,68282,0.0,2.3203832824947312e-05,-0.010464462451636791,0.00023340967891272157,0.7666666666666667,0
466,68432,0.0,2.9041722882539034e-05,-0.011081983335316181,0.00011146813631057739,0.82,0
467,68582,1.0,7.315602852031589e-05,-0.011007223278284073,9.737959771882743e-05,0.7733333333333333,0
468,68726,1.0,3.604366793297231e-05,-0.010951207019388676,0.0002610422088764608,0.7986111111111112,0
469,68876,0.0,4.7217472456395626e-05,-0.011175275780260563,7.623023702763021e-05,0.76,0
470,69026,0.0,2.877950646507088e-05,-0.011386514641344547,8.111834176816046e-05,0.7333333333333333,0
471,69176,1.0,7.302648737095296e-05,-0.01139686070382595,9.042736201081425e-05,0.7066666666666667,0
472,69326,0.0,4.252709186403081e-05,-0.010719725862145424,9.03854233911261e-05,0.8333333333333334,0
473,69476,0.0,3.522974657244049e-05,-0.011276510544121265,4.741602606372908e-05,0.74,0
474,69623,1.0,4.984187035006471e-05,-0.011123141273856163,0.0001228585169883445,0.7755102040816326,0
475,69773,0.0,4.2195868445560336e-05,-0.011023459956049919,7.225505396490917e-05,0.7266666666666667,0
476,69918,1.0,3.315425055916421e-05,-0.010946271009743214,0.00011702970368787646,0.7931034482758621,0
477,70058,1.0,7.540373917436227e-05,-0.011125639081001282,5.5677079217275605e-05,0.7642857142857142,0
478,70208,0.0,4.556955536827445e-05,-0.011201953515410423,9.025392500916496e-05,0.7333333333333333,0
479,70358,0.0,2.947131906694267e-05,-0.01138542965054512,0.0001023419463308528,0.78,0
480,70502,1.0,3.698810905916616e-05,-0.010454708710312843,0.00013202706759329885,0.7430555555555556,0
481,70650,1.0,5.3419265896081924e-05,-0.011276285164058208,5.344234159565531e-05,0.8040540540540541,0
482,70800,0.0,3.1359530112240463e-05,-0.011208766140043736,6.166438106447458e-05,0.7733333333333333,0
483,70950,0.0,3.855935574392788e-05,-0.011355327442288399,4.769850420416333e-05,0.72,0
484,71090,1.0,4.4444412196753547e-05,-0.010680616833269596,0.00010064683738164604,0.7285714285714285,0
485,71240,0.0,3.970640682382509e-05,-0.010588381439447403,9.377179958391935e-05,0.7,0
486,71388,1.0,0.00012087936920579523,-0.011240476742386818,9.145792864728719e-05,0.831081081081081,0
487,71533,1.0,5.655276618199423e-05,-0.011030549183487892,7.632622873643413e-05,0.696551724137931,0
488,71683,1.0,3.022284909093287e-05,-0.010897296480834484,0.0001658428373048082,0.7066666666666667,0
489,71825,1.0,5.5736807553330436e-05,-0.011103595606982708,8.904248534236103e-05,0.7816901408450704,0
490,71974,1.0,2.6456957129994407e-05,-0.010636316612362862,0.00012174813309684396,0.6778523489932886,0
491,72124,0.0,4.268071643309668e-05,-0.010879045352339745,7.886203820817173e-05,0.82,0
492,72274,0.0,4.339844599599019e-05,-0.011023378930985928,7.917813491076231e-05,0.7333333333333333,0
493,72424,0.0,7.115674816304818e-05,-0.01070664543658495,8.69518771651201e-05,0.72,0
494,72571,1.0,7.860599725972861e-05,-0.010885490104556084,6.3913750636857e-05,0.7687074829931972,0
495,72721,0.0,2.8783628295059316e-05,-0.010470801033079624,5.409588266047649e-05,0.7666666666666667,0
496,72871,0.0,4.225305747240782e-05,-0.010868258774280548,7.363792974501848e-05,0.7466666666666667,0
497,73021,0.0,3.74436131096445e-05,-0.010745213367044926,0.0001066504992195405,0.6866666666666666,0
498,73170,1.0,0.00011695251305354759,-0.010990127921104431,3.9266735257115215e-05,0.7583892617449665,0
499,73320,0.0,6.278318323893473e-05,-0.010623380541801453,0.0001835092407418415,0.7066666666666667,0
500,73470,0.0,4.748589708469808e-05,-0.011024732142686844,5.543067891267128e-05,0.7733333333333333,0
501,73620,0.0,9.344262070953846e-05,-0.011298627592623234,9.69742686720565e-05,0.7866666666666666,0
502,73766,1.0,6.397070683306083e-05,-0.010599864646792412,6.05673594691325e-05,0.7534246575342466,0
503,73916,0.0,4.07847692258656e-05,-0.010786615312099457,0.0001577111252117902,0.7733333333333333,0
504,74066,0.0,2.827818207151722e-05,-0.010585012845695019,6.070892050047405e-05,0.72,0
505,74216,0.0,3.5971250326838344e-05,-0.0110313193872571,5.837695425725542e-05,0.7733333333333333,0
506,74360,1.0,7.080892100930214e-05,-0.010840361937880516,7.29983948986046e-05,0.7638888888888888,0
507,74501,1.0,4.436996823642403e-05,-0.01071599405258894,7.604969869134948e-05,0.7375886524822695,0
508,74651,0.0,5.743751171394251e-05,-0.010801379568874836,8.653358236188069e-05,0.7733333333333333,0
509,74801,0.0,3.10407267534174e-05,-0.010921417735517025,7.976673077791929e-05,0.8133333333333334,0
510,74951,0.0,3.408926204429008e-05,-0.01061388198286295,7.542174716945738e-05,0.74,0
511,75101,0.0,3.285846469225362e-05,-0.010394995100796223,0.00011326708045089617,0.8066666666666666,0
512,75251,0.0,4.732307206722908e-05,-0.010307029820978642,7.540589285781607e-05,0.76,0
513,75401,0.0,5.828581197420135e-05,-0.010736268013715744,4.700005956692621e-05,0.7333333333333333,0
514,75540,1.0,7.71522827562876e-05,-0.010631985031068325,0.00011455183994257823,0.7410071942446043,0
515,75690,0.0,5.94849516346585e-05,-0.010524080134928226,5.544332816498354e-05,0.7266666666666667,0
516,75828,1.0,3.0858129321131855e-05,-0.01061768364161253,0.0001072749073500745,0.7463768115942029,0
517,75978,0.0,7.142070535337552e-05,-0.010608094744384289,0.0001540953671792522,0.8066666666666666,0
518,76118,1.0,5.988393968436867e-05,-0.010734183713793755,8.8517990661785e-05,0.6571428571428571,0
519,76268,0.0,6.313014455372468e-05,-0.010720137506723404,0.00012255307228770107,0.7933333333333333,0
520,76418,0.0,3.1733459763927385e-05,-0.010955287143588066,7.771628588670865e-05,0.7133333333333334,0
521,76568,0.0,4.6269517042674124e-05,-0.01101271528750658,5.582430094364099e-05,0.7266666666666667,0
522,76715,1.0,0.0001083869647118263,-0.010750701650977135,5.894953210372478e-05,0.7482993197278912,0
523,76865,0.0,6.55111507512629e-05,-0.010349677875638008,9.979616879718378e-05,0.7666666666666667,0
524,77011,1.0,4.6552282583434135e-05,-0.010426105931401253,5.803141539217904e-05,0.7671232876712328,0
525,77152,1.0,3.476014535408467e-05,-0.010445881634950638,8.983253792393953e-05,0.6879432624113475,0
526,77302,0.0,6.294111517490819e-05,-0.010447615757584572,5.441492248792201e-05,0.76,0
527,77452,0.0,4.9323127313982695e-05,-0.010624443180859089,7.74226282374002e-05,0.7733333333333333,0
528,77602,0.0,3.746604488696903e-05,-0.010664805769920349,0.00010454976290930063,0.8133333333333334,0
529,77747,1.0,5.6840704928617924e-05,-0.010935007594525814,8.010504097910598e-05,0.7172413793103448,0
530,77892,1.0,0.00010624648712109774,-0.010721080005168915,9.176461753668264e-05,0.7448275862068966,0
531,78029,1.0,4.4640793930739164e-05,-0.010294520296156406,3.293541885796003e-05,0.7226277372262774,0
532,78179,0.0,8.037788211368024e-05,-0.010568123310804367,5.6571272580185905e-05,0.7333333333333333,0
533,78321,1.0,4.225797965773381e-05,-0.010380817577242851,8.840639202389866e-05,0.7816901408450704,0
534,78467,1.0,7.914492744021118e-05,-0.010733649134635925,9.137709275819361e-05,0.7328767123287672,0
535,78605,1.0,2.8993999876547605e-05,-0.010648079216480255,7.701455615460873e-05,0.7608695652173914,0
536,78755,0.0,4.9934282287722453e-05,-0.01078157126903534,7.265292515512556e-05,0.72,0
537,78902,1.0,4.303237801650539e-05,-0.010585019364953041,4.7638513933634385e-05,0.6938775510204082,0
538,79044,1.0,6.388567271642387e-05,-0.010555099695920944,7.715076208114624e-05,0.7394366197183099,0
539,79181,1.0,3.587720129871741e-05,-0.010555682703852654,5.417024658527225e-05,0.7737226277372263,0
540,79331,0.0,3.471584204817191e-05,-0.010153274983167648,5.586968472925946e-05,0.76,0
541,79481,0.0,6.78757787682116e-05,-0.010886465199291706,7.990736776264384e-05,0.7066666666666667,0
542,79620,1.0,6.913238030392677e-05,-0.0106398556381464,8.554542728234082e-05,0.8633093525179856,0
543,79758,1.0,5.058895476395264e-05,-0.010260531678795815,8.06693933554925e-05,0.6884057971014492,0
544,79894,1.0,7.702378206886351e-05,-0.010494940914213657,0.00016523549857083708,0.7279411764705882,0
545,80039,1.0,5.39568682142999e-05,-0.010585135780274868,7.241387356771156e-05,0.7379310344827587,0
546,80178,1.0,5.070530824013986e-05,-0.010814979672431946,5.504815635504201e-05,0.7482014388489209,0
547,80328,0.0,8.839403744786978e-05,-0.010464580729603767,4.735813126899302e-05,0.8133333333333334,0
548,80474,1.0,7.085956167429686e-05,-0.010495666414499283,0.00012162132043158635,0.7945205479452054,0
549,80624,0.0,4.7930236178217456e-05,-0.0107487877830863,6.924225453985855e-05,0.7133333333333334,0
550,80772,1.0,6.556342850672081e-05,-0.010892757214605808,7.045072561595589e-05,0.7635135135135135,0
551,80910,1.0,5.4295283916871995e-05,-0.010768098756670952,0.00011449644807726145,0.7898550724637681,0
552,81060,0.0,4.323435859987512e-05,-0.011171103455126286,5.3679963457398117e-05,0.7266666666666667,0
553,81201,1.0,5.997604239382781e-05,-0.0106397345662117,7.631834159838036e-05,0.723404255319149,0
554,81343,1.0,7.104745600372553e-05,-0.010490999557077885,0.00013483803195413202,0.6619718309859155,0
555,81493,0.0,0.00011685929348459467,-0.01066576223820448,0.00010710972856031731,0.7066666666666667,0
556,81643,0.0,5.362991942092776e-05,-0.010660667903721333,0.00012432268704287708,0.7133333333333334,0
557,81791,1.0,7.210120384115726e-05,-0.010840277187526226,0.0001070276484824717,0.7094594594594594,0
558,81924,1.0,4.381129838293418e-05,-0.010406711138784885,3.076966822845861e-05,0.5864661654135338,0
559,82061,1.0,3.979445682489313e-05,-0.010693742893636227,5.283138307277113e-05,0.7372262773722628,0
560,82211,0.0,3.891364758601412e-05,-0.009966710582375526,8.715032890904695e-05,0.8,0
561,82361,0.0,4.325529152993113e-05,-0.010855484753847122,9.102299372898415e-05,0.8133333333333334,0
562,82511,0.0,6.523199408547953e-05,-0.010160787031054497,5.8498073485679924e-05,0.7,0
563,82658,1.0,5.514154690899886e-05,-0.010683150961995125,5.794014941784553e-05,0.7891156462585034,0
564,82804,1.0,5.029691237723455e-05,-0.010633907280862331,6.871607183711603e-05,0.7123287671232876,0
565,82946,1.0,4.87422694277484e-05,-0.011073450557887554,7.338075374718755e-05,0.676056338028169,0
566,83096,0.0,6.67624335619621e-05,-0.01024064514786005,3.174310768372379e-05,0.6866666666666666,0
567,83246,0.0,4.493687811191194e-05,-0.01011716853827238,3.788694448303431e-05,0.6866666666666666,0
568,83396,0.0,4.404092760523781e-05,-0.01011547353118658,5.602237433777191e-05,0.7133333333333334,0
569,83539,1.0,4.329353760113008e-05,-0.010642399080097675,4.741001612273976e-05,0.6573426573426573,0
570,83689,1.0,0.00011830083531094715,-0.010379660874605179,8.579071436543018e-05,0.6466666666666666,0
571,83839,0.0,4.2356721678515896e-05,-0.010346533730626106,7.111116428859532e-05,0.7066666666666667,0
572,83989,0.0,2.4957269488368183e-05,-0.01048259437084198,8.304102084366605e-05,0.68,0
573,84139,0.0,7.678813562961295e-05,-0.010693411342799664,6.334987847367302e-05,0.7133333333333334,0
574,84283,1.0,4.5672037231270224e-05,-0.010227738879621029,9.196254541166127e-05,0.6805555555555556,0
575,84417,1.0,3.661548544187099e-05,-0.01049969531595707,6.076172576285899e-05,0.6343283582089553,0
576,84567,0.0,4.712124791694805e-05,-0.010549677535891533,7.835054566385224e-05,0.72,0
577,84707,1.0,8.552399231120944e-05,-0.010425577871501446,5.833317482029088e-05,0.6928571428571428,0
578,84855,1.0,5.497177335200831e-05,-0.010747421532869339,0.0003823579172603786,0.6824324324324325,0
579,84993,1.0,4.46100311819464e-05,-0.010883263312280178,5.250491085462272e-05,0.7463768115942029,0
580,85143,0.0,7.179352542152628e-05,-0.010224737226963043,7.85962984082289e-05,0.7066666666666667,0
581,85293,0.0,0.00010824926721397787,-0.010296600870788097,5.926265293965116e-05,0.74,0
582,85443,0.0,4.5235821744427085e-05,-0.010112744756042957,6.826150638516992e-05,0.78,0
583,85593,0.0,4.644508589990437e-05,-0.010327421128749847,8.340632484760135e-05,0.7933333333333333,0
584,85740,1.0,0.00010675680823624134,-0.010324506089091301,0.0001299163413932547,0.6802721088435374,0
585,85887,1.0,0.00013508160191122442,-0.010648570954799652,6.79624718031846e-05,0.7414965986394558,0
586,86037,0.0,5.5312015319941565e-05,-0.010543452575802803,7.876134623074904e-05,0.7533333333333333,0
587,86187,0.0,5.623273682431318e-05,-0.009873960167169571,4.0683342376723886e-05,0.6466666666666666,0
588,86337,0.0,6.82754471199587e-05,-0.010605446062982082,6.131234840722755e-05,0.7866666666666666,0
589,86487,0.0,0.00011202921450603753,-0.010584263131022453,6.340515392366797e-05,0.7333333333333333,0
590,86632,1.0,0.00012711939052678645,-0.010487241670489311,0.00012729164154734462,0.6896551724137931,0
591,86777,1.0,8.554034138796851e-05,-0.010744744911789894,4.756976704811677e-05,0.7034482758620689,0
592,86927,0.0,5.0338185246801004e-05,-0.010451924055814743,7.237034878926352e-05,0.7666666666666667,0
593,87068,1.0,3.211560397176072e-05,-0.010473971255123615,5.286930172587745e-05,0.6950354609929078,0
594,87215,1.0,6.676713383058086e-05,-0.01082510408014059,0.00011581086437217891,0.7142857142857143,0
595,87365,0.0,8.286161755677313e-05,-0.01054226141422987,8.003828406799585e-05,0.66,0
596,87511,1.0,7.470454147551209e-05,-0.010465849190950394,0.00013528848649002612,0.6917808219178082,0
597,87655,1.0,3.8701866287738085e-05,-0.010236079804599285,7.461781933670864e-05,0.7222222222222222,0
598,87805,0.0,4.812192128156312e-05,-0.01055788341909647,5.2322611736599356e-05,0.68,0
599,87955,0.0,4.3421841837698594e-05,-0.010596822947263718,5.8701130910776556e-05,0.76,0
600,88093,1.0,7.436268060700968e-05,-0.009788996540009975,6.206306716194376e-05,0.644927536231884,0
601,88238,1.0,5.8692239690572023e-05,-0.010314544662833214,4.8605110350763425e-05,0.7655172413793103,0
602,88384,1.0,5.989201963529922e-05,-0.010394031181931496,0.00011625624756561592,0.6643835616438356,0
603,88527,1.0,6.002370355417952e-05,-0.01019321195781231,7.947921403683722e-05,0.7202797202797203,0
604,88672,1.0,5.678024172084406e-05,-0.010483690537512302,6.387431494658813e-05,0.7172413793103448,0
605,88812,1.0,7.032688881736249e-05,-0.010535030625760555,8.826084376778454e-05,0.7357142857142858,0
606,88951,1.0,6.631424912484363e-05,-0.010834475047886372,0.00011404567339923233,0.7841726618705036,0
607,89088,1.0,7.284562161657959e-05,-0.010492569766938686,0.00013386222417466342,0.6934306569343066,0
608,89237,1.0,9.90268963505514e-05,-0.01081913337111473,8.397937926929444e-05,0.6845637583892618,0
609,89383,1.0,8.231673564296216e-05,-0.01074644923210144,5.552278526010923e-05,0.7054794520547946,0
610,89533,0.0,5.340444477042183e-05,-0.0103755546733737,9.747047442942858e-05,0.6933333333333334,0
611,89671,1.0,0.0002397524076513946,-0.010750750079751015,5.171855082153343e-05,0.7246376811594203,0
612,89810,1.0,6.10139686614275e-05,-0.010498128831386566,0.00012904711184091866,0.7266187050359713,0
613,89960,0.0,4.3065309000667185e-05,-0.010531499981880188,7.790239033056423e-05,0.62,0
614,90110,0.0,8.691531547810882e-05,-0.01073484867811203,6.476790440501645e-05,0.7,0
615,90260,0.0,9.401615534443408e-05,-0.01071927696466446,6.549993850057945e-05,0.6866666666666666,0
616,90405,1.0,8.585550676798448e-05,-0.010391413234174252,6.431910151150078e-05,0.6344827586206897,0
617,90555,0.0,7.22041804692708e-05,-0.010924115777015686,7.137210195651278e-05,0.6733333333333333,0
618,90704,1.0,4.721233563032001e-05,-0.010448952205479145,9.965722711058334e-05,0.7181208053691275,0
619,90842,1.0,3.038590875803493e-05,-0.010860323905944824,6.432379450416192e-05,0.717391304347826,0
620,90985,1.0,4.944124520989135e-05,-0.01043862383812666,7.537277269875631e-05,0.7902097902097902,0
621,91120,1.0,0.00019588286522775888,-0.010634121485054493,4.99749367008917e-05,0.6444444444444445,0
622,91264,1.0,9.356604277854785e-05,-0.01091549452394247,9.528806549496949e-05,0.7291666666666666,0
623,91399,1.0,0.0001045252793119289,-0.01061711274087429,5.222820982453413e-05,0.5851851851851851,0
624,91549,0.0,3.9637463487451896e-05,-0.010484582744538784,3.860549259115942e-05,0.6333333333333333,0
625,91686,1.0,0.0002956198586616665,-0.010860146954655647,5.341656651580706e-05,0.7153284671532847,0
626,91836,0.0,0.00019253362552262843,-0.010617141611874104,0.00015916579286567867,0.68,0
627,91985,1.0,7.315924449358135e-05,-0.01059428695589304,7.253895455505699e-05,0.6912751677852349,0
628,92127,1.0,5.996441177558154e-05,-0.010620737448334694,8.007579162949696e-05,0.6830985915492958,0
629,92267,1.0,6.0783306253142655e-05,-0.010759441182017326,6.719963857904077e-05,0.65,0
630,92417,0.0,7.517821359215304e-05,-0.010540918447077274,0.00011048343003494665,0.6666666666666666,0
631,92564,1.0,0.00010159796511288732,-0.010724634863436222,4.897930921288207e-05,0.7142857142857143,0
632,92714,0.0,7.85736701800488e-05,-0.010599925182759762,4.466155587579124e-05,0.7333333333333333,0
633,92852,1.0,0.00010053635924123228,-0.010961802676320076,4.7052428271854296e-05,0.7391304347826086,0
634,93002,0.0,0.00017705722711980343,-0.01080993376672268,0.00010541910160100088,0.74,0
635,93152,0.0,6.33064191788435e-05,-0.010596385225653648,7.539597572758794e-05,0.6733333333333333,0
636,93302,0.0,7.126403943402693e-05,-0.010800972580909729,8.787441765889525e-05,0.6866666666666666,0
637,93452,0.0,7.053648732835427e-05,-0.010534465312957764,5.9498554037418216e-05,0.62,0
638,93589,1.0,7.475685561075807e-05,-0.010496038943529129,4.59507828054484e-05,0.7299270072992701,0
639,93739,0.0,6.699316145386547e-05,-0.010627551935613155,4.183833516435698e-05,0.7,0
640,93883,1.0,6.2913415604271e-05,-0.010467051528394222,2.6889581931754947e-05,0.6666666666666666,0
641,94030,1.0,3.134777216473594e-05,-0.01074873749166727,5.256034273770638e-05,0.673469387755102,0
642,94180,0.0,4.707367770606652e-05,-0.010817447677254677,4.534249092102982e-05,0.6666666666666666,0
643,94321,1.0,0.00010372896940680221,-0.01071071345359087,5.554266681428999e-05,0.75177304964539,0
644,94461,1.0,4.618985622073524e-05,-0.010852684266865253,5.41576009709388e-05,0.7357142857142858,0
645,94611,0.0,9.993418643716723e-05,-0.010757544077932835,4.149304368183948e-05,0.62,0
646,94761,0.0,5.4357289627660066e-05,-0.010502027347683907,6.65287661831826e-05,0.6466666666666666,0
647,94905,1.0,5.379306458053179e-05,-0.010566878132522106,9.306707215728238e-05,0.6666666666666666,0
648,95055,0.0,5.8126941439695656e-05,-0.010450227186083794,0.00010965926048811525,0.7133333333333334,0
649,95199,1.0,7.103427924448624e-05,-0.010545284487307072,9.66048173722811e-05,0.7361111111111112,0
650,95338,1.0,0.00010365486377850175,-0.01033829990774393,6.129225948825479e-05,0.6402877697841727,0
651,95481,1.0,9.5129304099828e-05,-0.010664735920727253,5.069313556305133e-05,0.6643356643356644,0
652,95631,0.0,6.824659794801846e-05,-0.010876680724322796,6.6957320086658e-05,0.6466666666666666,0
653,95773,1.0,5.295888695400208e-05,-0.01057380624115467,9.596346353646368e-05,0.7112676056338029,0
654,95916,1.0,3.82652688131202e-05,-0.010734484530985355,0.00012335529027041048,0.5944055944055944,0
655,96066,0.0,4.975966294296086e-05,-0.01070190966129303,0.00012756598880514503,0.7333333333333333,0
656,96216,1.0,5.160165164852515e-05,-0.010500178672373295,2.4291453883051872e-05,0.66,0
657,96366,0.0,0.000119253687444143,-0.010914773680269718,0.00012895003601443022,0.7266666666666667,0
658,96514,1.0,0.00010432519047753885,-0.010565151460468769,0.00012689913273788989,0.668918918918919,0
659,96648,1.0,6.040204607415944e-05,-0.011203205212950706,9.925794438458979e-05,0.6119402985074627,0
660,96798,0.0,4.214215005049482e-05,-0.010706515051424503,0.00011280079343123361,0.6533333333333333,0
661,96948,0.0,0.00012089199299225584,-0.010728485882282257,0.00010145804844796658,0.6733333333333333,0
662,97089,1.0,9.988582314690575e-05,-0.01082579605281353,7.774561527185142e-05,0.7375886524822695,0
663,97239,0.0,6.998429307714105e-05,-0.010796444490551949,8.554412488592789e-05,0.68,0
664,97389,0.0,0.00010794596164487302,-0.010414188727736473,7.552615716122091e-05,0.6733333333333333,0
665,97527,1.0,7.889453991083428e-05,-0.010851440951228142,6.468984065577388e-05,0.644927536231884,0
666,97677,0.0,7.451466808561236e-05,-0.010818001814186573,5.734703881898895e-05,0.66,0
667,97827,0.0,4.011662895209156e-05,-0.010287432000041008,0.0004236600361764431,0.6666666666666666,0
668,97977,0.0,0.0001268868800252676,-0.010326768271625042,0.00012397569662425667,0.64,0
669,98127,0.0,5.694572246284224e-05,-0.010223613120615482,6.951970135560259e-05,0.62,0
670,98272,1.0,6.566295633092523e-05,-0.01094996277242899,6.203581870067865e-05,0.6620689655172414,0
671,98422,0.0,6.857560947537422e-05,-0.01098139863461256,8.098965918179601e-05,0.64,0
672,98572,0.0,8.46112598082982e-05,-0.010466071777045727,5.783572487416677e-05,0.6133333333333333,0
673,98710,1.0,6.26748806098476e-05,-0.010637805797159672,0.0002800261427182704,0.6884057971014492,0
674,98860,0.0,4.313182580517605e-05,-0.010452310554683208,0.0001712133816909045,0.72,0
675,99010,0.0,5.1927265303675085e-05,-0.010441478341817856,2.9365312002482824e-05,0.6533333333333333,0
676,99150,1.0,6.866941112093627e-05,-0.010320976376533508,6.513726111734286e-05,0.6714285714285714,0
677,99293,1.0,7.437106978613883e-05,-0.010788071900606155,5.319956471794285e-05,0.6363636363636364,0
678,99432,1.0,6.155356095405295e-05,-0.010625937022268772,8.60690779518336e-05,0.6762589928057554,0
679,99582,0.0,9.285186388297006e-05,-0.010354559868574142,6.830196070950478e-05,0.7533333333333333,0
680,99724,1.0,5.8136298321187496e-05,-0.0108775794506073,7.220225961646065e-05,0.704225352112676,0
681,99874,0.0,6.966566434130073e-05,-0.010967104695737362,6.0721224144799635e-05,0.7,0
682,100024,0.0,5.62397253816016e-05,-0.010827139019966125,5.424830669653602e-05,0.6666666666666666,0
683,100174,0.0,5.716923624277115e-05,-0.010817334987223148,5.219884042162448e-05,0.68,0
684,100324,0.0,0.00010620104148983955,-0.010668550617992878,4.548216384137049e-05,0.6666666666666666,0
685,100474,0.0,6.704419502057135e-05,-0.010809063911437988,3.9236689190147445e-05,0.68,0
686,100621,1.0,0.00010423644562251866,-0.010628056712448597,4.124044062336907e-05,0.6530612244897959,0
687,100771,0.0,7.56792796892114e-05,-0.010659176856279373,9.685723489383236e-05,0.7,0
688,100921,0.0,7.936096517369151e-05,-0.010864919051527977,6.300942914094776e-05,0.64,0
689,101062,1.0,0.00010387835209257901,-0.010706857778131962,0.00011473211634438485,0.6808510638297872,0
690,101212,0.0,7.167225703597069e-05,-0.010829762555658817,5.8819143305299804e-05,0.6533333333333333,0
691,101359,1.0,0.00010123946412932128,-0.010764670558273792,9.347944433102384e-05,0.6462585034013606,0
692,101509,0.0,7.461148197762668e-05,-0.010993697680532932,5.586702172877267e-05,0.6066666666666667,0
693,101654,1.0,8.44570022309199e-05,-0.010730571113526821,9.113401756621897e-05,0.5793103448275863,0
694,101804,0.0,0.00022885846556164324,-0.011095212772488594,5.1960327255073935e-05,0.5866666666666667,0
695,101954,0.0,6.84584811097011e-05,-0.010450132191181183,0.0001853244611993432,0.6266666666666667,0
696,102104,0.0,9.626778773963451e-05,-0.010712621733546257,4.317460843594745e-05,0.78,0
697,102254,0.0,6.146451050881296e-05,-0.010769154876470566,9.511801181361079e-05,0.7,0
698,102398,1.0,7.797408034093678e-05,-0.010341739282011986,4.7954828914953396e-05,0.5833333333333334,0
699,102542,1.0,5.131864963914268e-05,-0.010969317518174648,5.788885391666554e-05,0.6527777777777778,0
700,102678,1.0,0.00016399144078604877,-0.010750195942819118,5.4011215979699045e-05,0.6985294117647058,0
701,102816,1.0,0.00010549198486842215,-0.01044522412121296,6.128824315965176e-05,0.6956521739130435,0
702,102958,1.0,8.65303591126576e-05,-0.010772738605737686,5.263210550765507e-05,0.5492957746478874,0
703,103095,1.0,0.00012730892922263592,-0.010770256631076336,7.895704766269773e-05,0.5401459854014599,0
704,103236,1.0,6.700464291498065e-05,-0.010572809725999832,6.767484592273831e-05,0.6950354609929078,0
705,103379,1.0,0.0001021633215714246,-0.01077352650463581,0.00019712295033968985,0.6713286713286714,0
706,103529,0.0,0.00013021400081925094,-0.01041417196393013,0.00010279787966283038,0.6533333333333333,0
707,103671,1.0,0.000150292253238149,-0.010843897238373756,7.895889575593174e-05,0.6126760563380281,0
708,103821,0.0,0.00011892415932379663,-0.010588521137833595,6.988571840338409e-05,0.6733333333333333,0
709,103959,1.0,7.784350600559264e-05,-0.011064738966524601,5.764721936429851e-05,0.6956521739130435,0
710,104109,1.0,0.00023073851480148733,-0.010925093665719032,0.00012905796756967902,0.6666666666666666,0
711,104249,1.0,5.535337550099939e-05,-0.010541494004428387,0.0001550966699142009,0.6571428571428571,0
712,104385,1.0,0.00010854114952962846,-0.010697887279093266,0.00013217866944614798,0.7205882352941176,0
713,104532,1.0,6.347725138766691e-05,-0.010936934500932693,5.762400905950926e-05,0.5238095238095238,0
714,104682,0.0,4.787924626725726e-05,-0.010838349349796772,3.6006738810101524e-05,0.6733333333333333,0
715,104831,1.0,8.196425915230066e-05,-0.011093837209045887,7.005051156738773e-05,0.6308724832214765,0
716,104981,0.0,8.950569463195279e-05,-0.011158127337694168,0.00010430655675008893,0.62,0
717,105124,1.0,0.00010675159137463197,-0.010697701014578342,9.965426579583436e-05,0.6993006993006993,0
718,105264,1.0,0.00012803896970581263,-0.010872012935578823,5.9438261814648286e-05,0.6071428571428571,0
719,105414,0.0,0.00022108160192146897,-0.01089207362383604,0.00016241766570601612,0.6,0
720,105564,0.0,6.732039764756337e-05,-0.010750423185527325,8.346266986336559e-05,0.62,0
721,105702,1.0,8.211872773244977e-05,-0.011164383962750435,7.271292997756973e-05,0.717391304347826,0
722,105852,0.0,0.0001362935290671885,-0.011141801252961159,3.573142021195963e-05,0.6133333333333333,0
723,106002,0.0,9.956123540177941e-05,-0.011251232586801052,4.9373687943443656e-05,0.64,0
724,106152,0.0,0.0001602505217306316,-0.0109528424218297,5.773471639258787e-05,0.54,0
725,106302,1.0,9.032385423779488e-05,-0.010689103044569492,3.4660253731999546e-05,0.7133333333333334,0
726,106449,1.0,9.547999070491642e-05,-0.010888132266700268,4.339154838817194e-05,0.6938775510204082,0
727,106593,1.0,5.3643401770386845e-05,-0.011077629402279854,5.6859931646613404e-05,0.5833333333333334,0
728,106743,0.0,7.91320635471493e-05,-0.010685267858207226,4.9147052777698264e-05,0.6133333333333333,0
729,106888,1.0,0.00011471570905996487,-0.010787960141897202,0.00022648402955383062,0.6,0
730,107037,1.0,8.712611452210695e-05,-0.011011402122676373,6.994209252297878e-05,0.610738255033557,0
731,107177,1.0,0.0001267300540348515,-0.011102870106697083,9.088413207791746e-05,0.75,0
732,107327,0.0,5.351943036657758e-05,-0.01127750426530838,5.349195271264762e-05,0.6466666666666666,0
733,107477,0.0,0.00016297557158395648,-0.010847370140254498,6.876511179143563e-05,0.58,0
734,107619,1.0,0.00010664876026567072,-0.011200092732906342,6.332295015454292e-05,0.6690140845070423,0
735,107761,1.0,6.147204840090126e-05,-0.010602164082229137,7.410495163640007e-05,0.5915492957746479,0
736,107907,1.0,0.0001250577624887228,-0.01097121648490429,0.0001038909176713787,0.6301369863013698,0
737,108048,1.0,8.944990986492485e-05,-0.01044385228306055,5.1653943955898285e-05,0.5886524822695035,0
738,108198,0.0,8.14110753708519e-05,-0.01085974182933569,4.243846706231125e-05,0.6266666666666667,0
739,108348,0.0,7.15192873030901e-05,-0.010801023803651333,6.37125049252063e-05,0.5933333333333334,0
740,108493,1.0,8.954518852988258e-05,-0.011218543164432049,8.52887678775005e-05,0.6068965517241379,0
741,108630,1.0,0.00010038881737273186,-0.010903606191277504,6.437811680370942e-05,0.6934306569343066,0
742,108772,1.0,0.00012245457037352026,-0.010791406966745853,3.7915247958153486e-05,0.6267605633802817,0
743,108912,1.0,7.930097490316257e-05,-0.010832956060767174,3.214111347915605e-05,0.6857142857142857,0
744,109062,0.0,0.0001793346309568733,-0.0107642887160182,6.603016663575545e-05,0.6866666666666666,0
745,109200,1.0,7.096931949490681e-05,-0.010740782134234905,0.00014749493857380003,0.6811594202898551,0
746,109341,1.0,8.050721953622997e-05,-0.010373126715421677,4.0141254430636764e-05,0.6595744680851063,0
747,109491,0.0,8.256570436060429e-05,-0.010764970444142818,7.166401337599382e-05,0.6733333333333333,0
748,109641,0.0,0.00011036587238777429,-0.010873091407120228,6.030156509950757e-05,0.5133333333333333,0
749,109780,1.0,0.0001401791669195518,-0.010668657720088959,4.355261989985593e-05,0.5611510791366906,0
750,109919,1.0,7.538609497714788e-05,-0.011079459451138973,5.778355262009427e-05,0.5827338129496403,0
751,110069,0.0,8.10815254226327e-05,-0.011077961884438992,3.5946606658399105e-05,0.6533333333333333,0
752,110209,1.0,8.50182113936171e-05,-0.010674737393856049,0.0001013171931845136,0.6928571428571428,0
753,110359,0.0,6.654071330558509e-05,-0.010949194431304932,4.045821333420463e-05,0.6133333333333333,0
754,110509,0.0,6.023384412401356e-05,-0.010489672422409058,3.515055141178891e-05,0.6,0
755,110659,0.0,7.449809345416725e-05,-0.010910799726843834,8.799229544820264e-05,0.62,0
756,110800,1.0,7.660924893571064e-05,-0.010899142362177372,7.14498819434084e-05,0.6028368794326241,0
757,110950,0.0,6.0321610362734646e-05,-0.010552950203418732,0.00017853901954367757,0.56,0
758,111100,0.0,4.421612175065093e-05,-0.010827193967998028,3.0432982384809293e-05,0.6266666666666667,0
759,111244,1.0,0.00019195939239580184,-0.01065748743712902,5.3884123190073296e-05,0.625,0
760,111394,0.0,9.327973384642974e-05,-0.010549821890890598,3.726219802047126e-05,0.6066666666666667,0
761,111534,1.0,6.55150506645441e-05,-0.010381806641817093,7.79526963015087e-05,0.55,0
762,111682,1.0,0.00011085216101491824,-0.010648558847606182,0.00012594365398399532,0.6081081081081081,0
763,111824,1.0,8.71342490427196e-05,-0.010632575489580631,4.7512512537650764e-05,0.528169014084507,0
764,111965,1.0,0.00023262212926056236,-0.010561146773397923,3.333668428240344e-05,0.624113475177305,0
765,112115,0.0,0.0001004805089905858,-0.011146183125674725,4.103975879843347e-05,0.5466666666666666,0
766,112255,1.0,5.2371273341123015e-05,-0.010585731826722622,7.452684076270089e-05,0.7071428571428572,0
767,112405,0.0,9.960975148715079e-05,-0.010613804683089256,3.7019341107225046e-05,0.56,0
768,112555,0.0,8.917546074371785e-05,-0.01058879029005766,3.542505146469921e-05,0.6066666666666667,0
769,112705,0.0,8.010154124349356e-05,-0.010328681208193302,6.835707608843222e-05,0.62,0
770,112855,0.0,6.891341763548553e-05,-0.010895432904362679,3.632894004113041e-05,0.5466666666666666,0
771,112994,1.0,4.585396163747646e-05,-0.010276908986270428,4.398356395540759e-05,0.7194244604316546,0
772,113144,0.0,7.756873674225062e-05,-0.010333642363548279,2.767757177934982e-05,0.7866666666666666,0
773,113294,0.0,5.4560172429773957e-05,-0.010420739650726318,4.210594852338545e-05,0.6333333333333333,0
774,113444,0.0,0.0001022637152345851,-0.01039994414895773,4.1273342503700405e-05,0.6533333333333333,0
775,113588,1.0,7.346581696765497e-05,-0.010707867331802845,5.101617716718465e-05,0.5763888888888888,0
776,113729,1.0,0.00010049814591184258,-0.01080079935491085,3.599768751882948e-05,0.6595744680851063,0
777,113879,0.0,8.354963210877031e-05,-0.010632538236677647,2.2764344976167195e-05,0.6133333333333333,0
778,114029,0.0,0.00020753177523147315,-0.010731952264904976,7.218915561679751e-05,0.68,0
779,114179,0.0,0.00017859446234069765,-0.010276209563016891,3.5946919524576515e-05,0.5666666666666667,0
780,114325,1.0,8.133700612233952e-05,-0.010661052539944649,3.212356386939064e-05,0.6301369863013698,0
781,114475,0.0,4.2300056520616636e-05,-0.010085511021316051,4.496630936046131e-05,0.6666666666666666,0
782,114625,0.0,5.151840014150366e-05,-0.010417635552585125,2.3617509214091115e-05,0.5733333333333334,0
783,114775,0.0,5.092122592031956e-05,-0.01037411019206047,3.372906940057874e-05,0.6133333333333333,0
784,114919,1.0,5.52363671886269e-05,-0.010743147693574429,3.905282574123703e-05,0.5763888888888888,0
785,115069,0.0,6.931290408829227e-05,-0.010303718037903309,5.949144178885035e-05,0.6666666666666666,0
786,115209,1.0,8.78157006809488e-05,-0.010607630014419556,3.776841549552046e-05,0.5857142857142857,0
787,115359,0.0,4.3136711610713974e-05,-0.010313089936971664,3.082414696109481e-05,0.62,0
788,115502,1.0,0.00012195069575682282,-0.010580792091786861,4.309316136641428e-05,0.6153846153846154,0
789,115652,0.0,7.210383773781359e-05,-0.01028500497341156,2.4096876586554572e-05,0.6666666666666666,0
790,115802,0.0,0.00010193213529419154,-0.010557063855230808,4.815685679204762e-05,0.6466666666666666,0
791,115952,0.0,5.63563262403477e-05,-0.010435903444886208,5.230156966717914e-05,0.6,0
792,116102,0.0,9.262033563572913e-05,-0.010245674289762974,4.21488584834151e-05,0.6133333333333333,0
793,116252,0.0,0.0001084218529285863,-0.010191214270889759,2.8808788556489162e-05,0.6533333333333333,0
794,116399,1.0,7.511534204240888e-05,-0.01055924128741026,4.4983764382777736e-05,0.5782312925170068,0
795,116539,1.0,0.00010969532013405114,-0.010515558533370495,5.506593515747227e-05,0.6214285714285714,0
796,116676,1.0,6.971018592594191e-05,-0.010424178093671799,4.34200483141467e-05,0.6934306569343066,0
797,116821,1.0,7.432494749082252e-05,-0.01042539905756712,0.00020400404173415154,0.6068965517241379,0
798,116971,0.0,6.272296013776213e-05,-0.010621574707329273,4.0415063267573714e-05,0.62,0
799,117108,1.0,0.0001050586870405823,-0.01046549342572689,3.520595782902092e-05,0.6277372262773723,0
800,117251,1.0,7.303396705538034e-05,-0.010454380884766579,0.00010414965072413906,0.5524475524475524,0
801,117401,0.0,5.246856017038226e-05,-0.010470344685018063,2.8548369300551713e-05,0.6066666666666667,0
802,117549,1.0,6.515507266158238e-05,-0.010373810306191444,2.676751319086179e-05,0.5675675675675675,0
803,117692,1.0,8.030139724723995e-05,-0.01047691609710455,5.2797931857639924e-05,0.6433566433566433,0
804,117834,1.0,4.4990396418143064e-05,-0.010465746745467186,3.2030100555857643e-05,0.528169014084507,0
805,117984,0.0,7.50768740545027e-05,-0.010487597435712814,3.328312959638424e-05,0.6066666666666667,0
806,118134,0.0,7.00790187693201e-05,-0.010409596376121044,3.9793201722204685e-05,0.5333333333333333,0
807,118284,0.0,6.026437404216267e-05,-0.010529691353440285,6.685413973173127e-05,0.6066666666666667,0
808,118429,1.0,5.05933458043728e-05,-0.010326394811272621,3.1151641451288015e-05,0.5517241379310345,0
809,118579,0.0,0.00010829868551809341,-0.010267145000398159,3.1771949579706416e-05,0.5733333333333334,0
810,118723,1.0,8.278738823719323e-05,-0.010422098450362682,3.326372097944841e-05,0.5277777777777778,0
811,118873,0.0,0.00018475865363143384,-0.010735486634075642,5.3391333494801074e-05,0.5866666666666667,0
812,119015,1.0,6.013232268742286e-05,-0.010088054463267326,4.008565883850679e-05,0.6197183098591549,0
813,119165,0.0,5.338226037565619e-05,-0.010321531444787979,2.841007153620012e-05,0.5666666666666667,0
814,119315,0.0,0.00013279115955810994,-0.010509631596505642,7.274670497281477e-05,0.6866666666666666,0
815,119457,1.0,6.943363405298442e-05,-0.010592113249003887,1.7189999198308215e-05,0.6126760563380281,0
816,119602,1.0,5.800507278763689e-05,-0.010127612389624119,6.01852843828965e-05,0.6413793103448275,0
817,119752,0.0,7.315569382626563e-05,-0.010674605146050453,3.9419344830093905e-05,0.5933333333333334,0
818,119902,0.0,5.221291212365031e-05,-0.01042743306607008,4.542857641354203e-05,0.6,0
819,120047,1.0,0.00015817442908883095,-0.010232329368591309,5.900491669308394e-05,0.6137931034482759,0
820,120197,0.0,4.4583441194845363e-05,-0.010072044096887112,5.402698661782779e-05,0.54,0
821,120341,1.0,8.556537795811892e-05,-0.010242423973977566,3.965593714383431e-05,0.5694444444444444,0
822,120485,1.0,6.939177546883002e-05,-0.010522964410483837,4.9853046220960096e-05,0.5694444444444444,0
823,120635,0.0,4.3213854951318353e-05,-0.010293644852936268,2.8488069801824167e-05,0.6333333333333333,0
824,120785,0.0,6.296607898548245e-05,-0.01121924165636301,4.005091977887787e-05,0.6266666666666667,0
825,120923,1.0,9.268338908441365e-05,-0.010298830457031727,3.1897190638119355e-05,0.6231884057971014,0
826,121073,0.0,6.700127414660528e-05,-0.009870105423033237,8.070687908912078e-05,0.6666666666666666,0
827,121219,1.0,9.22632752917707e-05,-0.010428580455482006,2.9261000236147083e-05,0.6164383561643836,0
828,121363,1.0,0.00013853044947609305,-0.01067829318344593,3.160087362630293e-05,0.6527777777777778,0
829,121513,0.0,8.921220432966948e-05,-0.010006541386246681,0.00015217289910651743,0.56,0
830,121663,0.0,5.102013165014796e-05,-0.01028703898191452,3.9356487832264975e-05,0.6266666666666667,0
831,121806,1.0,4.776907371706329e-05,-0.010119859129190445,2.6188292395090684e-05,0.6083916083916084,0
832,121955,1.0,8.813237946014851e-05,-0.010325830429792404,2.5232437110389583e-05,0.5637583892617449,0
833,122105,0.0,7.592755719088018e-05,-0.010377873666584492,2.4214999939431436e-05,0.5466666666666666,0
834,122255,0.0,0.00015818135580047965,-0.010557406581938267,3.4402881283313036e-05,0.5866666666666667,0
835,122400,1.0,7.162702968344092e-05,-0.010532489977777004,3.501856917864643e-05,0.47586206896551725,0
836,122550,0.0,6.748366286046803e-05,-0.00998692587018013,2.5961500796256587e-05,0.5466666666666666,0
837,122688,1.0,7.137194916140288e-05,-0.0039602043107151985,0.006546608172357082,0.6304347826086957,0
838,122836,1.0,3.9728794945403934e-05,-0.010217463597655296,3.71407440979965e-05,0.7162162162162162,0
839,122986,0.0,9.272048919228837e-05,-0.010844798758625984,3.156523598590866e-05,0.5533333333333333,0
840,123136,0.0,8.342287037521601e-05,-0.010452109389007092,6.053134347894229e-05,0.6,0
841,123286,0.0,0.00010799455776577815,-0.010403738357126713,4.118050856050104e-05,0.5666666666666667,0
842,123428,1.0,7.673913205508143e-05,-0.010077438317239285,3.3008203899953514e-05,0.6056338028169014,0
843,123569,1.0,0.00022446548973675817,-0.010354883037507534,4.344045009929687e-05,0.6382978723404256,0
844,123712,1.0,0.00016256407252512872,-0.010626086965203285,2.6890826120506972e-05,0.6153846153846154,0
845,123852,1.0,5.0526643462944776e-05,-0.010440971702337265,4.81891656818334e-05,0.6714285714285714,0
846,124002,0.0,0.0001092513048206456,-0.010610396973788738,2.2765460016671568e-05,0.6,0
847,124148,1.0,0.0001069973804987967,-0.010362454690039158,2.848650183295831e-05,0.6438356164383562,0
848,124298,0.0,7.278224802576005e-05,-0.01033948827534914,1.852995228546206e-05,0.5933333333333334,0
849,124444,1.0,5.4724754591006786e-05,-0.010382058098912239,4.175455978838727e-05,0.6506849315068494,0
850,124584,1.0,0.00016107948613353074,-0.010604318231344223,3.082066905335523e-05,0.6428571428571429,0
851,124720,1.0,7.316628762055188e-05,-0.010324297472834587,1.9429151507210918e-05,0.5441176470588235,0
852,124870,0.0,4.8311463615391403e-05,-0.010890107601881027,2.8683893106062897e-05,0.56,0
853,125020,0.0,0.00010976964404108003,-0.010580074973404408,5.059690374764614e-05,0.6133333333333333,0
854,125170,0.0,5.913909990340471e-05,-0.010615975596010685,2.615940320538357e-05,0.58,0
855,125320,0.0,5.77904938836582e-05,-0.010138067416846752,1.6196649085031822e-05,0.5466666666666666,0
856,125465,1.0,5.677475201082416e-05,-0.01008766982704401,3.1148061680141836e-05,0.5862068965517241,0
857,125615,0.0,0.00010708709305617958,-0.010394836775958538,2.885736830648966e-05,0.5733333333333334,0
858,125755,1.0,5.732713543693535e-05,-0.010621516034007072,4.343884211266413e-05,0.6,0
859,125905,0.0,8.137983968481421e-05,-0.010172312147915363,0.00017508726159576327,0.6333333333333333,0
860,126055,0.0,5.098619658383541e-05,-0.010578475892543793,4.641891428036615e-05,0.6133333333333333,0
861,126198,1.0,6.871054210932925e-05,-0.010148613713681698,0.00010490044951438904,0.6433566433566433,0
862,126340,1.0,5.341913492884487e-05,-0.009905354119837284,0.0002883279521483928,0.5211267605633803,0
863,126490,0.0,3.7698919186368585e-05,-0.010377421975135803,0.0003599632764235139,0.62,0
864,126639,1.0,9.089992090594023e-05,-0.01053400058299303,5.159404463483952e-05,0.6442953020134228,0
865,126789,0.0,7.87205426604487e-05,-0.01077944040298462,2.652619696164038e-05,0.6066666666666667,0
866,126939,0.0,0.000122866069432348,-0.01051434874534607,2.8539574486785568e-05,0.6666666666666666,0
867,127089,0.0,0.00019069260451942682,-0.01061033084988594,4.0603797970106825e-05,0.5133333333333333,0
868,127239,0.0,5.680320828105323e-05,-0.00998464785516262,3.3199790777871385e-05,0.6466666666666666,0
869,127379,1.0,0.00011561405699467286,-0.01068852934986353,3.820342317339964e-05,0.5357142857142857,0
870,127529,0.0,7.924818055471405e-05,-0.010598575696349144,2.7847527235280722e-05,0.6533333333333333,0
871,127679,0.0,7.332971290452406e-05,-0.010339386761188507,1.6040859918575734e-05,0.6066666666666667,0
872,127813,1.0,0.00013460576883517206,-0.01047158520668745,3.4274638892384246e-05,0.6417910447761194,0
873,127960,1.0,7.957478374009952e-05,-0.010449277237057686,2.7989302907371894e-05,0.5578231292517006,0
874,128101,1.0,7.89173791417852e-05,-0.010407949797809124,7.554142212029546e-05,0.6737588652482269,0
875,128243,1.0,5.9814396081492305e-05,-0.010328985750675201,8.647073264000937e-05,0.5774647887323944,0
876,128393,0.0,5.932894055149518e-05,-0.0102552380412817,3.9823375118430704e-05,0.5933333333333334,0
877,128533,1.0,5.8931622334057465e-05,-0.010579078458249569,2.2005679056746885e-05,0.5642857142857143,0
878,128670,1.0,4.636673838831484e-05,-0.010413818061351776,4.6315199142554775e-05,0.6715328467153284,0
879,128820,0.0,4.770128725795075e-05,-0.010357799008488655,3.516207652864978e-05,0.62,0
880,128967,1.0,0.00014568351616617292,-0.010356917977333069,2.8060298063792288e-05,0.5850340136054422,0
881,129117,0.0,9.949586092261598e-05,-0.010443592444062233,5.574480019276962e-05,0.5466666666666666,0
882,129257,1.0,5.4450145398732275e-05,-0.010576155968010426,5.3309824579628184e-05,0.6214285714285714,0
883,129406,1.0,7.838051533326507e-05,-0.010785852558910847,4.008150426670909e-05,0.6174496644295302,0
884,129556,0.0,5.756433529313654e-05,-0.010555882938206196,2.0784345906577073e-05,0.5866666666666667,0
885,129706,0.0,0.00010079744970425963,-0.010830004699528217,5.3042454965179786e-05,0.6266666666666667,0
886,129856,0.0,9.292199683841318e-05,-0.010530134662985802,2.004284215217922e-05,0.6466666666666666,0
887,130006,0.0,4.60956507595256e-05,-0.01032922975718975,3.0138367947074585e-05,0.49333333333333335,0
888,130156,0.0,0.00010032156569650397,-0.010045861825346947,2.6422441806062125e-05,0.5266666666666666,0
889,130306,0.0,4.809177335118875e-05,-0.01059127040207386,2.172186941606924e-05,0.52,0
890,130456,0.0,5.535267700906843e-05,-0.010610698722302914,3.245936750317924e-05,0.58,0
891,130606,0.0,9.31908653001301e-05,-0.010351330041885376,3.64140396413859e-05,0.6066666666666667,0
892,130751,1.0,8.184655598597601e-05,-0.010030795820057392,3.0348754080478102e-05,0.6413793103448275,0
893,130901,0.0,0.0001147426082752645,-0.01016298495233059,2.7276340915705077e-05,0.6466666666666666,0
894,131051,0.0,6.197296897880733e-05,-0.009874161332845688,7.875330629758537e-05,0.58,0
895,131201,0.0,9.86202503554523e-05,-0.010328936390578747,3.548169115674682e-05,0.49333333333333335,0
896,131346,1.0,0.00012132900155847892,-0.010411256924271584,2.624376065796241e-05,0.5655172413793104,0
897,131491,1.0,0.00023684219922870398,-0.010240083560347557,2.2112606529844925e-05,0.5241379310344828,0
898,131641,0.0,5.812691597384401e-05,-0.010063367895781994,5.0667131290538236e-05,0.68,0
899,131784,1.0,6.48287168587558e-05,-0.010510697960853577,2.9958364393678494e-05,0.5314685314685315,0
900,131931,1.0,0.00012649688869714737,-0.010692181065678596,4.718943091575056e-05,0.48299319727891155,0
901,132078,1.0,0.00011471964535303414,-0.010266841389238834,2.2317495677270927e-05,0.6054421768707483,0
902,132228,0.0,8.356987382285297e-05,-0.010239856317639351,4.227308454574086e-05,0.5533333333333333,0
903,132378,0.0,5.95395831624046e-05,-0.010278740897774696,5.878814044990577e-05,0.5333333333333333,0
904,132528,0.0,0.0002468951279297471,-0.011013208888471127,4.7245695895981044e-05,0.6266666666666667,0
905,132671,1.0,0.00012602673086803406,-0.010873652994632721,2.120198951161001e-05,0.5314685314685315,0
906,132821,0.0,6.685395783279091e-05,-0.010519267991185188,5.4862281103851274e-05,0.6133333333333333,0
907,132971,0.0,4.711472865892574e-05,-0.010394247248768806,1.5291787349269725e-05,0.5,0
908,133117,1.0,6.336664955597371e-05,-0.010446179658174515,4.073129821335897e-05,0.5342465753424658,0
909,133258,1.0,8.206779602915049e-05,-0.009893936105072498,3.5946581192547455e-05,0.5106382978723404,0
910,133408,0.0,7.081984949763864e-05,-0.00995615217834711,4.25800280936528e-05,0.47333333333333333,0
911,133558,0.0,6.0790196585003287e-05,-0.010812095366418362,1.8686780094867572e-05,0.56,0
912,133708,0.0,8.43981106299907e-05,-0.010653488337993622,4.9913953262148425e-05,0.6,0
913,133856,1.0,0.00010841986659215763,-0.01015510130673647,3.512084003887139e-05,0.5945945945945946,0
914,134006,0.0,0.00010390914394520223,-0.010238352231681347,1.7317943274974823e-05,0.5,0
915,134149,1.0,0.00023842665541451424,-0.010745630599558353,4.83865114802029e-05,0.5734265734265734,0
916,134299,0.0,7.658940012333915e-05,-0.010546685196459293,2.5974555683205836e-05,0.46,0
917,134447,1.0,7.221617852337658e-05,-0.01069657877087593,5.12722872372251e-05,0.6216216216216216,0
918,134597,0.0,9.368390601594001e-05,-0.010167176835238934,2.07822558877524e-05,0.6,0
919,134747,0.0,3.395057865418494e-05,-0.010376435704529285,3.402021684451029e-05,0.47333333333333333,0
920,134892,1.0,7.969530997797847e-05,-0.010405863635241985,4.4213196815690026e-05,0.5793103448275863,0
921,135033,1.0,3.7007284845458344e-05,-0.010336211882531643,2.4231436327681877e-05,0.5390070921985816,0
922,135179,1.0,6.692743772873655e-05,-0.010332394391298294,3.870912405545823e-05,0.5616438356164384,0
923,135329,0.0,5.043390046921559e-05,-0.010566549375653267,2.510723061277531e-05,0.5466666666666666,0
924,135471,1.0,8.978103869594634e-05,-0.010636555962264538,4.575409911922179e-05,0.5774647887323944,0
925,135621,0.0,0.00016299690469168127,-0.010623728856444359,1.4301007468020543e-05,0.5333333333333333,0
926,135763,1.0,7.791056123096496e-05,-0.010626476258039474,2.4704087991267443e-05,0.5492957746478874,0
927,135913,0.0,8.25036404421553e-05,-0.010628551244735718,1.397883261233801e-05,0.5133333333333333,0
928,136052,1.0,0.0001046756879077293,-0.010671502910554409,2.4904995370889083e-05,0.5755395683453237,0
929,136200,1.0,4.300960063119419e-05,-0.010249127633869648,1.95063985302113e-05,0.4797297297297297,0
930,136346,1.0,7.987969001987949e-05,-0.01068301871418953,3.72681170119904e-05,0.6027397260273972,0
931,136496,0.0,7.261578866746277e-05,-0.0102807292714715,4.280755092622712e-05,0.6533333333333333,0
932,136640,1.0,3.951576945837587e-05,-0.010321548208594322,2.0366094759083353e-05,0.5208333333333334,0
933,136790,1.0,0.00015230920689646155,-0.010936755686998367,2.5097737307078205e-05,0.5866666666666667,0
934,136940,0.0,0.00010244699660688639,-0.01022792886942625,1.4201205885910895e-05,0.62,0
935,137090,1.0,7.279797864612192e-05,-0.01060484629124403,0.00015522453759331256,0.56,0
936,137240,0.0,5.404807234299369e-05,-0.010633735917508602,2.1066111003165133e-05,0.5533333333333333,0
937,137390,0.0,5.6671353377169e-05,-0.010217506438493729,3.8717451388947666e-05,0.5933333333333334,0
938,137540,0.0,9.133772982750088e-05,-0.010478286072611809,3.428077980061062e-05,0.5933333333333334,0
939,137683,1.0,3.242952880100347e-05,-0.010401115752756596,2.8576239856192842e-05,0.6293706293706294,0
940,137833,1.0,3.5512068279786035e-05,-0.010133165866136551,3.02391781588085e-05,0.56,0
941,137983,0.0,5.2151801355648786e-05,-0.010044347494840622,2.0349018086562864e-05,0.4533333333333333,0
942,138133,0.0,0.0002088679902954027,-0.010659183375537395,3.142184505122714e-05,0.44,0
943,138283,0.0,3.415992978261784e-05,-0.010596783831715584,3.558277603588067e-05,0.5666666666666667,0
944,138433,0.0,5.861925455974415e-05,-0.010291221551597118,1.686584801063873e-05,0.6266666666666667,0
945,138583,0.0,0.00010318859858671203,-0.010324380360543728,6.674224277958274e-05,0.5466666666666666,0
946,138733,0.0,3.878284405800514e-05,-0.010612950660288334,4.233750223647803e-05,0.4866666666666667,0
947,138877,1.0,5.412702012108639e-05,-0.010569174773991108,3.710235614562407e-05,0.5486111111111112,0
948,139023,1.0,5.667115328833461e-05,-0.010228392668068409,2.979239434353076e-05,0.5136986301369864,0
949,139161,1.0,8.706608787178993e-05,-0.010487129911780357,1.643021278141532e-05,0.6159420289855072,0
950,139311,0.0,6.306044815573841e-05,-0.010057726874947548,7.156310311984271e-05,0.38,0
951,139461,0.0,4.888694820692763e-05,-0.010687005706131458,5.532925570150837e-05,0.5933333333333334,0
952,139611,0.0,0.00023370636336039752,-0.01054658368229866,6.0546397435246035e-05,0.6,0
953,139758,1.0,4.350090603111312e-05,-0.010586044751107693,2.2599873773287982e-05,0.5374149659863946,0
954,139908,0.0,6.78895739838481e-05,-0.010373076424002647,5.124438393977471e-05,0.5533333333333333,0
955,140058,0.0,2.8960112103959545e-05,-0.010388286784291267,2.2876942239236087e-05,0.54,0
956,140195,1.0,7.971002196427435e-05,-0.010999101214110851,1.650317062740214e-05,0.5401459854014599,0
957,140334,1.0,9.246163244824857e-05,-0.010375123471021652,2.0204297470627353e-05,0.5107913669064749,0
958,140479,1.0,0.00010048121475847438,-0.010985564440488815,2.019612475123722e-05,0.5241379310344828,0
959,140627,1.0,4.994545452063903e-05,-0.010540274903178215,4.4732070819009095e-05,0.527027027027027,0
960,140775,1.0,5.197602877160534e-05,-0.010441897436976433,2.4338409275515005e-05,0.6283783783783784,0
961,140912,1.0,8.350840653292835e-05,-0.010793604888021946,5.8340829127701e-05,0.5401459854014599,0
962,141062,1.0,4.3328771425876766e-05,-0.01041042897850275,2.5656388970674016e-05,0.5533333333333333,0
963,141200,1.0,5.201484600547701e-05,-0.010383402928709984,2.739193951128982e-05,0.6086956521739131,0
964,141342,1.0,4.7448404075112194e-05,-0.01080777496099472,2.8167658456368372e-05,0.5,0
965,141489,1.0,5.8776811783900484e-05,-0.010403765365481377,1.9928284018533304e-05,0.5306122448979592,0
966,141639,0.0,0.00011769183038268238,-0.009992864914238453,5.9213361964793876e-05,0.48,0
967,141789,0.0,8.335286111105233e-05,-0.01061286125332117,3.4714019420789555e-05,0.56,0
968,141939,0.0,0.00012177713506389409,-0.010895292274653912,3.6539258871925995e-05,0.5,0
969,142081,1.0,4.8809059080667794e-05,-0.010110306553542614,3.189632479916327e-05,0.6408450704225352,0
970,142231,0.0,4.595320933731273e-05,-0.010655035264790058,1.5025915672595147e-05,0.4866666666666667,0
971,142381,0.0,3.565560473361984e-05,-0.010493404231965542,4.220842311042361e-05,0.5266666666666666,0
972,142526,1.0,5.335128662409261e-05,-0.010368487797677517,2.9820508643751964e-05,0.5103448275862069,0
973,142676,0.0,6.467010825872421e-05,-0.010524711571633816,2.5051936972886324e-05,0.5133333333333333,0
974,142826,0.0,4.224358417559415e-05,-0.010588611476123333,2.3821254217182286e-05,0.5933333333333334,0
975,142976,0.0,4.287090268917382e-05,-0.010615854524075985,1.9896588128176518e-05,0.5,0
976,143126,0.0,4.272416845196858e-05,-0.010580399073660374,1.9308925402583554e-05,0.6,0
977,143276,0.0,4.3223859393037856e-05,-0.010304588824510574,1.787135624908842e-05,0.62,0
978,143423,1.0,9.933031833497807e-05,-0.01052769459784031,1.6585707271588035e-05,0.4965986394557823,0
979,143569,1.0,5.838890137965791e-05,-0.010954934172332287,4.226695455145091e-05,0.541095890410959,0
980,143719,0.0,6.104205385781825e-05,-0.010337375104427338,4.818205343326554e-05,0.49333333333333335,0
981,143869,0.0,6.420067802537233e-05,-0.010248646140098572,2.940001286333427e-05,0.6066666666666667,0
982,144007,1.0,9.237686026608571e-05,-0.010629391297698021,2.7946134650846943e-05,0.5507246376811594,0
983,144157,0.0,8.647672075312585e-05,-0.010390019975602627,2.274183862027712e-05,0.43333333333333335,0
984,144293,1.0,5.5788423196645454e-05,-0.010202089324593544,7.692326471442357e-05,0.4411764705882353,0
985,144443,0.0,3.484608168946579e-05,-0.010237574577331543,2.3565287847304717e-05,0.5933333333333334,0
986,144593,0.0,6.864851457066834e-05,-0.010081663727760315,1.9907231035176665e-05,0.6066666666666667,0
987,144743,0.0,6.859494897071272e-05,-0.01026687491685152,2.1841562556801364e-05,0.5333333333333333,0
988,144893,0.0,4.723581514554098e-05,-0.010247877798974514,2.653638512128964e-05,0.5133333333333333,0
989,145037,1.0,0.00011452664330136031,-0.010180884040892124,4.2039446270791814e-05,0.4236111111111111,0
990,145187,0.0,9.286699787480757e-05,-0.01050858199596405,1.6522357327630743e-05,0.5933333333333334,0
991,145337,0.0,7.605597784277052e-05,-0.01042270753532648,2.2553060261998326e-05,0.54,0
992,145479,1.0,0.00016207218868657947,-0.010282092727720737,4.7536854253849015e-05,0.528169014084507,0
993,145629,1.0,0.00016575206245761365,-0.010264992713928223,1.7575675883563235e-05,0.4866666666666667,0
994,145777,1.0,6.240378570510074e-05,-0.010578672401607037,1.8267770428792574e-05,0.527027027027027,0
995,145913,1.0,7.049988926155493e-05,-0.009891951456665993,3.37429519277066e-05,0.45588235294117646,0
996,146063,0.0,3.24243628710974e-05,-0.010349225252866745,1.1583812010940164e-05,0.4866666666666667,0
997,146213,0.0,6.462314922828227e-05,-0.010674635879695415,1.1859800906677265e-05,0.6133333333333333,0
998,146363,0.0,0.00010912508150795475,-0.010101993568241596,0.00014320388436317444,0.4066666666666667,0
999,146511,1.0,8.26145478640683e-05,-0.010903838090598583,3.1729807233205065e-05,0.6351351351351351,0
1000,146661,0.0,7.173816266003996e-05,-0.010306958109140396,4.172585977357812e-05,0.5133333333333333,0
1001,146811,0.0,9.38931480050087e-05,-0.010369140654802322,1.955206062120851e-05,0.5266666666666666,0
1002,146961,0.0,4.427698877407238e-05,-0.010153627954423428,2.4103930627461523e-05,0.5933333333333334,0
1003,147111,0.0,4.129238368477672e-05,-0.010096611455082893,1.647024691919796e-05,0.5133333333333333,0
1004,147261,1.0,0.0001340548333246261,-0.010403569787740707,3.5134573408868164e-05,0.52,0
1005,147411,0.0,6.409829802578315e-05,-0.009880870580673218,1.0828433005372062e-05,0.66,0
1006,147561,0.0,0.00016972137382254004,-0.009966657496988773,1.6045149095589295e-05,0.5866666666666667,0
1007,147708,1.0,5.713852442568168e-05,-0.010089889168739319,1.93117703020107e-05,0.6054421768707483,0
1008,147857,1.0,0.00012023474846500903,-0.010177317075431347,3.2435153116239235e-05,0.4899328859060403,0
1009,148006,1.0,6.036432387190871e-05,-0.009740620851516724,3.33546195179224e-05,0.5570469798657718,0
1010,148145,1.0,7.366799400188029e-05,-0.010058464482426643,1.456525205867365e-05,0.6187050359712231,0
1011,148295,0.0,5.924345168750733e-05,-0.010045533068478107,1.883042568806559e-05,0.5466666666666666,0
1012,148436,1.0,0.00014627492055296898,-0.009867691434919834,1.729365612845868e-05,0.5035460992907801,0
1013,148586,0.0,0.00010346696217311546,-0.009888085536658764,5.878212323295884e-05,0.44,0
1014,148730,1.0,4.498216731008142e-05,-0.010058007203042507,1.3104247955197934e-05,0.4513888888888889,0
1015,148877,1.0,8.788197737885639e-05,-0.009992385283112526,4.306492337491363e-05,0.5578231292517006,0
1016,149019,1.0,7.317034032894298e-05,-0.010115712881088257,3.33160933223553e-05,0.47183098591549294,0
1017,149167,1.0,6.16374600213021e-05,-0.01014279667288065,1.6671485354891047e-05,0.5472972972972973,0
1018,149317,0.0,6.326728907879442e-05,-0.01000275369733572,2.321989813935943e-05,0.6066666666666667,0
1019,149465,1.0,5.780048013548367e-05,-0.010110696777701378,1.6030087863327935e-05,0.5067567567567568,0
1020,149606,1.0,6.545607175212353e-05,-0.00978001393377781,1.3091020264255349e-05,0.49645390070921985,0
1021,149756,0.0,9.507440699962899e-05,-0.010135184973478317,1.1063038073189091e-05,0.6266666666666667,0
1022,149906,0.0,2.7190033506485634e-05,-0.009924210608005524,7.118452049326152e-05,0.5733333333333334,0
1023,150047,1.0,5.896357470192015e-05,-0.009753628633916378,1.7983657016884536e-05,0.48936170212765956,0
1024,150197,0.0,6.36444819974713e-05,-0.009793339297175407,1.9058265024796128e-05,0.44,0
1025,150345,1.0,5.846926796948537e-05,-0.009779071435332298,2.548363227106165e-05,0.5405405405405406,0
1026,150495,0.0,5.84236768190749e-05,-0.01028427854180336,2.0453828255995177e-05,0.5666666666666667,0
1027,150634,1.0,6.752100307494402e-05,-0.00992675218731165,2.7116353521705605e-05,0.4676258992805755,0
1028,150781,1.0,0.0001485003886045888,-0.009948407299816608,2.5837765861069784e-05,0.5510204081632653,0
1029,150924,1.0,6.81816236465238e-05,-0.010204480029642582,2.7793756089522503e-05,0.5874125874125874,0
1030,151074,0.0,2.6467825591680594e-05,-0.00967130996286869,3.281168392277323e-05,0.56,0
1031,151222,1.0,0.0001290093787247315,-0.01004922203719616,1.7620865037315525e-05,0.5472972972972973,0
1032,151360,1.0,0.0001603132113814354,-0.010246586054563522,3.117580490652472e-05,0.4855072463768116,0
1033,151510,0.0,5.524314474314451e-05,-0.01022397167980671,2.2962307411944494e-05,0.52,0
1034,151658,1.0,4.152310793870129e-05,-0.009780988097190857,3.278051735833287e-05,0.5878378378378378,0
1035,151805,1.0,7.407857629004866e-05,-0.009728262200951576,1.7609349015401676e-05,0.5714285714285714,0
1036,151955,0.0,0.00011669941886793822,-0.010092668235301971,3.989718243246898e-05,0.49333333333333335,0
1037,152105,0.0,5.0128168368246406e-05,-0.010159051045775414,2.4227372705354355e-05,0.47333333333333333,0
1038,152255,0.0,5.778794002253562e-05,-0.00991121307015419,2.893593227781821e-05,0.49333333333333335,0
1039,152405,0.0,0.0004990773159079254,-0.009690375067293644,4.1880881326505914e-05,0.5866666666666667,0
1040,152555,0.0,0.00013538803614210337,-0.009523218497633934,2.379313991696108e-05,0.5466666666666666,0
1041,152698,1.0,0.00011964387522311881,-0.009897638112306595,0.00010439345351187512,0.5664335664335665,0
1042,152848,0.0,9.595673327567056e-05,-0.009874907322227955,1.84434320544824e-05,0.6133333333333333,0
1043,152996,1.0,6.185662641655654e-05,-0.010157677344977856,3.196797479176894e-05,0.5743243243243243,0
1044,153146,0.0,0.00013248993491288275,-0.009851261973381042,1.4781925528950524e-05,0.5133333333333333,0
1045,153287,1.0,6.896669219713658e-05,-0.00959798227995634,2.255662730021868e-05,0.475177304964539,0
1046,153424,1.0,7.177313091233373e-05,-0.010292168706655502,4.6386136091314256e-05,0.4744525547445255,0
1047,153570,1.0,0.00018875664682127535,-0.009782606735825539,2.4966740966192447e-05,0.5342465753424658,0
1048,153711,1.0,0.0001565536658745259,-0.009797897189855576,3.368685793248005e-05,0.574468085106383,0
1049,153861,0.0,0.00019196802168153226,-0.009752951562404633,2.4416995074716397e-05,0.49333333333333335,0
1050,154011,0.0,9.091165702557191e-05,-0.010059088468551636,2.387979839113541e-05,0.4266666666666667,0
1051,154161,0.0,0.00016689171025063843,-0.010151020251214504,4.231857383274473e-05,0.5133333333333333,0
1052,154311,1.0,0.00011885672574862838,-0.009363056160509586,2.0312674678280018e-05,0.47333333333333333,0
1053,154449,1.0,9.138185123447329e-05,-0.009412238374352455,2.8009269954054616e-05,0.4782608695652174,0
1054,154589,1.0,7.524314423790202e-05,-0.00992686115205288,1.8387005184195004e-05,0.55,0
1055,154739,0.0,5.81001331738662e-05,-0.010099456645548344,3.297691000625491e-05,0.5133333333333333,0
1056,154880,1.0,7.445827941410244e-05,-0.009624174796044827,3.6030705814482644e-05,0.524822695035461,0
1057,155030,0.0,4.6303179260576144e-05,-0.009596101008355618,7.197434752015397e-05,0.3933333333333333,0
1058,155180,0.0,8.421995880780742e-05,-0.009392568841576576,5.96313075220678e-05,0.4533333333333333,0
1059,155329,1.0,8.835142944008112e-05,-0.009805378504097462,1.875696034403518e-05,0.4899328859060403,0
1060,155469,1.0,0.00017441778618376702,-0.009712188504636288,2.0064209820702672e-05,0.44285714285714284,0
1061,155612,1.0,0.00013676827074959874,-0.009499508887529373,0.00011131587962154299,0.36363636363636365,0
1062,155762,0.0,7.22918048268184e-05,-0.010046640411019325,2.2416765204980038e-05,0.5866666666666667,0
1063,155912,0.0,7.384583295788616e-05,-0.00981174036860466,2.1836023734067567e-05,0.47333333333333333,0
1064,156059,1.0,9.177576430374756e-05,-0.009819245897233486,2.749759005382657e-05,0.46938775510204084,0
1065,156209,0.0,8.357822662219405e-05,-0.009731161408126354,1.9562128727557138e-05,0.5733333333333334,0
1066,156354,1.0,9.175930608762428e-05,-0.009591884911060333,2.0458721337490715e-05,0.5172413793103449,0
1067,156504,0.0,5.099570989841595e-05,-0.00991049688309431,1.5160086149990093e-05,0.5666666666666667,0
1068,156654,0.0,6.244324322324246e-05,-0.010052337311208248,1.3053064321866259e-05,0.4866666666666667,0
1069,156804,0.0,0.00011055016511818394,-0.00971868634223938,4.4534743210533634e-05,0.6266666666666667,0
1070,156948,1.0,0.00011737539898604155,-0.009523375891149044,1.0418713827675674e-05,0.4861111111111111,0
1071,157098,0.0,0.00012692471500486135,-0.00979452021420002,1.9129303836962208e-05,0.4533333333333333,0
1072,157238,1.0,8.478864037897438e-05,-0.009865086525678635,1.758467078616377e-05,0.4714285714285714,0
1073,157388,0.0,0.00012476462870836258,-0.009812967851758003,2.2880381948198192e-05,0.4066666666666667,0
1074,157538,0.0,9.149766992777586e-05,-0.009830101393163204,2.419320480839815e-05,0.46,0
1075,157682,1.0,6.790839688619599e-05,-0.009329781867563725,3.805353117058985e-05,0.5069444444444444,0
1076,157830,1.0,0.00011310352419968694,-0.009512091055512428,3.8079917430877686e-05,0.527027027027027,0
1077,157975,1.0,8.10224810265936e-05,-0.00973652582615614,2.950122143374756e-05,0.5241379310344828,0
1078,158125,0.0,0.00011123357398901135,-0.009304974228143692,3.6970057408325374e-05,0.5133333333333333,0
1079,158275,0.0,0.00019163647084496915,-0.009695451706647873,2.8131244107498787e-05,0.5466666666666666,0
1080,158411,1.0,0.0001227905449923128,-0.01000477746129036,5.050560139352456e-05,0.47794117647058826,0
1081,158561,0.0,8.497080852976069e-05,-0.010137626901268959,2.2273256035987288e-05,0.52,0
1082,158707,1.0,7.68295576563105e-05,-0.00926149357110262,2.006288559641689e-05,0.5,0
1083,158857,0.0,0.00017171446233987808,-0.009539332240819931,5.080273695057258e-05,0.5266666666666666,0
1084,159007,0.0,5.8454330428503454e-05,-0.009357118047773838,2.9110309696989134e-05,0.36,0
1085,159157,0.0,5.4923199058976024e-05,-0.009618106298148632,2.2046093363314867e-05,0.5133333333333333,0
1086,159307,0.0,4.761164746014401e-05,-0.009412084706127644,2.9610864658025093e-05,0.4666666666666667,0
1087,159449,1.0,0.0001794003910617903,-0.010025824420154095,2.554525235609617e-05,0.5492957746478874,0
1088,159599,0.0,9.398830297868699e-05,-0.009586064144968987,0.00013462896458804607,0.42,0
1089,159749,0.0,0.00014552705397363752,-0.009878384880721569,1.925480319187045e-05,0.37333333333333335,0
1090,159892,1.0,0.0001293552340939641,-0.009595188312232494,1.2407565918692853e-05,0.4405594405594406,0
1091,160038,1.0,0.00019165874982718378,-0.01016798336058855,2.5986699256463908e-05,0.4931506849315068,0
1092,160188,0.0,0.00010294800449628383,-0.009741277433931828,1.5946625353535637e-05,0.44,0
1093,160335,1.0,9.368183964397758e-05,-0.009815617464482784,2.605113149911631e-05,0.564625850340136,0
1094,160476,1.0,5.545942622120492e-05,-0.009825463406741619,1.7052394468919374e-05,0.6453900709219859,0
1095,160626,0.0,9.608722029952332e-05,-0.010002747178077698,3.303329140180722e-05,0.36,0
1096,160776,0.0,6.382817082339898e-05,-0.009610534645617008,4.532619277597405e-05,0.46,0
1097,160916,1.0,6.220836075954139e-05,-0.009300369769334793,2.2426480427384377e-05,0.5071428571428571,0
1098,161057,1.0,8.588077616877854e-05,-0.009412719868123531,2.059358848782722e-05,0.5035460992907801,0
1099,161198,1.0,0.00010202694102190435,-0.00999488402158022,5.559704368351959e-05,0.475177304964539,0
1100,161348,0.0,0.00010845717042684555,-0.009687849320471287,4.007401366834529e-05,0.44,0
1101,161498,0.0,5.3675848903367296e-05,-0.009192461147904396,1.901574432849884e-05,0.42,0
1102,161648,0.0,7.194406498456374e-05,-0.010095229372382164,2.2319305571727455e-05,0.46,0
1103,161798,0.0,9.92316345218569e-05,-0.009311891160905361,5.199562292546034e-05,0.4866666666666667,0
1104,161948,0.0,0.00011865746637340635,-0.009704417549073696,3.0885250453138724e-05,0.38,0
1105,162098,0.0,8.477947267238051e-05,-0.00960464496165514,3.642275260062888e-05,0.44666666666666666,0
1106,162248,0.0,8.392328163608909e-05,-0.009921235963702202,4.0288810851052403e-05,0.49333333333333335,0
1107,162398,0.0,5.965851596556604e-05,-0.009655613452196121,1.7025842680595815e-05,0.4533333333333333,0
1108,162542,1.0,3.72211798094213e-05,-0.009217682294547558,2.0777499230462126e-05,0.5,0
1109,162692,0.0,0.00012215737660881132,-0.009949138388037682,2.0612729713320732e-05,0.5066666666666667,0
1110,162832,1.0,4.833508864976466e-05,-0.009888831526041031,1.6435797078884207e-05,0.44285714285714284,0
1111,162981,1.0,0.00010168396693188697,-0.009960046969354153,1.6665673683746718e-05,0.6308724832214765,0
1112,163117,1.0,5.861417230335064e-05,-0.009824564680457115,1.4353654478327371e-05,0.4632352941176471,0
1113,163267,0.0,0.00010776098497444764,-0.010052045807242393,1.375030024064472e-05,0.44,0
1114,163416,1.0,8.226568752434105e-05,-0.009792597033083439,1.230971611221321e-05,0.4563758389261745,0
1115,163564,1.0,6.349204340949655e-05,-0.010192235931754112,2.0843001038883813e-05,0.5743243243243243,0
1116,163714,0.0,4.4833956053480506e-05,-0.009861951693892479,1.7691469111014158e-05,0.52,0
1117,163864,0.0,9.901502198772505e-05,-0.009740005247294903,2.7172172849532217e-05,0.48,0
1118,164000,1.0,0.0003119940811302513,-0.00940251536667347,2.2633368644164875e-05,0.5147058823529411,0
1119,164150,0.0,9.433200466446579e-05,-0.00966590829193592,1.7048187146428972e-05,0.54,0
1120,164300,0.0,9.68101667240262e-05,-0.009788407944142818,2.889796996896621e-05,0.52,0
1121,164450,0.0,6.261753151193261e-05,-0.010094509460031986,2.574152131273877e-05,0.41333333333333333,0
1122,164600,1.0,6.394409865606576e-05,-0.009707357734441757,2.1713494788855314e-05,0.5066666666666667,0
1123,164750,0.0,0.00011570969218155369,-0.009410704486072063,2.449772546242457e-05,0.42,0
1124,164897,1.0,7.567029388155788e-05,-0.009508215822279453,1.7380976714775898e-05,0.5374149659863946,0
1125,165034,1.0,8.510460611432791e-05,-0.009639372117817402,2.14057454286376e-05,0.5474452554744526,0
1126,165178,1.0,3.483747423160821e-05,-0.009620031341910362,2.1637915779137984e-05,0.5625,0
1127,165314,1.0,9.240359213436022e-05,-0.010142795741558075,3.574095171643421e-05,0.4632352941176471,0
1128,165464,0.0,8.919873653212562e-05,-0.009526468813419342,1.9122120647807606e-05,0.34,0
1129,165614,0.0,0.00014846737030893564,-0.009840522892773151,2.6043639081763104e-05,0.47333333333333333,0
1130,165754,1.0,0.00014364896924234927,-0.009673427790403366,3.5400415072217584e-05,0.42857142857142855,0
1131,165904,0.0,8.897401858121157e-05,-0.009980186820030212,1.3857184057997074e-05,0.43333333333333335,0
1132,166054,0.0,0.0001110743687604554,-0.009691744111478329,2.3302922272705473e-05,0.48,0
1133,166196,1.0,0.00012536025315057486,-0.009667554870247841,1.896646608656738e-05,0.5,0
1134,166336,1.0,0.0001762423780746758,-0.009583861567080021,4.7129960876191035e-05,0.45,0
1135,166477,1.0,7.420922338496894e-05,-0.009180388413369656,4.2341787775512785e-05,0.48936170212765956,0
1136,166616,1.0,7.025503145996481e-05,-0.009335963986814022,5.759112173109315e-05,0.37410071942446044,0
1137,166760,1.0,7.710300269536674e-05,-0.009996699169278145,1.558641451993026e-05,0.6041666666666666,0
1138,166910,0.0,5.3130945161683485e-05,-0.009695137850940228,2.3609241907252e-05,0.44,0
1139,167060,0.0,0.00010019472392741591,-0.009342759847640991,1.632624480407685e-05,0.47333333333333333,0
1140,167204,1.0,0.00012797536328434944,-0.009987760335206985,3.9535316318506375e-05,0.4583333333333333,0
1141,167354,0.0,0.00011094716319348663,-0.009665481746196747,2.2440101020038128e-05,0.41333333333333333,0
1142,167504,0.0,7.353947148658335e-05,-0.009338341653347015,3.40348960889969e-05,0.49333333333333335,0
1143,167642,1.0,0.00013789717922918499,-0.009537125937640667,2.278191277582664e-05,0.43478260869565216,0
1144,167790,1.0,7.881309284130111e-05,-0.010110615752637386,2.980006865982432e-05,0.42567567567567566,0
1145,167934,1.0,0.00021930382354184985,-0.009527735412120819,1.7783422663342208e-05,0.4791666666666667,0
1146,168084,0.0,8.917849481804296e-05,-0.009903009980916977,1.2903879905934446e-05,0.4666666666666667,0
1147,168234,0.0,5.442578549263999e-05,-0.008693475276231766,1.977488682314288e-05,0.6466666666666666,0
1148,168378,1.0,0.00023327086819335818,-0.00999741442501545,2.43443064391613e-05,0.4513888888888889,0
1149,168525,1.0,7.351269596256316e-05,-0.009916556999087334,5.1295210141688585e-05,0.29931972789115646,0
1150,168675,0.0,5.771845462732017e-05,-0.010157288052141666,9.239656719728373e-06,0.41333333333333333,0
1151,168816,1.0,0.0001235036615980789,-0.00952298752963543,2.7688394766300917e-05,0.3262411347517731,0
1152,168962,1.0,0.00020900093659292907,-0.010045760311186314,2.9895658371970057e-05,0.3835616438356164,0
1153,169101,1.0,0.000252554687904194,-0.01000759843736887,1.1948855899390765e-05,0.49640287769784175,0
1154,169249,1.0,0.00013827296788804233,-0.009787165559828281,2.7973304895567708e-05,0.44594594594594594,0
1155,169399,0.0,0.0002657300210557878,-0.009452284313738346,1.4223535799828824e-05,0.49333333333333335,0
1156,169549,0.0,9.997551387641579e-05,-0.009129313752055168,6.992180715315044e-05,0.30666666666666664,0
1157,169699,0.0,0.00012516792048700154,-0.009860957972705364,2.2825734049547464e-05,0.43333333333333335,0
1158,169843,1.0,0.00011018051736755297,-0.00994873046875,2.115477946063038e-05,0.4722222222222222,0
1159,169993,0.0,6.391994247678667e-05,-0.008862098678946495,0.00016578515351284295,0.35333333333333333,0
1160,170143,0.0,7.867843669373542e-05,-0.009532484225928783,1.6691363271092996e-05,0.38666666666666666,0
1161,170293,0.0,8.294877625303343e-05,-0.009393332526087761,2.2306217942968942e-05,0.4533333333333333,0
1162,170443,0.0,0.00016002252232283354,-0.009754921309649944,5.052178676123731e-05,0.26666666666666666,0
1163,170589,1.0,8.927360613597557e-05,-0.009660203009843826,2.2112490114523098e-05,0.4863013698630137,0
1164,170726,1.0,0.0002358637866564095,-0.009636945091187954,6.072755058994517e-05,0.5109489051094891,0
1165,170876,0.0,7.072550943121314e-05,-0.009874206967651844,3.335068322485313e-05,0.48,0
1166,171015,1.0,0.00010694022057577968,-0.009654417634010315,4.019258267362602e-05,0.460431654676259,0
1167,171160,1.0,0.00014204016770236194,-0.009343789890408516,2.1918747734162025e-05,0.5379310344827586,0
1168,171300,1.0,0.00010256809764541686,-0.00976333674043417,6.303608824964613e-05,0.42142857142857143,0
1169,171444,1.0,6.0002319514751434e-05,-0.009216176345944405,2.0284525817260146e-05,0.4444444444444444,0
1170,171594,0.0,0.00018410160555504262,-0.009789594449102879,3.042337266379036e-05,0.5,0
1171,171744,0.0,0.00013565944391302764,-0.009376111440360546,2.073160430882126e-05,0.34,0
1172,171890,1.0,0.00021240283967927098,-0.01000300794839859,2.807936107274145e-05,0.5,0
1173,172028,1.0,0.00011670049570966512,-0.009585492312908173,2.6436367988935672e-05,0.45652173913043476,0
1174,172170,1.0,7.778149301884696e-05,-0.00921227689832449,2.646981374709867e-05,0.47183098591549294,0
1175,172320,0.0,0.00014481419930234551,-0.009834235534071922,4.1942861571442336e-05,0.38,0
1176,172457,1.0,0.00010713415395002812,-0.010062460787594318,1.62469623319339e-05,0.44525547445255476,0
1177,172605,1.0,8.752600115258247e-05,-0.009795998223125935,3.0874190997565165e-05,0.46621621621621623,0
1178,172751,1.0,9.827944450080395e-05,-0.009642479009926319,2.6630601496435702e-05,0.4452054794520548,0
1179,172901,0.0,0.0001746991038089618,-0.010024236515164375,3.3126776543213055e-05,0.5533333333333333,0
1180,173051,0.0,0.00010195849608862773,-0.009581493213772774,1.4156723409541883e-05,0.5266666666666666,0
1181,173201,0.0,8.69335635798052e-05,-0.00968268234282732,2.5795399778871797e-05,0.44666666666666666,0
1182,173351,0.0,0.0002169770741602406,-0.009548713453114033,1.965901901712641e-05,0.47333333333333333,0
1183,173488,1.0,0.0001071542501449585,-0.009763696230947971,3.30080947605893e-05,0.44525547445255476,0
1184,173638,0.0,0.00011552868818398565,-0.009615275077521801,3.8935933844186366e-05,0.4266666666666667,0
1185,173783,1.0,0.00014871760504320264,-0.00986881647258997,1.729431824060157e-05,0.4206896551724138,0
1186,173927,1.0,6.943140033399686e-05,-0.009666111320257187,3.875467155012302e-05,0.5138888888888888,0
1187,174063,1.0,9.623679216019809e-05,-0.00994888786226511,3.6790832382394e-05,0.33088235294117646,0
1188,174212,1.0,6.978777673793957e-05,-0.00998606439679861,7.704940071562305e-05,0.5100671140939598,0
1189,174362,0.0,0.00016561492520850152,-0.009895316325128078,2.389848123129923e-05,0.36666666666666664,0
1190,174509,1.0,7.761060260236263e-05,-0.009958267211914062,2.3305174181587063e-05,0.4489795918367347,0
1191,174657,1.0,0.00014127269969321787,-0.009616744704544544,6.628622941207141e-05,0.40540540540540543,0
1192,174799,1.0,9.20304300962016e-05,-0.009931801818311214,3.419456697884016e-05,0.49295774647887325,0
1193,174949,0.0,0.00012973317643627524,-0.009474441409111023,2.352031515329145e-05,0.38,0
1194,175099,0.0,0.00020043301628902555,-0.0096702566370368,3.46532033290714e-05,0.48,0
1195,175249,0.0,7.288549386430532e-05,-0.00945486780256033,2.0855293769272976e-05,0.3933333333333333,0
1196,175399,0.0,8.280962356366217e-05,-0.009761340916156769,2.2910655388841406e-05,0.37333333333333335,0
1197,175549,0.0,7.115057087503374e-05,-0.01028339471668005,3.369012483744882e-05,0.3933333333333333,0
1198,175699,1.0,0.00023024396796245128,-0.010181060060858727,2.604693145258352e-05,0.5133333333333333,0
1199,175840,1.0,0.00018124416237697005,-0.009642626158893108,4.4833708670921624e-05,0.4397163120567376,0
1200,175986,1.0,0.00022569803695660084,-0.009390183724462986,4.439458643901162e-05,0.4041095890410959,0
1201,176136,0.0,0.00017093581845983863,-0.010297269560396671,1.0299819223291706e-05,0.44,0
1202,176272,1.0,6.59449869999662e-05,-0.010211648419499397,3.3607735531404614e-05,0.38235294117647056,0
1203,176413,1.0,0.00013114661851432174,-0.01009046658873558,2.8026634026900865e-05,0.3829787234042553,0
1204,176562,1.0,0.00023717623844277114,-0.009323465637862682,1.5212180187518243e-05,0.40268456375838924,0
1205,176702,1.0,0.00012174621951999143,-0.00970595981925726,3.9143083995440975e-05,0.45,0
1206,176852,0.0,0.0001765557681210339,-0.009855028241872787,8.393155439989641e-06,0.3466666666666667,0
1207,176991,1.0,0.00022898727911524475,-0.009709353558719158,1.9723995137610473e-05,0.4244604316546763,0
1208,177141,0.0,9.657644113758579e-05,-0.009662525728344917,1.7968846805160865e-05,0.3333333333333333,0
1209,177291,0.0,6.391028000507504e-05,-0.009450673125684261,3.90464992960915e-05,0.42,0
1210,177433,1.0,0.00020411566947586834,-0.009889928624033928,3.2464660762343556e-05,0.4225352112676056,0
1211,177583,0.0,0.00011612159869400784,-0.010001611895859241,1.745611552905757e-05,0.43333333333333335,0
1212,177733,0.0,0.00014777448086533695,-0.009667071513831615,6.065115667297505e-05,0.41333333333333333,0
1213,177883,0.0,0.00011169612116646022,-0.009918580763041973,9.796840458875522e-06,0.4666666666666667,0
1214,178026,1.0,0.0001488176640123129,-0.00987895205616951,1.860959491750691e-05,0.3986013986013986,0
1215,178176,0.0,0.00014165230095386505,-0.009890702553093433,1.9086768588749692e-05,0.46,0
1216,178326,0.0,0.00011306405940558761,-0.009840392507612705,2.405540544714313e-05,0.38,0
1217,178476,0.0,9.314929047832265e-05,-0.009684192016720772,1.8276885384693742e-05,0.3333333333333333,0
1218,178626,0.0,0.0001022424767143093,-0.009666684083640575,1.9871866243192926e-05,0.49333333333333335,0
1219,178772,1.0,0.00018939301662612706,-0.009728312492370605,2.2972559236222878e-05,0.4520547945205479,0
1220,178911,1.0,0.0001710791839286685,-0.01009207684546709,1.6105026588775218e-05,0.41007194244604317,0
1221,179061,0.0,0.00014289491809904575,-0.009582261554896832,2.824249168043025e-05,0.46,0
1222,179211,0.0,0.00012592044367920607,-0.009735382162034512,1.3145040611561853e-05,0.36666666666666664,0
1223,179361,0.0,9.941481403075159e-05,-0.010038978420197964,3.0098308343440294e-05,0.35333333333333333,0
1224,179511,0.0,7.298892887774855e-05,-0.009770350530743599,3.2685096812201664e-05,0.4066666666666667,0
1225,179653,1.0,0.00020584776939358562,-0.009728264063596725,1.577550392539706e-05,0.4225352112676056,0
1226,179799,1.0,0.0009870441863313317,-0.009379809722304344,1.815264295146335e-05,0.4246575342465753,0
1227,179949,0.0,0.0001602733100298792,-0.00958648044615984,2.3288328520720825e-05,0.42,0
1228,180099,0.0,0.00010381024185335264,-0.009701852686703205,2.190167833759915e-05,0.4866666666666667,0
1229,180249,0.0,0.00028900563484057784,-0.009735946543514729,1.6906495147850364e-05,0.4,0
1230,180399,0.0,6.472996028605849e-05,-0.009405000135302544,1.2339638487901539e-05,0.44666666666666666,0
1231,180547,1.0,9.250322182197124e-05,-0.00912590604275465,1.0630372344166972e-05,0.3783783783783784,0
1232,180693,1.0,0.00011540648119989783,-0.009839999489486217,1.5951523891999386e-05,0.4178082191780822,0
1233,180832,1.0,0.00015850670752115548,-0.009220621548593044,1.993184741877485e-05,0.45323741007194246,0
1234,180982,0.0,0.0001427041133865714,-0.009495987556874752,1.0125590051757172e-05,0.3933333333333333,0
1235,181132,0.0,0.00010696986282709986,-0.009658672846853733,6.403053703252226e-05,0.4266666666666667,0
1236,181281,1.0,0.000244546594331041,-0.009567768312990665,1.9865865397150628e-05,0.4161073825503356,0
1237,181431,0.0,0.00026722115580923855,-0.009741365909576416,4.645219087251462e-05,0.46,0
1238,181578,1.0,0.00017171048966702074,-0.009750589728355408,5.107286051497795e-05,0.46938775510204084,0
1239,181725,1.0,9.146507363766432e-05,-0.009963956661522388,4.009281474282034e-05,0.4489795918367347,0
1240,181873,1.0,6.199103518156335e-05,-0.009603696875274181,1.6026169760152698e-05,0.33783783783783783,0
1241,182023,1.0,0.00011289924441371113,-0.009433267638087273,2.3336840968113393e-05,0.3933333333333333,0
1242,182171,1.0,0.0002005694987019524,-0.009998910129070282,2.0489920643740334e-05,0.3581081081081081,0
1243,182321,0.0,0.0002744655648712069,-0.009838351048529148,3.0136337954900227e-05,0.38,0
1244,182466,1.0,0.00010487638792255893,-0.009475614875555038,1.1495066246425267e-05,0.46206896551724136,0
1245,182610,1.0,7.015041046543047e-05,-0.009467246942222118,1.889219129225239e-05,0.375,0
1246,182754,1.0,0.00018991703109350055,-0.00947654154151678,2.4319782824022695e-05,0.375,0
1247,182894,1.0,8.923138375394046e-05,-0.00956952478736639,2.076811324513983e-05,0.4,0
1248,183036,1.0,0.00016153338947333395,-0.00929993949830532,3.3966618502745405e-05,0.4295774647887324,0
1249,183183,1.0,0.00022576523770112544,-0.009725740179419518,1.874723420769442e-05,0.5034013605442177,0
1250,183325,1.0,0.00021461292635649443,-0.00971211027354002,2.651092472660821e-05,0.4225352112676056,0
1251,183475,0.0,0.00015588336100336164,-0.009948991239070892,1.8817141608451493e-05,0.43333333333333335,0
1252,183614,1.0,0.00014596720575354993,-0.00933216791599989,1.9455503206700087e-05,0.4748201438848921,0
1253,183764,0.0,8.091278868960217e-05,-0.009456215426325798,2.285333175677806e-05,0.38666666666666666,0
1254,183907,1.0,0.00035420700442045927,-0.009352970868349075,1.1312983588140924e-05,0.45454545454545453,0
1255,184057,0.0,4.900580825051293e-05,-0.009641032665967941,2.814849176502321e-05,0.47333333333333333,0
1256,184207,0.0,8.67934650159441e-05,-0.00941639393568039,1.5999472452676855e-05,0.48,0
1257,184353,1.0,0.00014304574870038778,-0.009392738342285156,3.469202056294307e-05,0.3698630136986301,0
1258,184503,0.0,0.00011413684114813805,-0.009636955335736275,2.4562548787798733e-05,0.43333333333333335,0
1259,184643,1.0,0.00015705145779065788,-0.009482220746576786,1.9899605831597e-05,0.4142857142857143,0
1260,184793,0.0,0.000191110884770751,-0.009522685781121254,1.846145278250333e-05,0.32666666666666666,0
1261,184935,1.0,9.153048449661583e-05,-0.009573567658662796,2.219445741502568e-05,0.3380281690140845,0
1262,185083,1.0,0.00010153072071261704,-0.010076425038278103,2.7170577595825307e-05,0.41216216216216217,0
1263,185223,1.0,6.548213423229754e-05,-0.009262235835194588,1.873871406132821e-05,0.44285714285714284,0
1264,185364,1.0,0.00013902547652833164,-0.009600949473679066,2.9371049095061608e-05,0.41134751773049644,0
1265,185502,1.0,0.00018961720343213528,-0.009550894610583782,0.0001090511868824251,0.38405797101449274,0
1266,185638,1.0,0.00012606884411070496,-0.009084440767765045,6.024951653671451e-05,0.375,0
1267,185780,1.0,0.00010922477667918429,-0.009482606314122677,4.316973718232475e-05,0.3380281690140845,0
1268,185930,0.0,8.192160748876631e-05,-0.009413603693246841,3.555549119482748e-05,0.4266666666666667,0
1269,186080,0.0,8.045567665249109e-05,-0.00958442036062479,7.573374023195356e-05,0.4266666666666667,0
1270,186227,1.0,0.00012056192645104602,-0.009275522083044052,3.1979874620446935e-05,0.4489795918367347,0
1271,186374,1.0,0.00013047394168097526,-0.00951450690627098,0.00010085711255669594,0.5374149659863946,0
1272,186515,1.0,0.0002736868045758456,-0.009659826755523682,3.3953594538616017e-05,0.3900709219858156,0
1273,186659,1.0,0.0005868799635209143,-0.009488018229603767,2.096421849273611e-05,0.3958333333333333,0
1274,186809,0.0,0.00011961613199673593,-0.00962875597178936,1.7284937712247483e-05,0.3466666666666667,0
1275,186959,0.0,6.53016468277201e-05,-0.009691596031188965,3.3016433008015156e-05,0.32,0
1276,187109,0.0,0.00021962524624541402,-0.009621967561542988,2.521881651773583e-05,0.44666666666666666,0
1277,187253,1.0,8.85429180925712e-05,-0.009719977155327797,2.84492016362492e-05,0.4722222222222222,0
1278,187390,1.0,0.00011744927905965596,-0.009931478649377823,2.1364759959396906e-05,0.3722627737226277,0
1279,187532,1.0,8.69840441737324e-05,-0.009495021775364876,1.4264859601098578e-05,0.4014084507042254,0
1280,187682,0.0,6.829176709288731e-05,-0.009857682511210442,3.8560639950446784e-05,0.35333333333333333,0
1281,187819,1.0,8.202653407352045e-05,-0.009603884071111679,2.70321688731201e-05,0.29927007299270075,0
1282,187966,1.0,0.00020158822007942945,-0.010301592759788036,2.897192825912498e-05,0.3741496598639456,0
1283,188109,1.0,0.00011773428559536114,-0.009729944169521332,0.00013290018250700086,0.42657342657342656,0
1284,188248,1.0,0.00011943705612793565,-0.009740196168422699,4.349785012891516e-05,0.41007194244604317,0
1285,188391,1.0,0.00014002612442709506,-0.009904894977807999,2.5251920305890962e-05,0.3076923076923077,0
1286,188534,1.0,0.00013546993432100862,-0.009372411295771599,2.21955961023923e-05,0.3706293706293706,0
1287,188684,0.0,0.00017074715287890285,-0.009957341477274895,1.6151334421010688e-05,0.4533333333333333,0
1288,188834,0.0,0.00023684863117523491,-0.009800316765904427,1.1583243576751556e-05,0.4666666666666667,0
1289,188972,1.0,0.00014033447951078415,-0.010462170466780663,9.785354632185772e-05,0.5217391304347826,0
1290,189122,0.0,0.00019351232913322747,-0.009737450629472733,2.7010060875909403e-05,0.41333333333333333,0
1291,189269,1.0,0.00013106905680615455,-0.01044770423322916,3.637421104940586e-05,0.4557823129251701,0
1292,189419,1.0,0.00023969569883774966,-0.010127868503332138,3.143591311527416e-05,0.38,0
1293,189566,1.0,0.00014972298231441528,-0.009475108236074448,5.447950752568431e-05,0.3469387755102041,0
1294,189716,0.0,0.00023861738736741245,-0.009851690381765366,1.0861557711905334e-05,0.34,0
1295,189864,1.0,0.00013022591883782297,-0.010119741782546043,3.721017128555104e-05,0.4594594594594595,0
1296,190006,1.0,0.00030161888571456075,-0.01040977705270052,4.655632801586762e-05,0.4788732394366197,0
1297,190145,1.0,7.62694253353402e-05,-0.009804821573197842,0.0002490346087142825,0.43884892086330934,0
1298,190288,1.0,0.00018101485329680145,-0.010493309237062931,3.236441989429295e-05,0.3916083916083916,0
1299,190431,1.0,0.00012348192103672773,-0.010468910448253155,2.5967698093154468e-05,0.45454545454545453,0
1300,190581,0.0,0.00029741795151494443,-0.01008615642786026,4.415083094500005e-05,0.42,0
1301,190731,0.0,0.0001345593191217631,-0.010487093590199947,2.783057243505027e-05,0.3466666666666667,0
1302,190870,1.0,0.00023502610565628856,-0.010602680034935474,0.0001295245165238157,0.39568345323741005,0
1303,191008,1.0,0.00026828324189409614,-0.010770403780043125,1.961976522579789e-05,0.4855072463768116,0
1304,191158,0.0,0.00015958848234731704,-0.010173938237130642,2.008303090406116e-05,0.49333333333333335,0
1305,191308,0.0,0.00013758838758803904,-0.010201933793723583,6.145167571958154e-05,0.23333333333333334,0
1306,191448,1.0,0.0005576330586336553,-0.010712048038840294,2.907902126025874e-05,0.5642857142857143,0
1307,191598,0.0,0.00027756247436627746,-0.010553935542702675,0.0002977904223371297,0.26,0
1308,191748,0.0,0.00014434273180086166,-0.010351518169045448,2.0140470951446332e-05,0.29333333333333333,0
1309,191892,1.0,0.00017498413217253983,-0.010544168762862682,3.764891516766511e-05,0.3888888888888889,0
1310,192042,1.0,0.0003885046171490103,-0.010804276913404465,3.062388350372203e-05,0.43333333333333335,0
1311,192182,1.0,0.00012654592865146697,-0.01032173726707697,2.2066898964112625e-05,0.4714285714285714,0
1312,192332,0.0,0.0002838647924363613,-0.011092058382928371,4.6012155507924035e-05,0.30666666666666664,0
1313,192476,1.0,0.00019431047257967293,-0.01086337398737669,3.756659134523943e-05,0.5555555555555556,0
1314,192626,0.0,0.00019032640557270497,-0.01059482991695404,5.144562237546779e-05,0.30666666666666664,0
1315,192776,0.0,0.00014921494584996253,-0.010843959636986256,2.4140406821970828e-05,0.4866666666666667,0
1316,192919,1.0,0.0002914106007665396,-0.011070686392486095,4.158846058999188e-05,0.3356643356643357,0
1317,193064,1.0,0.00018404576985631138,-0.011166212148964405,1.904258897411637e-05,0.47586206896551725,0
1318,193198,1.0,0.0008093883516266942,-0.010932032018899918,2.485636832716409e-05,0.5597014925373134,0
1319,193339,1.0,0.00012162825441919267,-0.01096514705568552,2.0700710592791438e-05,0.5531914893617021,0
1320,193489,0.0,0.0004099733487237245,-0.010942984372377396,7.399425521725789e-05,0.2733333333333333,0
1321,193628,1.0,0.00032616761745885015,-0.010768513195216656,4.4975386117585e-05,0.2949640287769784,0
1322,193778,0.0,0.00023145473096519709,-0.011376026086509228,2.6142452043131925e-05,0.31333333333333335,0
1323,193911,1.0,0.0003408972406759858,-0.011203440837562084,2.4951479645096697e-05,0.3609022556390977,0
1324,194060,1.0,0.00031643814872950315,-0.011393188498914242,7.938983617350459e-05,0.5100671140939598,0
1325,194210,0.0,0.00017206111806444824,-0.010794214904308319,2.0268369553377852e-05,0.47333333333333333,0
1326,194343,1.0,0.00026731088291853666,-0.011014736257493496,3.328101956867613e-05,0.39097744360902253,0
1327,194479,1.0,0.000657480675727129,-0.011766432784497738,6.398980622179806e-05,0.375,0
1328,194620,1.0,0.000612561940215528,-0.011103414930403233,5.064937795395963e-05,0.5460992907801419,0
1329,194770,0.0,0.00024004753504414111,-0.011407304555177689,4.571648605633527e-05,0.42,0
1330,194920,0.0,0.0003504084888845682,-0.011593211442232132,0.00010974905308103189,0.38,0
1331,195070,0.0,0.0007515560137107968,-0.011275685392320156,5.044679346610792e-05,0.42,0
1332,195212,1.0,0.00032483163522556424,-0.011558170430362225,2.681653313629795e-05,0.39436619718309857,0
1333,195360,1.0,0.00028031819965690374,-0.012139741331338882,0.00013490760466083884,0.43243243243243246,0
1334,195510,0.0,0.00023381304345093668,-0.011952497065067291,4.219385300530121e-05,0.4066666666666667,0
1335,195660,0.0,0.00018122006440535188,-0.011646800674498081,6.865394243504852e-05,0.36666666666666664,0
1336,195806,1.0,0.00024737673811614513,-0.011406430043280125,2.9813794753863476e-05,0.4383561643835616,0
1337,195947,1.0,0.00012498427531681955,-0.011359110474586487,3.877483686665073e-05,0.40425531914893614,0
1338,196097,0.0,0.00026233677635900676,-0.011524024419486523,3.190520510543138e-05,0.38666666666666666,0
1339,196247,0.0,0.00013371603563427925,-0.011480948887765408,3.262086829636246e-05,0.38666666666666666,0
1340,196397,0.0,0.00010204837599303573,-0.01165558397769928,7.719446875853464e-05,0.4266666666666667,0
1341,196536,1.0,0.00011853336764033884,-0.011963819153606892,3.815879608737305e-05,0.539568345323741,0
1342,196686,0.0,0.00022370583610609174,-0.012118352577090263,3.131920311716385e-05,0.46,0
1343,196836,0.0,0.0002714744186960161,-0.011872218921780586,3.88877306249924e-05,0.43333333333333335,0
1344,196978,1.0,0.0001730981020955369,-0.012058199383318424,4.33696732216049e-05,0.4225352112676056,0
1345,197128,0.0,9.552473784424365e-05,-0.011800809763371944,5.392187085817568e-05,0.44,0
1346,197278,0.0,0.0002732931461650878,-0.012107955291867256,3.093512714258395e-05,0.30666666666666664,0
1347,197414,1.0,0.00013236980885267258,-0.011946420185267925,9.532303374726325e-05,0.5735294117647058,0
1348,197560,1.0,0.00016826170030981302,-0.011923752725124359,2.84108809864847e-05,0.3493150684931507,0
1349,197710,0.0,0.0009162051137536764,-0.012208644300699234,0.00011285956861684099,0.38,0
1350,197851,1.0,0.0001174618664663285,-0.011669269762933254,1.7691058019408956e-05,0.5106382978723404,0
1351,197994,1.0,0.00016388698713853955,-0.011281128041446209,0.0001722546003293246,0.4195804195804196,0
1352,198144,0.0,0.0002043146814685315,-0.012126284651458263,5.219691593083553e-05,0.3933333333333333,0
1353,198286,1.0,0.00010324247705284506,-0.011918543837964535,2.8538568585645407e-05,0.5422535211267606,0
1354,198436,0.0,0.00011118019028799608,-0.01231563463807106,5.56860541109927e-05,0.5333333333333333,0
1355,198586,0.0,0.00010892628779402003,-0.011599898338317871,0.00022725742019247264,0.26666666666666666,0
1356,198731,1.0,0.00015852440265007317,-0.011693889275193214,2.5292940335930325e-05,0.41379310344827586,0
1357,198881,0.0,0.00012004566087853163,-0.011862830258905888,2.4274948373204097e-05,0.6133333333333333,0
1358,199030,1.0,0.00012421788414940238,-0.011818348430097103,1.8563754565548152e-05,0.3087248322147651,0
1359,199178,1.0,0.00016343756578862667,-0.012099012732505798,4.396652730065398e-05,0.3918918918918919,0
1360,199317,1.0,0.00010450405534356833,-0.011532626114785671,3.709644443006255e-05,0.4172661870503597,0
1361,199467,0.0,0.0002968548214994371,-0.01182915735989809,0.00010623165144352242,0.36666666666666664,0
1362,199608,1.0,0.0005130975623615086,-0.012300594709813595,4.812363476958126e-05,0.425531914893617,0
1363,199758,0.0,0.00019309628987684846,-0.012333454564213753,4.835725121665746e-05,0.4066666666666667,0
1364,199908,0.0,0.00026343041099607944,-0.01166717428714037,3.389158155187033e-05,0.43333333333333335,0
1365,200058,0.0,0.0002504168078303337,-0.012156078591942787,3.7981459172442555e-05,0.4666666666666667,0
1366,200204,1.0,0.00013152565225027502,-0.012155755423009396,3.4065102227032185e-05,0.541095890410959,0
1367,200349,1.0,0.00027220725314691663,-0.012028452008962631,4.443559009814635e-05,0.46206896551724136,0
1368,200499,0.0,0.0002522346912883222,-0.0116777578368783,4.2346440750407055e-05,0.44,0
1369,200635,1.0,0.00015528648509643972,-0.011843273416161537,1.797944787540473e-05,0.36764705882352944,0
1370,200784,1.0,0.00022516290482599288,-0.012209632433950901,3.136177110718563e-05,0.5302013422818792,0
1371,200923,1.0,0.0001761826715664938,-0.012455271556973457,3.1724790460430086e-05,0.2949640287769784,0
1372,201064,1.0,0.00023045475245453417,-0.011786499060690403,4.2367344576632604e-05,0.40425531914893614,0
1373,201214,0.0,0.0002041500119958073,-0.01219202857464552,4.4503143726615235e-05,0.38,0
1374,201364,0.0,0.00013977063645143062,-0.0121921356767416,4.848709431826137e-05,0.43333333333333335,0
1375,201501,1.0,0.00012897071428596973,-0.012054571881890297,7.254801312228665e-05,0.38686131386861317,0
1376,201644,1.0,0.0003454266407061368,-0.011960531584918499,2.9913622711319476e-05,0.46153846153846156,0
1377,201794,0.0,0.00011529472249094397,-0.012138385325670242,4.962927778251469e-05,0.4266666666666667,0
1378,201933,1.0,0.00018162881315220147,-0.01170126162469387,6.130384281277657e-05,0.4244604316546763,0
1379,202083,0.0,0.0001641714188735932,-0.012171628884971142,2.484244032530114e-05,0.41333333333333333,0
1380,202233,0.0,0.00011058412201236933,-0.012217655777931213,6.291101453825831e-05,0.36666666666666664,0
1381,202383,0.0,0.0002840390079654753,-0.012012572959065437,3.063323310925625e-05,0.47333333333333333,0
1382,202521,1.0,0.00017417289200238883,-0.011729436926543713,2.3873402824392542e-05,0.39855072463768115,0
1383,202671,0.0,9.196162864100188e-05,-0.012140322476625443,3.4506807423895225e-05,0.41333333333333333,0
1384,202814,1.0,0.00015645992243662477,-0.012189265340566635,2.7786416467279196e-05,0.5524475524475524,0
1385,202956,1.0,0.00014040802489034832,-0.012170146219432354,5.184238762012683e-05,0.4225352112676056,0
1386,203106,0.0,0.00019492044521030039,-0.012339470908045769,4.375121716293506e-05,0.42,0
1387,203256,0.0,0.00011755574814742431,-0.011951579712331295,5.9385674830991775e-05,0.36,0
1388,203406,0.0,0.0001649128826102242,-0.011773016303777695,0.0001338326692348346,0.36666666666666664,0
1389,203556,0.0,0.00019813585095107555,-0.012280534952878952,2.8353399102343246e-05,0.4533333333333333,0
1390,203706,1.0,0.00014670687960460782,-0.012291518971323967,2.954898627649527e-05,0.4,0
1391,203848,1.0,0.0005262654740363359,-0.012217000126838684,6.436004332499579e-05,0.4507042253521127,0
1392,203988,1.0,0.00010905531235039234,-0.011769236996769905,3.3143089240184054e-05,0.40714285714285714,0
