episode,frames,return,Lc,La,Lbc,ratio,eps
0,93,31.62257356955527,0.0,0.0,0.0,1.0,1.0
1,192,32.928210959338564,0.0,0.0,0.0,1.0,1.0
2,286,31.98974986913494,0.0,0.0,0.0,1.0,1.0
3,386,33.59901849596517,0.0,0.0,0.0,1.0,1.0
4,484,32.72714665828477,0.0,0.0,0.0,1.0,1.0
5,558,26.24038057400898,0.0,0.0,0.0,1.0,1.0
6,655,32.375037207738615,0.0,0.0,0.0,1.0,1.0
7,754,33.268438278816944,0.0,0.0,0.0,1.0,1.0
8,836,26.350332646536906,0.0,0.0,0.0,1.0,1.0
9,930,32.24752542582171,0.0,0.0,0.0,1.0,1.0
10,1046,33.189991626954246,0.16400079429149628,0.0016179950907826424,0.007044604048132896,1.0,1.0
11,1137,31.44753193760794,6.262261867523193,-0.019574381411075592,0.0,1.0,1.0
12,1218,26.432617027112048,0.41355663537979126,-0.033365342766046524,0.0,1.0,1.0
13,1308,31.526034751833382,5.386035919189453,-0.05716509744524956,0.0,1.0,1.0
14,1379,-1.4571748155088335,5.374688148498535,-0.05470208823680878,0.0,1.0,1.0
15,1500,33.35797683319008,8.392690658569336,-0.08150918781757355,0.0,1.0,1.0
16,1582,6.896214634361998,3.4496207237243652,-0.09817995131015778,0.0,1.0,1.0
17,1694,30.63827459752563,6.120067596435547,-0.10201802104711533,0.0,1.0,1.0
18,1783,30.846524016788592,2.6631836891174316,-0.11976262927055359,0.0,1.0,1.0
19,1854,27.73689369331955,0.32089799642562866,-0.13547280430793762,0.0,1.0,1.0
20,1970,32.37116010958714,1.5871963500976562,-0.1450013369321823,0.0,1.0,1.0
21,2069,33.38755481268382,2.440351963043213,-0.15818843245506287,0.0,1.0,1.0
22,2174,33.63925497069036,0.22845956683158875,-0.17632201313972473,0.0,1.0,1.0
23,2276,33.50268547497614,0.7988041639328003,-0.17125636339187622,0.0,1.0,1.0
24,2392,31.616081063744833,0.611035168170929,-0.20759059488773346,0.0,1.0,1.0
25,2492,33.15300920535782,0.5349152088165283,-0.1988111436367035,0.0,1.0,1.0
26,2564,-6.707628717672122,0.1348200887441635,-0.1920085847377777,0.0,1.0,1.0
27,2657,31.16648395550805,0.2989039421081543,-0.2164345383644104,0.0,1.0,1.0
28,2756,33.90754691618015,0.16532237827777863,-0.2373075634241104,0.0,1.0,1.0
29,2878,30.076970450946966,0.15143492817878723,-0.2539275586605072,0.0,1.0,1.0
30,2985,30.073722956542547,0.20104143023490906,-0.2755001485347748,0.0,1.0,1.0
31,3090,30.000753582177992,0.6855245232582092,-0.26462066173553467,0.0,1.0,1.0
32,3182,-16.88610206631497,0.34829002618789673,-0.2845037281513214,0.0,1.0,1.0
33,3277,32.17380262466494,0.48006582260131836,-0.2789818048477173,0.0,1.0,1.0
34,3372,32.595180270588116,0.12044967710971832,-0.3050152659416199,0.0,1.0,1.0
35,3442,28.266608727954075,0.2535378336906433,-0.3014124631881714,0.0,1.0,1.0
36,3568,31.85634129717749,0.19536955654621124,-0.31941863894462585,0.0,1.0,1.0
37,3653,26.343286210785788,0.43318238854408264,-0.32971054315567017,0.0,1.0,1.0
38,3781,-33.32839086687948,0.3066425323486328,-0.32425665855407715,0.0,1.0,1.0
39,3880,32.29289674662776,0.6045060753822327,-0.3570377230644226,0.0,1.0,1.0
40,3979,33.924152932991475,0.41806718707084656,-0.3555258810520172,0.0,1.0,1.0
41,4076,31.15496160163122,0.5920422077178955,-0.35037291049957275,0.0,1.0,1.0
42,4170,31.818766581203295,0.6589881181716919,-0.35433945059776306,0.0,1.0,1.0
43,4272,31.681032625347985,0.5446726679801941,-0.14771664142608643,0.1906278431415558,1.0,1.0
44,4348,28.594867846674433,0.28910815715789795,-0.37049567699432373,0.0,1.0,1.0
45,4451,34.36506494939833,16.668954849243164,-0.3858218193054199,0.0,1.0,1.0
46,4545,32.299147872042035,13.42177677154541,-0.39973995089530945,0.0,1.0,1.0
47,4638,32.547797243368066,0.5699368715286255,-0.4048665165901184,0.0,1.0,1.0
48,4758,32.866862018900996,0.49138209223747253,-0.4060029983520508,0.0,1.0,1.0
49,4817,-3.561397792409465,2.8381991386413574,-0.42376261949539185,0.0,1.0,1.0
50,4908,31.232059901918884,1.0471217632293701,-0.42238500714302063,0.0,1.0,1.0
51,4976,27.36469390035397,2.2967705726623535,-0.4473055899143219,0.0,1.0,1.0
52,5075,31.6514708732685,1.5819036960601807,-0.4667763411998749,0.0,1.0,1.0
53,5166,30.85470870659981,2.3070993423461914,-0.10630089044570923,0.347582072019577,1.0,1.0
54,5268,34.06839377609797,0.821897566318512,-0.4746972620487213,0.0,1.0,1.0
55,5386,31.651701077958865,1.3811419010162354,-0.478802353143692,0.0,1.0,1.0
56,5486,34.507732258521,2.7896947860717773,-0.49960359930992126,0.0,1.0,1.0
57,5605,5.7948205878691255,2.3381142616271973,-0.4868912994861603,0.03997983783483505,1.0,1.0
58,5697,32.39265834396484,0.2734556198120117,-0.560577392578125,0.0,1.0,1.0
59,5792,32.61461696831316,1.0933401584625244,-0.5722647309303284,0.006201944313943386,1.0,1.0
60,5942,7.29755328376623,1.3375962972640991,-0.6210954785346985,0.0,1.0,1.0
61,6045,34.22604535912571,7.77089786529541,-0.6218252182006836,0.0,1.0,1.0
62,6137,31.196243291934366,21.177978515625,-0.6560220718383789,0.0,1.0,1.0
63,6232,32.426798681124,0.8485218286514282,-0.6908003091812134,0.0,1.0,1.0
64,6332,33.32603710554493,2.9153690338134766,-0.7228574752807617,0.0,1.0,1.0
65,6398,27.164535440551614,7.4955291748046875,-0.7229382991790771,0.0,1.0,1.0
66,6491,31.800633349555874,8.067657470703125,-0.7824121117591858,0.0,1.0,1.0
67,6602,31.319369643339,1.2353860139846802,-0.8098582029342651,0.0,1.0,1.0
68,6686,29.995920922438046,2.478992223739624,-0.798661470413208,0.0,1.0,1.0
69,6788,33.72331941614844,14.605528831481934,-0.626898467540741,0.20364998281002045,1.0,1.0
70,6858,27.635936556420493,14.885207176208496,-0.6878048181533813,0.16011054813861847,1.0,1.0
71,6964,31.044889967984584,1.5808889865875244,-0.8765633702278137,0.0,1.0,1.0
72,7065,32.057742931704325,16.548938751220703,-0.9067636132240295,0.0,1.0,1.0
73,7140,-32.63244766560075,16.415674209594727,-0.9036786556243896,0.0,1.0,1.0
74,7234,31.622317117259755,1.0364797115325928,-0.9765548706054688,0.0,1.0,1.0
75,7302,27.09234693661611,52.517127990722656,-0.9197408556938171,0.0,1.0,1.0
76,7422,32.83622618178046,38.53965759277344,-0.9986717700958252,0.0,1.0,1.0
77,7544,12.596547512104168,2.131889581680298,-1.030824065208435,0.0,1.0,1.0
78,7652,-26.28309598442265,1.2540462017059326,-1.0725985765457153,0.0,1.0,1.0
79,7718,27.198453976257,6.898913860321045,-1.0470439195632935,0.0,1.0,1.0
80,7825,30.698273138761373,29.542387008666992,-1.1642762422561646,0.0,1.0,1.0
81,7892,26.88927460732675,1.6202619075775146,-1.1513957977294922,0.0,1.0,1.0
82,7989,32.93013166190907,26.983623504638672,-1.1200190782546997,0.0,1.0,1.0
83,8094,33.737114771490354,3.64555025100708,-1.085939884185791,0.08660885691642761,1.0,1.0
84,8159,26.579083034513076,92.4999771118164,-1.170127034187317,0.0,1.0,1.0
85,8270,38.32326449860523,62.076114654541016,-1.1533823013305664,0.0,1.0,1.0
86,8370,33.777541305975035,3.8998780250549316,-1.1704981327056885,0.0,1.0,1.0
87,8445,6.252123299525627,11.094125747680664,-1.192975640296936,0.0,1.0,1.0
88,8580,30.572370867213454,1.8159894943237305,-1.2265682220458984,0.0,1.0,1.0
89,8685,32.87989511444184,9.169694900512695,-1.22563636302948,0.0,1.0,1.0
90,8787,33.677293343553885,44.526649475097656,-1.2796086072921753,0.0,1.0,1.0
91,8850,-7.424271495467762,4.073365688323975,-1.250291347503662,0.0,1.0,1.0
92,8962,30.26615437015017,10.801514625549316,-1.256646752357483,0.0,1.0,1.0
93,9030,27.499710930304822,2.022080898284912,-1.3092269897460938,0.0,1.0,1.0
94,9099,27.410518825478633,4.682992458343506,-1.2530784606933594,0.0,1.0,1.0
95,9198,34.04142867494475,6.74564266204834,-1.295034646987915,0.0,1.0,1.0
96,9291,31.093218238773233,149.5534210205078,-1.138594388961792,0.19845116138458252,1.0,1.0
97,9383,31.376768066233694,142.4822998046875,-1.3423534631729126,0.0,1.0,1.0
98,9450,26.9379998862774,51.771705627441406,-1.3496673107147217,0.0,1.0,1.0
99,9553,25.324547615292033,47.511383056640625,-1.3628591299057007,0.0,1.0,1.0
100,9625,28.303215367182553,1.8490970134735107,-1.280737280845642,0.0,1.0,0.9996399999999976
101,9738,30.000072492326915,45.310829162597656,-1.3102694749832153,0.0,1.0,0.9990749999999939
102,9830,-29.73032710625607,3.542945384979248,-1.3284844160079956,0.0,1.0,0.9986149999999909
103,9932,33.84952672065275,51.110565185546875,-1.377673864364624,0.0,1.0,0.9981049999999876
104,9950,-12.962552090517626,65.48179626464844,-1.3562806844711304,0.0,1.0,0.998014999999987
105,10077,29.181640792117246,54.66144943237305,-1.333085298538208,0.0,1.0,0.9973799999999828
106,10177,-15.433440140510415,5.99418830871582,-1.3176813125610352,0.0033108750358223915,1.0,0.9968799999999796
107,10272,32.732246478763415,10.041610717773438,-0.9971108436584473,0.33540260791778564,1.0,0.9964049999999764
108,10384,30.852012224180513,47.367523193359375,-1.2377973794937134,0.1081935465335846,0.9910714285714286,0.9958449999999728
109,10517,29.747810497057728,5.4405107498168945,-1.3232693672180176,0.0,0.9924812030075187,0.9951799999999684
110,10610,31.662724291638447,5.41355037689209,-1.3843255043029785,0.0,1.0,0.9947149999999654
111,10724,33.7542378357869,3.3096303939819336,-1.3996511697769165,0.0,1.0,0.9941449999999616
112,10839,4.514573692861693,52.70335006713867,-1.3371315002441406,0.0,0.991304347826087,0.9935699999999579
113,10937,30.993765781935277,94.81016540527344,-1.3836055994033813,0.002643755404278636,0.9795918367346939,0.9930799999999547
114,11032,32.51989271035694,6.501370906829834,-1.4019863605499268,0.0,1.0,0.9926049999999516
115,11126,31.410608616381968,46.876258850097656,-1.3958823680877686,0.0,0.9893617021276596,0.9921349999999485
116,11230,33.701495377369035,7.3062238693237305,-1.363739252090454,0.0,1.0,0.9916149999999451
117,11327,33.226747796901,5.277004718780518,-1.313730239868164,0.0,0.9896907216494846,0.9911299999999419
118,11385,-12.210305166769665,4.606945037841797,-1.0692178010940552,0.18588818609714508,1.0,0.99083999999994
119,11452,-7.710230770448475,6.946484565734863,-1.0602439641952515,0.17610834538936615,1.0,0.9905049999999378
120,11550,33.8180753618508,2.8527088165283203,-1.3082935810089111,0.0,0.9897959183673469,0.9900149999999346
121,11664,23.222241143802986,42.28424072265625,-1.135878086090088,0.1274188756942749,0.9824561403508771,0.9894449999999309
122,11752,-29.318519867595914,2.2846553325653076,-1.1807535886764526,0.09231086820363998,1.0,0.989004999999928
123,11819,-15.126962035823686,1.4284956455230713,-1.258238673210144,0.0,1.0,0.9886699999999258
124,11896,-3.1589942309913237,38.02978515625,-1.1771260499954224,0.05965946614742279,1.0,0.9882849999999233
125,12017,31.306782068044917,22.745468139648438,-1.1285754442214966,0.04264967143535614,1.0,0.9876799999999193
126,12115,30.182734805218843,20.409038543701172,-1.2023520469665527,0.0,0.9795918367346939,0.9871899999999161
127,12183,27.341334974722706,36.41096496582031,-1.147556185722351,0.0,1.0,0.9868499999999139
128,12281,33.16582240148235,208.635986328125,-0.9718790650367737,0.1770809143781662,1.0,0.9863599999999106
129,12376,31.90154479831863,3.618180990219116,-1.094571590423584,0.034417103976011276,1.0,0.9858849999999075
130,12471,31.277477930369475,1.6473174095153809,-1.199222207069397,0.0,0.9789473684210527,0.9854099999999044
131,12571,32.13218502578901,6.701364994049072,-1.2049916982650757,0.0,0.97,0.9849099999999011
132,12721,7.524012212011513,14.658384323120117,-1.0906379222869873,0.0441676490008831,0.9733333333333334,0.9841599999998962
133,12871,9.135034065109357,20.187061309814453,-1.1476640701293945,0.0,0.9733333333333334,0.9834099999998913
134,12935,-8.88888268204313,72.16749572753906,-1.1496862173080444,0.0,1.0,0.9830899999998892
135,13064,30.506035975524075,17.157926559448242,-0.9547391533851624,0.13059991598129272,0.9922480620155039,0.982444999999885
136,13141,29.7195340531184,75.66873931884766,-0.8398730754852295,0.26999998092651367,1.0,0.9820599999998825
137,13236,31.809375112396523,20.506813049316406,-1.1282987594604492,0.030217282474040985,1.0,0.9815849999998794
138,13347,28.364619130644797,2.50769305229187,-1.1191946268081665,0.0,0.9819819819819819,0.9810299999998757
139,13497,9.825867767069429,2.6290042400360107,-1.0863512754440308,0.0,0.9733333333333334,0.9802799999998708
140,13593,33.01055731486584,2.369274139404297,-1.0957859754562378,0.0,0.9791666666666666,0.9797999999998677
141,13681,-21.728853576317643,17.012500762939453,-1.1445175409317017,0.0,0.9659090909090909,0.9793599999998648
142,13756,28.636390049760884,36.90108108520508,-1.0912132263183594,0.0,0.9466666666666667,0.9789849999998623
143,13906,1.3795445264143993,14.296022415161133,-1.1607697010040283,0.0,0.9533333333333334,0.9782349999998574
144,13941,-14.591290903900452,16.20830535888672,-1.1807187795639038,0.0,0.9714285714285714,0.9780599999998563
145,14091,10.592758291090846,4.820646286010742,-1.1163504123687744,0.0,0.9733333333333334,0.9773099999998514
146,14198,30.370052580370206,36.80565643310547,-1.17909574508667,0.0,0.9719626168224299,0.9767749999998478
147,14310,30.94964792434323,8.197020530700684,-1.0865391492843628,0.0,0.9375,0.9762149999998442
148,14409,33.11293200686273,75.85296630859375,-1.1064987182617188,0.0,0.9797979797979798,0.9757199999998409
149,14514,33.363738613036475,1.648970603942871,-1.1563133001327515,0.0,0.9809523809523809,0.9751949999998375
150,14664,3.2142443653650776,4.002610206604004,-1.1520191431045532,0.041110727936029434,0.98,0.9744449999998326
151,14737,28.68853134444243,2.327157735824585,-1.2053072452545166,0.0,0.9726027397260274,0.9740799999998302
152,14806,-8.30892162278035,2.9439315795898438,-1.17093825340271,0.0,0.9855072463768116,0.9737349999998279
153,14945,11.736823290481087,3.1872072219848633,-1.1304750442504883,0.0499417707324028,0.9856115107913669,0.9730399999998234
154,15035,24.79484613869159,18.204002380371094,-1.2146157026290894,0.0,0.9444444444444444,0.9725899999998204
155,15037,-10.210026138809148,28.871150970458984,-1.1956757307052612,0.0,1.0,0.9725799999998204
156,15138,32.733630179115586,1.743924617767334,-1.221566915512085,0.0,0.9900990099009901,0.9720749999998171
157,15288,8.992713169632772,78.15279388427734,-1.152933955192566,0.00630271015688777,0.9533333333333334,0.9713249999998121
158,15377,30.78391793793208,3.916753053665161,-1.1757941246032715,0.0,0.9887640449438202,0.9708799999998092
159,15527,0.1057664824677893,2.298442840576172,-1.1778957843780518,0.0,0.94,0.9701299999998043
160,15593,25.461346117499723,45.92583084106445,-1.1704058647155762,0.0,0.9393939393939394,0.9697999999998022
161,15743,9.08437462321153,61.4387092590332,-0.8976250290870667,0.2942950129508972,0.9533333333333334,0.9690499999997972
162,15829,-7.388311369283796,129.81976318359375,-1.2522116899490356,0.0,0.9651162790697675,0.9686199999997944
163,15979,9.831111938559935,2.8972127437591553,-1.198952317237854,0.02704264223575592,0.9666666666666667,0.9678699999997895
164,16101,36.96488686282539,25.346107482910156,-1.1488620042800903,0.0,0.9590163934426229,0.9672599999997855
165,16204,33.79536766092278,55.14836120605469,-1.258993148803711,0.0,0.9805825242718447,0.9667449999997821
166,16301,32.350117338895984,2.933943033218384,-1.1966748237609863,0.0,0.9587628865979382,0.966259999999779
167,16409,33.36079583424247,25.247318267822266,-1.291867971420288,0.0,0.9537037037037037,0.9657199999997754
168,16410,-8.098809139911584,59.67961120605469,-1.304435133934021,0.0,1.0,0.9657149999997754
169,16504,30.458620957388014,28.28232192993164,-1.2371033430099487,0.03484363108873367,0.9680851063829787,0.9652449999997723
170,16585,-13.603037312330043,3.294837474822998,-1.1860435009002686,0.0,0.9753086419753086,0.9648399999997697
171,16714,25.521156789680845,2.6845645904541016,-1.2301136255264282,0.0,0.9844961240310077,0.9641949999997654
172,16789,27.428150557379162,6.927298545837402,-1.2735859155654907,0.0,0.96,0.963819999999763
173,16939,10.970458228352399,39.507511138916016,-1.2019784450531006,0.01912865601480007,0.9533333333333334,0.9630699999997581
174,17031,31.711168314867685,56.61836624145508,-1.2480475902557373,0.0,0.9891304347826086,0.962609999999755
175,17115,25.049327028307538,119.28682708740234,-1.3352513313293457,0.008507182821631432,0.9761904761904762,0.9621899999997523
176,17213,32.21897691906243,26.635696411132812,-1.2285127639770508,0.0,0.9591836734693877,0.9616999999997491
177,17306,31.247466071080744,24.25791358947754,-1.285482406616211,0.0,0.956989247311828,0.961234999999746
178,17377,28.768147080077952,2.8122785091400146,-1.3222370147705078,0.0,0.9859154929577465,0.9608799999997437
179,17475,32.1235472904179,32.47064971923828,-1.2828595638275146,0.0,0.9795918367346939,0.9603899999997405
180,17625,3.1105271290429695,24.361291885375977,-1.2994390726089478,0.0,0.96,0.9596399999997356
181,17714,31.36700897952372,18.341693878173828,-1.3143852949142456,0.0,0.9550561797752809,0.9591949999997327
182,17811,32.02380436690965,3.353140354156494,-1.3742343187332153,0.0,0.9484536082474226,0.9587099999997295
183,17906,31.767455466009864,2.270394802093506,-1.2959198951721191,0.0,0.9578947368421052,0.9582349999997264
184,17910,-12.615329235257168,4.3229660987854,-1.3394309282302856,0.0,1.0,0.9582149999997263
185,18000,30.532263584067117,11.554856300354004,-1.276137351989746,0.011514801532030106,0.9444444444444444,0.9577649999997233
186,18107,34.71190845934194,93.61256408691406,-1.2818466424942017,0.0,0.9532710280373832,0.9572299999997198
187,18181,-17.352196691600597,4.654806137084961,-1.2938684225082397,0.0,0.9324324324324325,0.9568599999997174
188,18331,10.869213000695021,27.61362075805664,-1.3848750591278076,0.0,0.9933333333333333,0.9561099999997125
189,18430,33.931850095176685,38.04692840576172,-1.2608197927474976,0.0,0.9393939393939394,0.9556149999997092
190,18525,30.741070973043612,277.3216552734375,-1.2099723815917969,0.0,0.9263157894736842,0.9551399999997061
191,18614,-31.512986425055523,8.866185188293457,-1.2820852994918823,0.010781725868582726,0.9438202247191011,0.9546949999997032
192,18715,31.290354480716267,25.00955581665039,-1.2604970932006836,0.06411850452423096,0.9603960396039604,0.9541899999996999
193,18811,30.633570313604423,5.913119316101074,-1.324104905128479,0.0,0.9270833333333334,0.9537099999996967
194,18961,10.604001661619744,6.593878746032715,-1.3349575996398926,0.0,0.96,0.9529599999996918
195,19024,-14.421507568529702,4.701478481292725,-1.2632263898849487,0.0,1.0,0.9526449999996898
196,19141,31.925228641993,4.083980560302734,-1.289063572883606,0.0,0.9829059829059829,0.9520599999996859
197,19291,1.6724795148063771,21.358932495117188,-1.320678949356079,0.0,0.9266666666666666,0.951309999999681
198,19389,32.939747526992505,5.953298568725586,-1.165405511856079,0.14793607592582703,0.9795918367346939,0.9508199999996778
199,19482,31.038235761901653,25.824447631835938,-1.4434107542037964,0.0,0.946236559139785,0.9503549999996748
200,19567,29.012021716531862,44.732322692871094,-1.4584100246429443,0.0,0.9411764705882353,0.949929999999672
201,19679,27.23060064787604,26.954185485839844,-1.3480274677276611,0.0,0.9375,0.9493699999996683
202,19680,-8.159785331088687,5.603280544281006,-1.4295939207077026,0.0,1.0,0.9493649999996683
203,19792,35.48785078157108,31.400562286376953,-1.3797707557678223,0.0,0.9464285714285714,0.9488049999996646
204,19870,24.701128765267235,3.2952845096588135,-1.3753788471221924,0.0,0.9743589743589743,0.9484149999996621
205,19953,-26.859473861326112,24.960189819335938,-1.426134467124939,0.0,0.9397590361445783,0.9479999999996593
206,20021,27.314496351288035,26.26303482055664,-1.3686902523040771,0.0,1.0,0.9476599999996571
207,20106,25.236313862426613,157.30819702148438,-1.3090754747390747,0.0,0.9529411764705882,0.9472349999996543
208,20213,31.033389453717465,17.875770568847656,-1.3988726139068604,0.0,0.9813084112149533,0.9466999999996508
209,20329,28.88015342618222,9.241214752197266,-1.381899118423462,0.0,0.9396551724137931,0.946119999999647
210,20423,31.224980371147467,12.42392349243164,-1.4089808464050293,0.012488085776567459,0.9574468085106383,0.9456499999996439
211,20431,-10.627352687496874,70.33563232421875,-1.3965984582901,0.0,1.0,0.9456099999996437
212,20581,6.247023482826406,44.614601135253906,-1.3793368339538574,0.0,0.9466666666666667,0.9448599999996388
213,20673,30.811050457532588,24.801969528198242,-1.3756591081619263,0.0,0.967391304347826,0.9443999999996358
214,20768,32.68790074774734,6.64729118347168,-1.3714492321014404,0.0,0.9789473684210527,0.9439249999996326
215,20869,23.299288030779934,3.745004177093506,-1.334499478340149,0.0,0.9207920792079208,0.9434199999996293
216,20969,32.255754804573186,5.066120624542236,-1.4484695196151733,0.00017506032600067556,0.94,0.9429199999996261
217,21064,32.51329282535371,43.06578063964844,-1.407300591468811,0.0,0.9473684210526315,0.942444999999623
218,21177,31.440770612325657,35.57282257080078,-1.3687795400619507,0.0,0.9380530973451328,0.9418799999996192
219,21279,32.44547307457552,112.78842163085938,-1.4379209280014038,0.0,0.9215686274509803,0.9413699999996159
220,21415,23.901533769198927,3.183764696121216,-1.3831536769866943,0.0,0.9338235294117647,0.9406899999996114
221,21534,21.259021923795135,4.497823238372803,-1.4061863422393799,0.0,0.9159663865546218,0.9400949999996076
222,21609,28.530174783544318,23.879844665527344,-1.4313185214996338,0.0,0.96,0.9397199999996051
223,21719,22.46260794872724,6.502540111541748,-1.4364428520202637,0.0,0.9545454545454546,0.9391699999996015
224,21814,30.905601173701868,7.779599189758301,-1.3262722492218018,0.05874451622366905,0.9578947368421052,0.9386949999995984
225,21912,32.80947457959063,28.273242950439453,-1.3937466144561768,0.0,0.9387755102040817,0.9382049999995952
226,22018,32.97768230363128,98.44119262695312,-1.4483039379119873,0.0,0.9433962264150944,0.9376749999995917
227,22168,11.439949339426265,3.409119129180908,-1.4174273014068604,0.0,0.9266666666666666,0.9369249999995868
228,22265,32.95041645381046,131.09620666503906,-1.3472381830215454,0.0,0.9484536082474226,0.9364399999995836
229,22375,32.59167239151995,22.780277252197266,-1.371932029724121,0.0,0.9181818181818182,0.93588999999958
230,22449,-10.91776009514385,20.147920608520508,-1.3912396430969238,0.0,0.9324324324324325,0.9355199999995776
231,22561,33.600777907242886,24.116371154785156,-1.412590742111206,0.0,0.9375,0.9349599999995739
232,22661,32.708856994681376,80.48912811279297,-1.3199834823608398,0.0,0.94,0.9344599999995706
233,22745,30.026475879948087,56.76866149902344,-1.3648041486740112,0.0,0.9642857142857143,0.9340399999995679
234,22825,26.11269072763111,18.264423370361328,-1.2393698692321777,0.0,0.95,0.9336399999995653
235,22972,22.723148755855235,35.36576843261719,-1.2722203731536865,0.0,0.9455782312925171,0.9329049999995604
236,23034,-20.318907016634647,36.313724517822266,-1.2606451511383057,0.044803645461797714,0.9516129032258065,0.9325949999995584
237,23156,10.714466726894253,10.085822105407715,-1.3130080699920654,0.0,0.9016393442622951,0.9319849999995544
238,23256,32.77827433314589,233.65939331054688,-1.1267691850662231,0.16047346591949463,0.92,0.9314849999995511
239,23406,8.331780933737425,17.794343948364258,-1.3345797061920166,0.0,0.9066666666666666,0.9307349999995462
240,23556,9.106217001416436,158.77511596679688,-1.2752389907836914,0.0,0.94,0.9299849999995413
241,23656,32.37800039841418,27.398639678955078,-1.2818173170089722,0.0,0.94,0.929484999999538
242,23723,-4.799010094972582,9.176562309265137,-1.2016408443450928,0.0,0.9402985074626866,0.9291499999995358
243,23823,30.86714631647765,66.70056915283203,-1.2241014242172241,0.0,0.91,0.9286499999995326
244,23931,32.97087895259105,26.204845428466797,-1.2228131294250488,0.0,0.8888888888888888,0.928109999999529
245,23995,24.66043616023727,2.749772548675537,-1.193190574645996,0.0,0.921875,0.9277899999995269
246,24145,9.903751227516167,5.997096061706543,-1.0186123847961426,0.11647656559944153,0.94,0.927039999999522
247,24295,9.61074346559686,4.534786224365234,-0.8534232378005981,0.3365417718887329,0.9333333333333333,0.9262899999995171
248,24393,31.73350735770904,74.25227355957031,-1.166713833808899,0.0,0.9795918367346939,0.9257999999995139
249,24490,32.19936507235495,6.065060615539551,-1.1206492185592651,0.019757099449634552,0.9381443298969072,0.9253149999995107
250,24590,23.918861259166754,46.45672607421875,-1.1010572910308838,0.0,0.9,0.9248149999995074
251,24697,33.58226706600275,12.820931434631348,-1.110918641090393,0.0,0.9345794392523364,0.9242799999995039
252,24841,30.922053771908757,14.103252410888672,-0.8827196359634399,0.20234549045562744,0.9305555555555556,0.9235599999994992
253,24991,4.901364317865703,12.801438331604004,-1.075095534324646,0.0,0.8933333333333333,0.9228099999994943
254,25141,5.435670925184391,13.400981903076172,-1.0714335441589355,0.0,0.92,0.9220599999994894
255,25235,31.332750148244994,10.254176139831543,-0.9935041666030884,0.023693187162280083,0.9680851063829787,0.9215899999994863
256,25313,24.725026194844965,2.1282951831817627,-1.0053590536117554,0.0,0.9487179487179487,0.9211999999994838
257,25463,7.780486741072454,16.97228240966797,-0.6690664291381836,0.3075639307498932,0.8666666666666667,0.9204499999994789
258,25526,-6.533717049959686,40.514278411865234,-1.0330888032913208,0.0,0.9365079365079365,0.9201349999994768
259,25611,-12.29628257542297,5.900452613830566,-0.8985629081726074,0.0797920823097229,0.8941176470588236,0.919709999999474
260,25746,22.0558403025358,1.6486221551895142,-0.8145310282707214,0.11007464677095413,0.8740740740740741,0.9190349999994696
261,25896,7.639150954765747,5.32623291015625,-0.8615496754646301,0.08764278143644333,0.92,0.9182849999994647
262,25958,-4.301429987707421,1.3183660507202148,-0.7065947651863098,0.23928028345108032,0.9032258064516129,0.9179749999994626
263,26050,-12.651336093201486,38.3245735168457,-0.7142273783683777,0.19675558805465698,0.9456521739130435,0.9175149999994596
264,26149,24.299326667398894,5.724636077880859,-0.8884191513061523,0.06848390400409698,0.8585858585858586,0.9170199999994564
265,26225,23.467157261972712,67.87074279785156,-0.7152992486953735,0.17008280754089355,0.9210526315789473,0.9166399999994539
266,26375,-9.757217932317939,2.97342586517334,-0.8788745403289795,0.0,0.8866666666666667,0.915889999999449
267,26481,29.08887060956666,0.8458616733551025,-0.7904622554779053,0.087259441614151,0.9433962264150944,0.9153599999994455
268,26631,8.768959839838018,6.621800899505615,-0.6983793377876282,0.1147327795624733,0.92,0.9146099999994406
269,26711,25.30366956988091,5.2716522216796875,-0.7502129673957825,0.10202647000551224,0.95,0.914209999999438
270,26810,30.492995955131246,7.586592674255371,-0.712114691734314,0.1067170798778534,0.9191919191919192,0.9137149999994347
271,26886,26.369311356250677,7.866950988769531,-0.688624382019043,0.11300778388977051,0.9473684210526315,0.9133349999994322
272,26958,28.288610316101757,2.6724090576171875,-0.7797178030014038,0.046890147030353546,0.9027777777777778,0.9129749999994299
273,27035,-39.08599339351472,4.706215858459473,-0.7987779974937439,0.014847042970359325,0.8961038961038961,0.9125899999994274
274,27139,31.370105633287753,23.356937408447266,-0.7807255387306213,0.008795398287475109,0.8846153846153846,0.912069999999424
275,27230,31.471209054173137,2.9576306343078613,-0.7253862619400024,0.007254282012581825,0.9230769230769231,0.911614999999421
276,27323,32.49943633533423,20.243427276611328,-0.7630245089530945,0.012580033391714096,0.9354838709677419,0.9111499999994179
277,27326,-10.005423029365007,3.940225839614868,-0.6764503717422485,0.027889344841241837,1.0,0.9111349999994178
278,27421,31.165180258943803,2.1617558002471924,-0.2998504638671875,0.4536745548248291,0.9052631578947369,0.9106599999994147
279,27517,30.592853611303703,5.863347053527832,-0.6626489162445068,0.026035094633698463,0.875,0.9101799999994116
280,27602,-9.978259406211283,1.6586012840270996,-0.7341753840446472,0.0,0.9647058823529412,0.9097549999994088
281,27705,25.944269142488707,2.57967472076416,-0.7163594365119934,0.013771950267255306,0.8543689320388349,0.9092399999994054
282,27800,32.103355498171,1.1218270063400269,-0.7143974304199219,0.01584630459547043,0.8947368421052632,0.9087649999994023
283,27916,30.028707562759095,19.027175903320312,-0.6698365807533264,0.01543839555233717,0.9137931034482759,0.9081849999993985
284,28018,33.71669308059454,5.364923477172852,-0.6794999837875366,0.0,0.9215686274509803,0.9076749999993952
285,28083,26.873771320640877,8.555925369262695,-0.6773175001144409,0.003473833901807666,0.9076923076923077,0.907349999999393
286,28158,26.0794908236574,2.5424506664276123,-0.6756728887557983,0.0,0.9066666666666666,0.9069749999993906
287,28285,26.03370881038662,0.8345836400985718,-0.6636604070663452,0.006429074797779322,0.8976377952755905,0.9063399999993864
288,28365,25.483101096420413,0.88951575756073,-0.6438100934028625,0.006202998571097851,0.95,0.9059399999993838
289,28479,27.081968975372938,1.5153393745422363,-0.5686365365982056,0.05915280804038048,0.9210526315789473,0.9053699999993801
290,28618,8.389349094007779,0.8416907787322998,-0.577229917049408,0.008003253489732742,0.9136690647482014,0.9046749999993755
291,28719,-18.22611922409702,1.2267041206359863,-0.5913548469543457,0.005891846027225256,0.8910891089108911,0.9041699999993722
292,28817,10.357229247730967,1.272626519203186,-0.6214882731437683,0.0,0.8775510204081632,0.903679999999369
293,28906,31.458270721127725,6.346808433532715,-0.5577825307846069,0.014048445969820023,0.8539325842696629,0.9032349999993661
294,29008,34.25573801615138,0.8464100360870361,-0.5992863774299622,0.007564058061689138,0.9215686274509803,0.9027249999993627
295,29135,24.44180247083525,25.466957092285156,-0.5527254343032837,0.007949062623083591,0.8976377952755905,0.9020899999993586
296,29228,29.944588504979592,1.6576061248779297,-0.5426424741744995,0.0031388532370328903,0.956989247311828,0.9016249999993555
297,29237,-7.905061617154742,1.0898213386535645,-0.5094006061553955,0.02698453702032566,0.8888888888888888,0.9015799999993552
298,29336,26.763749724562427,1.2405695915222168,-0.5603554248809814,0.007427338510751724,0.8888888888888888,0.901084999999352
299,29425,19.822810505134143,1.0146747827529907,-0.5094165205955505,0.00627250736579299,0.8876404494382022,0.9006399999993491
300,29518,30.119042922958617,1.7923556566238403,-0.5202764868736267,0.005229070317000151,0.9247311827956989,0.900174999999346
301,29591,25.94629766564838,1.2900431156158447,-0.515842854976654,0.027055321261286736,0.9041095890410958,0.8998099999993436
302,29690,31.152405742633693,1.3798013925552368,-0.5049291849136353,0.012693917378783226,0.9494949494949495,0.8993149999993404
303,29752,25.855778716154497,3.520963191986084,-0.457703560590744,0.07125648856163025,0.9354838709677419,0.8990049999993384
304,29830,-5.434867893736376,3.9005813598632812,-0.44638511538505554,0.04035140201449394,0.9743589743589743,0.8986149999993358
305,29903,-18.28683341831686,43.70103454589844,-0.39406922459602356,0.06583735346794128,0.9178082191780822,0.8982499999993334
306,29996,31.023925092470922,1.4400943517684937,-0.47864222526550293,0.004957066848874092,0.8494623655913979,0.8977849999993304
307,30090,30.46982359001531,0.7695671319961548,-0.42710453271865845,0.061825770884752274,0.8617021276595744,0.8973149999993273
308,30193,27.799599280127772,7.648562431335449,-0.4753298759460449,0.004177786409854889,0.912621359223301,0.8967999999993239
309,30286,31.139461946232505,8.900693893432617,-0.3909018337726593,0.0827987790107727,0.9139784946236559,0.8963349999993209
310,30353,24.777659716927516,2.4207763671875,-0.3557891547679901,0.04638038948178291,0.8955223880597015,0.8959999999993187
311,30418,25.975562296909388,0.47895675897598267,-0.436929851770401,0.0011917816009372473,0.8769230769230769,0.8956749999993165
312,30505,29.24659403791487,0.4964406490325928,-0.41885995864868164,0.01945744827389717,0.9195402298850575,0.8952399999993137
313,30607,30.568993542264984,0.5085573196411133,-0.405265212059021,0.0490579679608345,0.9019607843137255,0.8947299999993104
314,30715,35.22437989849968,0.634056031703949,-0.4263376295566559,0.016438275575637817,0.8703703703703703,0.8941899999993068
315,30827,30.11574021882371,3.568019151687622,-0.44020941853523254,0.006803281605243683,0.9017857142857143,0.8936299999993031
316,30923,26.244627014104125,0.7855695486068726,-0.40149641036987305,0.012961634434759617,0.9270833333333334,0.8931499999993
317,31030,13.525184851115728,0.7508037090301514,-0.41989436745643616,0.002398541197180748,0.9252336448598131,0.8926149999992965
318,31115,30.51656200484493,0.4722854197025299,-0.4021264910697937,0.0038649849593639374,0.9176470588235294,0.8921899999992937
319,31190,-17.383641801964874,2.4599008560180664,-0.387556254863739,0.021117836236953735,0.8533333333333334,0.8918149999992913
320,31274,30.396316269032784,1.0231040716171265,-0.3519274592399597,0.013898455537855625,0.8333333333333334,0.8913949999992885
321,31350,28.931718123448412,1.4650447368621826,-0.37085238099098206,0.009972872212529182,0.9078947368421053,0.891014999999286
322,31444,29.430100495891267,0.8608212471008301,-0.3351650536060333,0.019911885261535645,0.8829787234042553,0.8905449999992829
323,31508,27.485446566221842,0.5672624111175537,-0.3656580150127411,0.017193496227264404,0.84375,0.8902249999992808
324,31578,25.894639985287775,0.7450928688049316,-0.3282235264778137,0.011563077569007874,0.9285714285714286,0.8898749999992785
325,31668,-15.933507139178571,0.4967181980609894,-0.3336036503314972,0.007290418725460768,0.8777777777777778,0.8894249999992756
326,31771,31.742147033729104,0.28642207384109497,-0.30290132761001587,0.01264482457190752,0.9223300970873787,0.8889099999992722
327,31867,32.50814528383467,0.8485581874847412,-0.3317769169807434,0.010865220800042152,0.9270833333333334,0.8884299999992691
328,31962,33.12828933739616,0.4498770236968994,-0.297058641910553,0.012210266664624214,0.8526315789473684,0.887954999999266
329,32062,33.34714242374891,1.2027630805969238,-0.29662060737609863,0.005349341779947281,0.92,0.8874549999992627
330,32150,28.588048153243918,2.5323243141174316,-0.2883085608482361,0.007825466804206371,0.8295454545454546,0.8870149999992598
331,32246,28.47222346478157,1.4095227718353271,-0.28271162509918213,0.01666138879954815,0.8645833333333334,0.8865349999992567
332,32347,33.20593473746975,0.7744365930557251,-0.28590208292007446,0.015241852961480618,0.9108910891089109,0.8860299999992534
333,32411,27.19651383765779,2.7706432342529297,-0.30402451753616333,0.00413136463612318,0.875,0.8857099999992513
334,32504,31.439160970449407,0.7467819452285767,-0.29622289538383484,0.004685044288635254,0.8387096774193549,0.8852449999992482
335,32575,27.5379927697584,0.8938965797424316,-0.2863461673259735,0.00849020853638649,0.9436619718309859,0.8848899999992459
336,32676,32.55994128393546,0.34492939710617065,-0.28690463304519653,0.007115629967302084,0.8910891089108911,0.8843849999992426
337,32768,30.80860578603183,0.2647720277309418,-0.28111663460731506,0.0068702297285199165,0.8913043478260869,0.8839249999992396
338,32842,28.603130085991808,1.6078310012817383,-0.25283655524253845,0.011447031982243061,0.918918918918919,0.8835549999992371
339,32937,-29.941180078998194,0.5490752458572388,-0.2661077380180359,0.008020912297070026,0.8736842105263158,0.883079999999234
340,33030,27.691946310990478,1.1661640405654907,-0.25551605224609375,0.006356403231620789,0.8924731182795699,0.882614999999231
341,33120,31.66580124836201,2.145900249481201,-0.2544634938240051,0.0027080406434834003,0.9111111111111111,0.882164999999228
342,33218,33.630431569415535,1.3021910190582275,-0.22974325716495514,0.026354026049375534,0.9285714285714286,0.8816749999992248
343,33305,30.708373523750385,4.458290100097656,-0.22367003560066223,0.024087615311145782,0.8390804597701149,0.881239999999222
344,33401,31.575134729618092,2.9680190086364746,-0.2588890790939331,0.002828056924045086,0.875,0.8807599999992188
345,33472,27.802105426533295,5.455794334411621,-0.2416202425956726,0.009306905791163445,0.9154929577464789,0.8804049999992165
346,33541,28.41802312687536,0.538568377494812,-0.2582303285598755,0.010529199615120888,0.9130434782608695,0.8800599999992142
347,33638,32.785472071161585,2.3234457969665527,-0.22219587862491608,0.016168680042028427,0.865979381443299,0.8795749999992111
348,33706,26.3625785215021,1.1551018953323364,-0.24649041891098022,0.005293664522469044,0.8676470588235294,0.8792349999992088
349,33800,30.677413400710154,0.33466869592666626,-0.2401961237192154,0.004615540150552988,0.8829787234042553,0.8787649999992058
350,33896,32.5005532285887,3.883901596069336,-0.2189202457666397,0.010627517476677895,0.875,0.8782849999992026
351,33992,33.43716243198919,0.21942587196826935,-0.22980040311813354,0.0070571587421,0.90625,0.8778049999991995
352,34088,33.42544948802846,0.6359241604804993,-0.22310201823711395,0.008228751830756664,0.9166666666666666,0.8773249999991963
353,34170,29.388986949252388,7.035886764526367,-0.23933212459087372,0.0026048975996673107,0.8902439024390244,0.8769149999991936
354,34229,26.66401178209339,17.32882308959961,-0.23426993191242218,0.005827262066304684,0.864406779661017,0.8766199999991917
355,34324,32.741044743243336,0.5550734400749207,-0.23216013610363007,0.005490075796842575,0.9263157894736842,0.8761449999991886
356,34417,33.566575042552536,1.9385803937911987,-0.2219301164150238,0.014860741794109344,0.8279569892473119,0.8756799999991856
357,34492,26.929088781755002,0.6303380727767944,-0.23321452736854553,0.005838381126523018,0.9333333333333333,0.8753049999991831
358,34563,30.094824079802407,0.35168570280075073,-0.21859987080097198,0.003061507362872362,0.8873239436619719,0.8749499999991808
359,34662,31.07564258764469,1.392062783241272,-0.2174614518880844,0.002569443779066205,0.898989898989899,0.8744549999991775
360,34753,32.35694614818468,1.805909276008606,-0.2167961150407791,0.008340058848261833,0.8681318681318682,0.8739999999991745
361,34845,31.454127809039257,6.254614353179932,-0.2227824181318283,0.006949021480977535,0.8804347826086957,0.8735399999991715
362,34850,-10.43081865955793,3.6068711280822754,-0.2257804572582245,0.009855788201093674,0.8,0.8735149999991714
363,34938,-4.664632016023771,3.1927216053009033,-0.21202780306339264,0.01090721134096384,0.8636363636363636,0.8730749999991685
364,35012,28.92239939834255,0.4028598964214325,-0.2177516520023346,0.002842845395207405,0.8648648648648649,0.8727049999991661
365,35115,32.457463645203816,0.679072380065918,-0.22008471190929413,0.0067155263386666775,0.8932038834951457,0.8721899999991627
366,35183,-12.371537463093297,3.696000576019287,-0.21118946373462677,0.0011062240228056908,0.7941176470588235,0.8718499999991605
367,35269,29.86243624372902,0.9956512451171875,-0.2150047868490219,0.008108706213533878,0.8837209302325582,0.8714199999991576
368,35337,25.72825931610557,9.851913452148438,-0.23568210005760193,0.0021449942141771317,0.8382352941176471,0.8710799999991554
369,35433,33.830445952730955,4.897480010986328,-0.21336741745471954,0.0061605689115822315,0.84375,0.8705999999991523
370,35529,32.107127220728984,0.29827266931533813,-0.20736785233020782,0.018452024087309837,0.90625,0.8701199999991491
371,35626,32.577770946061534,0.23932750523090363,-0.22857174277305603,0.0056105004623532295,0.7938144329896907,0.869634999999146
372,35727,33.55484235399406,2.833730697631836,-0.20982977747917175,0.04034409672021866,0.8712871287128713,0.8691299999991426
373,35822,32.29101434213086,0.46193647384643555,-0.2225959748029709,0.004645537585020065,0.8421052631578947,0.8686549999991395
374,35931,34.4563947416854,0.21613770723342896,-0.20978982746601105,0.04990662261843681,0.8348623853211009,0.868109999999136
375,36036,31.789471828657593,0.8166446685791016,-0.23556555807590485,0.0,0.8285714285714286,0.8675849999991325
376,36096,26.340962080752192,0.9046602249145508,-0.05326366424560547,0.20782774686813354,0.9166666666666666,0.8672849999991306
377,36172,25.643498858027748,1.5676813125610352,-0.23358286917209625,8.434669871348888e-05,0.8157894736842105,0.8669049999991281
378,36248,26.677194199549554,0.47038307785987854,-0.25982269644737244,0.0,0.8552631578947368,0.8665249999991256
379,36346,28.647395100220457,0.44054168462753296,-0.25985607504844666,0.0,0.8469387755102041,0.8660349999991224
380,36408,-37.010960329573024,0.4941205084323883,-0.2529314160346985,0.005759766325354576,0.8870967741935484,0.8657249999991203
381,36519,29.737016453636688,12.276897430419922,-0.14200657606124878,0.1304333508014679,0.8648648648648649,0.8651699999991167
382,36613,32.60747353704196,3.8551297187805176,-0.27339622378349304,0.0,0.925531914893617,0.8646999999991136
383,36693,29.236470820082722,0.699528694152832,-0.2702976167201996,0.0,0.9375,0.864299999999111
384,36798,33.226448294924,0.777944803237915,-0.25415122509002686,0.0333186611533165,0.8476190476190476,0.8637749999991076
385,36887,32.50169697664015,0.8105390071868896,-0.28191259503364563,0.0,0.8876404494382022,0.8633299999991046
386,36984,34.250354869532565,0.5503931045532227,-0.2815852165222168,0.0,0.8350515463917526,0.8628449999991015
387,36985,-8.101632119623892,0.9065209627151489,-0.2815852165222168,0.0,1.0,0.8628399999991014
388,37056,23.323874130090218,1.136263370513916,-0.27981993556022644,0.0,0.8309859154929577,0.8624849999990991
389,37154,32.127797303090745,0.9808868169784546,-0.21878662705421448,0.05260997638106346,0.8469387755102041,0.8619949999990959
390,37225,26.358742198125498,0.5496873259544373,-0.2744410037994385,0.012976333498954773,0.8309859154929577,0.8616399999990936
391,37316,32.45569600314533,1.9151225090026855,-0.2928127646446228,0.0,0.8021978021978022,0.8611849999990906
392,37413,33.07006079943849,2.0608510971069336,-0.29545238614082336,0.0,0.8865979381443299,0.8606999999990874
393,37508,31.81239572549454,13.937219619750977,-0.2098541110754013,0.0823720246553421,0.8526315789473684,0.8602249999990843
394,37603,31.426599219151218,1.3651111125946045,-0.3132060468196869,0.0,0.8842105263157894,0.8597499999990812
395,37717,29.72207661232553,0.9656225442886353,-0.3009287714958191,0.00036351493326947093,0.9122807017543859,0.8591799999990775
396,37787,25.596771424674273,0.6581422090530396,-0.211471289396286,0.09627518057823181,0.8428571428571429,0.8588299999990752
397,37888,33.80865567384456,1.35680091381073,-0.3094073235988617,0.0,0.8811881188118812,0.8583249999990719
398,37997,35.44415701259035,2.0576677322387695,-0.31413793563842773,0.0,0.8899082568807339,0.8577799999990683
399,38099,28.410656744648595,0.634080708026886,-0.2963882088661194,0.03830476105213165,0.8431372549019608,0.857269999999065
400,38203,34.62659862257826,2.82289457321167,-0.30193015933036804,0.0,0.875,0.8567499999990615
401,38271,26.422730380334933,1.378793478012085,-0.32735320925712585,0.0,0.9117647058823529,0.8564099999990593
402,38342,25.673184451978564,2.303676128387451,-0.29434967041015625,0.016446994617581367,0.8591549295774648,0.856054999999057
403,38346,-13.534691358937145,0.7426594495773315,-0.31154385209083557,0.0,1.0,0.8560349999990569
404,38452,33.379420645015514,7.143246173858643,-0.05251021683216095,0.23771439492702484,0.8679245283018868,0.8555049999990534
405,38518,26.266526317057718,0.7897287607192993,-0.32768765091896057,0.0,0.9090909090909091,0.8551749999990512
406,38590,27.280762919306454,0.5173894166946411,-0.34440702199935913,0.0,0.8611111111111112,0.8548149999990489
407,38688,31.554082519184263,1.8485288619995117,-0.34951236844062805,0.0,0.8469387755102041,0.8543249999990457
408,38768,29.186536695759415,2.532449722290039,-0.3475269377231598,0.0,0.8875,0.853924999999043
409,38868,31.83848639981659,0.7158156633377075,-0.34262800216674805,0.0,0.86,0.8534249999990398
410,38963,31.602571829894185,0.8354312181472778,-0.35205522179603577,0.0,0.8315789473684211,0.8529499999990366
411,39067,29.93547891684577,30.326335906982422,-0.33530983328819275,0.0,0.8461538461538461,0.8524299999990332
412,39140,26.4999216165757,19.184158325195312,-0.3513903021812439,0.009385675191879272,0.8493150684931506,0.8520649999990308
413,39223,29.849603283820862,0.7145293951034546,-0.24466802179813385,0.11406804621219635,0.8554216867469879,0.8516499999990281
414,39316,31.70482936343663,0.7605943083763123,-0.3451119065284729,0.0,0.8924731182795699,0.8511849999990251
415,39385,27.444702887277032,0.9542977213859558,-0.3454173505306244,0.00958485808223486,0.8985507246376812,0.8508399999990228
416,39471,10.563293553366329,0.5275762677192688,-0.3722328841686249,0.0,0.8604651162790697,0.85040999999902
417,39566,30.598371555877264,8.435773849487305,-0.3334108889102936,0.027128120884299278,0.8526315789473684,0.8499349999990169
418,39657,29.344525688512814,4.4734601974487305,-0.3313008248806,0.03458157181739807,0.8791208791208791,0.8494799999990139
419,39666,-8.76715081514891,2.525325298309326,-0.3474837839603424,0.013973666355013847,0.6666666666666666,0.8494349999990136
420,39731,27.289815997122364,0.7620659470558167,-0.3634040355682373,0.0,0.8615384615384616,0.8491099999990115
421,39815,-19.770659049935066,1.225075602531433,-0.36062926054000854,0.0,0.8095238095238095,0.8486899999990087
422,39886,27.822132001764675,0.6881346106529236,-0.3876440227031708,0.0,0.8169014084507042,0.8483349999990064
423,39979,33.61385623789708,16.244163513183594,-0.35356971621513367,0.0,0.8709677419354839,0.8478699999990034
424,40075,32.484973962564744,2.8889708518981934,-0.38743969798088074,0.012144334614276886,0.875,0.8473899999990002
425,40183,32.068795861312466,2.1759562492370605,-0.38587486743927,0.0,0.8888888888888888,0.8468499999989967
426,40277,32.161363581270486,1.486631155014038,-0.38956350088119507,0.011613229289650917,0.8191489361702128,0.8463799999989936
427,40343,27.087069823912053,0.5676133632659912,-0.38581615686416626,0.0,0.8181818181818182,0.8460499999989914
428,40437,30.855505464372392,18.705657958984375,-0.38634926080703735,0.0,0.8617021276595744,0.8455799999989884
429,40524,28.311975662743627,0.6073268055915833,-0.39011627435684204,0.0,0.7701149425287356,0.8451449999989855
430,40629,31.620097277733997,6.459038734436035,-0.379521906375885,0.0007027140818536282,0.819047619047619,0.8446199999989821
431,40734,28.99402054942822,1.9992780685424805,-0.3940620422363281,0.021634822711348534,0.8380952380952381,0.8440949999989786
432,40815,-20.50091275536733,2.669522523880005,-0.4021364152431488,0.0,0.8271604938271605,0.843689999998976
433,40892,24.25512695374975,17.1043643951416,-0.4216855466365814,0.0,0.8181818181818182,0.8433049999989735
434,40954,-4.059075349303165,1.2910038232803345,-0.3434363603591919,0.0672651082277298,0.8387096774193549,0.8429949999989714
435,41019,27.356417061795987,0.6204286813735962,-0.4130271375179291,0.0,0.8923076923076924,0.8426699999989693
436,41120,30.75637814212423,0.7190951108932495,-0.37786102294921875,0.018264364451169968,0.8910891089108911,0.842164999998966
437,41185,26.99232599586097,2.315901041030884,-0.40819215774536133,0.0,0.9076923076923077,0.8418399999989639
438,41284,30.841455885307326,1.1890928745269775,-0.4059264361858368,0.0,0.8080808080808081,0.8413449999989606
439,41389,31.73076873762008,1.0483429431915283,-0.42391279339790344,0.0,0.8380952380952381,0.8408199999989572
440,41494,30.784335313665224,3.88059663772583,-0.4164257347583771,0.0,0.8285714285714286,0.8402949999989537
441,41581,28.96928292160942,3.1997718811035156,-0.39113229513168335,0.04814932495355606,0.8390804597701149,0.8398599999989509
442,41677,30.501787412593103,3.387690782546997,-0.3899778723716736,0.01925007998943329,0.875,0.8393799999989477
443,41775,31.602537062683957,2.4723687171936035,-0.39720916748046875,0.010705986991524696,0.8061224489795918,0.8388899999989445
444,41850,-7.149957670309654,0.7431525588035583,-0.416297972202301,0.0,0.8266666666666667,0.8385149999989421
445,41941,30.897325407550753,1.3840001821517944,-0.4212804436683655,0.0,0.8131868131868132,0.8380599999989391
446,42038,32.92475370310543,3.812246799468994,-0.400561660528183,0.0,0.8969072164948454,0.8375749999989359
447,42138,31.475993237828032,3.114347457885742,-0.43159019947052,0.0,0.86,0.8370749999989326
448,42222,29.57800528038082,5.13724422454834,-0.4191409945487976,0.0,0.8452380952380952,0.8366549999989299
449,42287,27.15724265594083,1.1060690879821777,-0.2962353825569153,0.1163436621427536,0.8615384615384616,0.8363299999989278
450,42387,27.323827678846534,0.5214283466339111,-0.40900495648384094,0.0,0.84,0.8358299999989245
451,42388,-8.081085676335555,3.528963088989258,-0.4237569272518158,0.0,1.0,0.8358249999989245
452,42457,25.57893663852392,1.8392966985702515,-0.4200868010520935,0.0,0.855072463768116,0.8354799999989222
453,42551,30.147444189553514,1.1525912284851074,-0.40384864807128906,0.006062119733542204,0.776595744680851,0.8350099999989191
454,42624,25.394742821297996,24.080886840820312,-0.446790874004364,0.0,0.863013698630137,0.8346449999989167
455,42738,31.552889524196218,3.178081512451172,-0.42717796564102173,0.0,0.8070175438596491,0.834074999998913
456,42825,25.25312981527955,0.5933837294578552,-0.41609442234039307,0.0,0.7816091954022989,0.8336399999989101
457,42895,25.16004931384308,8.060306549072266,-0.42639023065567017,0.0,0.8285714285714286,0.8332899999989078
458,42997,33.136167118574676,0.39357858896255493,-0.43543586134910583,0.0,0.8333333333333334,0.8327799999989045
459,43078,28.56969224824843,2.6289331912994385,-0.3873869478702545,0.02717324160039425,0.8765432098765432,0.8323749999989019
460,43175,31.085754216892397,0.7577505707740784,-0.4254738390445709,0.0,0.8144329896907216,0.8318899999988987
461,43260,-17.478179114635964,3.7326154708862305,-0.40857458114624023,0.02320520207285881,0.8235294117647058,0.8314649999988959
462,43369,25.794207279732234,8.486156463623047,-0.4244222044944763,0.0,0.8532110091743119,0.8309199999988923
463,43443,25.665339857808654,3.2987353801727295,-0.4233343303203583,0.0,0.8243243243243243,0.8305499999988899
464,43563,31.2796826321837,1.5218391418457031,-0.4329632520675659,0.0,0.8416666666666667,0.829949999998886
465,43655,30.810066690463803,1.2761033773422241,-0.4141860008239746,0.0,0.8804347826086957,0.829489999998883
466,43719,22.99622388189048,22.57281494140625,-0.4241179823875427,0.0,0.8125,0.8291699999988809
467,43822,30.9406133796098,0.6744140982627869,-0.4310483932495117,0.0,0.8737864077669902,0.8286549999988775
468,43926,32.79523946927286,5.460376739501953,-0.3542986214160919,0.06993167847394943,0.875,0.8281349999988741
469,44028,28.673218961958735,1.5826345682144165,-0.40815484523773193,0.010941674932837486,0.803921568627451,0.8276249999988707
470,44108,-7.574215451313107,6.815352916717529,-0.4247179329395294,0.014594117179512978,0.85,0.8272249999988681
471,44192,28.823120136576527,0.5484589338302612,-0.4226231276988983,0.0,0.8333333333333334,0.8268049999988654
472,44288,28.469365625246517,1.675063967704773,-0.42356887459754944,0.0,0.7604166666666666,0.8263249999988622
473,44379,32.22273759788425,4.756678581237793,-0.43489691615104675,0.0,0.8571428571428571,0.8258699999988592
474,44482,32.19202392597798,1.7562298774719238,-0.4326677620410919,0.0,0.8349514563106796,0.8253549999988559
475,44572,32.51434202360466,1.4468481540679932,-0.42979443073272705,0.0,0.8888888888888888,0.8249049999988529
476,44636,24.630501734242138,2.0930042266845703,-0.4440591037273407,0.0,0.78125,0.8245849999988508
477,44732,32.16839691397638,1.492274284362793,-0.4296749532222748,0.0,0.84375,0.8241049999988477
478,44836,20.23351597315159,2.9681577682495117,-0.43348491191864014,0.0,0.8653846153846154,0.8235849999988443
479,44944,28.10748128245305,3.450748920440674,-0.14732077717781067,0.2700003683567047,0.8611111111111112,0.8230449999988407
480,45050,26.56245728830487,13.661670684814453,-0.41697946190834045,0.0,0.7830188679245284,0.8225149999988373
481,45147,27.30101196239888,0.813372015953064,-0.4416912794113159,0.003387162461876869,0.7525773195876289,0.8220299999988341
482,45238,31.101179329206033,3.1116459369659424,-0.4186958074569702,0.0,0.8241758241758241,0.8215749999988311
483,45344,36.68764538856016,2.170685291290283,-0.43619123101234436,0.0,0.8679245283018868,0.8210449999988276
484,45418,25.119971476514714,0.4783821105957031,-0.46305209398269653,0.0,0.7972972972972973,0.8206749999988252
485,45514,30.158804736764722,1.950173020362854,-0.43818414211273193,0.0026663029566407204,0.8229166666666666,0.8201949999988221
486,45613,32.30059099635508,17.08285903930664,-0.46049952507019043,0.0,0.8585858585858586,0.8196999999988188
487,45631,-10.412361211281512,2.758873462677002,-0.15886655449867249,0.2675325870513916,0.5555555555555556,0.8196099999988182
488,45732,30.48994091259202,0.8683476448059082,-0.46029165387153625,0.0,0.801980198019802,0.8191049999988149
489,45768,-15.162570228660254,2.2985243797302246,-0.45101287961006165,0.0,0.8888888888888888,0.8189249999988137
490,45875,23.948295069378062,0.8383437395095825,-0.43945392966270447,0.0,0.7850467289719626,0.8183899999988102
491,45968,27.456412286222573,1.5095710754394531,-0.43678221106529236,0.0,0.8387096774193549,0.8179249999988072
492,46026,24.453366852168028,1.175342082977295,-0.4012669324874878,0.0,0.7931034482758621,0.8176349999988053
493,46086,25.116905447498787,1.804783821105957,-0.3364804983139038,0.09811960160732269,0.8166666666666667,0.8173349999988033
494,46094,-10.785189205300755,1.7469512224197388,-0.404634028673172,0.01833578199148178,0.875,0.8172949999988031
495,46183,21.078875106827535,1.3616764545440674,-0.43031740188598633,0.0,0.7640449438202247,0.8168499999988001
496,46290,26.061447547317,0.6234210133552551,-0.32036134600639343,0.10071631520986557,0.822429906542056,0.8163149999987966
497,46368,20.881238924171797,1.3632543087005615,-0.17979785799980164,0.24611416459083557,0.8333333333333334,0.8159249999987941
498,46448,18.04943162176731,2.1382927894592285,-0.44398435950279236,0.0,0.7625,0.8155249999987915
499,46548,23.924471840835754,1.0925127267837524,-0.43452075123786926,0.0,0.78,0.8150249999987882
500,46651,29.987140946939846,1.7122007608413696,-0.4442349970340729,0.0,0.8446601941747572,0.8145099999987848
501,46769,24.372062468719484,19.783843994140625,-0.4515557885169983,0.0,0.788135593220339,0.813919999998781
502,46870,24.80619740889854,5.991440296173096,-0.42011940479278564,0.0,0.8118811881188119,0.8134149999987776
503,46968,25.983450223792836,0.5778064727783203,-0.41827481985092163,0.0,0.826530612244898,0.8129249999987744
504,46969,-8.107637861225184,2.492677688598633,-0.41827481985092163,0.0,0.0,0.8129199999987744
505,47072,32.90946464071484,0.908002495765686,-0.32043835520744324,0.10432887077331543,0.8543689320388349,0.812404999998771
506,47090,-10.572667841464504,0.5225694179534912,-0.41581782698631287,0.02340877801179886,0.5,0.8123149999987704
507,47175,26.525853533302545,0.6353192329406738,-0.3846094608306885,0.048355717211961746,0.7529411764705882,0.8118899999987677
508,47240,24.089872417447467,21.251785278320312,-0.3954961895942688,0.027476802468299866,0.7846153846153846,0.8115649999987655
509,47340,32.33661643428341,0.6931960582733154,-0.40681424736976624,0.014752845279872417,0.87,0.8110649999987622
510,47447,24.768688210135153,0.6103675365447998,-0.42889922857284546,0.0,0.7757009345794392,0.8105299999987587
511,47554,32.06098614259076,5.125893592834473,-0.42722776532173157,0.0,0.822429906542056,0.8099949999987552
512,47612,25.47582590345035,2.735893964767456,-0.3973100185394287,0.016047634184360504,0.8275862068965517,0.8097049999987533
513,47710,-35.01512733816482,19.465198516845703,-0.4031493365764618,0.011970153078436852,0.826530612244898,0.8092149999987501
514,47822,27.355152678467817,1.1616041660308838,-0.11904004216194153,0.2878262400627136,0.8392857142857143,0.8086549999987465
515,47901,26.454788871831703,1.568511962890625,-0.390097975730896,0.006854669656604528,0.8481012658227848,0.8082599999987439
516,48000,29.835819667926486,1.8630976676940918,-0.4074832797050476,0.0,0.797979797979798,0.8077649999987406
517,48107,-40.37239777435171,2.3808462619781494,-0.39898771047592163,0.0,0.794392523364486,0.8072299999987371
518,48188,23.488285567830438,19.858558654785156,-0.36975595355033875,0.045213233679533005,0.7160493827160493,0.8068249999987345
519,48283,30.471070873559658,2.403273344039917,-0.40239226818084717,0.0,0.8105263157894737,0.8063499999987314
520,48345,24.72580446817725,0.9790507555007935,-0.3923119306564331,0.008021099492907524,0.7903225806451613,0.8060399999987293
521,48432,30.762586692593747,13.918689727783203,-0.28550243377685547,0.08351500332355499,0.8735632183908046,0.8056049999987265
522,48526,26.59180136013866,1.5056558847427368,-0.38915231823921204,0.0,0.7872340425531915,0.8051349999987234
523,48593,23.391757492331347,0.8233248591423035,-0.335863322019577,0.06132880225777626,0.746268656716418,0.8047999999987212
524,48700,24.641211262206195,4.4805755615234375,-0.3473499119281769,0.03509638458490372,0.8504672897196262,0.8042649999987177
525,48778,29.216811912897324,1.8247544765472412,-0.3325718641281128,0.039476171135902405,0.8846153846153846,0.8038749999987151
526,48781,-11.515311696913669,0.937703549861908,-0.327716588973999,0.05904793366789818,0.6666666666666666,0.803859999998715
527,48848,25.948897012752376,0.38385969400405884,-0.3827257752418518,0.006684151478111744,0.8059701492537313,0.8035249999987129
528,48954,27.368629285957965,0.3613991141319275,-0.3835510313510895,0.0,0.8018867924528302,0.8029949999987094
529,49026,23.498047265530843,20.469322204589844,-0.3628184497356415,0.010068602859973907,0.6944444444444444,0.802634999998707
530,49118,-24.268711665952974,0.3485848307609558,-0.368124395608902,0.004982049576938152,0.8260869565217391,0.802174999998704
531,49225,31.613482305460714,0.988834798336029,-0.2830514907836914,0.08950451016426086,0.8317757009345794,0.8016399999987005
532,49259,-8.691532443161032,0.5509065985679626,-0.3184695839881897,0.04665718600153923,0.7941176470588235,0.8014699999986994
533,49339,29.033928476338914,15.132644653320312,-0.3602542281150818,0.017825059592723846,0.8,0.8010699999986968
534,49399,24.60323605862215,0.989982545375824,-0.35070323944091797,0.008222624659538269,0.8666666666666667,0.8007699999986948
535,49401,-10.243805476341182,1.1444051265716553,-0.3606032133102417,0.003775785444304347,0.5,0.8007599999986947
536,49497,30.776843175080714,0.6906647682189941,-0.36809566617012024,0.0,0.8645833333333334,0.8002799999986916
537,49570,25.188059288369224,0.7011681795120239,-0.23920024931430817,0.11041145026683807,0.8356164383561644,0.7999149999986892
538,49662,28.77297679946356,7.390665054321289,-0.3347209393978119,0.010102426633238792,0.8369565217391305,0.7994549999986862
539,49765,29.147968261558173,0.6450836658477783,-0.3283727169036865,0.016967952251434326,0.8446601941747572,0.7989399999986828
540,49849,26.593668656432328,0.8274334669113159,-0.3510796129703522,0.0,0.7857142857142857,0.7985199999986801
541,49948,32.72122783758343,3.5327446460723877,-0.2678704857826233,0.057620853185653687,0.8282828282828283,0.7980249999986768
542,50096,-38.14131428289617,0.44527822732925415,-0.3552510440349579,0.0,0.75,0.797284999998672
543,50201,27.63873376183605,1.0292472839355469,-0.3174136281013489,0.027866952121257782,0.7904761904761904,0.7967599999986685
544,50301,31.41252443868057,0.5518463850021362,-0.32354673743247986,0.014893949031829834,0.81,0.7962599999986653
545,50396,28.259712524344867,1.5675945281982422,-0.28537774085998535,0.028968896716833115,0.7789473684210526,0.7957849999986621
546,50490,29.51468719350948,1.206129550933838,-0.2767189145088196,0.039173319935798645,0.8085106382978723,0.7953149999986591
547,50579,31.100938081269955,0.3316284716129303,-0.3128269910812378,0.009499430656433105,0.8426966292134831,0.7948699999986562
548,50657,28.05978565488668,1.7492711544036865,-0.3307470679283142,0.0,0.8205128205128205,0.7944799999986536
549,50740,27.828773178482788,0.7344434857368469,-0.31202346086502075,0.0,0.8072289156626506,0.7940649999986509
550,50837,29.716557255183673,1.1478135585784912,-0.29341745376586914,0.01453697495162487,0.7835051546391752,0.7935799999986477
551,50932,28.84653653579116,0.6725695133209229,-0.26264238357543945,0.039049357175827026,0.8,0.7931049999986446
552,50992,23.801236224536993,2.5499138832092285,-0.27256664633750916,0.026072105392813683,0.75,0.7928049999986426
553,51092,29.5954569697901,0.6303452849388123,-0.31351640820503235,0.0,0.81,0.7923049999986393
554,51187,27.02614331157809,1.0777218341827393,-0.25714367628097534,0.0356748029589653,0.7894736842105263,0.7918299999986362
555,51287,-5.588861088668502,1.8744285106658936,-0.2694800794124603,0.02138916775584221,0.8,0.791329999998633
556,51379,27.939752401931678,0.8434574007987976,-0.2727363407611847,0.01803629845380783,0.75,0.79086999999863
557,51476,29.510649468951186,0.6079745292663574,-0.27332058548927307,0.01804828830063343,0.7835051546391752,0.7903849999986268
558,51570,29.109894653393724,0.7413971424102783,-0.2975645065307617,0.0,0.7553191489361702,0.7899149999986237
559,51658,29.227180993416344,0.49883854389190674,-0.28750985860824585,0.0033295415341854095,0.8409090909090909,0.7894749999986208
560,51721,25.51399466814955,12.29619026184082,-0.2633560001850128,0.003502043429762125,0.8095238095238095,0.7891599999986187
561,51787,25.306617787635474,0.6547197699546814,-0.2652249038219452,0.02034359611570835,0.8484848484848485,0.7888299999986166
562,51893,33.16817607378688,0.6784766912460327,-0.27311959862709045,0.011133733205497265,0.8490566037735849,0.7882999999986131
563,51993,29.940942697469488,1.3031160831451416,-0.20357640087604523,0.0803266316652298,0.71,0.7877999999986098
564,52085,30.317587742984536,0.22549885511398315,-0.2709785997867584,0.0,0.8152173913043478,0.7873399999986068
565,52179,27.11064031828029,1.750591516494751,-0.2504543960094452,0.00941842794418335,0.7127659574468085,0.7868699999986037
566,52259,-26.649861730945993,1.2299340963363647,-0.1909811794757843,0.06811642646789551,0.8375,0.7864699999986011
567,52334,27.38044049856296,0.36038488149642944,-0.2635689675807953,0.008448624983429909,0.7733333333333333,0.7860949999985987
568,52400,24.83536941893533,1.3003103733062744,-0.2611686587333679,0.0,0.7575757575757576,0.7857649999985965
569,52485,26.247519481884243,0.5161917805671692,-0.26976969838142395,0.0028793285600841045,0.7294117647058823,0.7853399999985937
570,52581,31.663362765549273,1.4702523946762085,-0.25616952776908875,0.018026944249868393,0.8020833333333334,0.7848599999985906
571,52665,25.580143330236574,0.33371493220329285,-0.23754772543907166,0.010989068076014519,0.7142857142857143,0.7844399999985878
572,52763,29.295770424987843,1.294415831565857,-0.2597258985042572,0.0,0.7653061224489796,0.7839499999985846
573,52824,23.512941968096825,0.8160598874092102,-0.2499048113822937,0.0,0.7213114754098361,0.7836449999985826
574,52919,29.03894305328884,0.4591364562511444,-0.24986684322357178,0.0,0.7894736842105263,0.7831699999985795
575,52983,23.002597933784042,0.8935931921005249,-0.21516883373260498,0.04221900552511215,0.671875,0.7828499999985774
576,53074,30.395180690220478,0.41882216930389404,-0.248576357960701,0.007220523431897163,0.7692307692307693,0.7823949999985744
577,53135,25.175829419023763,2.231874942779541,-0.08042049407958984,0.15959270298480988,0.7704918032786885,0.7820899999985724
578,53227,31.02461273603695,0.320789098739624,-0.24688613414764404,0.0,0.782608695652174,0.7816299999985694
579,53298,26.342095040519084,0.7724506855010986,-0.24458430707454681,0.0,0.8450704225352113,0.7812749999985671
580,53391,25.65120008722381,0.4482874870300293,-0.18838989734649658,0.05363597720861435,0.7204301075268817,0.780809999998564
581,53457,27.230248050184514,1.7512359619140625,-0.2638525068759918,0.0,0.8181818181818182,0.7804799999985619
582,53556,30.37224189888796,0.9658026099205017,-0.2247232347726822,0.008535010740160942,0.7575757575757576,0.7799849999985586
583,53650,30.115040773029783,4.077754020690918,-0.16093696653842926,0.08957605063915253,0.723404255319149,0.7795149999985556
584,53752,30.780362482231723,0.6487785577774048,-0.23562733829021454,0.003923673648387194,0.803921568627451,0.7790049999985522
585,53841,27.969433168557728,0.5848959684371948,-0.1629629135131836,0.06887084990739822,0.7865168539325843,0.7785599999985493
586,53933,27.62498130275828,0.39527398347854614,-0.09634944796562195,0.15185876190662384,0.782608695652174,0.7780999999985463
587,54000,24.56585934600364,0.6373968720436096,-0.21892669796943665,0.02097208797931671,0.835820895522388,0.7777649999985441
588,54089,27.8944581340546,0.8922019004821777,-0.24468429386615753,0.0,0.7865168539325843,0.7773199999985412
589,54168,4.75451014300851,1.0919291973114014,-0.22854790091514587,0.009141996502876282,0.7848101265822784,0.7769249999985386
590,54282,19.341792751846366,0.5876613855361938,-0.2226906418800354,0.01310092955827713,0.7368421052631579,0.7763549999985349
591,54368,27.933897830797672,0.5008574724197388,-0.24277639389038086,0.0,0.7674418604651163,0.775924999998532
592,54431,26.23866473228843,0.7347546815872192,-0.24328981339931488,0.0,0.8095238095238095,0.77560999999853
593,54534,25.89362515221911,2.067331314086914,-0.24071654677391052,0.0,0.7087378640776699,0.7750949999985266
594,54646,20.891323780681688,0.9471045732498169,-0.22901278734207153,0.0,0.7232142857142857,0.7745349999985229
595,54726,26.581056907945595,0.784186065196991,-0.25267088413238525,0.0,0.8,0.7741349999985203
596,54808,24.986697672255637,0.7410781383514404,-0.24960356950759888,0.0,0.7682926829268293,0.7737249999985176
597,54895,29.143315362810256,1.1451282501220703,-0.24575182795524597,0.0,0.7816091954022989,0.7732899999985148
598,54955,23.12735388576387,1.417635202407837,-0.23756514489650726,0.0,0.7333333333333333,0.7729899999985128
599,55018,-14.299892722687751,0.29433971643447876,-0.2022905945777893,0.050148867070674896,0.7777777777777778,0.7726749999985107
600,55114,30.047951430527938,1.9782977104187012,-0.24936911463737488,0.0,0.7708333333333334,0.7721949999985076
601,55206,29.513055657678663,0.38546451926231384,-0.1849721074104309,0.05412754416465759,0.782608695652174,0.7717349999985046
602,55300,27.10577934926262,12.975055694580078,-0.23110464215278625,0.0,0.7340425531914894,0.7712649999985015
603,55401,26.323886752698453,0.4979361593723297,-0.23386074602603912,0.012044185772538185,0.7623762376237624,0.7707599999984982
604,55499,33.162030325961595,1.3409008979797363,-0.2295069694519043,0.0063384100794792175,0.7959183673469388,0.770269999998495
605,55569,24.47554705514893,0.5191538333892822,-0.22296911478042603,0.028859339654445648,0.7714285714285715,0.7699199999984927
606,55635,22.196249643220263,0.47788476943969727,-0.19709031283855438,0.03098948858678341,0.6818181818181818,0.7695899999984905
607,55721,27.82949315752346,11.065229415893555,-0.2409505546092987,0.006227223202586174,0.813953488372093,0.7691599999984877
608,55802,23.68618807242479,0.8578475713729858,-0.22840851545333862,0.013208149001002312,0.7777777777777778,0.7687549999984851
609,55892,30.412130668031224,2.333740234375,-0.24158348143100739,0.005282674916088581,0.8444444444444444,0.7683049999984821
610,55991,30.49214190880393,0.8016917705535889,-0.24088717997074127,0.0,0.8181818181818182,0.7678099999984789
611,56081,29.239178151399656,0.3748716711997986,-0.20381228625774384,0.010749652981758118,0.7222222222222222,0.7673599999984759
612,56170,26.079436612860704,0.44085314869880676,-0.2513085603713989,0.0,0.7303370786516854,0.766914999998473
613,56272,27.182719949047904,0.6397525072097778,-0.24485452473163605,0.002402019686996937,0.7843137254901961,0.7664049999984697
614,56335,22.028508144702446,0.8604255318641663,-0.23863349854946136,0.0,0.746031746031746,0.7660899999984676
615,56422,28.781032301699163,2.3343381881713867,-0.19093644618988037,0.03914152830839157,0.8045977011494253,0.7656549999984648
616,56484,26.287350241826207,0.40245017409324646,-0.24923819303512573,0.0,0.8548387096774194,0.7653449999984627
617,56568,27.20200719866257,0.3927821218967438,-0.22761911153793335,0.008437505923211575,0.6904761904761905,0.76492499999846
618,56663,32.04153252739534,1.298966407775879,-0.232502743601799,0.007005154620856047,0.7473684210526316,0.7644499999984569
619,56742,24.89128512272923,0.598598062992096,-0.17364917695522308,0.043556440621614456,0.6455696202531646,0.7640549999984543
620,56818,24.144980821973853,0.6222260594367981,-0.2503396272659302,0.0,0.75,0.7636749999984518
621,56918,27.56745804193241,0.6020418405532837,-0.22721032798290253,0.006746535189449787,0.76,0.7631749999984485
622,57008,30.72206745197802,0.7089986801147461,-0.22301363945007324,0.00495926383882761,0.8444444444444444,0.7627249999984456
623,57092,28.027637384522343,0.8972383737564087,-0.21404007077217102,0.008543434552848339,0.7857142857142857,0.7623049999984428
624,57180,26.6762214720115,1.0083856582641602,-0.1386016607284546,0.08824028819799423,0.7613636363636364,0.7618649999984399
625,57271,29.79605818216927,0.19033265113830566,-0.2000569999217987,0.025391947478055954,0.7582417582417582,0.761409999998437
626,57283,-5.622598786004974,2.2486677169799805,-0.2206590622663498,0.015078810974955559,0.8333333333333334,0.7613499999984366
627,57377,30.36049706001093,0.6528152227401733,-0.1575372964143753,0.06604772806167603,0.7872340425531915,0.7608799999984335
628,57411,-9.499110031461125,0.35426437854766846,-0.21610645949840546,0.010217919014394283,0.6176470588235294,0.7607099999984324
629,57502,30.626054948869424,0.4734365940093994,-0.17608070373535156,0.05050015449523926,0.7912087912087912,0.7602549999984294
630,57590,28.31907387308562,0.5932275056838989,-0.24894435703754425,0.0,0.7727272727272727,0.7598149999984265
631,57649,24.433178443163367,0.410236120223999,-0.23515388369560242,1.4868653579469537e-06,0.711864406779661,0.7595199999984246
632,57650,-8.150082785480972,0.4589359164237976,-0.1897231638431549,0.0307699516415596,1.0,0.7595149999984245
633,57725,27.68685783759316,1.8243025541305542,-0.22110331058502197,0.0017828487325459719,0.8933333333333333,0.7591399999984221
634,57792,-20.78601764950818,1.15574049949646,-0.2359209805727005,0.0,0.7611940298507462,0.7588049999984199
635,57882,20.372006337342235,0.7930927872657776,-0.2231614738702774,0.01509470771998167,0.7555555555555555,0.7583549999984169
636,57973,24.94212352863246,0.7913888692855835,-0.23426423966884613,0.0,0.7142857142857143,0.757899999998414
637,58029,22.937007707947366,0.5049994587898254,-0.1920931339263916,0.03730247914791107,0.6785714285714286,0.7576199999984121
638,58119,27.636709508050387,0.37246161699295044,-0.22067642211914062,0.015532219782471657,0.6888888888888889,0.7571699999984092
639,58180,25.519307664765073,0.9942330121994019,-0.22244389355182648,0.005988596472889185,0.7540983606557377,0.7568649999984072
640,58273,27.511268657008152,2.9941582679748535,-0.16705919802188873,0.04099258780479431,0.7204301075268817,0.7563999999984041
641,58352,28.675412595848435,0.4574812650680542,-0.22120517492294312,0.0013002068735659122,0.7848101265822784,0.7560049999984015
642,58424,28.2880562029119,0.34412306547164917,-0.20829658210277557,0.012098686769604683,0.7361111111111112,0.7556449999983992
643,58484,23.112047123259558,0.9739216566085815,-0.18743467330932617,0.02643866091966629,0.6333333333333333,0.7553449999983972
644,58547,24.29984114420873,1.0383155345916748,-0.21624241769313812,0.008434852585196495,0.7777777777777778,0.7550299999983952
645,58630,30.025273814851616,0.20375767350196838,-0.21152165532112122,0.013925355859100819,0.8313253012048193,0.7546149999983924
646,58711,-6.695187054136801,0.8670039772987366,-0.21128103137016296,0.006536964327096939,0.7777777777777778,0.7542099999983898
647,58775,25.054644505994546,0.17160189151763916,-0.21313685178756714,0.00516145396977663,0.765625,0.7538899999983877
648,58836,26.289831194200666,9.357575416564941,-0.21357667446136475,0.0,0.8032786885245902,0.7535849999983857
649,58927,29.408023941109995,1.024193286895752,-0.2133060097694397,0.0,0.7472527472527473,0.7531299999983827
650,59016,28.467008542463656,1.219042420387268,-0.20862041413784027,0.0,0.6741573033707865,0.7526849999983798
651,59110,30.137898592000788,0.369779109954834,-0.21612629294395447,0.004220329225063324,0.7021276595744681,0.7522149999983767
652,59190,-18.669604662575402,1.4245187044143677,-0.1562548577785492,0.044698648154735565,0.7625,0.7518149999983741
653,59281,30.555735097310496,1.7593965530395508,-0.2001102864742279,0.009690016508102417,0.7252747252747253,0.7513599999983711
654,59375,30.202645085297913,0.3412744998931885,-0.215877965092659,0.0,0.723404255319149,0.750889999998368
655,59477,30.14820962450522,1.0441741943359375,-0.19621609151363373,0.0018548517255112529,0.7941176470588235,0.7503799999983647
656,59565,30.169256167032163,0.6803126335144043,-0.19831609725952148,0.00636762659996748,0.7613636363636364,0.7499399999983618
657,59650,24.298037079936016,0.6265891194343567,-0.21169322729110718,0.0,0.7647058823529411,0.749514999998359
658,59738,26.960942510492757,0.9805996417999268,-0.20015034079551697,0.010861553251743317,0.7386363636363636,0.7490749999983561
659,59831,30.519340351395932,0.5275999307632446,-0.17723508179187775,0.023104919120669365,0.7526881720430108,0.7486099999983531
660,59934,26.224480296088228,0.8522210121154785,-0.1900205910205841,0.009037354961037636,0.8058252427184466,0.7480949999983497
661,60029,28.937131200297202,2.1471734046936035,-0.20013055205345154,0.008920585736632347,0.7684210526315789,0.7476199999983466
662,60106,26.315323479045517,0.735412061214447,-0.19464193284511566,0.015099248848855495,0.7922077922077922,0.7472349999983441
663,60191,28.6839754371258,0.29237332940101624,-0.21290892362594604,0.0032813753932714462,0.7764705882352941,0.7468099999983413
664,60277,27.74952755386139,1.675394058227539,-0.1607794463634491,0.03479480743408203,0.6976744186046512,0.7463799999983385
665,60353,21.706156882198258,1.058882236480713,-0.17398767173290253,0.018571224063634872,0.6447368421052632,0.745999999998336
666,60445,29.222914124687946,2.0200259685516357,-0.20153430104255676,0.009877418167889118,0.75,0.745539999998333
667,60504,24.932272883066055,3.861379861831665,-0.20144204795360565,0.0,0.7457627118644068,0.745244999998331
668,60585,27.146563062655897,0.6942019462585449,-0.19497697055339813,0.0,0.7407407407407407,0.7448399999983284
669,60673,29.70098611053622,1.2429728507995605,-0.14046205580234528,0.05852407217025757,0.7159090909090909,0.7443999999983255
670,60734,25.297059464860972,1.2923736572265625,-0.18778377771377563,0.013578653335571289,0.7377049180327869,0.7440949999983235
671,60821,26.62335318584585,0.213636115193367,-0.17491905391216278,0.01738244853913784,0.7701149425287356,0.7436599999983207
672,60907,27.17273740282966,2.3348944187164307,-0.20313851535320282,0.008613573387265205,0.7093023255813954,0.7432299999983178
673,60992,27.735319194773652,0.3037656247615814,-0.16370688378810883,0.02898494526743889,0.7058823529411765,0.7428049999983151
674,61050,23.635939285723218,0.4023946523666382,-0.1864127367734909,0.003933392930775881,0.7586206896551724,0.7425149999983132
675,61058,-10.238903243453338,0.28133517503738403,-0.1973106563091278,0.004924374632537365,0.875,0.7424749999983129
676,61123,26.3131182706392,7.989479064941406,-0.17698125541210175,0.012070717290043831,0.7538461538461538,0.7421499999983108
677,61187,26.854423463693184,0.4003055989742279,-0.08857834339141846,0.12316636741161346,0.6875,0.7418299999983087
678,61252,25.36933646457219,0.8738531470298767,-0.2066958248615265,0.0013146898709237576,0.7230769230769231,0.7415049999983065
679,61338,28.249705601784072,4.841131687164307,-0.1806831806898117,0.009881616570055485,0.6627906976744186,0.7410749999983037
680,61426,30.336671424549184,0.5887026190757751,-0.17366135120391846,0.023235773667693138,0.7613636363636364,0.7406349999983008
681,61492,22.784076125375897,0.45232534408569336,-0.1805877685546875,0.02791716903448105,0.7121212121212122,0.7403049999982987
682,61496,-10.420097055462694,0.5189942717552185,-0.17759232223033905,0.015827059745788574,1.0,0.7402849999982986
683,61566,27.951803791444036,0.37308159470558167,-0.18681547045707703,0.00572709646075964,0.8285714285714286,0.7399349999982963
684,61651,27.484097088141237,6.318385124206543,-0.17615967988967896,0.0057123685255646706,0.7411764705882353,0.7395099999982935
685,61720,26.587965173097125,1.2258031368255615,-0.18534713983535767,0.006444013677537441,0.7971014492753623,0.7391649999982912
686,61781,26.87150634581999,0.6423896551132202,-0.18766918778419495,0.007876623421907425,0.6885245901639344,0.7388599999982892
687,61866,28.477289575350532,1.4007747173309326,-0.19574138522148132,0.0005137837724760175,0.6823529411764706,0.7384349999982864
688,61954,30.786673881126994,0.5875958800315857,-0.1842384934425354,0.009762896224856377,0.7386363636363636,0.7379949999982836
689,61958,-10.237604915839757,0.36190950870513916,-0.19090111553668976,0.003614480374380946,0.75,0.7379749999982834
690,62043,29.120291657053393,0.6530538201332092,-0.17344748973846436,0.004318432882428169,0.6705882352941176,0.7375499999982806
691,62124,27.405777191409648,0.8701580762863159,-0.19708220660686493,0.007451178040355444,0.6666666666666666,0.737144999998278
692,62230,26.760880658114928,0.537090003490448,-0.18971332907676697,0.0065133413299918175,0.7358490566037735,0.7366149999982745
693,62368,17.38120733354396,0.2520284950733185,-0.19885680079460144,0.005903635174036026,0.7318840579710145,0.73592499999827
694,62458,27.662494013614292,0.30870890617370605,-0.18454214930534363,0.01562967523932457,0.6777777777777778,0.735474999998267
695,62547,26.356747403874586,0.32884275913238525,-0.18301504850387573,0.00523616187274456,0.6966292134831461,0.7350299999982641
696,62549,-10.21249750597844,2.5609822273254395,-0.18699641525745392,0.010473357513546944,0.5,0.7350199999982641
697,62631,24.463722790181464,0.6712918877601624,-0.19551338255405426,0.00439421646296978,0.6951219512195121,0.7346099999982614
698,62710,24.741212111802703,1.205854892730713,-0.19062979519367218,0.0,0.7088607594936709,0.7342149999982588
699,62792,26.497521289667,4.039279460906982,-0.18810100853443146,0.009408487007021904,0.7439024390243902,0.7338049999982561
700,62854,25.322803157932796,0.6828777194023132,-0.1705448031425476,0.004073839634656906,0.7419354838709677,0.7334949999982541
701,62930,24.314412929449368,0.8006105422973633,-0.17759741842746735,0.018666882067918777,0.7368421052631579,0.7331149999982516
702,63017,29.666727253121035,9.407258987426758,-0.20800474286079407,0.005508380010724068,0.735632183908046,0.7326799999982487
703,63107,28.469848678534596,1.0707051753997803,-0.19115234911441803,0.007099637761712074,0.7555555555555555,0.7322299999982458
704,63139,-34.842894786002816,1.3285095691680908,-0.18357080221176147,0.01468576304614544,0.9375,0.7320699999982447
705,63221,24.94570357970263,1.3112685680389404,-0.1905166506767273,0.008245892822742462,0.6219512195121951,0.731659999998242
706,63287,25.394533392261287,1.2417619228363037,-0.16941586136817932,0.028107354417443275,0.6363636363636364,0.7313299999982399
707,63374,28.02143189776588,3.215398073196411,-0.161760613322258,0.01223142258822918,0.6091954022988506,0.730894999998237
708,63435,22.55500755286197,0.29490911960601807,-0.18001779913902283,0.014638843946158886,0.6557377049180327,0.730589999998235
709,63498,23.642803562276107,0.3354334235191345,-0.19695724546909332,0.007550392299890518,0.746031746031746,0.730274999998233
710,63500,-9.059425112109095,0.9570963382720947,-0.1883794665336609,0.0014560003764927387,0.5,0.7302649999982329
711,63585,28.119162177677712,0.4220006465911865,-0.18052245676517487,0.009512553922832012,0.7764705882352941,0.7298399999982301
712,63675,27.86330762667069,9.747583389282227,-0.195893794298172,0.011515679769217968,0.7555555555555555,0.7293899999982272
713,63756,27.97600804078744,0.34503108263015747,-0.20546871423721313,0.0,0.7654320987654321,0.7289849999982245
714,63833,28.02451350904425,0.2690989673137665,-0.19701650738716125,0.005736508872359991,0.7012987012987013,0.728599999998222
715,63906,28.302409555754924,0.3171783685684204,-0.19137127697467804,0.004634961485862732,0.684931506849315,0.7282349999982196
716,63994,27.255310006399107,0.2780187726020813,-0.2136039286851883,0.0009695581393316388,0.6818181818181818,0.7277949999982167
717,64086,29.20401721734092,2.2495317459106445,-0.18332070112228394,0.0003978551831096411,0.8152173913043478,0.7273349999982137
718,64182,28.796574892082095,0.8038207292556763,-0.18398894369602203,0.011610148474574089,0.71875,0.7268549999982106
719,64279,28.02146557771755,0.8037464618682861,-0.1899103969335556,0.005164839792996645,0.7938144329896907,0.7263699999982074
720,64314,-17.20348194083551,0.3122927248477936,-0.1850154995918274,0.007028700318187475,0.8,0.7261949999982062
721,64377,22.448144612510305,0.3210226595401764,-0.20662395656108856,0.002806022297590971,0.746031746031746,0.7258799999982042
722,64456,27.666817689794808,0.348703533411026,-0.12319886684417725,0.06859111785888672,0.7468354430379747,0.7254849999982016
723,64531,25.617412644121572,1.447468638420105,-0.20032472908496857,0.00658842921257019,0.7066666666666667,0.7251099999981991
724,64584,-5.647673777070362,0.5671033263206482,-0.20004835724830627,0.014454416930675507,0.8301886792452831,0.7248449999981974
725,64667,25.609027294934545,9.679167747497559,-0.20830634236335754,0.006121138110756874,0.6746987951807228,0.7244299999981947
726,64751,29.208268371493208,0.2979363799095154,-0.19739368557929993,0.002846057526767254,0.7738095238095238,0.7240099999981919
727,64843,31.107496233437516,0.6392321586608887,-0.1465979665517807,0.018447011709213257,0.8260869565217391,0.7235499999981889
728,64900,24.01830243688334,0.20045654475688934,-0.19793479144573212,0.0,0.6491228070175439,0.723264999998187
729,64981,28.401456606838238,0.6690517067909241,-0.17974624037742615,0.03417716920375824,0.7160493827160493,0.7228599999981844
730,65038,25.67541214020123,0.19888131320476532,-0.20836228132247925,0.00154283014126122,0.6140350877192983,0.7225749999981825
731,65096,27.118537145791034,0.8705779314041138,-0.19754929840564728,0.012075534090399742,0.5862068965517241,0.7222849999981806
732,65187,29.9313576406794,2.4046218395233154,-0.17900146543979645,0.009144064970314503,0.7142857142857143,0.7218299999981777
733,65266,31.056794541426427,0.49480149149894714,-0.2061404585838318,0.004955080803483725,0.8354430379746836,0.7214349999981751
734,65343,28.51470338920423,0.5319234132766724,-0.16201640665531158,0.026636922731995583,0.6493506493506493,0.7210499999981725
735,65426,27.119781672283718,0.527046799659729,-0.19622208178043365,0.002356834476813674,0.6506024096385542,0.7206349999981698
736,65516,28.61822658030237,0.9711465835571289,-0.18150892853736877,0.009466568008065224,0.7888888888888889,0.7201849999981669
737,65579,24.403130257077727,0.3634416460990906,-0.157880499958992,0.009359332732856274,0.7301587301587301,0.7198699999981648
738,65661,27.234217144429753,7.474750518798828,-0.1911139339208603,0.018784943968057632,0.6585365853658537,0.7194599999981621
739,65765,28.024644487130672,0.6766008138656616,-0.13669326901435852,0.04851260036230087,0.6923076923076923,0.7189399999981587
740,65833,26.492970143608062,2.059236526489258,-0.17386087775230408,0.007883063517510891,0.8382352941176471,0.7185999999981565
741,65906,26.77279077109001,0.6493467092514038,-0.17706404626369476,0.012546537443995476,0.6575342465753424,0.7182349999981541
742,65983,27.363421501837376,0.36291617155075073,-0.182476207613945,0.009189640171825886,0.7012987012987013,0.7178499999981516
743,66070,28.17584470263742,0.33195021748542786,-0.1647108495235443,0.006287015043199062,0.7241379310344828,0.7174149999981487
744,66153,26.626085493226025,0.961205005645752,-0.19812457263469696,0.01148875243961811,0.6746987951807228,0.716999999998146
745,66238,28.517915382593984,1.3757590055465698,-0.18641085922718048,0.0072489394806325436,0.6941176470588235,0.7165749999981432
746,66298,23.559883219725272,0.36329492926597595,-0.1719951033592224,0.013559534214437008,0.7333333333333333,0.7162749999981413
747,66377,26.696917269638334,0.5970532894134521,-0.19738633930683136,0.0,0.7974683544303798,0.7158799999981387
748,66464,26.87168051721439,8.332791328430176,-0.17936666309833527,0.0063715046271681786,0.7931034482758621,0.7154449999981358
749,66541,23.350535727294957,0.45763057470321655,-0.18615847826004028,0.006983189377933741,0.6363636363636364,0.7150599999981333
750,66600,24.160189218148076,0.35734713077545166,-0.19728443026542664,0.008812567219138145,0.7457627118644068,0.7147649999981314
751,66690,-47.588766308300286,0.496905118227005,-0.17783582210540771,0.01674077659845352,0.6111111111111112,0.7143149999981284
752,66762,-37.9531500007752,0.3045145869255066,-0.17645896971225739,0.004905396141111851,0.75,0.7139549999981261
753,66852,29.859641888800173,3.6574106216430664,-0.19722336530685425,0.00588442524895072,0.7444444444444445,0.7135049999981231
754,66942,25.232800901783857,0.8453010320663452,-0.1812875121831894,0.008225386030972004,0.6222222222222222,0.7130549999981202
755,67031,28.63946072089998,0.5165651440620422,-0.1887347549200058,0.00846537109464407,0.6966292134831461,0.7126099999981172
756,67123,27.652687832657673,0.24085074663162231,-0.16530641913414001,0.007163672242313623,0.7282608695652174,0.7121499999981142
757,67219,29.905445496307316,0.484011709690094,-0.18225593864917755,0.008446767926216125,0.7395833333333334,0.7116699999981111
758,67313,29.105543732338997,0.4599987268447876,-0.17358867824077606,0.009441988542675972,0.6382978723404256,0.711199999998108
759,67400,31.20924465089872,7.161830902099609,-0.16596528887748718,0.01268883515149355,0.7126436781609196,0.7107649999981052
760,67401,-8.203701693169204,0.37675973773002625,-0.16596528887748718,0.01268883515149355,1.0,0.7107599999981051
761,67419,-16.02282626438239,0.4247159957885742,-0.14209972321987152,0.014629918150603771,0.6666666666666666,0.7106699999981045
762,67515,31.905455068726745,2.4554243087768555,-0.17805656790733337,0.0032199490815401077,0.7604166666666666,0.7101899999981014
763,67604,26.39048137918668,0.5279160737991333,-0.17092576622962952,0.019732870161533356,0.7191011235955056,0.7097449999980985
764,67685,26.017376584499893,0.5227978825569153,-0.17408369481563568,0.0062220124527812,0.6666666666666666,0.7093399999980958
765,67773,27.224285930218386,1.2923836708068848,-0.18388301134109497,0.001827971893362701,0.6931818181818182,0.708899999998093
766,67877,28.16662063637741,0.53292316198349,-0.17085528373718262,0.0031411286909133196,0.7307692307692307,0.7083799999980895
767,67971,27.54364276989787,1.7172428369522095,-0.17145849764347076,0.006106624845415354,0.6808510638297872,0.7079099999980865
768,68061,30.71218074942479,1.5192489624023438,-0.18027667701244354,0.005048823077231646,0.7555555555555555,0.7074599999980835
769,68149,28.77215237471915,0.5173364281654358,-0.1341567188501358,0.02819283865392208,0.7386363636363636,0.7070199999980806
770,68226,26.23543546055491,2.5179498195648193,-0.1443776786327362,0.012503462843596935,0.6493506493506493,0.7066349999980781
771,68295,25.43767653116376,0.3049773573875427,-0.15217213332653046,0.013598199933767319,0.6666666666666666,0.7062899999980758
772,68375,28.251266529272748,2.7248265743255615,-0.16984866559505463,0.007053489796817303,0.6625,0.7058899999980732
773,68508,24.98886559382787,0.2588542103767395,-0.1788129061460495,0.0017887542489916086,0.6992481203007519,0.7052249999980689
774,68591,27.960229587335586,0.3322966694831848,-0.14097939431667328,0.024878768250346184,0.7108433734939759,0.7048099999980662
775,68678,30.15874700346322,0.836698055267334,-0.1658947616815567,0.010684976354241371,0.7241379310344828,0.7043749999980633
776,68828,2.496738825344708,0.9481789469718933,-0.16571736335754395,0.0042115203104913235,0.6666666666666666,0.7036249999980584
777,68913,27.508799540823244,2.0902414321899414,-0.16657938063144684,0.0013214629143476486,0.611764705882353,0.7031999999980556
778,69003,30.31358217390145,0.514655351638794,-0.15330633521080017,0.011202636174857616,0.7222222222222222,0.7027499999980527
779,69103,26.73192879920093,2.127648115158081,-0.0984179824590683,0.07132589817047119,0.72,0.7022499999980494
780,69172,-11.879361424724658,1.5238791704177856,-0.16663827002048492,0.0026405141688883305,0.7681159420289855,0.7019049999980471
781,69257,28.148657157788296,1.959669828414917,-0.1626683920621872,0.005174202844500542,0.6941176470588235,0.7014799999980443
782,69342,28.97479148232633,0.30252307653427124,-0.1482422649860382,0.008065994828939438,0.7294117647058823,0.7010549999980416
783,69492,4.697253845894479,1.9309494495391846,-0.14890721440315247,0.0042126476764678955,0.6666666666666666,0.7003049999980366
784,69581,27.64027655644734,2.66025972366333,-0.1611795872449875,0.006762250792235136,0.6629213483146067,0.6998599999980337
785,69731,4.927199204853221,1.5384650230407715,-0.1432439386844635,0.010187303647398949,0.7066666666666667,0.6991099999980288
786,69807,-5.173056298289213,0.2614588737487793,-0.14856421947479248,0.009488647803664207,0.6710526315789473,0.6987299999980263
787,69809,-9.7310497515524,0.4382716417312622,-0.14224474132061005,0.0033087371848523617,1.0,0.6987199999980263
788,69929,24.52287527500766,6.547210693359375,-0.1437474936246872,0.003820842830464244,0.7,0.6981199999980223
789,69995,26.02676876279398,4.556510925292969,-0.1484733670949936,0.007409665267914534,0.7121212121212122,0.6977899999980202
790,70145,4.790218643672612,1.6770646572113037,-0.15692047774791718,0.0023150015622377396,0.6933333333333334,0.6970399999980152
791,70152,-5.682835385093298,3.760829448699951,-0.11683869361877441,0.032224755734205246,0.7142857142857143,0.697004999998015
792,70249,28.737119628117554,1.2742500305175781,-0.14780621230602264,0.00991418119519949,0.6494845360824743,0.6965199999980118
793,70399,5.8633478558106065,2.4488658905029297,-0.13988330960273743,0.005699736997485161,0.7066666666666667,0.6957699999980069
794,70499,30.38190929167956,1.1222503185272217,-0.13491857051849365,0.011719971895217896,0.69,0.6952699999980037
795,70574,26.43387324633679,7.583982467651367,-0.1496792435646057,0.007905871607363224,0.68,0.6948949999980012
796,70575,-8.16224471910615,2.6589221954345703,-0.1496792435646057,0.007905871607363224,1.0,0.6948899999980012
797,70665,28.84636885342021,1.1819196939468384,-0.14636015892028809,0.007362527307122946,0.7,0.6944399999979982
798,70774,-15.715124358451458,0.392147958278656,-0.14323790371418,0.002618237165734172,0.7339449541284404,0.6938949999979946
799,70865,29.093211629424935,1.3940601348876953,-0.14319336414337158,0.008679831400513649,0.7362637362637363,0.6934399999979917
800,70967,30.549722674922275,0.28213948011398315,-0.13482670485973358,0.01319536566734314,0.6862745098039216,0.6929299999979883
801,71117,7.353744414759348,2.5580482482910156,-0.15469104051589966,0.0025530937127768993,0.7066666666666667,0.6921799999979834
802,71197,26.627506918722652,1.6788711547851562,-0.1402585357427597,0.005735151004046202,0.6,0.6917799999979808
803,71347,6.6591182989252635,0.7129855155944824,-0.14087511599063873,0.0026352377608418465,0.6933333333333334,0.6910299999979759
804,71497,2.57280228527726,0.3673052191734314,-0.12332278490066528,0.008466958068311214,0.6533333333333333,0.690279999997971
805,71647,3.708060463374255,2.0279645919799805,-0.14416354894638062,0.003240203717723489,0.74,0.689529999997966
806,71797,7.155494871155264,0.5760851502418518,-0.1373608410358429,0.008797465823590755,0.6133333333333333,0.6887799999979611
807,71909,-8.688074339393964,0.37114784121513367,-0.14123579859733582,0.0044167982414364815,0.7589285714285714,0.6882199999979575
808,72059,8.897097559442814,8.25426959991455,-0.1309126615524292,0.00649731419980526,0.66,0.6874699999979526
809,72060,-8.099492914512593,0.33083856105804443,-0.1171371340751648,0.018453745171427727,0.0,0.6874649999979525
810,72210,1.796828933173801,0.20304575562477112,-0.13511142134666443,0.009993188083171844,0.6666666666666666,0.6867149999979476
811,72360,3.555998504705287,0.37151339650154114,-0.13731801509857178,0.004472875967621803,0.68,0.6859649999979427
812,72510,4.691534398174017,2.2181410789489746,-0.1508205235004425,0.005226330831646919,0.74,0.6852149999979378
813,72605,30.85111619859348,0.2875913679599762,-0.1438286453485489,0.0019965548999607563,0.7263157894736842,0.6847399999979347
814,72755,3.6652436712864516,1.6751883029937744,-0.13510489463806152,0.007734951563179493,0.7266666666666667,0.6839899999979298
815,72839,26.024034251061956,1.8616914749145508,-0.12617039680480957,0.012757270596921444,0.6071428571428571,0.683569999997927
816,72840,-8.09889599738339,1.7370948791503906,-0.13913968205451965,0.006604655180126429,0.0,0.683564999997927
817,72927,-39.11832598244385,1.6435763835906982,-0.13235068321228027,0.0036684751976281404,0.632183908045977,0.6831299999979241
818,72992,27.109527498388832,0.28549960255622864,-0.13537243008613586,0.00373886339366436,0.676923076923077,0.682804999997922
819,73142,3.959857820903707,1.8241581916809082,-0.14050965011119843,0.001982077956199646,0.6866666666666666,0.6820549999979171
820,73219,28.187893870632816,0.39701753854751587,-0.1348356306552887,0.004051776137202978,0.6363636363636364,0.6816699999979146
821,73344,24.26617914578084,2.9248132705688477,-0.13031131029129028,0.003185066394507885,0.648,0.6810449999979105
822,73431,30.73532994892018,0.3649124503135681,-0.13959041237831116,0.0016067930264398456,0.7816091954022989,0.6806099999979076
823,73497,27.180270900436195,2.8163809776306152,-0.13150948286056519,0.006314542144536972,0.7272727272727273,0.6802799999979054
824,73563,25.372242612693054,1.2964050769805908,-0.1232454851269722,0.005324848927557468,0.6212121212121212,0.6799499999979033
825,73713,7.955261865953197,1.1713181734085083,-0.11740939319133759,0.01109992153942585,0.7,0.6791999999978984
826,73806,28.836122349360892,1.8508384227752686,-0.12296116352081299,0.015596326440572739,0.5913978494623656,0.6787349999978953
827,73811,-12.870137330986875,0.9694328308105469,-0.1296444982290268,0.006589303258806467,0.6,0.6787099999978952
828,73879,24.592251200697334,5.214323997497559,-0.13200080394744873,0.0068426551297307014,0.7352941176470589,0.6783699999978929
829,74029,10.596932303939411,2.3726694583892822,-0.12576799094676971,0.008747139014303684,0.6466666666666666,0.677619999997888
830,74179,2.7931308401744346,0.3185071349143982,-0.12574660778045654,0.005023758392781019,0.6266666666666667,0.6768699999978831
831,74268,30.817541840024184,0.565605878829956,-0.11144279688596725,0.014030717313289642,0.7528089887640449,0.6764249999978802
832,74355,27.70467422290004,0.26598742604255676,-0.13082315027713776,0.0024840000551193953,0.7931034482758621,0.6759899999978773
833,74451,29.677920786581616,2.2203245162963867,-0.1261672079563141,0.005441184621304274,0.6145833333333334,0.6755099999978742
834,74601,2.956707655557871,2.287903308868408,-0.12661641836166382,0.007527741603553295,0.72,0.6747599999978693
835,74683,29.587596150702716,0.23788303136825562,-0.11570470780134201,0.006477015092968941,0.6585365853658537,0.6743499999978666
836,74797,29.555066166287048,1.7147631645202637,-0.12268784642219543,0.00751936249434948,0.6929824561403509,0.6737799999978629
837,74879,27.52698231232431,0.49049463868141174,-0.1341533660888672,0.006391460075974464,0.6463414634146342,0.6733699999978602
838,74965,29.784729049432066,0.3354114294052124,-0.12918716669082642,0.002747906604781747,0.686046511627907,0.6729399999978574
839,75115,8.718519922373563,2.5037894248962402,-0.12182613462209702,0.00982434581965208,0.7333333333333333,0.6721899999978524
840,75125,-10.91011663070309,0.4719305634498596,-0.11128593236207962,0.010213809087872505,0.5,0.6721399999978521
841,75235,26.40252808799149,0.41232064366340637,-0.13295580446720123,0.003668555524200201,0.6636363636363637,0.6715899999978485
842,75326,30.531734890526145,0.46601319313049316,-0.12231724709272385,0.00555779505521059,0.6593406593406593,0.6711349999978455
843,75476,7.550494228881761,0.5333290100097656,-0.12222041934728622,0.0058838194236159325,0.7133333333333334,0.6703849999978406
844,75626,7.83483887454103,3.7966902256011963,-0.12205702066421509,0.00313459406606853,0.6666666666666666,0.6696349999978357
845,75776,6.2041814742084735,0.46127766370773315,-0.1180260181427002,0.0025076158344745636,0.7466666666666667,0.6688849999978308
846,75869,28.944288442997298,1.1206576824188232,-0.11848746985197067,0.0068381656892597675,0.6774193548387096,0.6684199999978278
847,76019,3.749476467252096,3.4617433547973633,-0.11574582755565643,0.005625882185995579,0.6866666666666666,0.6676699999978228
848,76081,25.595440276200637,0.3908422589302063,-0.11278639733791351,0.00726118590682745,0.6129032258064516,0.6673599999978208
849,76168,29.240939488455236,0.30321234464645386,-0.11785656213760376,0.009926688857376575,0.7011494252873564,0.666924999997818
850,76251,29.14437933193242,3.562957763671875,-0.12053320556879044,0.007984111085534096,0.6385542168674698,0.6665099999978152
851,76401,4.151930864112139,0.5024065971374512,-0.12908971309661865,0.0034788786433637142,0.6533333333333333,0.6657599999978103
852,76467,27.581522889768557,0.21328407526016235,-0.1299457848072052,0.004479613155126572,0.6515151515151515,0.6654299999978082
853,76597,27.525014256608387,0.5652540922164917,-0.12853026390075684,0.0026035550981760025,0.6846153846153846,0.6647799999978039
854,76683,29.084119136909038,1.4017317295074463,-0.11907999962568283,0.012973479926586151,0.7209302325581395,0.6643499999978011
855,76762,28.05931373094073,1.1008460521697998,-0.1255491077899933,0.0030173826962709427,0.7088607594936709,0.6639549999977985
856,76912,8.32495087609955,0.5990725755691528,-0.1115097925066948,0.008293754421174526,0.6333333333333333,0.6632049999977936
857,77062,10.550577149181372,1.4587090015411377,-0.11884213238954544,0.005270414985716343,0.66,0.6624549999977887
858,77149,29.33490795820928,3.443448543548584,-0.12561216950416565,0.007466813549399376,0.6781609195402298,0.6620199999977858
859,77218,26.232670675958623,8.235085487365723,-0.08435793220996857,0.03170900419354439,0.6521739130434783,0.6616749999977836
860,77368,5.880036781333018,0.6254004836082458,-0.11924178153276443,0.0035160493571311235,0.6133333333333333,0.6609249999977787
861,77500,28.540392458831683,0.6162190437316895,-0.11355636268854141,0.0030891122296452522,0.7196969696969697,0.6602649999977743
862,77567,27.02335790919193,0.9239478707313538,-0.1285436600446701,0.004205930978059769,0.6119402985074627,0.6599299999977721
863,77659,27.62190559446453,1.3026394844055176,-0.10962717980146408,0.009133388288319111,0.6956521739130435,0.6594699999977691
864,77664,-12.499117373656318,0.89354407787323,-0.11785527318716049,0.002549773780629039,0.8,0.659444999997769
865,77750,30.50583605029496,1.0389647483825684,-0.12332500517368317,0.0043523190543055534,0.7209302325581395,0.6590149999977661
866,77900,4.534765570993916,5.26904296875,-0.13438299298286438,0.0002695249277167022,0.6466666666666666,0.6582649999977612
867,78050,8.129766295591095,3.168752670288086,-0.12319730222225189,0.00532914511859417,0.64,0.6575149999977563
868,78135,29.379440181332185,1.862159013748169,-0.10806555300951004,0.007159486413002014,0.6470588235294118,0.6570899999977535
869,78223,28.507019253909668,3.368520975112915,-0.12555891275405884,0.0042872801423072815,0.5795454545454546,0.6566499999977506
870,78370,27.264334927588173,0.6282046437263489,-0.11456923931837082,0.005474658217281103,0.6258503401360545,0.6559149999977458
871,78474,26.69164902031048,0.4766826033592224,-0.12631121277809143,0.003000647993758321,0.6634615384615384,0.6553949999977424
872,78624,4.649667193611863,0.21067845821380615,-0.10855171829462051,0.012456689961254597,0.6333333333333333,0.6546449999977375
873,78690,26.03440331072071,0.42221951484680176,-0.12986747920513153,0.002923887688666582,0.6363636363636364,0.6543149999977353
874,78784,27.949778404501895,0.9399453401565552,-0.11500391364097595,0.009141250513494015,0.6808510638297872,0.6538449999977323
875,78863,-21.882696871789424,3.9650487899780273,-0.11380067467689514,0.007217740174382925,0.6075949367088608,0.6534499999977297
876,78960,31.58814995877443,0.5455811023712158,-0.1264823079109192,0.0061283051036298275,0.5876288659793815,0.6529649999977265
877,79049,29.81141933487089,3.3268918991088867,-0.12829793989658356,0.0015823536086827517,0.5955056179775281,0.6525199999977236
878,79128,29.05421666944556,0.8270227909088135,-0.12860475480556488,0.0013751245569437742,0.5822784810126582,0.652124999997721
879,79223,28.4148875244881,0.5893973112106323,-0.126255065202713,0.0024240596685558558,0.7052631578947368,0.6516499999977179
880,79311,30.477483005761698,0.2868545651435852,-0.11046288162469864,0.009905824437737465,0.6931818181818182,0.651209999997715
881,79404,30.502143836941595,0.8713434934616089,-0.11128711700439453,0.005434588994830847,0.5376344086021505,0.650744999997712
882,79552,21.505030523941976,29.787744522094727,-0.09999697655439377,0.009053513407707214,0.6621621621621622,0.6500049999977071
883,79623,23.2610101742505,0.8497443199157715,-0.12247972935438156,0.006623423658311367,0.704225352112676,0.6496499999977048
884,79704,24.10071001316124,3.0150976181030273,-0.12460130453109741,0.00706167658790946,0.5925925925925926,0.6492449999977021
885,79787,29.60759075857741,1.174404263496399,-0.120372474193573,0.0035232617519795895,0.6024096385542169,0.6488299999976994
886,79879,29.746416127026322,2.3594303131103516,-0.11918474733829498,0.005870911292731762,0.6739130434782609,0.6483699999976964
887,79973,30.273211327723512,1.263864278793335,-0.11871138960123062,0.005739736370742321,0.6702127659574468,0.6478999999976933
888,80062,29.107601209405047,0.6055698394775391,-0.13093717396259308,0.0019832735415548086,0.6966292134831461,0.6474549999976904
889,80155,31.207357123440016,0.5380386710166931,-0.12843069434165955,0.0016030236147344112,0.6989247311827957,0.6469899999976874
890,80248,30.396792860580817,0.5987167954444885,-0.13338428735733032,0.00415379973128438,0.7419354838709677,0.6465249999976843
891,80367,22.976736867143057,0.5036485195159912,-0.11084076762199402,0.007045987993478775,0.6554621848739496,0.6459299999976804
892,80458,25.84215154154629,0.51222825050354,-0.1180034726858139,0.008665664121508598,0.6043956043956044,0.6454749999976774
893,80559,28.484350442085926,4.747133255004883,-0.1168983057141304,0.003967493772506714,0.6831683168316832,0.6449699999976741
894,80627,27.23743968395808,4.6310014724731445,-0.10730420053005219,0.025127660483121872,0.7058823529411765,0.6446299999976719
895,80706,25.935901687214372,1.7706626653671265,-0.11240240931510925,0.003658946603536606,0.6582278481012658,0.6442349999976693
896,80707,-8.104437220129665,0.442889928817749,-0.11240240931510925,0.003658946603536606,1.0,0.6442299999976693
897,80794,28.94742235168346,0.8256881833076477,-0.1167469173669815,0.00501084141433239,0.5747126436781609,0.6437949999976664
898,80893,26.745158918149173,0.4307490885257721,-0.11333536356687546,0.003977407701313496,0.5959595959595959,0.6432999999976632
899,80984,23.377037150232674,0.6082801222801208,-0.12062674760818481,0.0028549996204674244,0.5604395604395604,0.6428449999976602
900,81114,26.44676044672427,0.27722615003585815,-0.13159765303134918,0.001405237941071391,0.6230769230769231,0.642194999997656
901,81115,-8.10245353716372,0.4016467332839966,-0.13159765303134918,0.001405237941071391,1.0,0.6421899999976559
902,81223,23.62367828421506,0.3883960247039795,-0.1292475312948227,0.0025595910847187042,0.6296296296296297,0.6416499999976524
903,81316,30.289153631110477,0.5702730417251587,-0.13075385987758636,0.008431309834122658,0.5913978494623656,0.6411849999976493
904,81421,29.877177716749156,0.49680280685424805,-0.12175926566123962,0.0026335055008530617,0.6,0.6406599999976459
905,81485,26.832946541264207,0.5182676315307617,-0.11684878170490265,0.004626686684787273,0.734375,0.6403399999976438
906,81581,28.944696681372783,0.3484562635421753,-0.1243114024400711,0.0018074498511850834,0.5104166666666666,0.6398599999976406
907,81662,25.86950082248291,0.24213317036628723,-0.11152756959199905,0.008441430516541004,0.654320987654321,0.639454999997638
908,81736,25.45056541271778,0.31737610697746277,-0.12504132091999054,0.005745648872107267,0.6081081081081081,0.6390849999976356
909,81834,30.316754804653023,0.42333483695983887,-0.12221860140562057,0.0064820596016943455,0.673469387755102,0.6385949999976324
910,81835,-8.144790176166408,1.5367629528045654,-0.12221860140562057,0.0064820596016943455,0.0,0.6385899999976323
911,81918,30.04649000853977,1.9692661762237549,-0.1149512380361557,0.013483795337378979,0.6987951807228916,0.6381749999976296
912,82020,23.159889831634505,5.808232307434082,-0.1230657622218132,0.003130906028673053,0.5882352941176471,0.6376649999976263
913,82103,29.360644471930442,0.29062604904174805,-0.1158367171883583,0.005156491883099079,0.6626506024096386,0.6372499999976236
914,82188,27.55741739990316,1.6857123374938965,-0.11416445672512054,0.01095141377300024,0.6235294117647059,0.6368249999976208
915,82277,28.307078116203684,4.360779762268066,-0.11847123503684998,0.004000282846391201,0.6179775280898876,0.6363799999976179
916,82375,29.454674624244177,0.25860750675201416,-0.1308358758687973,0.00375160644762218,0.6530612244897959,0.6358899999976146
917,82441,26.385964875388854,0.548343300819397,-0.07973440736532211,0.04984799772500992,0.7121212121212122,0.6355599999976125
918,82539,30.41167236041698,1.3838906288146973,-0.09893506020307541,0.013551305048167706,0.6122448979591837,0.6350699999976093
919,82626,29.16361428716241,0.658862829208374,-0.11315274983644485,0.004144570790231228,0.6436781609195402,0.6346349999976064
920,82723,32.12134307664974,4.7322564125061035,-0.11044232547283173,0.009106648154556751,0.6288659793814433,0.6341499999976032
921,82816,31.194462595524875,1.1491432189941406,-0.13215240836143494,0.0006199165363796055,0.6021505376344086,0.6336849999976002
922,82957,26.09259768487482,1.5883760452270508,-0.12618400156497955,0.006427964195609093,0.5673758865248227,0.6329799999975956
923,83023,26.765719358475046,0.5480408668518066,-0.11562023311853409,0.002401889069005847,0.5757575757575758,0.6326499999975934
924,83111,30.3751808827344,0.3050602376461029,-0.11592690646648407,0.005640176124870777,0.6590909090909091,0.6322099999975905
925,83201,31.247582380609032,0.7162706851959229,-0.12017922103404999,0.0038890731520950794,0.6666666666666666,0.6317599999975876
926,83296,31.023769960007005,1.6887314319610596,-0.12818287312984467,0.0021300751250237226,0.6947368421052632,0.6312849999975845
927,83375,-11.311827823425968,0.6517786383628845,-0.11409329622983932,0.0032074206974357367,0.7088607594936709,0.6308899999975819
928,83515,29.496257412607793,0.2508571445941925,-0.12023661285638809,0.004407923202961683,0.6214285714285714,0.6301899999975773
929,83614,30.03300604121265,0.2549899220466614,-0.12562032043933868,0.005256438162177801,0.6060606060606061,0.6296949999975741
930,83696,29.924980746045236,2.7314364910125732,-0.1236116886138916,0.005248052999377251,0.6097560975609756,0.6292849999975714
931,83817,22.18134389189144,6.089964866638184,-0.12673653662204742,0.004601090215146542,0.6033057851239669,0.6286799999975674
932,83884,23.2823419041896,0.31716299057006836,-0.12880682945251465,0.003584150690585375,0.582089552238806,0.6283449999975652
933,83998,-40.10838027087249,0.9951823949813843,-0.12068118900060654,0.008973484858870506,0.5877192982456141,0.6277749999975615
934,84080,27.170372961762922,0.5231337547302246,-0.11120440065860748,0.004360603168606758,0.573170731707317,0.6273649999975588
935,84192,28.990324017101678,5.9111738204956055,-0.11475180834531784,0.005328882019966841,0.5982142857142857,0.6268049999975551
936,84275,27.022556585003052,0.8155373930931091,-0.12575072050094604,0.00726205762475729,0.6385542168674698,0.6263899999975524
937,84375,28.993466223506665,5.559487342834473,-0.12413796037435532,0.006170819513499737,0.59,0.6258899999975491
938,84473,27.025033320703855,0.3218001425266266,-0.12654884159564972,0.0018584236968308687,0.6326530612244898,0.6253999999975459
939,84582,29.740342466222323,1.4537920951843262,-0.12416022270917892,0.0012760841054841876,0.6422018348623854,0.6248549999975423
940,84670,-5.489800990766595,1.5249123573303223,-0.13037444651126862,0.0032800128683447838,0.6818181818181818,0.6244149999975395
941,84741,24.57076435083417,5.094806671142578,-0.11412309110164642,0.007080306764692068,0.5211267605633803,0.6240599999975371
942,84819,28.439341301932956,3.503584861755371,-0.1140875369310379,0.0025366912595927715,0.6282051282051282,0.6236699999975346
943,84824,-10.128345566193815,0.990908145904541,-0.10147085785865784,0.013290329836308956,0.6,0.6236449999975344
944,84928,31.31757449417436,1.6526007652282715,-0.114852175116539,0.006275263614952564,0.6923076923076923,0.623124999997531
945,85078,0.49213630099902517,0.5087718367576599,-0.11200283467769623,0.011483889073133469,0.6,0.6223749999975261
946,85203,28.111275059623743,0.7394320964813232,-0.1323782354593277,0.0024081338196992874,0.6,0.621749999997522
947,85285,30.19614198034312,0.28513216972351074,-0.11923069506883621,0.009623087011277676,0.524390243902439,0.6213399999975193
948,85287,-10.06399446116411,10.966263771057129,-0.11444327235221863,0.005910325795412064,0.5,0.6213299999975193
949,85372,28.74973743247575,0.47179341316223145,-0.1259588897228241,0.002486996818333864,0.6705882352941176,0.6209049999975165
950,85433,25.385190855085774,0.1783088743686676,-0.12037282437086105,0.003096240572631359,0.5409836065573771,0.6205999999975145
951,85526,29.267087053640324,0.5195403099060059,-0.11698673665523529,0.0015843603760004044,0.6236559139784946,0.6201349999975114
952,85608,27.19061795318298,0.9173486828804016,-0.10784195363521576,0.009147982113063335,0.5975609756097561,0.6197249999975087
953,85693,26.454752673662853,5.378794193267822,-0.12202423810958862,0.006575483828783035,0.5882352941176471,0.619299999997506
954,85766,25.98049668081024,0.5205544233322144,-0.11987578868865967,0.008630064316093922,0.7123287671232876,0.6189349999975036
955,85856,30.42380127183191,0.7733501195907593,-0.13047508895397186,0.0058208731934428215,0.5888888888888889,0.6184849999975006
956,85944,30.960989304878577,0.56273353099823,-0.12486082315444946,0.0037918565794825554,0.625,0.6180449999974977
957,86032,31.128130944439093,1.267279863357544,-0.12186221778392792,0.0035953361075371504,0.6136363636363636,0.6176049999974949
958,86143,-19.62574442003129,2.5199806690216064,-0.12596487998962402,0.002989661879837513,0.6486486486486487,0.6170499999974912
959,86228,30.364435890305387,0.47886452078819275,-0.11762512475252151,0.005767667666077614,0.5882352941176471,0.6166249999974884
960,86315,30.808201504651556,2.7383828163146973,-0.12125567346811295,0.0029528262093663216,0.6781609195402298,0.6161899999974856
961,86318,-6.150030309507886,8.062555313110352,-0.095482736825943,0.005192960146814585,0.6666666666666666,0.6161749999974855
962,86417,27.363205212793602,1.8856502771377563,-0.11667965352535248,0.010304572992026806,0.5353535353535354,0.6156799999974822
963,86504,29.66935452474342,0.3665233254432678,-0.12178608775138855,0.004081574734300375,0.6551724137931034,0.6152449999974794
964,86588,27.711564240596168,0.9680711030960083,-0.1335585117340088,0.004932633601129055,0.6547619047619048,0.6148249999974766
965,86681,30.821513957625672,2.7181310653686523,-0.12743686139583588,0.0023237206041812897,0.6129032258064516,0.6143599999974736
966,86765,28.548958776360358,0.9658706188201904,-0.1013866439461708,0.014342432841658592,0.5595238095238095,0.6139399999974708
967,86845,29.071281608773965,1.4051618576049805,-0.12501637637615204,0.018770989030599594,0.525,0.6135399999974682
968,86928,30.78571295888559,1.3740003108978271,-0.11161161214113235,0.0037410345394164324,0.6867469879518072,0.6131249999974655
969,87026,23.057632676138383,1.5846186876296997,-0.11699272692203522,0.004183941055089235,0.6530612244897959,0.6126349999974623
970,87118,32.379589116177215,1.9668984413146973,-0.13006408512592316,0.005697989836335182,0.5978260869565217,0.6121749999974593
971,87206,29.38602109123758,1.4111688137054443,-0.1113300770521164,0.006126844324171543,0.6022727272727273,0.6117349999974564
972,87297,28.551360370970254,1.2911510467529297,-0.12448164820671082,0.004171179141849279,0.5494505494505495,0.6112799999974534
973,87375,28.551167879169974,3.877826452255249,-0.10587356984615326,0.011056749150156975,0.6794871794871795,0.6108899999974509
974,87461,29.37362334534169,2.180267333984375,-0.1233658567070961,0.00607568584382534,0.6162790697674418,0.610459999997448
975,87533,-13.874141386893168,0.6172836422920227,-0.13737605512142181,0.0072351666167378426,0.6666666666666666,0.6100999999974457
976,87631,27.78627387155685,9.213696479797363,-0.11782891303300858,0.013147284276783466,0.6428571428571429,0.6096099999974425
977,87713,30.5054062242201,1.9259259700775146,-0.1063714474439621,0.010176923125982285,0.5853658536585366,0.6091999999974398
978,87814,29.715618795033958,0.6511454582214355,-0.1331997662782669,0.005604834295809269,0.5346534653465347,0.6086949999974365
979,87873,25.47206571040623,2.4362339973449707,-0.13076147437095642,0.0018153665587306023,0.4915254237288136,0.6083999999974345
980,87962,31.316010195648033,1.5301258563995361,-0.12877680361270905,0.002366440836340189,0.6067415730337079,0.6079549999974316
981,88044,30.07555417882379,0.2375587522983551,-0.12573102116584778,0.0075772046111524105,0.6585365853658537,0.607544999997429
982,88140,31.06358365789957,2.0142769813537598,-0.1151687353849411,0.006003290414810181,0.6145833333333334,0.6070649999974258
983,88237,27.289229774850185,0.3781203627586365,-0.11942292749881744,0.0033940414432436228,0.6288659793814433,0.6065799999974226
984,88336,32.11204519296004,0.9174747467041016,-0.12343663722276688,0.0034831995144486427,0.6262626262626263,0.6060849999974194
985,88441,28.872355626184877,0.40070194005966187,-0.13270512223243713,0.0033689585980027914,0.5238095238095238,0.6055599999974159
986,88529,30.86390725162107,7.330532073974609,-0.11360388994216919,0.004784496035426855,0.6022727272727273,0.6051199999974131
987,88600,24.518480126465082,1.015457034111023,-0.12326489388942719,0.006552680395543575,0.4788732394366197,0.6047649999974107
988,88697,32.1745717859825,0.4697608947753906,-0.1183784157037735,0.008122337982058525,0.6494845360824743,0.6042799999974076
989,88791,31.05767384662252,8.925893783569336,-0.11791641265153885,0.003101437585428357,0.6276595744680851,0.6038099999974045
990,88890,28.47059373904773,0.6328317523002625,-0.125986710190773,0.0033610749524086714,0.6161616161616161,0.6033149999974012
991,88977,29.100454531020304,0.21288073062896729,-0.12340746074914932,0.0040450929664075375,0.6436781609195402,0.6028799999973984
992,89042,26.522845878911486,9.871892929077148,-0.10918242484331131,0.0005793452146463096,0.5692307692307692,0.6025549999973963
993,89154,26.780405631047007,12.33676528930664,-0.12378395348787308,0.012121983803808689,0.5446428571428571,0.6019949999973926
994,89278,25.53113168247363,0.998191237449646,-0.0911724790930748,0.022456897422671318,0.532258064516129,0.6013749999973885
995,89356,28.199649107187643,5.3187432289123535,-0.13328559696674347,0.0021224585361778736,0.7051282051282052,0.600984999997386
996,89438,29.811284894125965,6.972787857055664,-0.12540791928768158,0.004442011471837759,0.5975609756097561,0.6005749999973833
997,89538,30.45814445473125,0.6871873140335083,-0.128697469830513,0.0041920882649719715,0.68,0.60007499999738
998,89598,24.951647070815653,22.028600692749023,-0.115411177277565,0.0028616960626095533,0.5833333333333334,0.599774999997378
999,89668,25.632216224141782,1.010690689086914,-0.12791641056537628,0.0044040740467607975,0.6142857142857143,0.5994249999973758
1000,89760,30.285947865242186,0.7283408641815186,-0.12033501267433167,0.0012346181320026517,0.5978260869565217,0.5989649999973727
1001,89882,-15.576809039142585,6.393380641937256,-0.1375596523284912,0.0031441817991435528,0.6311475409836066,0.5983549999973687
1002,89947,27.385263684192694,0.43873876333236694,-0.10616499930620193,0.0026889978908002377,0.6461538461538462,0.5980299999973666
1003,90030,29.944227461525735,2.1309070587158203,-0.13043105602264404,0.010742584243416786,0.6385542168674698,0.5976149999973639
1004,90093,26.90795392974644,1.134315848350525,-0.12372281402349472,0.0038553711492568254,0.6507936507936508,0.5972999999973618
1005,90169,27.54189159284749,0.605346143245697,-0.10982506722211838,0.013831548392772675,0.5921052631578947,0.5969199999973593
1006,90249,28.150390144793896,1.548978567123413,-0.11844636499881744,0.0027632631827145815,0.6375,0.5965199999973567
1007,90329,29.297644406895014,7.914877891540527,-0.1298978477716446,0.007025260478258133,0.6,0.5961199999973541
1008,90409,28.13855061543441,1.114830732345581,-0.12443143129348755,0.004281256347894669,0.6125,0.5957199999973515
1009,90504,28.23648105807606,0.770671010017395,-0.1244356632232666,0.0023442984092980623,0.6105263157894737,0.5952449999973484
1010,90568,23.94911602591498,0.40800395607948303,-0.11082978546619415,0.015087855979800224,0.53125,0.5949249999973463
1011,90668,31.183082155302195,1.4433538913726807,-0.11440199613571167,0.03165373206138611,0.63,0.594424999997343
1012,90765,28.391553176279295,1.362856149673462,-0.11534671485424042,0.002168769482523203,0.44329896907216493,0.5939399999973398
1013,90855,29.274006997561735,0.8948875069618225,-0.13135632872581482,0.00891881063580513,0.5888888888888889,0.5934899999973369
1014,90933,29.78484364198757,1.248936414718628,-0.12687237560749054,0.004141227342188358,0.6410256410256411,0.5930999999973343
1015,90995,25.716093740369978,2.7788243293762207,-0.13314014673233032,0.004765935242176056,0.5967741935483871,0.5927899999973323
1016,90997,-10.282425600955854,0.24722230434417725,-0.14215411245822906,0.00106814072933048,0.0,0.5927799999973322
1017,91066,22.864840184641217,1.8665878772735596,-0.11732091754674911,0.00867685116827488,0.5507246376811594,0.59243499999733
1018,91167,26.57109345880104,0.8926956653594971,-0.11714790761470795,0.00858384557068348,0.5841584158415841,0.5919299999973267
1019,91225,24.47997475223683,0.6804956197738647,-0.12202799320220947,0.002858842723071575,0.5344827586206896,0.5916399999973248
1020,91320,31.73725303778521,11.136422157287598,-0.1118365079164505,0.002609868533909321,0.6421052631578947,0.5911649999973216
1021,91400,29.732257344820248,2.8646905422210693,-0.13852329552173615,0.0041869524866342545,0.625,0.590764999997319
1022,91485,30.154782432889213,1.3544416427612305,-0.11877819150686264,0.004551793914288282,0.5882352941176471,0.5903399999973162
1023,91552,27.043979335382524,4.101495742797852,-0.12096530199050903,0.003934466280043125,0.6268656716417911,0.590004999997314
1024,91629,25.97386726826396,0.8605101704597473,-0.12641768157482147,0.0032181187998503447,0.5454545454545454,0.5896199999973115
1025,91700,25.084215755780555,0.7117940187454224,-0.13781026005744934,0.0019326736219227314,0.6338028169014085,0.5892649999973092
1026,91701,-8.117906253907575,0.8208597302436829,-0.13781026005744934,0.0019326736219227314,1.0,0.5892599999973092
1027,91799,28.442835308685424,0.3158230185508728,-0.12828180193901062,0.011814759112894535,0.5408163265306123,0.588769999997306
1028,91888,24.865371280875465,0.3224141597747803,-0.1303488314151764,0.0025948244147002697,0.4943820224719101,0.588324999997303
1029,91978,-12.512742006724931,1.5387282371520996,-0.12989118695259094,0.004173309076577425,0.6444444444444445,0.5878749999973001
1030,92044,26.65362819486254,1.0204901695251465,-0.09896459430456161,0.02479645051062107,0.5606060606060606,0.5875449999972979
1031,92124,24.46017264894129,1.2369704246520996,-0.11883801221847534,0.016478080302476883,0.5125,0.5871449999972953
1032,92189,27.195433004061044,0.41994744539260864,-0.11645346879959106,0.005432039499282837,0.5384615384615384,0.5868199999972932
1033,92301,25.982410982867066,0.5033003091812134,-0.10902038961648941,0.010699436999857426,0.5,0.5862599999972895
1034,92386,30.10038750561104,0.48674482107162476,-0.11835422366857529,0.011944346129894257,0.5764705882352941,0.5858349999972867
1035,92467,26.251703026389293,0.7229130268096924,-0.13406918942928314,0.004894916899502277,0.5308641975308642,0.5854299999972841
1036,92526,24.713278705820894,1.7993969917297363,-0.12963347136974335,0.003697593929246068,0.6440677966101694,0.5851349999972821
1037,92610,29.663200250833015,8.88934326171875,-0.0998200848698616,0.016479358077049255,0.6666666666666666,0.5847149999972794
1038,92698,29.884231834322375,0.19449901580810547,-0.12617133557796478,0.0012582053896039724,0.5568181818181818,0.5842749999972765
1039,92775,28.489960389577412,6.781380653381348,-0.13686594367027283,0.0010881554335355759,0.5324675324675324,0.583889999997274
1040,92893,26.38099850847237,1.5403817892074585,-0.13219806551933289,0.003494691103696823,0.6101694915254238,0.5832999999972701
1041,93004,27.799278766003184,0.4896407127380371,-0.10967689007520676,0.017890343442559242,0.5945945945945946,0.5827449999972665
1042,93104,30.00272911471635,0.6506783962249756,-0.09447679668664932,0.037046633660793304,0.61,0.5822449999972632
1043,93223,26.30099630860404,0.25769907236099243,-0.12706837058067322,0.004499486647546291,0.6302521008403361,0.5816499999972593
1044,93315,29.43442282862883,0.5537322759628296,-0.11012324690818787,0.011340604163706303,0.4673913043478261,0.5811899999972563
1045,93404,30.03949232475501,1.7735612392425537,-0.111405149102211,0.00691729923710227,0.6404494382022472,0.5807449999972534
1046,93502,13.425735171396115,0.3165018558502197,-0.1323084980249405,0.004341594409197569,0.5510204081632653,0.5802549999972502
1047,93520,-9.441089825415277,0.6667526364326477,-0.12168677151203156,0.011186856776475906,0.5555555555555556,0.5801649999972496
1048,93612,25.25763704013748,2.1690514087677,-0.12108929455280304,0.0046968013048172,0.5217391304347826,0.5797049999972466
1049,93730,20.049401700143207,1.855607271194458,-0.1381857842206955,0.0022520069032907486,0.5338983050847458,0.5791149999972427
1050,93823,27.345055446496943,0.7900230884552002,-0.10546696186065674,0.015040809288620949,0.5806451612903226,0.5786499999972397
1051,93928,24.66178593256703,1.6652984619140625,-0.1205475851893425,0.004978427197784185,0.5714285714285714,0.5781249999972362
1052,93959,-10.633104630013877,0.33111390471458435,-0.11118311434984207,0.0013167141005396843,0.5483870967741935,0.5779699999972352
1053,94091,17.844392935410948,3.1466197967529297,-0.1365566849708557,0.002982750302180648,0.6287878787878788,0.5773099999972309
1054,94201,27.76516313043794,0.2926495671272278,-0.11688156425952911,0.005241765640676022,0.5636363636363636,0.5767599999972273
1055,94277,-5.296585556876798,0.3092072308063507,-0.10748235881328583,0.019543707370758057,0.5,0.5763799999972248
1056,94356,26.22166776099283,5.259732246398926,-0.13078835606575012,0.004190759267657995,0.5189873417721519,0.5759849999972222
1057,94455,-33.13647575666116,7.1353020668029785,-0.13431966304779053,0.0023745442740619183,0.5959595959595959,0.575489999997219
1058,94530,-6.904049216847613,1.0034242868423462,-0.13161909580230713,0.0056953635066747665,0.5466666666666666,0.5751149999972165
1059,94594,25.90960644673497,0.32525527477264404,-0.12166948616504669,0.0035298585426062346,0.59375,0.5747949999972144
1060,94687,29.438394476900022,1.543027400970459,-0.11614333093166351,0.013245356269180775,0.5483870967741935,0.5743299999972113
1061,94744,25.220310170667194,0.5944015383720398,-0.10348019003868103,0.0030660436023026705,0.6140350877192983,0.5740449999972095
1062,94876,27.54347372378077,0.8645216226577759,-0.10526446998119354,0.011977914720773697,0.5681818181818182,0.5733849999972052
1063,94977,28.210758719441014,0.9749895334243774,-0.1343269944190979,0.0036801595706492662,0.5346534653465347,0.5728799999972018
1064,95049,-7.0181657789476715,0.5173303484916687,-0.12770679593086243,0.0064328983426094055,0.5,0.5725199999971995
1065,95184,26.528501715309446,1.400033950805664,-0.12969771027565002,0.00433682044968009,0.5555555555555556,0.5718449999971951
1066,95251,27.284397683285796,3.920128345489502,-0.1314924955368042,0.004760581534355879,0.5522388059701493,0.5715099999971929
1067,95354,24.112791326544013,0.5624579787254333,-0.11762353032827377,0.0038448516279459,0.5728155339805825,0.5709949999971895
1068,95482,20.402160704161453,1.1636806726455688,-0.11141127347946167,0.002508915262296796,0.5390625,0.5703549999971853
1069,95568,28.94273791123294,1.1696555614471436,-0.12502031028270721,0.006215426605194807,0.45348837209302323,0.5699249999971825
1070,95641,25.967275884178306,2.4932446479797363,-0.1261363923549652,0.002616262063384056,0.589041095890411,0.5695599999971801
1071,95721,26.164464007014203,4.464447975158691,-0.11577131599187851,0.004731876775622368,0.4875,0.5691599999971775
1072,95806,31.202448942558647,0.34048014879226685,-0.1152917817234993,0.003337251488119364,0.6,0.5687349999971747
1073,95899,28.981904447813363,0.319821298122406,-0.12629041075706482,0.008805724792182446,0.5483870967741935,0.5682699999971716
1074,95993,30.690548496717945,0.32848063111305237,-0.13074401021003723,0.006707413122057915,0.6063829787234043,0.5677999999971686
1075,96100,-10.3224916234706,1.376847267150879,-0.13692930340766907,0.004312591161578894,0.4766355140186916,0.5672649999971651
1076,96167,25.178827021785807,2.334756851196289,-0.12932787835597992,0.0024167331866919994,0.47761194029850745,0.5669299999971629
1077,96262,27.52075217516515,1.2548496723175049,-0.1360856145620346,0.0032721483148634434,0.6,0.5664549999971598
1078,96350,25.125218366220448,0.6732901334762573,-0.1312350183725357,0.004854291677474976,0.5113636363636364,0.5660149999971569
1079,96445,27.360607774769317,1.9205042123794556,-0.11549559235572815,0.00367186707444489,0.5157894736842106,0.5655399999971538
1080,96527,28.52073938749625,0.610572338104248,-0.1180867850780487,0.012941628694534302,0.5975609756097561,0.5651299999971511
1081,96598,-33.26654437402242,0.2890084981918335,-0.1113666221499443,0.005834380630403757,0.6056338028169014,0.5647749999971488
1082,96706,27.042978439932774,1.1969006061553955,-0.11818088591098785,0.005925366654992104,0.5185185185185185,0.5642349999971452
1083,96804,28.95535490436403,0.8203336000442505,-0.11995238065719604,0.0037193973548710346,0.5816326530612245,0.563744999997142
1084,96904,22.80247940747367,0.4193148612976074,-0.12544958293437958,0.011307312175631523,0.56,0.5632449999971387
1085,96973,23.374353553761956,0.4118034541606903,-0.11831420660018921,0.0018158953171223402,0.5507246376811594,0.5628999999971365
1086,97061,26.50931797774493,0.8007129430770874,-0.0876154974102974,0.028199434280395508,0.5795454545454546,0.5624599999971336
1087,97121,26.144850294609935,0.7480857372283936,-0.11522433906793594,0.004628184251487255,0.5333333333333333,0.5621599999971316
1088,97271,1.6996437776923488,0.35218870639801025,-0.11761584877967834,0.007436720188707113,0.5133333333333333,0.5614099999971267
1089,97272,-8.104767040359352,1.743208646774292,-0.12334376573562622,0.006133867893368006,1.0,0.5614049999971267
1090,97363,30.961543254816988,1.2833938598632812,-0.13302911818027496,0.006688411813229322,0.6813186813186813,0.5609499999971237
1091,97447,27.741419532801324,0.6371178030967712,-0.11769264936447144,0.010150689631700516,0.5714285714285714,0.5605299999971209
1092,97512,27.1860411422778,0.856392502784729,-0.10716687887907028,0.00473930686712265,0.6,0.5602049999971188
1093,97647,19.209241815417666,8.732589721679688,-0.13158966600894928,0.002124950522556901,0.6296296296296297,0.5595299999971144
1094,97740,31.58551614317065,0.7183390855789185,-0.1102038025856018,0.0066270893439650536,0.5591397849462365,0.5590649999971113
1095,97809,26.06567129212357,1.0293632745742798,-0.12563060224056244,0.0057380311191082,0.5797101449275363,0.5587199999971091
1096,97895,27.983281621157335,1.4748483896255493,-0.12408887594938278,0.004365449771285057,0.5813953488372093,0.5582899999971063
1097,97995,-15.035538691666597,0.7023509740829468,-0.11638926714658737,0.005765384063124657,0.54,0.557789999997103
1098,98063,-7.7036131179216865,3.3048949241638184,-0.11273803561925888,0.003622201504185796,0.6176470588235294,0.5574499999971008
1099,98151,29.079289226417693,0.2380741536617279,-0.10212893038988113,0.007262325845658779,0.5568181818181818,0.5570099999970979
1100,98232,28.707381315578374,0.4652501344680786,-0.11790283024311066,0.00380248692817986,0.5185185185185185,0.5566049999970952
1101,98297,24.159969302932723,0.9470086097717285,-0.10815925151109695,0.016273653134703636,0.4307692307692308,0.5562799999970931
1102,98359,26.636078865337716,0.43287956714630127,-0.12774185836315155,0.002477532485499978,0.5967741935483871,0.5559699999970911
1103,98456,27.057658341418524,0.9026215672492981,-0.1231667622923851,0.0104842409491539,0.4742268041237113,0.5554849999970879
1104,98540,30.177478482848578,1.2037994861602783,-0.11398275941610336,0.004015753045678139,0.5476190476190477,0.5550649999970851
1105,98645,28.45097183801275,0.2144957184791565,-0.11234396696090698,0.014370796270668507,0.5047619047619047,0.5545399999970817
1106,98648,-10.306729571429997,10.38992691040039,-0.09952520579099655,0.001220405800268054,0.3333333333333333,0.5545249999970816
1107,98727,27.600025822974025,0.4133080244064331,-0.11996418982744217,0.005631871055811644,0.6455696202531646,0.554129999997079
1108,98821,31.142533780663502,1.2465975284576416,-0.11425813287496567,0.011512062512338161,0.6063829787234043,0.5536599999970759
1109,98888,26.465053813660475,0.45216721296310425,-0.13252851366996765,0.0038119186647236347,0.5373134328358209,0.5533249999970737
1110,98978,24.749320980218506,1.7692391872406006,-0.1273588091135025,0.005573061760514975,0.5888888888888889,0.5528749999970708
1111,99044,25.785485970633722,0.2522391378879547,-0.11570769548416138,0.006742441561073065,0.696969696969697,0.5525449999970686
1112,99106,25.81878312677127,8.83304500579834,-0.1165396198630333,0.0030679157935082912,0.4838709677419355,0.5522349999970666
1113,99171,24.554587752800984,0.6956300735473633,-0.11000235378742218,0.012609112076461315,0.4307692307692308,0.5519099999970645
1114,99265,31.713607305769415,1.9718151092529297,-0.1194358840584755,0.015025757253170013,0.7021276595744681,0.5514399999970614
1115,99376,30.136016783585667,0.3736270070075989,-0.12610818445682526,0.005337938666343689,0.5045045045045045,0.5508849999970578
1116,99479,24.083518130011253,1.0877692699432373,-0.10766975581645966,0.00435672327876091,0.47572815533980584,0.5503699999970544
1117,99566,28.315232031535885,0.4825285077095032,-0.11224115639925003,0.013933414593338966,0.5402298850574713,0.5499349999970515
1118,99647,29.766594575147963,7.76125431060791,-0.13096995651721954,0.004811386577785015,0.5802469135802469,0.5495299999970489
1119,99715,27.798397065782616,8.049887657165527,-0.11254844814538956,0.009490608237683773,0.6176470588235294,0.5491899999970467
1120,99803,14.96236240375785,0.7566863298416138,-0.10690083354711533,0.011521724984049797,0.48863636363636365,0.5487499999970438
1121,99867,26.610870928919525,1.220313310623169,-0.11527475714683533,0.012055544182658195,0.5,0.5484299999970417
1122,99947,29.093174053231436,1.448357343673706,-0.10606226325035095,0.011692156083881855,0.5125,0.548029999997039
1123,100035,-8.969085787752226,0.853381335735321,-0.1059974953532219,0.010176555253565311,0.6136363636363636,0.5475899999970362
1124,100116,28.253344331200164,1.1594263315200806,-0.14411966502666473,0.0042113917879760265,0.5679012345679012,0.5471849999970335
1125,100196,27.707192158844798,0.4380289316177368,-0.11630167067050934,0.015751734375953674,0.5625,0.5467849999970309
1126,100252,24.196130822777477,0.4963214695453644,-0.11822356283664703,0.0027120669838041067,0.48214285714285715,0.5465049999970291
1127,100327,26.42627986512911,0.35311365127563477,-0.14045517146587372,0.007360188756138086,0.5333333333333333,0.5461299999970266
1128,100424,27.139851126352426,0.28837159276008606,-0.11380878835916519,0.005711913574486971,0.5876288659793815,0.5456449999970234
1129,100519,28.336567469066743,0.4914521872997284,-0.11764363199472427,0.006197554059326649,0.5789473684210527,0.5451699999970203
1130,100601,29.733410615059594,0.4639608860015869,-0.1502571851015091,0.0027306305710226297,0.5121951219512195,0.5447599999970176
1131,100689,30.24743994733524,0.26264357566833496,-0.1354272961616516,0.004431687295436859,0.45454545454545453,0.5443199999970147
1132,100785,28.4591113436335,0.8546752333641052,-0.11242501437664032,0.0038547248113900423,0.5625,0.5438399999970116
1133,100844,25.156652443800276,0.21818920969963074,-0.12818241119384766,0.00361061142757535,0.576271186440678,0.5435449999970097
1134,100938,31.701222074066767,0.4861387014389038,-0.12257999926805496,0.0030969749204814434,0.574468085106383,0.5430749999970066
1135,101064,26.47828604765067,0.9729964137077332,-0.1306646764278412,0.0025968248955905437,0.5714285714285714,0.5424449999970025
1136,101148,30.390134064060035,0.21826623380184174,-0.125956729054451,0.004973658360540867,0.5238095238095238,0.5420249999969997
1137,101249,22.047546418481193,0.2525831460952759,-0.13324332237243652,0.0015370843466371298,0.504950495049505,0.5415199999969964
1138,101338,30.806401851175117,0.2417585551738739,-0.12631498277187347,0.005082024727016687,0.5617977528089888,0.5410749999969935
1139,101428,29.09087303358602,0.279509961605072,-0.10816934704780579,0.002015126636251807,0.5222222222222223,0.5406249999969905
1140,101511,27.18814406444002,0.646547257900238,-0.14060327410697937,0.005001395475119352,0.5180722891566265,0.5402099999969878
1141,101591,29.429876428642167,0.877171516418457,-0.11858948320150375,0.006177790462970734,0.575,0.5398099999969852
1142,101684,29.50973681921986,0.5742771625518799,-0.10302355885505676,0.009928073734045029,0.5161290322580645,0.5393449999969822
1143,101774,32.298068485776994,0.984510064125061,-0.1299881637096405,0.004572595003992319,0.5888888888888889,0.5388949999969792
1144,101833,26.812908626239967,1.871728777885437,-0.11541034281253815,0.0036464021541178226,0.4915254237288136,0.5385999999969773
1145,101917,25.17250405946178,0.3379698693752289,-0.132071390748024,0.0028003256302326918,0.5714285714285714,0.5381799999969745
1146,102004,25.743768012724452,0.6940677165985107,-0.1126946210861206,0.016615990549325943,0.5172413793103449,0.5377449999969717
1147,102093,26.76153345708255,0.3959106206893921,-0.11536629498004913,0.003943999297916889,0.4943820224719101,0.5372999999969688
1148,102150,24.629673353429755,0.39165693521499634,-0.1286967247724533,0.006780344061553478,0.47368421052631576,0.5370149999969669
1149,102229,27.74749471982047,4.705312252044678,-0.12151277810335159,0.01405374240130186,0.5189873417721519,0.5366199999969643
1150,102308,27.940711922228324,0.16811060905456543,-0.13140492141246796,0.0069798193871974945,0.4936708860759494,0.5362249999969617
1151,102394,26.74976910393317,0.20529091358184814,-0.13696163892745972,0.0026839813217520714,0.46511627906976744,0.5357949999969589
1152,102476,26.564679185785657,0.49420055747032166,-0.11210215836763382,0.011354297399520874,0.5609756097560976,0.5353849999969562
1153,102565,32.36792791606727,3.356916904449463,-0.12707720696926117,0.0,0.651685393258427,0.5349399999969533
1154,102654,26.89341114735503,0.9828446507453918,-0.12232090532779694,0.002399376593530178,0.5056179775280899,0.5344949999969504
1155,102747,30.716176288559506,2.4611878395080566,-0.11576122045516968,0.002534327795729041,0.5698924731182796,0.5340299999969473
1156,102833,30.17312454795869,0.6662238836288452,-0.13195887207984924,0.0040112147107720375,0.6046511627906976,0.5335999999969445
1157,102906,26.092699780270152,0.4709824323654175,-0.12927550077438354,0.003909411374479532,0.4657534246575342,0.5332349999969421
1158,102984,27.85281145476761,1.3190075159072876,-0.1164560616016388,0.01194355171173811,0.44871794871794873,0.5328449999969396
1159,103067,26.736443985380184,0.3318774700164795,-0.12369781732559204,0.004341704770922661,0.5421686746987951,0.5324299999969369
1160,103153,28.441088856358803,0.4496559500694275,-0.12197311967611313,0.01282387413084507,0.6162790697674418,0.531999999996934
1161,103224,21.624712065811273,0.40521252155303955,-0.11148915439844131,0.012186282314360142,0.39436619718309857,0.5316449999969317
1162,103225,-8.089883117011192,3.857121467590332,-0.11148915439844131,0.012186282314360142,1.0,0.5316399999969317
1163,103306,27.089189174021314,0.4670220911502838,-0.13020947575569153,0.005883085075765848,0.5061728395061729,0.531234999996929
1164,103431,24.810865407747347,1.440679907798767,-0.12466181069612503,0.003985027316957712,0.488,0.5306099999969249
1165,103494,23.828806627181464,0.28289133310317993,-0.11267369985580444,0.0036532601807266474,0.5555555555555556,0.5302949999969229
1166,103581,28.327103208723557,0.34385210275650024,-0.12448520958423615,0.002422359772026539,0.5517241379310345,0.52985999999692
1167,103660,-5.317763830506248,0.6374912261962891,-0.12496055662631989,0.005828485824167728,0.5063291139240507,0.5294649999969174
1168,103741,27.582298351010863,9.112503051757812,-0.13549646735191345,0.00422745430842042,0.5061728395061729,0.5290599999969148
1169,103820,25.859322838657675,0.6432240605354309,-0.1371190994977951,0.004991122987121344,0.46835443037974683,0.5286649999969122
1170,103900,28.75885976740723,0.20197081565856934,-0.12414830178022385,0.0016340069705620408,0.5375,0.5282649999969096
1171,103992,27.120294683863392,0.47326064109802246,-0.11361826211214066,0.0061772107146680355,0.5,0.5278049999969066
1172,104075,-51.1031556793298,0.50981605052948,-0.13363514840602875,0.0,0.5542168674698795,0.5273899999969038
1173,104224,23.736995588827646,0.2680369019508362,-0.13103680312633514,0.005229557398706675,0.5436241610738255,0.526644999996899
1174,104310,25.56391532948993,0.39837175607681274,-0.1278969794511795,0.003526829881593585,0.5348837209302325,0.5262149999968961
1175,104373,24.13987256427683,0.21431660652160645,-0.11998981237411499,0.004579409956932068,0.49206349206349204,0.5258999999968941
1176,104467,27.601866030560334,1.0929124355316162,-0.13275475800037384,0.0024780340027064085,0.5957446808510638,0.525429999996891
1177,104561,29.62169818280885,2.6919260025024414,-0.1292935460805893,0.005898355506360531,0.5425531914893617,0.5249599999968879
1178,104644,28.902014843285823,0.30293887853622437,-0.1306440234184265,0.008198550902307034,0.5180722891566265,0.5245449999968852
1179,104705,26.789668891063712,1.569251298904419,-0.13286617398262024,0.005255893338471651,0.5737704918032787,0.5242399999968832
1180,104707,-8.826882597106778,0.5482854843139648,-0.10793562233448029,0.0019586654379963875,0.0,0.5242299999968831
1181,104804,27.229108783873293,0.5569149851799011,-0.12150073051452637,0.014234396629035473,0.5876288659793815,0.52374499999688
1182,104891,29.806640567132614,0.2916753888130188,-0.11936226487159729,0.0024614413268864155,0.5517241379310345,0.5233099999968771
1183,104971,28.147616048465785,0.37794119119644165,-0.12432944774627686,0.008691520430147648,0.4625,0.5229099999968745
1184,105053,28.390650408561307,6.494754791259766,-0.13750779628753662,0.0,0.45121951219512196,0.5224999999968718
1185,105134,26.713896494404437,0.937578022480011,-0.1157786175608635,0.007883893325924873,0.5185185185185185,0.5220949999968691
1186,105211,26.33945738880994,0.4385024905204773,-0.12069208920001984,0.005017044022679329,0.5064935064935064,0.5217099999968666
1187,105295,30.290288955841035,0.31776171922683716,-0.12065771222114563,0.009048061445355415,0.6071428571428571,0.5212899999968639
1188,105353,23.92077640667592,0.2331584095954895,-0.12084447592496872,0.005413626320660114,0.4827586206896552,0.520999999996862
1189,105428,25.73242896556653,0.901337742805481,-0.12987171113491058,0.00123033975251019,0.41333333333333333,0.5206249999968595
1190,105538,24.67277398471564,0.5199493765830994,-0.13050051033496857,0.009145299904048443,0.4727272727272727,0.5200749999968559
1191,105632,31.384782079679496,0.8914482593536377,-0.13330550491809845,0.0019664466381073,0.6063829787234043,0.5196049999968528
1192,105718,28.88084051890639,0.509926974773407,-0.12042822688817978,0.004659016616642475,0.5465116279069767,0.51917499999685
1193,105797,18.428398794870382,0.35538285970687866,-0.09487611055374146,0.008532881736755371,0.4050632911392405,0.5187799999968474
1194,105862,25.852537020418488,1.2952501773834229,-0.12457580119371414,0.0018208400579169393,0.5076923076923077,0.5184549999968453
1195,105941,27.44341569667648,0.6292933821678162,-0.1124054342508316,0.009490775875747204,0.5063291139240507,0.5180599999968427
1196,106021,29.230133946877807,0.2736484706401825,-0.12163645774126053,0.01793242059648037,0.5125,0.5176599999968401
1197,106112,27.16969295379213,9.872055053710938,-0.11785997450351715,0.0008004959090612829,0.5494505494505495,0.5172049999968371
1198,106201,27.419595756151086,1.2573270797729492,-0.12120743840932846,0.002927643246948719,0.449438202247191,0.5167599999968342
1199,106302,20.77247600402116,0.9699411392211914,-0.11453405022621155,0.01764567382633686,0.5346534653465347,0.5162549999968309
1200,106384,28.120563095794594,0.4426363706588745,-0.11718891561031342,0.0067557841539382935,0.45121951219512196,0.5158449999968282
1201,106386,-10.206510774120595,0.17030903697013855,-0.12429481744766235,0.0034244637936353683,0.5,0.5158349999968281
1202,106470,27.730982484901038,0.306626558303833,-0.1098313182592392,0.00486472062766552,0.4523809523809524,0.5154149999968254
1203,106563,27.92122241868664,0.8910991549491882,-0.10368920862674713,0.015529725700616837,0.5053763440860215,0.5149499999968223
1204,106663,29.695623517729317,0.5197659730911255,-0.11627953499555588,0.004335592035204172,0.5,0.5144499999968191
1205,106721,24.66557327148476,0.24398761987686157,-0.12590068578720093,0.004324870649725199,0.5,0.5141599999968172
1206,106814,30.202307257310885,0.2846599817276001,-0.11484090238809586,0.0007105838740244508,0.4731182795698925,0.5136949999968141
1207,106874,23.914599219083748,0.25320303440093994,-0.10841228067874908,0.006929602473974228,0.48333333333333334,0.5133949999968122
1208,106932,23.59277199996555,4.660813331604004,-0.1021919772028923,0.015418264083564281,0.5517241379310345,0.5131049999968103
1209,106993,26.34118138666234,0.2425762563943863,-0.10827042907476425,0.0036687457468360662,0.5901639344262295,0.5127999999968083
1210,107058,26.792452714966963,8.553565979003906,-0.11222384870052338,0.017137732356786728,0.4461538461538462,0.5124749999968061
1211,107120,25.32332644919328,0.5217058658599854,-0.12386608123779297,0.004049867391586304,0.43548387096774194,0.5121649999968041
1212,107202,26.975614427273662,0.26732712984085083,-0.09679515659809113,0.015391498804092407,0.5487804878048781,0.5117549999968014
1213,107263,23.38412990607841,0.14980372786521912,-0.1232769638299942,0.0035287137143313885,0.5245901639344263,0.5114499999967994
1214,107322,24.042036028941318,0.3973338007926941,-0.12318681925535202,0.0028238953091204166,0.4915254237288136,0.5111549999967975
1215,107383,24.282712130646896,0.7252470850944519,-0.1013321653008461,0.009232093580067158,0.5409836065573771,0.5108499999967955
1216,107439,24.395583441606995,0.9658768177032471,-0.12801945209503174,0.004880167078226805,0.48214285714285715,0.5105699999967936
1217,107516,28.025912000395202,0.43136143684387207,-0.11131976544857025,0.010170897468924522,0.5324675324675324,0.5101849999967911
1218,107599,30.36867255948522,0.47619539499282837,-0.12780769169330597,0.0028702421113848686,0.5542168674698795,0.5097699999967884
1219,107691,-4.635517876227724,1.0332716703414917,-0.12376784533262253,0.0004934972967021167,0.5,0.5093099999967854
1220,107762,-15.121344427587509,1.5952484607696533,-0.12311142683029175,0.005384847056120634,0.5070422535211268,0.5089549999967831
1221,107854,30.302857362136827,0.2080962061882019,-0.13352148234844208,0.00491900322958827,0.5434782608695652,0.50849499999678
1222,107912,24.678353434122528,1.1568915843963623,-0.12290269881486893,0.005995799787342548,0.5,0.5082049999967782
1223,107995,28.426637287419894,1.204688310623169,-0.11189427226781845,0.005089262966066599,0.4939759036144578,0.5077899999967754
1224,108081,29.61162558982734,1.1493728160858154,-0.1242704838514328,0.006983101833611727,0.5232558139534884,0.5073599999967726
1225,108164,27.841135966335198,0.4904833734035492,-0.1205311045050621,0.0016639229143038392,0.43373493975903615,0.5069449999967699
1226,108244,29.462893515482463,0.40399056673049927,-0.1311723291873932,0.01004866510629654,0.5,0.5065449999967673
1227,108329,24.669479528388976,0.4766240417957306,-0.11218700557947159,0.018137285485863686,0.43529411764705883,0.5061199999967645
1228,108391,26.57255357667354,0.2929571866989136,-0.14032338559627533,0.003026263788342476,0.5483870967741935,0.5058099999967625
1229,108392,-8.148699506691353,0.569381594657898,-0.13162098824977875,0.016267899423837662,0.0,0.5058049999967624
1230,108473,26.15563767275535,0.5069137811660767,-0.13037624955177307,0.003555790288373828,0.5679012345679012,0.5053999999967598
1231,108553,27.30398355355141,0.903048038482666,-0.11820025742053986,0.006742009427398443,0.55,0.5049999999967572
1232,108643,30.14038621570365,0.3179626762866974,-0.12531296908855438,0.0068179164081811905,0.5,0.5045499999967542
1233,108750,-9.050001635571764,1.6576117277145386,-0.12228263169527054,0.002809633268043399,0.45794392523364486,0.5040149999967507
1234,108812,26.18035699870137,0.5551583766937256,-0.12423066794872284,0.0029730014503002167,0.5967741935483871,0.5037049999967487
1235,108911,31.225566395574752,0.7304292321205139,-0.09827229380607605,0.020419031381607056,0.5252525252525253,0.5032099999967454
1236,108972,25.01222447423,2.362271308898926,-0.09439218044281006,0.010153810493648052,0.4098360655737705,0.5029049999967434
1237,109055,28.41728580504235,8.659817695617676,-0.12673255801200867,0.0024597528390586376,0.4819277108433735,0.5024899999967407
1238,109115,26.710672726165164,0.34003621339797974,-0.12545965611934662,0.004395175725221634,0.48333333333333334,0.5021899999967387
1239,109128,-12.128480763218509,0.8619192838668823,-0.10719076544046402,0.006621071137487888,0.6923076923076923,0.5021249999967383
1240,109192,24.811109760380603,1.335660457611084,-0.10853993892669678,0.0076578943990170956,0.453125,0.5018049999967362
1241,109255,23.93799495642681,1.9341986179351807,-0.11769881099462509,0.0072458889335393906,0.5079365079365079,0.5014899999967342
1242,109337,29.72330978548399,0.5877317190170288,-0.1159413754940033,0.003482797183096409,0.4878048780487805,0.5010799999967315
1243,109443,31.771730416024006,0.6666761636734009,-0.09258990734815598,0.00829699169844389,0.5471698113207547,0.500549999996728
1244,109540,26.938369343749297,1.064414381980896,-0.12486457824707031,0.002468582708388567,0.4948453608247423,0.5000649999967248
1245,109598,26.084180364918236,1.0689516067504883,-0.10606305301189423,0.007321858312934637,0.5344827586206896,0.4997749999967255
1246,109679,25.74685539765355,2.5842480659484863,-0.11677251756191254,0.0014088894240558147,0.4444444444444444,0.4993699999967273
1247,109804,20.617361096289045,0.21880759298801422,-0.1277475208044052,0.0025242355186492205,0.472,0.49874499999673017
1248,109891,29.932005886174277,0.5143870115280151,-0.12645108997821808,0.004436059854924679,0.5172413793103449,0.49830999999673214
1249,109978,27.436159834650876,0.23997919261455536,-0.10774683952331543,0.0035732160322368145,0.4367816091954023,0.4978749999967341
1250,110064,29.778836809566833,0.8217157125473022,-0.11006715893745422,0.0037897834554314613,0.46511627906976744,0.4974449999967361
1251,110169,30.204195060484228,1.7059886455535889,-0.09383067488670349,0.00651538884267211,0.44761904761904764,0.49691999999673847
1252,110230,25.019073377890397,0.4425264000892639,-0.11610563099384308,0.004505322780460119,0.47540983606557374,0.49661499999673986
1253,110314,29.641138400732167,0.6923086643218994,-0.09997483342885971,0.002224990166723728,0.47619047619047616,0.49619499999674177
1254,110377,26.518478252421005,1.018206000328064,-0.11403991281986237,0.0036197109147906303,0.5079365079365079,0.4958799999967432
1255,110466,29.090676543874196,8.609172821044922,-0.10956795513629913,0.0051706572994589806,0.4943820224719101,0.49543499999674523
1256,110474,-7.197142312640418,2.821821928024292,-0.11848702281713486,0.004619128070771694,0.625,0.4953949999967454
1257,110475,-10.082276555986576,0.880354642868042,-0.11848702281713486,0.004619128070771694,1.0,0.49538999999674543
1258,110556,28.485344245760658,1.028048038482666,-0.11310452967882156,0.006294005550444126,0.5185185185185185,0.4949849999967473
1259,110653,27.470808908746623,0.4928255081176758,-0.11882787197828293,0.004466190468519926,0.44329896907216493,0.4944999999967495
1260,110727,27.80559393459557,1.3531489372253418,-0.0961408019065857,0.005778694525361061,0.47297297297297297,0.49412999999675117
1261,110819,27.459667367895698,6.556038856506348,-0.11442078649997711,0.00793280079960823,0.45652173913043476,0.49366999999675326
1262,110884,26.64730171173253,8.016822814941406,-0.12167762219905853,0.014098703861236572,0.5692307692307692,0.49334499999675474
1263,110973,30.074213292242927,0.4883963167667389,-0.11162544786930084,0.003031049622222781,0.5056179775280899,0.49289999999675677
1264,111049,23.288736324042,0.5763074159622192,-0.11867982149124146,0.008986607193946838,0.4342105263157895,0.4925199999967585
1265,111131,26.472208329288925,1.920573115348816,-0.10197529196739197,0.009968350641429424,0.4146341463414634,0.49210999999676036
1266,111212,25.906241564676055,0.8788154721260071,-0.1129055768251419,0.0023525587748736143,0.49382716049382713,0.4917049999967622
1267,111310,27.3639712121994,0.6258417367935181,-0.09112337231636047,0.014670178294181824,0.45918367346938777,0.49121499999676443
1268,111372,27.312953243601232,1.3190128803253174,-0.12228855490684509,0.009690258651971817,0.5645161290322581,0.49090499999676585
1269,111437,24.940250679759803,1.6497621536254883,-0.1302667111158371,0.0033421728294342756,0.46153846153846156,0.4905799999967673
1270,111521,28.725510929663997,0.5182655453681946,-0.11239013075828552,0.003586034756153822,0.44047619047619047,0.49015999999676924
1271,111529,-6.998136892841574,2.5687384605407715,-0.12413883954286575,0.00695311464369297,0.375,0.4901199999967694
1272,111620,27.48144503445898,0.5044618844985962,-0.12768502533435822,0.0016714882804080844,0.46153846153846156,0.4896649999967715
1273,111706,25.49494250301409,8.811742782592773,-0.11666137725114822,0.004560370463877916,0.43023255813953487,0.48923499999677345
1274,111763,26.063284330101173,1.5365105867385864,-0.11070569604635239,0.002527687232941389,0.5614035087719298,0.48894999999677474
1275,111866,30.82509572041397,1.751477837562561,-0.11496053636074066,0.0042784204706549644,0.5825242718446602,0.4884349999967771
1276,111929,27.07590905055998,0.9859532713890076,-0.12869413197040558,0.006773372646421194,0.6031746031746031,0.4881199999967785
1277,111930,-8.155570911201638,0.23993542790412903,-0.11772428452968597,0.005927123129367828,1.0,0.48811499999677854
1278,112024,28.343244202628668,0.7143096923828125,-0.12454762309789658,0.0044862087815999985,0.48936170212765956,0.4876449999967807
1279,112092,28.02811221405697,0.27203989028930664,-0.10649348050355911,0.006845136173069477,0.5441176470588235,0.48730499999678223
1280,112158,27.857563474289407,0.4299603998661041,-0.11337316781282425,0.0023874370381236076,0.5606060606060606,0.48697499999678373
1281,112261,25.789599907878813,0.9522572755813599,-0.1290486454963684,0.002385419560596347,0.4174757281553398,0.4864599999967861
1282,112318,25.44485720970123,0.5470408797264099,-0.10529956966638565,0.003460519015789032,0.47368421052631576,0.48617499999678737
1283,112417,26.984762278891495,0.629969596862793,-0.11926280707120895,0.0039048625621944666,0.5050505050505051,0.4856799999967896
1284,112500,28.76270177676693,0.8475018739700317,-0.12487083673477173,0.006890951655805111,0.4939759036144578,0.4852649999967915
1285,112586,26.54800388544848,0.3083464205265045,-0.13547243177890778,0.0015541785396635532,0.45348837209302323,0.48483499999679347
1286,112665,26.417740720759635,0.39709025621414185,-0.12252036482095718,0.008786891587078571,0.4936708860759494,0.48443999999679527
1287,112745,29.57889521306767,2.446810722351074,-0.11751475185155869,0.005173662677407265,0.5,0.4840399999967971
1288,112832,30.646624921115624,1.087903618812561,-0.10134300589561462,0.0265949796885252,0.5517241379310345,0.48360499999679907
1289,112890,26.669731642066257,1.1626756191253662,-0.11623015254735947,0.005398453678935766,0.5517241379310345,0.4833149999968004
1290,112957,28.04349621726795,0.3314443826675415,-0.13004867732524872,0.001385838957503438,0.5074626865671642,0.4829799999968019
1291,113018,25.869890297874942,8.295821189880371,-0.1284266710281372,0.004277918487787247,0.4426229508196721,0.4826749999968033
1292,113078,26.744665774318026,4.5979132652282715,-0.13538135588169098,0.00160497787874192,0.55,0.48237499999680467
1293,113164,31.957346600872487,1.2334617376327515,-0.12060093134641647,0.0037224548868834972,0.6395348837209303,0.4819449999968066
1294,113225,23.594964008455513,0.3061044216156006,-0.09158597886562347,0.0016913405852392316,0.4262295081967213,0.481639999996808
1295,113313,27.753457828368905,9.12499713897705,-0.13522778451442719,0.003263309830799699,0.45454545454545453,0.48119999999681
1296,113396,27.669742740188155,2.103304862976074,-0.12238933891057968,0.004246031865477562,0.4457831325301205,0.4807849999968119
1297,113487,31.138318350411325,0.6888772249221802,-0.1084442138671875,0.008940208703279495,0.4835164835164835,0.48032999999681397
1298,113572,29.81295990232586,0.30296385288238525,-0.11872801184654236,0.0017976206727325916,0.5058823529411764,0.4799049999968159
1299,113631,26.487249147490374,0.2908860146999359,-0.1130998283624649,0.0056044976226985455,0.4406779661016949,0.47960999999681725
1300,113719,26.822119933484323,0.19740723073482513,-0.11482417583465576,0.006080441176891327,0.4659090909090909,0.47916999999681925
1301,113765,-14.886670511242205,0.5392870903015137,-0.10659044981002808,0.0011557892430573702,0.45652173913043476,0.4789399999968203
1302,113839,24.16903479575565,0.7979440689086914,-0.11983966827392578,0.005309817846864462,0.4864864864864865,0.478569999996822
1303,113902,26.015793698019074,0.7006248235702515,-0.10927249491214752,0.004244556184858084,0.4444444444444444,0.4782549999968234
1304,113978,27.142749443706037,0.7980042099952698,-0.12366972118616104,0.007618969306349754,0.39473684210526316,0.47787499999682514
1305,114065,27.857101238790285,0.7229924201965332,-0.11143557727336884,0.008474089205265045,0.4827586206896552,0.4774399999968271
1306,114132,27.914183865746676,0.5279338359832764,-0.12800152599811554,0.009559517726302147,0.43283582089552236,0.47710499999682865
1307,114204,29.107594975556147,0.7484843730926514,-0.1098855510354042,0.004042290151119232,0.4583333333333333,0.4767449999968303
1308,114286,28.70014100995691,1.2454231977462769,-0.12208716571331024,0.0032654888927936554,0.45121951219512196,0.47633499999683215
1309,114366,29.581350800804746,0.6428206562995911,-0.12318199127912521,0.0013912450522184372,0.475,0.475934999996834
1310,114452,30.236534860424115,0.9046342372894287,-0.1146136075258255,0.011514456942677498,0.47674418604651164,0.47550499999683593
1311,114532,28.859150859176673,1.1567013263702393,-0.133198082447052,0.0019484239164739847,0.5,0.47510499999683775
1312,114603,25.723898698510155,0.9307324886322021,-0.11594986170530319,0.006610075011849403,0.49295774647887325,0.47474999999683937
1313,114688,30.04510054054589,1.5083856582641602,-0.1184500977396965,0.0020260633900761604,0.5882352941176471,0.4743249999968413
1314,114770,29.477804922239834,0.6578338742256165,-0.10874668508768082,0.003208059584721923,0.4878048780487805,0.47391499999684317
1315,114850,27.138383319384605,1.3116049766540527,-0.12084554135799408,0.00641846377402544,0.55,0.473514999996845
1316,114939,29.949982539331653,0.7047461867332458,-0.11911744624376297,0.0019224554998800159,0.5617977528089888,0.473069999996847
1317,115037,25.032712867562864,0.2156812846660614,-0.11279670149087906,0.0019024934154003859,0.41836734693877553,0.47257999999684924
1318,115131,27.267649833773184,0.20513613522052765,-0.1212521344423294,0.0085622388869524,0.5106382978723404,0.4721099999968514
1319,115233,34.0810971245362,0.6004865765571594,-0.10183621942996979,0.007970715872943401,0.46078431372549017,0.4715999999968537
1320,115332,31.022050378857074,0.3915270268917084,-0.10667140036821365,0.003584533464163542,0.5757575757575758,0.47110499999685596
1321,115389,26.453247384086715,0.41276758909225464,-0.11221278458833694,0.0036745131947100163,0.49122807017543857,0.47081999999685725
1322,115475,29.792748840468953,1.3865050077438354,-0.10793071240186691,0.004154264461249113,0.4069767441860465,0.4703899999968592
1323,115553,27.01457763795285,0.7585589289665222,-0.1087016612291336,0.003103511407971382,0.3717948717948718,0.469999999996861
1324,115554,-8.168178125396853,1.0481481552124023,-0.13159595429897308,0.0016286787576973438,0.0,0.469994999996861
1325,115649,27.1156159131738,1.1463221311569214,-0.1125507652759552,0.004588174168020487,0.5263157894736842,0.46951999999686317
1326,115757,-31.917206297866585,0.5152535438537598,-0.11496467143297195,0.005569562781602144,0.5740740740740741,0.4689799999968656
1327,115834,27.68362794386692,0.2696649432182312,-0.11047448217868805,0.0010947268456220627,0.5324675324675324,0.4685949999968674
1328,115891,25.132217003505495,3.3234925270080566,-0.10434618592262268,0.010418636724352837,0.47368421052631576,0.4683099999968687
1329,115953,27.00883519109798,8.532499313354492,-0.11398573219776154,0.006093350704759359,0.5806451612903226,0.4679999999968701
1330,116039,29.363775987472682,0.7565141916275024,-0.11735302209854126,0.0018069156212732196,0.43023255813953487,0.46756999999687204
1331,116046,-8.281360699488067,0.7674239277839661,-0.1010763943195343,0.009723834693431854,0.7142857142857143,0.4675349999968722
1332,116126,26.991917685407543,0.9117391109466553,-0.11121950298547745,0.0034352235961705446,0.5125,0.467134999996874
1333,116203,26.69618075041646,0.4803928732872009,-0.11672166734933853,0.003243217244744301,0.4675324675324675,0.4667499999968758
1334,116304,23.800854019429885,2.448162078857422,-0.11513382941484451,0.004747466649860144,0.42574257425742573,0.4662449999968781
1335,116385,27.33279609017415,0.32455334067344666,-0.1175939291715622,0.007897723466157913,0.49382716049382713,0.4658399999968799
1336,116447,26.473795669238385,0.9861544370651245,-0.10013918578624725,0.008014260791242123,0.4838709677419355,0.4655299999968813
1337,116542,31.969427704628178,0.3303349018096924,-0.12311014533042908,0.003388795768842101,0.43157894736842106,0.4650549999968835
1338,116631,26.968709063535265,0.24278835952281952,-0.11120998114347458,0.012370395474135876,0.39325842696629215,0.4646099999968855
1339,116712,25.942112585190486,0.9156359434127808,-0.11674720048904419,0.006820091512054205,0.5061728395061729,0.46420499999688736
1340,116775,24.35963389846332,1.147810935974121,-0.11700738221406937,0.002878176746889949,0.4126984126984127,0.4638899999968888
1341,116847,26.510197991723892,0.9452810883522034,-0.12189613282680511,0.0033894022926688194,0.4583333333333333,0.46352999999689043
1342,116904,25.02196675409737,0.5780683755874634,-0.12033013254404068,0.0021087494678795338,0.42105263157894735,0.4632449999968917
1343,116985,28.7362548858392,0.34129106998443604,-0.09528640657663345,0.006735899019986391,0.43209876543209874,0.46283999999689357
1344,117075,30.429328236530424,0.15885962545871735,-0.11521632969379425,0.009181126020848751,0.5,0.4623899999968956
1345,117137,24.38766507087705,10.085309982299805,-0.13270580768585205,0.0019848495721817017,0.5161290322580645,0.46207999999689703
1346,117221,29.20873311496611,0.6075679063796997,-0.10350821912288666,0.004585701506584883,0.4642857142857143,0.46165999999689894
1347,117310,31.72425752973973,0.2001584768295288,-0.12768617272377014,0.0026522388216108084,0.47191011235955055,0.46121499999690097
1348,117400,31.149389305801854,1.1596996784210205,-0.09676168113946915,0.004646644461899996,0.5,0.460764999996903
1349,117460,25.91774464118354,1.304480791091919,-0.10692309588193893,0.005465616937726736,0.55,0.4604649999969044
1350,117462,-10.337908873922618,0.36982524394989014,-0.1179148405790329,0.002215046901255846,0.5,0.4604549999969044
1351,117551,31.628987066780677,0.18377313017845154,-0.10418563336133957,0.006172885652631521,0.42696629213483145,0.46000999999690645
1352,117624,28.245799908668648,0.5238935351371765,-0.11284026503562927,0.008865916170179844,0.5616438356164384,0.4596449999969081
1353,117698,11.544035438011527,9.28892707824707,-0.10788853466510773,0.01250404492020607,0.3918918918918919,0.4592749999969098
1354,117784,30.982956680655427,0.3851216733455658,-0.10469244420528412,0.003982771188020706,0.47674418604651164,0.45884499999691175
1355,117868,28.680783745915768,1.9816617965698242,-0.12355862557888031,0.004032660275697708,0.4642857142857143,0.45842499999691366
1356,117944,26.12015238785686,10.265729904174805,-0.10219200700521469,0.008079159073531628,0.4605263157894737,0.4580449999969154
1357,117945,-8.109260950573516,0.6510555744171143,-0.10219200700521469,0.008079159073531628,0.0,0.4580399999969154
1358,118011,24.73100801446929,0.6210947036743164,-0.1323888897895813,0.002850976772606373,0.42424242424242425,0.4577099999969169
1359,118119,28.05022983725653,0.41335082054138184,-0.11819905787706375,0.002656803699210286,0.5092592592592593,0.4571699999969194
1360,118175,26.099074016129634,0.8052283525466919,-0.11079342663288116,0.004321608692407608,0.3392857142857143,0.45688999999692065
1361,118253,-13.460767455283232,0.297961562871933,-0.10874773561954498,0.004002502653747797,0.4230769230769231,0.4564999999969224
1362,118336,26.216770792277817,0.7571832537651062,-0.12856175005435944,0.0038870989810675383,0.43373493975903615,0.4560849999969243
1363,118419,28.653801214750587,0.44204485416412354,-0.10821659117937088,0.0034119179472327232,0.4578313253012048,0.4556699999969262
1364,118503,-6.678753500606064,0.581741452217102,-0.11071940511465073,0.004580438137054443,0.4880952380952381,0.4552499999969281
1365,118562,26.476037839434404,0.2724357545375824,-0.1021580621600151,0.007374280132353306,0.5423728813559322,0.45495499999692945
1366,118641,28.182551950892115,0.6664931178092957,-0.11850954592227936,0.010019826702773571,0.4177215189873418,0.45455999999693125
1367,118730,29.210189504873643,3.8008227348327637,-0.12069892138242722,0.011838829144835472,0.449438202247191,0.4541149999969333
1368,118814,28.126771152652168,0.7634037733078003,-0.12192774564027786,0.0023850149009376764,0.5238095238095238,0.4536949999969352
1369,118873,26.352207860536573,7.8718156814575195,-0.11182455718517303,0.00877770408987999,0.4406779661016949,0.45339999999693653
1370,118954,27.877240563798694,0.29239147901535034,-0.10972028970718384,0.003301832592114806,0.4074074074074074,0.4529949999969384
1371,119044,30.984756947951748,0.9654742479324341,-0.10615240037441254,0.0037087462842464447,0.5555555555555556,0.4525449999969404
1372,119108,25.66980647701599,0.7204039096832275,-0.11673735827207565,0.01093206461519003,0.4375,0.4522249999969419
1373,119187,27.08566389395055,0.8238820433616638,-0.11424258351325989,0.0032437227200716734,0.45569620253164556,0.4518299999969437
1374,119269,30.07219648320084,1.2550785541534424,-0.10600614547729492,0.0006319659296423197,0.524390243902439,0.45141999999694554
1375,119328,25.606502663027392,0.43239912390708923,-0.12058158963918686,0.004967232700437307,0.5084745762711864,0.4511249999969469
1376,119418,26.670859344361794,0.8119339942932129,-0.11162934452295303,0.005556624848395586,0.4666666666666667,0.45067499999694893
1377,119474,25.7334785501073,1.1130445003509521,-0.11316227912902832,0.0022132068406790495,0.42857142857142855,0.4503949999969502
1378,119538,25.574530634682198,1.1956937313079834,-0.11123103648424149,0.0020304664503782988,0.484375,0.45007499999695166
1379,119599,22.781199251992533,0.28479892015457153,-0.13109657168388367,0.001810410525649786,0.3442622950819672,0.44976999999695305
1380,119706,24.91913113419279,1.1229510307312012,-0.12315746396780014,0.0033549123909324408,0.35514018691588783,0.4492349999969555
1381,119768,26.700806354270142,4.525571823120117,-0.11762961000204086,0.0025478664319962263,0.4838709677419355,0.4489249999969569
1382,119833,-20.50301603516897,0.48503366112709045,-0.126720130443573,0.004154506139457226,0.46153846153846156,0.4485999999969584
1383,119925,32.01899857614244,0.3826434016227722,-0.1206691563129425,0.008497906848788261,0.40217391304347827,0.44813999999696047
1384,120001,27.04290072022839,0.28228533267974854,-0.11296992748975754,0.008070198819041252,0.3815789473684211,0.4477599999969622
1385,120004,-9.92919732776102,0.2652561664581299,-0.10629696398973465,0.008108535781502724,0.6666666666666666,0.44774499999696227
1386,120082,26.047194427370606,1.3402106761932373,-0.12374071776866913,0.00659581832587719,0.34615384615384615,0.44735499999696404
1387,120143,26.05623421629091,0.7012332677841187,-0.11304838210344315,0.0038570130709558725,0.5081967213114754,0.44704999999696543
1388,120233,26.494495996781517,0.2968386113643646,-0.12352811545133591,0.0004065133980475366,0.4444444444444444,0.4465999999969675
1389,120320,-11.54739162341619,4.408596038818359,-0.12288033962249756,0.007597192190587521,0.40229885057471265,0.44616499999696946
1390,120424,30.090119242582126,2.582282304763794,-0.10741313546895981,0.004134851507842541,0.46153846153846156,0.4456449999969718
1391,120512,29.065435869516243,0.3612864017486572,-0.12148625403642654,0.004334142431616783,0.4090909090909091,0.4452049999969738
1392,120594,30.89915269599114,0.22672554850578308,-0.1195102408528328,0.005215923301875591,0.4878048780487805,0.4447949999969757
1393,120683,-11.80052190651998,0.5378829836845398,-0.129923477768898,0.003961407579481602,0.47191011235955055,0.4443499999969777
1394,120757,24.017000358813327,0.6758507490158081,-0.1021185964345932,0.009367365390062332,0.4864864864864865,0.4439799999969794
1395,120841,27.701343113682185,0.5188577771186829,-0.08968627452850342,0.0027901018038392067,0.42857142857142855,0.4435599999969813
1396,120917,24.73080687068923,0.2789318561553955,-0.10918257385492325,0.0021527556236833334,0.4868421052631579,0.44317999999698304
1397,121003,26.798744096486466,1.5525903701782227,-0.11442579329013824,0.003499747719615698,0.3953488372093023,0.442749999996985
1398,121080,-10.691969641255792,0.905755877494812,-0.11069849878549576,0.0037463440094143152,0.4675324675324675,0.44236499999698675
1399,121179,25.674459467553795,12.168074607849121,-0.1365848034620285,0.0043381438590586185,0.36363636363636365,0.441869999996989
1400,121282,25.80945292871451,8.481681823730469,-0.11727212369441986,0.0023619309067726135,0.4563106796116505,0.44135499999699135
1401,121410,4.791977259155981,1.2062885761260986,-0.10831879079341888,0.0027911134529858828,0.453125,0.44071499999699426
1402,121478,25.598238085057215,0.5466761589050293,-0.11364958435297012,0.0042366813868284225,0.5,0.4403749999969958
1403,121571,28.716850804820606,0.37810254096984863,-0.1264658272266388,0.003544589038938284,0.40860215053763443,0.4399099999969979
1404,121661,23.231758529125223,0.5942935943603516,-0.10515192896127701,0.014535090886056423,0.4888888888888889,0.439459999997
1405,121755,28.137662817357977,7.71559476852417,-0.1185610368847847,0.005215808283537626,0.425531914893617,0.4389899999970021
1406,121845,29.789549017715448,0.33204931020736694,-0.12968558073043823,0.0017934179631993175,0.4111111111111111,0.43853999999700416
1407,121921,27.157386501646627,0.3617992103099823,-0.10907193273305893,0.0027541508898139,0.4473684210526316,0.4381599999970059
1408,122018,25.395131030750537,0.9082978367805481,-0.09937496483325958,0.009543020278215408,0.36082474226804123,0.4376749999970081
1409,122115,24.778980255056453,3.6553502082824707,-0.10497214645147324,0.014236332848668098,0.44329896907216493,0.4371899999970103
1410,122193,18.02629787878396,0.4348987936973572,-0.11276612430810928,0.00427600834518671,0.41025641025641024,0.4367999999970121
1411,122286,30.106458550195097,1.9344333410263062,-0.11853617429733276,0.005708995740860701,0.40860215053763443,0.4363349999970142
1412,122351,24.40971931338052,0.29619136452674866,-0.1094382107257843,0.0021406146697700024,0.5384615384615384,0.4360099999970157
1413,122415,25.513021378359955,0.5141196250915527,-0.1077694445848465,0.005725736729800701,0.328125,0.43568999999701713
1414,122491,25.569258089470523,0.9810042977333069,-0.11145196110010147,0.0041575562208890915,0.3815789473684211,0.43530999999701886
1415,122581,30.783176771957635,2.507946491241455,-0.11880465596914291,0.004932072479277849,0.37777777777777777,0.4348599999970209
1416,122640,25.627073575923536,0.4542006552219391,-0.1236715093255043,0.003048116806894541,0.4745762711864407,0.43456499999702225
1417,122707,24.91814697427873,1.2393430471420288,-0.08319053053855896,0.0136490473523736,0.4626865671641791,0.4342299999970238
1418,122767,25.43443651880272,1.5147998332977295,-0.11773697286844254,0.001791914226487279,0.38333333333333336,0.43392999999702514
1419,122856,27.609890133418844,1.2946438789367676,-0.09877899289131165,0.014452164992690086,0.449438202247191,0.43348499999702717
1420,122946,28.700330737640805,0.23470023274421692,-0.10550491511821747,0.008434376679360867,0.5222222222222223,0.4330349999970292
1421,123038,29.69598737631308,2.533694267272949,-0.057504113763570786,0.03663689270615578,0.43478260869565216,0.4325749999970313
1422,123148,28.606673143888063,0.32116419076919556,-0.11066973954439163,0.0010989534202963114,0.44545454545454544,0.4320249999970338
1423,123209,26.04009204864056,0.49808913469314575,-0.12045890837907791,0.0019712913781404495,0.45901639344262296,0.4317199999970352
1424,123296,29.096288369896605,0.2770967483520508,-0.13054798543453217,0.001915666158311069,0.45977011494252873,0.4312849999970372
1425,123359,25.02144266086991,0.2156730592250824,-0.12653212249279022,0.003822940168902278,0.38095238095238093,0.4309699999970386
1426,123453,23.2502642080039,0.553787112236023,-0.10938116908073425,0.007269803434610367,0.48936170212765956,0.43049999999704075
1427,123529,26.218098837749544,0.35414624214172363,-0.12831895053386688,0.0033691972494125366,0.40789473684210525,0.4301199999970425
1428,123607,27.27375812410374,0.5969696044921875,-0.1127704530954361,0.0038257481064647436,0.46153846153846156,0.42972999999704425
1429,123688,28.493281503066882,0.40491271018981934,-0.10417135804891586,0.006594819016754627,0.41975308641975306,0.4293249999970461
1430,123768,27.426740165913497,0.5435949563980103,-0.1106734350323677,0.008991541340947151,0.3875,0.4289249999970479
1431,123845,-24.499926458990497,0.7605612874031067,-0.11391770839691162,0.000343971885740757,0.5064935064935064,0.42853999999704967
1432,123903,26.142612888097982,0.6304819583892822,-0.1018844023346901,0.0027981805615127087,0.5,0.428249999997051
1433,123963,23.240611123366534,1.2161140441894531,-0.10834064334630966,0.0022233380004763603,0.26666666666666666,0.42794999999705235
1434,124072,27.18891592934773,0.7580188512802124,-0.10145998746156693,0.010075059719383717,0.4036697247706422,0.42740499999705484
1435,124160,28.11397808720408,7.40776252746582,-0.05026635155081749,0.054534804075956345,0.45454545454545453,0.42696499999705684
1436,124249,28.9203681802383,0.23614948987960815,-0.11167816072702408,0.007871977053582668,0.43820224719101125,0.42651999999705886
1437,124325,26.772495782623032,0.9491639137268066,-0.12385955452919006,0.0010050619021058083,0.47368421052631576,0.4261399999970606
1438,124439,29.014209831242567,0.19531387090682983,-0.10595270991325378,0.010309777222573757,0.4649122807017544,0.4255699999970632
1439,124533,30.026179301849773,4.81562614440918,-0.11034494638442993,0.01027866080403328,0.5,0.4250999999970653
1440,124620,28.00828837175763,0.18419770896434784,-0.12201490253210068,0.0019317781552672386,0.4367816091954023,0.4246649999970673
1441,124721,28.311947441472068,2.9931681156158447,-0.11464720964431763,0.005155183374881744,0.40594059405940597,0.4241599999970696
1442,124724,-9.294349693889355,0.3119804859161377,-0.12493528425693512,0.00925949215888977,0.6666666666666666,0.42414499999706967
1443,124814,28.81458286663987,0.8735671043395996,-0.10238339751958847,0.006354087498039007,0.43333333333333335,0.4236949999970717
1444,124877,25.01239790527328,0.7550494074821472,-0.13610142469406128,0.006288871634751558,0.47619047619047616,0.42337999999707315
1445,124960,24.882206824017757,5.700241565704346,-0.10499615222215652,0.007340499199926853,0.3855421686746988,0.42296499999707504
1446,125051,27.81471358028014,0.31067943572998047,-0.11899349093437195,0.002402971964329481,0.4835164835164835,0.4225099999970771
1447,125107,26.030905137777594,0.9066419005393982,-0.12878020107746124,0.0053055486641824245,0.35714285714285715,0.4222299999970784
1448,125193,28.924794895917188,0.8698261380195618,-0.12001047283411026,0.002589621115475893,0.4418604651162791,0.42179999999708034
1449,125280,29.864972857596243,0.21117359399795532,-0.10406483709812164,0.01513553038239479,0.47126436781609193,0.4213649999970823
1450,125358,24.405723500118942,0.2500702142715454,-0.10822495818138123,0.005837930832058191,0.3717948717948718,0.4209749999970841
1451,125426,28.165896340974477,3.167506694793701,-0.10919415205717087,0.0015001711435616016,0.4117647058823529,0.42063499999708565
1452,125484,23.80985833437769,0.18659444153308868,-0.11424598097801208,0.011092264205217361,0.3103448275862069,0.42034499999708697
1453,125580,14.842433987799305,0.3451351523399353,-0.11148089915513992,0.0029121441766619682,0.4375,0.41986499999708915
1454,125666,30.314935855604233,0.7769404053688049,-0.11536215990781784,0.004808647558093071,0.4186046511627907,0.4194349999970911
1455,125754,27.99551318763759,1.0765477418899536,-0.09002929925918579,0.006070176139473915,0.45454545454545453,0.4189949999970931
1456,125904,-33.30096000471776,0.6431794762611389,-0.10278985649347305,0.009466709569096565,0.43333333333333335,0.4182449999970965
1457,125992,-22.100282139855345,0.2312881052494049,-0.08794412016868591,0.0085904560983181,0.3068181818181818,0.4178049999970985
1458,126051,22.506809283227184,0.28449535369873047,-0.12791697680950165,0.0011486390139907598,0.4067796610169492,0.41750999999709987
1459,126137,27.411546313918997,0.3389728367328644,-0.10782726109027863,0.002065627835690975,0.43023255813953487,0.4170799999971018
1460,126223,28.235005646358644,0.2622094452381134,-0.12482728809118271,0.0010101685766130686,0.36046511627906974,0.4166499999971038
1461,126285,24.149180436831205,0.31560850143432617,-0.10516668856143951,0.011106394231319427,0.3225806451612903,0.4163399999971052
1462,126394,10.165240575212476,0.36286062002182007,-0.12601082026958466,0.0022846509236842394,0.3119266055045872,0.4157949999971077
1463,126486,24.070450334860272,1.6217730045318604,-0.12656623125076294,0.0019335215911269188,0.3695652173913043,0.41533499999710977
1464,126487,-8.105412304402678,0.39980077743530273,-0.12656623125076294,0.0019335215911269188,0.0,0.4153299999971098
1465,126578,28.679710258873936,0.8822066187858582,-0.0988888069987297,0.007475653197616339,0.4065934065934066,0.41487499999711186
1466,126728,-24.522267053675947,1.7299540042877197,-0.12369097769260406,0.004199684131890535,0.4066666666666667,0.4141249999971153
1467,126807,25.89683023703762,1.040453553199768,-0.10930091887712479,0.0018810880137607455,0.3670886075949367,0.41372999999711707
1468,126869,24.85951884497162,0.2597142457962036,-0.1211877316236496,0.0035793189890682697,0.43548387096774194,0.4134199999971185
1469,126929,26.42328203191819,0.6049360632896423,-0.10851828753948212,0.0009622647194191813,0.38333333333333336,0.41311999999711985
1470,126994,23.451396924913688,0.19230282306671143,-0.11946927011013031,0.0034985009115189314,0.2923076923076923,0.4127949999971213
1471,127080,29.285523260308047,0.836199164390564,-0.11352775990962982,0.0019202514085918665,0.46511627906976744,0.4123649999971233
1472,127155,25.361919014009572,2.0415635108947754,-0.10032054036855698,0.004580678418278694,0.3466666666666667,0.411989999997125
1473,127243,29.3087324438538,1.2535085678100586,-0.14025700092315674,0.002499365946277976,0.4090909090909091,0.411549999997127
1474,127347,26.035785868233802,0.480228066444397,-0.1246199980378151,0.009054834954440594,0.4230769230769231,0.41102999999712936
1475,127422,25.221784409404982,0.8393452763557434,-0.09147816896438599,0.012486991472542286,0.36,0.41065499999713106
1476,127502,28.144255648622792,1.1248855590820312,-0.10493899881839752,0.000652219052426517,0.5375,0.4102549999971329
1477,127561,24.36974186987723,1.1654653549194336,-0.11445194482803345,0.001773140742443502,0.4915254237288136,0.40995999999713423
1478,127656,29.057150441450908,0.32532116770744324,-0.11877657473087311,0.0014292089035734534,0.4105263157894737,0.4094849999971364
1479,127741,29.811889173098933,1.7196872234344482,-0.09589985013008118,0.017398908734321594,0.4588235294117647,0.4090599999971383
1480,127856,22.28789935141744,0.3582400977611542,-0.11106164008378983,0.006844575982540846,0.4,0.40848499999714094
1481,127922,24.579981488223936,0.45719149708747864,-0.12782002985477448,0.002689485438168049,0.5303030303030303,0.40815499999714244
1482,128020,29.26515566653663,8.352602005004883,-0.09870576113462448,0.004970062058418989,0.46938775510204084,0.4076649999971447
1483,128103,24.258394551747507,0.4380777180194855,-0.11445939540863037,0.004582940600812435,0.2891566265060241,0.40724999999714656
1484,128182,26.404244576271253,1.9582533836364746,-0.11677802354097366,0.007610604166984558,0.4050632911392405,0.40685499999714836
1485,128272,26.992519829137095,0.25545603036880493,-0.10429146885871887,0.006699326913803816,0.37777777777777777,0.4064049999971504
1486,128273,-8.119824801860698,1.123180627822876,-0.10429146885871887,0.006699326913803816,0.0,0.40639999999715043
1487,128368,32.83257003412452,0.39612048864364624,-0.1148061454296112,0.0032492908649146557,0.35789473684210527,0.4059249999971526
1488,128438,-7.554945594635827,0.3928961753845215,-0.09066861867904663,0.006303554400801659,0.4142857142857143,0.4055749999971542
1489,128524,29.784046836247512,0.989549994468689,-0.09717676043510437,0.008989188820123672,0.4186046511627907,0.40514499999715614
1490,128584,26.370132477042787,0.31028443574905396,-0.10376300662755966,0.016112729907035828,0.4166666666666667,0.4048449999971575
1491,128708,1.5958252247223452,0.8617171049118042,-0.10230106115341187,0.0030615718569606543,0.3467741935483871,0.40422499999716033
1492,128810,22.410536449155035,1.111912727355957,-0.10717987269163132,0.004443655256181955,0.39215686274509803,0.40371499999716265
1493,128905,29.959873914017578,0.46610769629478455,-0.1150505393743515,0.001978317042812705,0.3894736842105263,0.4032399999971648
1494,128989,30.36779892042316,0.5186371207237244,-0.1303553432226181,0.0032030250877141953,0.39285714285714285,0.4028199999971667
1495,129084,25.12107319616011,0.9943711757659912,-0.10917042940855026,0.007850458845496178,0.4421052631578947,0.4023449999971689
1496,129139,23.430831863539375,0.6119992733001709,-0.12068028748035431,0.006446600891649723,0.45454545454545453,0.40206999999717014
1497,129147,-7.425538368337516,1.6309080123901367,-0.11061514914035797,0.003065351862460375,0.125,0.4020299999971703
1498,129220,25.33440309332282,0.33789941668510437,-0.0985478088259697,0.0036231479607522488,0.3287671232876712,0.401664999997172
1499,129323,27.151989526858465,0.255895733833313,-0.09169095009565353,0.009256604127585888,0.4174757281553398,0.4011499999971743
1500,129406,25.095899640891194,0.8116347789764404,-0.10499107092618942,0.006947617046535015,0.3373493975903614,0.4007349999971762
1501,129556,-11.810474846697154,0.6632558107376099,-0.10800537467002869,0.006276892032474279,0.41333333333333333,0.3999849999971796
1502,129637,23.28122748749123,3.456367254257202,-0.10708774626255035,0.012008372694253922,0.2962962962962963,0.39957999999718147
1503,129718,24.980372137269924,1.6822588443756104,-0.1080048456788063,0.004686553496867418,0.35802469135802467,0.3991749999971833
1504,129809,29.805874986351153,0.45336857438087463,-0.12118204683065414,0.0031884729396551847,0.32967032967032966,0.3987199999971854
1505,129893,26.452972821099692,1.5689151287078857,-0.12006361037492752,0.0056229280307888985,0.36904761904761907,0.3982999999971873
1506,129982,26.430866402089453,0.7475610971450806,-0.11304663121700287,0.008699740283191204,0.4044943820224719,0.3978549999971893
1507,130117,-8.214523740978503,0.2942463159561157,-0.11011040955781937,0.00382790295407176,0.34814814814814815,0.3971799999971924
1508,130193,22.516928811304197,0.9311046600341797,-0.10711480677127838,0.008788813836872578,0.3815789473684211,0.3967999999971941
1509,130340,-1.9559481545249255,0.304811954498291,-0.11531178653240204,0.0035708684008568525,0.3197278911564626,0.39606499999719746
1510,130474,10.040531529014906,0.612293004989624,-0.09693904966115952,0.0038969304878264666,0.43283582089552236,0.3953949999972005
1511,130558,28.070108385410773,1.0387086868286133,-0.09818115085363388,0.0124195646494627,0.44047619047619047,0.3949749999972024
1512,130653,25.456216506769508,0.2403675764799118,-0.11190246045589447,0.005036619957536459,0.43157894736842106,0.3944999999972046
1513,130731,10.361698607032135,0.5853743553161621,-0.09806647896766663,0.009969640523195267,0.3076923076923077,0.39410999999720636
1514,130794,23.797834627684253,0.47725316882133484,-0.10792732238769531,0.013300429098308086,0.38095238095238093,0.3937949999972078
1515,130878,27.8407279501705,0.38166460394859314,-0.11556707322597504,0.007502115797251463,0.4523809523809524,0.3933749999972097
1516,130936,25.284622850159344,0.3979003429412842,-0.1152360811829567,0.002111745998263359,0.4827586206896552,0.393084999997211
1517,131027,28.441770870352155,1.497353196144104,-0.1242411807179451,0.0071912482380867004,0.43956043956043955,0.3926299999972131
1518,131121,25.978190537027924,0.729293704032898,-0.10411235690116882,0.0022687348537147045,0.40425531914893614,0.39215999999721524
1519,131193,23.272321636417086,0.6888760328292847,-0.08723907917737961,0.0028547802940011024,0.25,0.3917999999972169
1520,131282,25.78873895220577,0.40808165073394775,-0.11490993201732635,0.008890796452760696,0.34831460674157305,0.3913549999972189
1521,131377,27.34881161690251,0.28330451250076294,-0.1316377967596054,0.0014052888145670295,0.4105263157894737,0.39087999999722106
1522,131449,25.803509438116013,0.8934245109558105,-0.12034454941749573,0.004392919596284628,0.2638888888888889,0.3905199999972227
1523,131530,26.85567552487725,0.6607434749603271,-0.11697019636631012,0.003838382661342621,0.4074074074074074,0.39011499999722454
1524,131652,24.997361010313373,0.7635180950164795,-0.1230456605553627,0.004601845983415842,0.36885245901639346,0.3895049999972273
1525,131707,24.6565422731121,0.21666835248470306,-0.11872448027133942,0.0026551170740276575,0.45454545454545453,0.38922999999722857
1526,131784,25.117270453313456,5.3601579666137695,-0.06688492000102997,0.02122282236814499,0.36363636363636365,0.3888449999972303
1527,131871,-29.855250544696734,0.4861816465854645,-0.11825884878635406,0.003577848896384239,0.41379310344827586,0.3884099999972323
1528,131953,24.638493364243736,1.2634763717651367,-0.11101048439741135,0.002448362298309803,0.34146341463414637,0.38799999999723417
1529,131954,-8.109686117558317,0.6789963245391846,-0.11575955152511597,0.006883549503982067,0.0,0.3879949999972342
1530,132039,25.73617421966122,0.82511305809021,-0.11522885411977768,0.006212678737938404,0.35294117647058826,0.3875699999972361
1531,132127,26.846081441568487,0.7683565616607666,-0.10760252177715302,0.002492366824299097,0.3977272727272727,0.38712999999723813
1532,132222,28.47038524207432,1.9355206489562988,-0.11258544772863388,0.002530309371650219,0.3894736842105263,0.3866549999972403
1533,132278,25.815562504945294,0.2293718159198761,-0.11822445690631866,0.0026987912133336067,0.44642857142857145,0.38637499999724156
1534,132335,20.54470309680248,0.6885324716567993,-0.09911881387233734,0.007009685039520264,0.22807017543859648,0.38608999999724286
1535,132396,24.73515707863669,0.8037081360816956,-0.0988387018442154,0.0030533659737557173,0.47540983606557374,0.38578499999724425
1536,132483,28.506487624624924,1.5858914852142334,-0.11653578281402588,0.0043850066140294075,0.4827586206896552,0.38534999999724623
1537,132537,23.492405954257514,0.26486778259277344,-0.11846757680177689,0.007360793650150299,0.2777777777777778,0.38507999999724746
1538,132620,26.965148453692283,1.3428170680999756,-0.11736784875392914,0.0037062352057546377,0.4457831325301205,0.38466499999724935
1539,132710,26.87877135379738,0.6394845247268677,-0.09334500133991241,0.005118025001138449,0.3333333333333333,0.3842149999972514
1540,132791,24.440723628931725,0.5595203638076782,-0.11797428131103516,0.0023056953214108944,0.20987654320987653,0.38380999999725324
1541,132871,27.31636752287185,0.19309253990650177,-0.11242485046386719,0.00831009540706873,0.375,0.38340999999725506
1542,132932,25.877185819986394,0.2715737819671631,-0.11742976307868958,0.004479286260902882,0.3114754098360656,0.38310499999725645
1543,133017,29.101196195292445,0.3649604916572571,-0.11436369270086288,0.0025297868996858597,0.4235294117647059,0.3826799999972584
1544,133100,28.840306380522534,0.8571981191635132,-0.11699091643095016,0.00646403431892395,0.39759036144578314,0.38226499999726027
1545,133164,20.036931492835276,0.9987514615058899,-0.10040521621704102,0.0031238142400979996,0.28125,0.3819449999972617
1546,133241,29.28232634570388,0.7164191603660583,-0.11622723937034607,0.0095710763707757,0.36363636363636365,0.3815599999972635
1547,133306,-10.38755436382427,0.7405981421470642,-0.09568687528371811,0.007403730880469084,0.4307692307692308,0.38123499999726496
1548,133365,25.608596401171173,0.27689826488494873,-0.10164317488670349,0.0031414476688951254,0.3220338983050847,0.3809399999972663
1549,133433,23.844658296462356,0.5844953060150146,-0.1104925125837326,0.010278141126036644,0.29411764705882354,0.38059999999726785
1550,133506,27.84098713648049,12.495466232299805,-0.12365194410085678,0.002241800306364894,0.410958904109589,0.3802349999972695
1551,133579,25.543450305893742,1.4133918285369873,-0.1063336580991745,0.009041313081979752,0.3013698630136986,0.37986999999727117
1552,133638,24.091414215558075,1.2721531391143799,-0.08489091694355011,0.02325214445590973,0.3050847457627119,0.3795749999972725
1553,133730,29.82186312903617,0.2916516065597534,-0.1260950267314911,0.002444210695102811,0.391304347826087,0.3791149999972746
1554,133817,29.927201401261947,0.923642635345459,-0.10389237105846405,0.007219615392386913,0.45977011494252873,0.3786799999972766
1555,133895,23.482899296539053,9.668031692504883,-0.11400824785232544,0.0023111107293516397,0.358974358974359,0.37828999999727836
1556,134001,23.266874954431284,0.8413230180740356,-0.1095423474907875,0.004537842236459255,0.44339622641509435,0.37775999999728077
1557,134145,-18.836979994585285,0.8082336783409119,-0.11834553629159927,0.0,0.3402777777777778,0.37703999999728405
1558,134235,29.429870794272567,0.3490025997161865,-0.11006882041692734,0.00510220043361187,0.43333333333333335,0.3765899999972861
1559,134319,22.093646337240095,1.0593489408493042,-0.11272196471691132,0.0018756091594696045,0.3333333333333333,0.376169999997288
1560,134376,24.72067775099871,0.46669405698776245,-0.07376585900783539,0.03700386360287666,0.43859649122807015,0.3758849999972893
1561,134430,24.028649164401276,0.5990721583366394,-0.10351264476776123,0.014882391318678856,0.3148148148148148,0.37561499999729053
1562,134540,22.643795324566614,0.2539197504520416,-0.10598795861005783,0.002537844469770789,0.32727272727272727,0.37506499999729304
1563,134636,19.63952156389935,0.21302181482315063,-0.10556948184967041,0.004959344398230314,0.3645833333333333,0.3745849999972952
1564,134711,26.92391818631325,0.30543196201324463,-0.10050824284553528,0.003458262188360095,0.4533333333333333,0.3742099999972969
1565,134799,31.606276156215465,0.1465105414390564,-0.11332972347736359,0.004531220532953739,0.48863636363636365,0.37376999999729893
1566,134883,26.732829442843542,0.35670006275177,-0.11917959153652191,0.006776035763323307,0.38095238095238093,0.37334999999730084
1567,134973,26.6040483992832,1.918999195098877,-0.09384428709745407,0.011717714369297028,0.34444444444444444,0.3728999999973029
1568,135060,27.34404241346155,0.28973662853240967,-0.10767204314470291,0.0019258824177086353,0.3563218390804598,0.37246499999730487
1569,135062,-10.198890586582833,0.2510215640068054,-0.12342503666877747,0.0051551442593336105,0.5,0.3724549999973049
1570,135137,25.424649286326307,2.341327667236328,-0.09653695672750473,0.01405490655452013,0.3333333333333333,0.3720799999973066
1571,135230,27.550832532236974,0.3886340260505676,-0.10728363692760468,0.0025734237860888243,0.41935483870967744,0.37161499999730874
1572,135332,29.79911866261174,0.9155422449111938,-0.11650117486715317,0.006653107702732086,0.45098039215686275,0.37110499999731106
1573,135412,24.343928810548828,2.1732330322265625,-0.07927270978689194,0.003173018805682659,0.3125,0.3707049999973129
1574,135494,27.89249891538369,0.28248804807662964,-0.10906985402107239,0.006660297513008118,0.35365853658536583,0.37029499999731474
1575,135586,20.662686166537128,0.5450781583786011,-0.09820910543203354,0.017832592129707336,0.40217391304347827,0.36983499999731684
1576,135671,27.40011326425828,0.9731587171554565,-0.11214994639158249,0.0032661075238138437,0.38823529411764707,0.36940999999731877
1577,135726,22.553751424820312,0.24264070391654968,-0.09801825135946274,0.00329248677007854,0.32727272727272727,0.36913499999732
1578,135786,26.523635506359483,0.7782068252563477,-0.11135917901992798,0.002118802396580577,0.35,0.3688349999973214
1579,135868,26.253365856095414,0.20031701028347015,-0.09887669235467911,0.011656319722533226,0.36585365853658536,0.36842499999732325
1580,135929,23.206080330204745,0.18477800488471985,-0.11383958905935287,0.0036038223188370466,0.36065573770491804,0.36811999999732464
1581,136018,28.370170786636706,0.9834303855895996,-0.10748174786567688,0.0063242362812161446,0.38202247191011235,0.36767499999732667
1582,136099,28.976977998255293,0.5223556160926819,-0.10478811711072922,0.006903183646500111,0.3333333333333333,0.3672699999973285
1583,136187,27.366495071129368,0.6349105834960938,-0.09239049255847931,0.0068277339451014996,0.3181818181818182,0.3668299999973305
1584,136275,28.54279148536218,0.3661114573478699,-0.09450240433216095,0.009627805091440678,0.375,0.3663899999973325
1585,136360,27.285850626263795,0.35520726442337036,-0.0917811244726181,0.014931133948266506,0.3176470588235294,0.36596499999733445
1586,136441,17.233495959477295,0.6360045075416565,-0.04896845668554306,0.05685286223888397,0.32098765432098764,0.3655599999973363
1587,136531,29.294384535028435,0.8696703314781189,-0.09384352713823318,0.0036399804521352053,0.45555555555555555,0.36510999999733834
1588,136605,26.20518991007523,0.45010992884635925,-0.09365759044885635,0.005726682487875223,0.3918918918918919,0.36473999999734
1589,136692,27.412142035468996,0.7154310941696167,-0.11376095563173294,0.0009620306664146483,0.3218390804597701,0.364304999997342
1590,136776,27.837484225308707,0.4575672745704651,-0.10711394995450974,0.0014146409230306745,0.38095238095238093,0.3638849999973439
1591,136860,28.664447415525533,1.2971328496932983,-0.10245131701231003,0.0054674092680215836,0.35714285714285715,0.36346499999734583
1592,136952,31.63374171058944,0.41463297605514526,-0.12912581861019135,0.0015883282758295536,0.3804347826086957,0.3630049999973479
1593,137033,17.760397415256445,0.4507737159729004,-0.10349497944116592,0.005117693915963173,0.38271604938271603,0.36259999999734976
1594,137107,22.407061972741406,1.2908356189727783,-0.10501720756292343,0.012662703171372414,0.32432432432432434,0.36222999999735145
1595,137176,22.591778947385425,0.46639949083328247,-0.12912340462207794,0.002181230578571558,0.30434782608695654,0.361884999997353
1596,137235,22.57636018622963,1.3651214838027954,-0.09748151898384094,0.0034729286562651396,0.3728813559322034,0.36158999999735436
1597,137315,19.596508679396536,0.6370117664337158,-0.13433252274990082,0.0012804483994841576,0.3875,0.3611899999973562
1598,137373,25.58665816789634,0.3579310178756714,-0.08237537741661072,0.02465537004172802,0.43103448275862066,0.3608999999973575
1599,137495,-29.41590424709669,0.30568429827690125,-0.10345907509326935,0.009182775393128395,0.4098360655737705,0.3602899999973603
1600,137581,29.004837441909984,1.3216822147369385,-0.11237034946680069,0.012212485074996948,0.32558139534883723,0.35985999999736223
1601,137675,28.91232149998328,0.4035165011882782,-0.1023004949092865,0.005236431024968624,0.3404255319148936,0.3593899999973644
1602,137768,28.465609180112622,0.22387295961380005,-0.12838351726531982,0.0015318241203203797,0.41935483870967744,0.3589249999973665
1603,137850,25.60487096843204,0.8193883895874023,-0.10944165289402008,0.00912023987621069,0.3170731707317073,0.35851499999736836
1604,137931,29.279904381490894,0.20055651664733887,-0.121287040412426,0.0028313242364674807,0.3950617283950617,0.3581099999973702
1605,138072,16.468384001222432,0.35081061720848083,-0.09152651578187943,0.005367187783122063,0.3475177304964539,0.3574049999973734
1606,138159,28.73315503636703,0.4995356798171997,-0.10744695365428925,0.005079839378595352,0.367816091954023,0.3569699999973754
1607,138215,23.077600113784264,0.20898953080177307,-0.11178810149431229,0.008794388733804226,0.42857142857142855,0.35668999999737666
1608,138310,-18.71392620935272,0.9304652810096741,-0.10204226523637772,0.006343351677060127,0.3157894736842105,0.3562149999973788
1609,138404,1.3836615546127495,0.49816590547561646,-0.12245091050863266,0.012881273403763771,0.30851063829787234,0.35574499999738096
1610,138463,25.268739083915893,0.4928586483001709,-0.09827131032943726,0.014495591633021832,0.3050847457627119,0.3554499999973823
1611,138521,23.90240805201406,0.304294615983963,-0.10131074488162994,0.005166603252291679,0.3793103448275862,0.3551599999973836
1612,138604,29.157140541087667,1.334146499633789,-0.11893942207098007,0.0013334009563550353,0.42168674698795183,0.3547449999973855
1613,138695,27.53809328276158,1.679151177406311,-0.11071009188890457,0.001969058532267809,0.3516483516483517,0.3542899999973876
1614,138752,23.609954322405983,0.5517839193344116,-0.11970377713441849,0.0029652200173586607,0.2982456140350877,0.3540049999973889
1615,138830,26.896466646320214,1.0875498056411743,-0.09577694535255432,0.0063458774238824844,0.3076923076923077,0.35361499999739066
1616,138930,-2.346623713416303,0.23844970762729645,-0.12556277215480804,0.0012186255771666765,0.21,0.35311499999739293
1617,139023,25.85023786155159,0.7604377865791321,-0.11320995539426804,0.0009066195925697684,0.34408602150537637,0.35264999999739505
1618,139120,30.22225594163391,0.7832714319229126,-0.10103528201580048,0.0032310679089277983,0.41237113402061853,0.35216499999739725
1619,139242,27.60722662744217,1.2845134735107422,-0.11784061044454575,0.007518027909100056,0.32786885245901637,0.35155499999740003
1620,139309,23.302888140702564,1.171421766281128,-0.12394844740629196,0.010767167434096336,0.40298507462686567,0.35121999999740156
1621,139366,22.827972175982524,0.2305290549993515,-0.12687155604362488,0.0016842323821038008,0.22807017543859648,0.35093499999740285
1622,139450,26.827814490788576,0.4744490385055542,-0.11224574595689774,0.003798199351876974,0.38095238095238093,0.35051499999740476
1623,139512,23.460893467729065,1.637256383895874,-0.11927026510238647,0.0027687842957675457,0.27419354838709675,0.3502049999974062
1624,139576,27.348717669611325,0.5209088325500488,-0.10728304088115692,0.012434165924787521,0.375,0.34988499999740763
1625,139639,25.05760936771159,1.0965406894683838,-0.10142778605222702,0.0038822530768811703,0.2857142857142857,0.34956999999740906
1626,139740,30.178705722141796,0.2177942991256714,-0.11055873334407806,0.006620948202908039,0.38613861386138615,0.34906499999741136
1627,139816,28.066582371449446,0.6350734233856201,-0.10749586671590805,0.003337679896503687,0.40789473684210525,0.3486849999974131
1628,139901,26.53068532417763,0.3760529160499573,-0.10924521088600159,0.0013614329509437084,0.32941176470588235,0.348259999997415
1629,139955,24.842294123162,0.6496503949165344,-0.09382788836956024,0.004191103857010603,0.3888888888888889,0.34798999999741625
1630,140033,28.659700575678457,0.24526071548461914,-0.11431856453418732,0.007594618014991283,0.358974358974359,0.34759999999741803
1631,140130,24.466790503403384,0.20151294767856598,-0.10676392167806625,0.0013314158422872424,0.3917525773195876,0.34711499999742024
1632,140242,25.92603763192475,0.9076764583587646,-0.08996225893497467,0.005939000751823187,0.375,0.3465549999974228
1633,140326,26.162197270847624,0.355057954788208,-0.1163908913731575,0.0019307261100038886,0.4166666666666667,0.3461349999974247
1634,140400,-5.843178879837083,0.7047075629234314,-0.10692473500967026,0.002300550462678075,0.28378378378378377,0.3457649999974264
1635,140417,-5.254834776543833,0.1934146136045456,-0.10479999333620071,0.002608224516734481,0.0,0.34567999999742677
1636,140507,30.057995828058896,0.8969215154647827,-0.11757519096136093,0.0027956918347626925,0.45555555555555555,0.3452299999974288
1637,140591,27.237518143750115,0.7252292037010193,-0.10275863856077194,0.0015316912904381752,0.40476190476190477,0.3448099999974307
1638,140676,27.062828229671588,0.7881094813346863,-0.09930666536092758,0.00435655377805233,0.27058823529411763,0.34438499999743266
1639,140755,26.645050904258852,0.3551306128501892,-0.09106089919805527,0.006428336724638939,0.26582278481012656,0.34398999999743446
1640,140870,20.767602162932718,4.263693809509277,-0.11951969563961029,0.008016395382583141,0.3391304347826087,0.3434149999974371
1641,140929,26.539318371750483,1.3601891994476318,-0.1154058426618576,0.002366018481552601,0.2542372881355932,0.3431199999974384
1642,141010,27.98932071260057,2.2185070514678955,-0.0877048596739769,0.011280386708676815,0.3333333333333333,0.34271499999744026
1643,141117,-21.295623636045136,0.2703123986721039,-0.10982268303632736,0.0061370329931378365,0.2897196261682243,0.3421799999974427
1644,141193,24.296793009245256,1.0203306674957275,-0.10606484115123749,0.006001138594001532,0.25,0.3417999999974444
1645,141281,19.78275556768986,3.182727336883545,-0.11535889655351639,0.0021520089358091354,0.36363636363636365,0.34135999999744643
1646,141366,26.39101401597781,0.7410283088684082,-0.09639281034469604,0.0033008595928549767,0.4235294117647059,0.34093499999744836
1647,141447,-7.478012567688945,2.1587319374084473,-0.12772411108016968,0.004004076588898897,0.43209876543209874,0.3405299999974502
1648,141511,24.920480551472526,1.0687685012817383,-0.11352289468050003,0.004669527523219585,0.375,0.34020999999745166
1649,141592,24.819389788351423,1.2310786247253418,-0.0889817625284195,0.018075838685035706,0.30864197530864196,0.3398049999974535
1650,141668,25.117829081725375,0.1904483437538147,-0.08778135478496552,0.0043795667588710785,0.2631578947368421,0.33942499999745523
1651,141737,27.009639533775726,0.2409989982843399,-0.10010260343551636,0.0003530943940859288,0.3333333333333333,0.3390799999974568
1652,141813,25.347511077042334,0.9888184070587158,-0.09101923555135727,0.008692620322108269,0.3684210526315789,0.33869999999745853
1653,141894,24.666757174188135,0.4318601191043854,-0.09682042896747589,0.008696564473211765,0.2962962962962963,0.3382949999974604
1654,141949,23.551082488342296,0.45840269327163696,-0.11516029387712479,0.0036454370710998774,0.36363636363636365,0.33801999999746163
1655,142040,24.211657453749332,1.245887279510498,-0.12050371617078781,0.0025537172332406044,0.31868131868131866,0.3375649999974637
1656,142099,23.879931353694143,0.6739306449890137,-0.13491259515285492,0.0034739586990326643,0.4745762711864407,0.33726999999746504
1657,142178,27.529797201376446,0.2847302258014679,-0.10449440777301788,0.008150069043040276,0.43037974683544306,0.33687499999746684
1658,142267,27.634036114955105,0.25418323278427124,-0.08241736143827438,0.009909182786941528,0.33707865168539325,0.33642999999746886
1659,142333,17.806890221731525,0.360836386680603,-0.10796160995960236,0.0002465675352141261,0.21212121212121213,0.33609999999747037
1660,142388,25.118786158218732,0.6464452147483826,-0.11816593259572983,0.0042619905434548855,0.3090909090909091,0.3358249999974716
1661,142467,25.95108432030173,0.4335072636604309,-0.10463839024305344,0.002001930261030793,0.3670886075949367,0.3354299999974734
1662,142534,-3.638451165830888,0.36501145362854004,-0.10846415907144547,0.002858998253941536,0.44776119402985076,0.33509499999747494
1663,142600,28.24220242714941,2.7189927101135254,-0.11324860900640488,0.006829564925283194,0.30303030303030304,0.33476499999747644
1664,142601,-8.121620317509837,0.596037745475769,-0.11324860900640488,0.006829564925283194,0.0,0.33475999999747647
1665,142681,27.69734662092214,0.2536564767360687,-0.08874490857124329,0.007284734398126602,0.3875,0.3343599999974783
1666,142777,27.404589649564812,1.1006648540496826,-0.11087345331907272,0.003177219768986106,0.34375,0.33387999999748047
1667,142879,28.30659306251853,8.467483520507812,-0.10678081214427948,0.004744247999042273,0.3333333333333333,0.3333699999974828
1668,142955,23.84398478395604,0.3921264111995697,-0.11440855264663696,0.005273658782243729,0.25,0.3329899999974845
1669,143008,21.301369980330993,0.3522524833679199,-0.10082502663135529,0.0029747369699180126,0.22641509433962265,0.3327249999974857
1670,143066,25.911043109205437,0.9061790704727173,-0.10611879825592041,0.009792831726372242,0.3448275862068966,0.33243499999748705
1671,143143,-23.78257157941796,0.46884751319885254,-0.09893333166837692,0.0038624031003564596,0.2727272727272727,0.3320499999974888
1672,143201,22.362832519322925,0.5756256580352783,-0.0901927798986435,0.006511530838906765,0.2413793103448276,0.3317599999974901
1673,143276,25.221924686333118,0.3918478786945343,-0.095413438975811,0.010267653502523899,0.36,0.3313849999974918
1674,143356,26.55785215570682,1.216703176498413,-0.10914869606494904,0.01737610623240471,0.275,0.33098499999749365
1675,143440,23.237669690086673,1.1204665899276733,-0.09297449141740799,0.002642312552779913,0.2619047619047619,0.33056499999749556
1676,143525,26.13503679665905,0.23689284920692444,-0.09353861957788467,0.005810093600302935,0.35294117647058826,0.3301399999974975
1677,143611,22.953024850870975,0.9314363598823547,-0.11006665229797363,0.005114424508064985,0.313953488372093,0.32970999999749945
1678,143705,28.855923118613227,1.2726116180419922,-0.11660536378622055,0.003082911018282175,0.30851063829787234,0.3292399999975016
1679,143855,-35.84721372134393,0.6344015002250671,-0.1145930215716362,0.0034150152932852507,0.31333333333333335,0.328489999997505
1680,143911,25.307646135423276,0.7348151206970215,-0.10320877283811569,0.004094686824828386,0.3392857142857143,0.3282099999975063
1681,143999,25.032873938887874,0.8668524026870728,-0.09767473489046097,0.007753250654786825,0.3409090909090909,0.3277699999975083
1682,144096,29.083366612816533,0.3164231777191162,-0.09241058677434921,0.0024675512686371803,0.44329896907216493,0.3272849999975105
1683,144160,24.086927100510003,0.38515400886535645,-0.11629397422075272,0.0015908114146441221,0.375,0.32696499999751194
1684,144215,24.358075454862952,0.23287495970726013,-0.10545635223388672,0.003554969560354948,0.2,0.3266899999975132
1685,144297,24.587780374425325,1.184940218925476,-0.11201129108667374,0.003934463951736689,0.36585365853658536,0.32627999999751506
1686,144355,25.245835924270885,0.2698017656803131,-0.10947030037641525,0.0035486246924847364,0.41379310344827586,0.3259899999975164
1687,144404,22.45355414622872,0.2599470615386963,-0.11225583404302597,0.0009934059344232082,0.1836734693877551,0.3257449999975175
1688,144475,24.783282938581962,1.0991783142089844,-0.10872633010149002,0.008313293568789959,0.3380281690140845,0.3253899999975191
1689,144544,5.764956829649812,0.25546085834503174,-0.12763655185699463,0.004349222406744957,0.2898550724637681,0.3250449999975207
1690,144574,-16.50614165371723,0.6300288438796997,-0.10906822979450226,0.010034112259745598,0.13333333333333333,0.32489499999752136
1691,144658,25.46854623392364,1.6489545106887817,-0.09317515045404434,0.00573317613452673,0.30952380952380953,0.3244749999975233
1692,144732,23.594553528157856,0.4948837161064148,-0.1152138039469719,0.0020781001076102257,0.36486486486486486,0.32410499999752496
1693,144814,24.906126851168285,0.500523567199707,-0.11015725880861282,0.004188743885606527,0.32926829268292684,0.3236949999975268
1694,144899,22.920902199993133,0.685592770576477,-0.09865064173936844,0.004616833291947842,0.32941176470588235,0.32326999999752876
1695,144986,26.44693981495698,9.021248817443848,-0.0802459567785263,0.03531457483768463,0.2413793103448276,0.32283499999753074
1696,145070,26.82663238297528,4.984539031982422,-0.11503099650144577,0.00239479704760015,0.3333333333333333,0.32241499999753265
1697,145149,24.56167164713355,0.9277657270431519,-0.12712106108665466,0.0011760657653212547,0.3670886075949367,0.32201999999753445
1698,145220,26.55418419531992,0.3273478150367737,-0.11293447762727737,0.003094211919233203,0.38028169014084506,0.32166499999753606
1699,145298,20.755670422433504,0.48125511407852173,-0.10549553483724594,0.012667457573115826,0.2948717948717949,0.32127499999753784
1700,145399,23.194133669655784,0.805179238319397,-0.09044155478477478,0.006091943476349115,0.3465346534653465,0.32076999999754013
1701,145483,27.119147827647062,1.1275047063827515,-0.1182868704199791,0.003225239459425211,0.2857142857142857,0.32034999999754205
1702,145564,28.773759766454493,1.3291151523590088,-0.1141652762889862,0.0016980590298771858,0.2716049382716049,0.3199449999975439
1703,145618,21.05267779857382,0.6388667225837708,-0.10879773646593094,0.00681944889947772,0.25925925925925924,0.3196749999975451
1704,145707,29.90650399736539,0.5959225296974182,-0.10373108088970184,0.005566095933318138,0.3595505617977528,0.31922999999754714
1705,145741,-6.816923766615133,1.1172360181808472,-0.10582663863897324,0.005198291037231684,0.23529411764705882,0.3190599999975479
1706,145822,25.77301254327827,0.20066089928150177,-0.11270926147699356,0.002186437603086233,0.345679012345679,0.31865499999754976
1707,145908,25.793576932431463,0.8622646331787109,-0.08686739206314087,0.006597340572625399,0.3023255813953488,0.3182249999975517
1708,145994,27.72969129626997,0.8859226703643799,-0.09784168750047684,0.0033403492998331785,0.313953488372093,0.3177949999975537
1709,146098,22.086544328136792,0.6404873132705688,-0.11093639582395554,0.002400619676336646,0.3173076923076923,0.31727499999755604
1710,146177,26.771636672967524,1.1773488521575928,-0.10402603447437286,0.0002255196450278163,0.379746835443038,0.31687999999755784
1711,146261,26.26440235040252,0.7738457918167114,-0.11731286346912384,0.0036331191658973694,0.3333333333333333,0.31645999999755975
1712,146345,18.520108237618164,1.6915106773376465,-0.1079462394118309,0.002972808200865984,0.30952380952380953,0.31603999999756166
1713,146402,25.96373473240105,0.656479001045227,-0.08654394745826721,0.013519348576664925,0.40350877192982454,0.31575499999756296
1714,146492,26.23213083640087,2.312889575958252,-0.10251665860414505,0.0023140902630984783,0.26666666666666666,0.315304999997565
1715,146583,25.13441735105546,0.2901833951473236,-0.11648295819759369,0.0036030111368745565,0.2967032967032967,0.3148499999975671
1716,146640,24.287029523413207,0.3414080739021301,-0.08682003617286682,0.00834075640887022,0.2807017543859649,0.3145649999975684
1717,146712,21.20567913157921,1.1045210361480713,-0.10212863981723785,0.0012998988386243582,0.2222222222222222,0.31420499999757
1718,146773,26.285859367406605,0.5310404300689697,-0.10681266337633133,0.004238261841237545,0.4098360655737705,0.3138999999975714
1719,146850,23.620904217967578,0.21031835675239563,-0.10979127138853073,0.0035155306104570627,0.2727272727272727,0.31351499999757315
1720,146940,29.077788131905855,0.35737183690071106,-0.11531605571508408,0.005369083024561405,0.3888888888888889,0.3130649999975752
1721,147026,24.401851390510984,0.39358752965927124,-0.10812080651521683,0.0077059343457221985,0.36046511627906974,0.31263499999757716
1722,147076,21.60466252596134,1.308943748474121,-0.09793546795845032,0.021159429103136063,0.24,0.3123849999975783
1723,147163,30.49438316333164,0.4524601101875305,-0.09592832624912262,0.010766463354229927,0.40229885057471265,0.3119499999975803
1724,147282,20.26550949882703,0.2416318655014038,-0.12105569243431091,0.00419999985024333,0.3025210084033613,0.311354999997583
1725,147350,23.36087594484453,0.7247540950775146,-0.09541887789964676,0.010893143713474274,0.27941176470588236,0.31101499999758453
1726,147446,25.277161405150615,0.7859538197517395,-0.10234713554382324,0.004680265672504902,0.25,0.3105349999975867
1727,147499,14.819700909478001,1.3303580284118652,-0.09617848694324493,0.0023134497459977865,0.22641509433962265,0.3102699999975879
1728,147555,25.78812157201697,0.19659748673439026,-0.10734990984201431,0.0018731269519776106,0.32142857142857145,0.3099899999975892
1729,147639,25.313612734306837,0.17941132187843323,-0.09512040764093399,0.004448569379746914,0.2976190476190476,0.3095699999975911
1730,147719,21.582787647043382,0.45898115634918213,-0.09645528346300125,0.006150540430098772,0.2125,0.3091699999975929
1731,147790,24.39919323284632,1.064784288406372,-0.09621186554431915,0.0032080416567623615,0.323943661971831,0.30881499999759454
1732,147846,25.339617794631447,0.9223060607910156,-0.08853275328874588,0.012880171649158001,0.32142857142857145,0.3085349999975958
1733,147931,29.58149965777387,0.5102269649505615,-0.09399095922708511,0.014460287988185883,0.32941176470588235,0.30810999999759775
1734,148017,29.059853085666788,0.4818442761898041,-0.11839225143194199,0.004415570758283138,0.3372093023255814,0.3076799999975997
1735,148115,30.46479905024191,0.5717411637306213,-0.09369990974664688,0.0033700140193104744,0.3877551020408163,0.30718999999760194
1736,148191,25.879960365099706,0.7624910473823547,-0.11509279906749725,0.0017538181273266673,0.32894736842105265,0.30680999999760367
1737,148264,11.173395246010383,4.337155342102051,-0.08233298361301422,0.02358679659664631,0.2191780821917808,0.3064449999976053
1738,148356,29.080469843496648,0.5892384052276611,-0.11241262406110764,0.004392932169139385,0.33695652173913043,0.3059849999976074
1739,148436,-2.712451576299489,1.2527031898498535,-0.10150972753763199,0.005993454251438379,0.35,0.30558499999760924
1740,148521,27.604022561961862,4.069365501403809,-0.10692838579416275,0.009739449247717857,0.25882352941176473,0.3051599999976112
1741,148576,25.233793986116808,0.587199866771698,-0.10467009246349335,0.019210733473300934,0.2727272727272727,0.3048849999976124
1742,148605,-7.250212431896194,0.5113906860351562,-0.11283008009195328,0.004930147435516119,0.10344827586206896,0.3047399999976131
1743,148676,25.399077912994898,2.863603115081787,-0.09745454788208008,0.004629780538380146,0.28169014084507044,0.3043849999976147
1744,148742,21.84994961220517,0.2618471384048462,-0.12466130405664444,0.0040162294171750546,0.30303030303030304,0.3040549999976162
1745,148809,20.721312871294,0.354373961687088,-0.11175744235515594,0.004946926608681679,0.3283582089552239,0.30371999999761773
1746,148814,-11.284123889362924,0.5853977203369141,-0.10225404053926468,0.004569619428366423,0.4,0.30369499999761784
1747,148912,25.414381830468997,0.28350213170051575,-0.12885674834251404,0.002975391922518611,0.24489795918367346,0.3032049999976201
1748,148992,18.990730600717896,1.816063404083252,-0.0924849733710289,0.005142398178577423,0.3125,0.3028049999976219
1749,149047,24.249324973024173,0.7501816153526306,-0.10864084213972092,0.004542900715023279,0.36363636363636365,0.30252999999762314
1750,149108,24.2744641408783,0.26184380054473877,-0.10234644263982773,0.00768564036116004,0.22950819672131148,0.30222499999762453
1751,149170,23.987862538702657,0.5791106224060059,-0.11643523722887039,0.004242723807692528,0.3870967741935484,0.30191499999762594
1752,149252,25.532815037444784,0.642815351486206,-0.10373328626155853,0.0012242264347150922,0.25609756097560976,0.3015049999976278
1753,149340,30.166979340769863,0.27553948760032654,-0.1194872185587883,0.0022163856774568558,0.3409090909090909,0.3010649999976298
1754,149341,-8.087338646478715,1.026418685913086,-0.1194872185587883,0.0022163856774568558,1.0,0.30105999999762983
1755,149416,27.44353471834245,0.25708094239234924,-0.1003386452794075,0.015659259632229805,0.24,0.30068499999763154
1756,149506,28.578327471868587,1.1221117973327637,-0.10645413398742676,0.0006365287117660046,0.3111111111111111,0.3002349999976336
1757,149619,8.993773525428825,0.7817511558532715,-0.06763634085655212,0.0335114561021328,0.34513274336283184,0.29966999999763616
1758,149698,28.64903812891427,0.24942392110824585,-0.09955234825611115,0.004533762577921152,0.3924050632911392,0.29927499999763796
1759,149754,25.646985720717616,0.24194282293319702,-0.11327507346868515,0.006327166687697172,0.39285714285714285,0.29899499999763923
1760,149836,27.06737048838991,0.5582406520843506,-0.10465224832296371,0.009851343929767609,0.36585365853658536,0.2985849999976411
1761,149896,24.386262300884642,0.41836804151535034,-0.11344964057207108,0.0011928469175472856,0.35,0.29828499999764246
1762,149982,27.40642921997386,0.19578665494918823,-0.06530307978391647,0.0387209877371788,0.3488372093023256,0.2978549999976444
1763,150041,25.317269481349328,0.3487743139266968,-0.10883360356092453,0.0019892605487257242,0.3559322033898305,0.29755999999764576
1764,150117,25.532363315625556,0.44029513001441956,-0.09620212018489838,0.008229505270719528,0.3026315789473684,0.2971799999976475
1765,150221,30.365035825932715,1.7695090770721436,-0.10965406894683838,0.004608852788805962,0.3269230769230769,0.29665999999764986
1766,150300,24.732476574422655,0.43096768856048584,-0.0897914320230484,0.02187124267220497,0.20253164556962025,0.29626499999765166
1767,150383,28.24576763786764,0.339668333530426,-0.10140295326709747,0.0029164599254727364,0.3614457831325301,0.29584999999765355
1768,150526,-24.413204955869187,0.3597642183303833,-0.10694124549627304,0.0033832776825875044,0.3356643356643357,0.2951349999976568
1769,150585,25.858064437647556,0.45085710287094116,-0.10262463986873627,0.007489684037864208,0.3559322033898305,0.29483999999765814
1770,150663,25.99675019047751,0.5183655023574829,-0.10772328078746796,0.0010020775953307748,0.32051282051282054,0.2944499999976599
1771,150745,23.817449830915937,1.275399923324585,-0.10349191725254059,0.001985089387744665,0.2926829268292683,0.2940399999976618
1772,150839,30.206999609271406,0.46247437596321106,-0.12499060481786728,0.0004079113423358649,0.3617021276595745,0.2935699999976639
1773,150895,21.702958198836605,0.4119228720664978,-0.11585073918104172,0.0,0.17857142857142858,0.2932899999976652
1774,150967,-5.865579310756214,1.4759798049926758,-0.10674351453781128,0.010880250483751297,0.125,0.29292999999766683
1775,151052,26.4882101694278,1.8422760963439941,-0.10861632972955704,0.0,0.29411764705882354,0.29250499999766877
1776,151123,24.40398404544985,0.5227935910224915,-0.10376360267400742,0.002789435675367713,0.2535211267605634,0.2921499999976704
1777,151125,-10.273417236020062,0.4260561466217041,-0.11584684997797012,0.0016534277237951756,0.5,0.29213999999767043
1778,151196,23.930540832936543,0.40320661664009094,-0.11090576648712158,0.007069814950227737,0.352112676056338,0.29178499999767205
1779,151273,27.135989058228816,0.2314305305480957,-0.07699666917324066,0.010962891392409801,0.36363636363636365,0.2913999999976738
1780,151330,26.55855209014873,0.7248958349227905,-0.11498353630304337,0.0007734537939541042,0.24561403508771928,0.2911149999976751
1781,151405,26.22844502338038,0.6766551733016968,-0.11912072449922562,0.0021581610199064016,0.29333333333333333,0.2907399999976768
1782,151487,27.192609020124838,1.24814772605896,-0.09873820841312408,0.00474493158981204,0.23170731707317074,0.29032999999767867
1783,151562,21.497474811632337,0.5254887342453003,-0.11137519776821136,0.005701444111764431,0.22666666666666666,0.2899549999976804
1784,151644,26.974657814890527,4.155122756958008,-0.09840229153633118,0.006012182682752609,0.23170731707317074,0.28954499999768224
1785,151703,23.471242007054798,0.4067777395248413,-0.12427039444446564,0.007279889192432165,0.3050847457627119,0.2892499999976836
1786,151788,27.31993974956376,0.4254412055015564,-0.10995641350746155,0.007776742335408926,0.36470588235294116,0.2888249999976855
1787,151871,25.490476154456466,3.363348960876465,-0.10381126403808594,0.003906515426933765,0.30120481927710846,0.2884099999976874
1788,151969,30.455145631932595,1.9374451637268066,-0.11832814663648605,0.0020016308408230543,0.21428571428571427,0.28791999999768964
1789,152060,31.95489110509709,0.6322041153907776,-0.09237728267908096,0.005402580369263887,0.2967032967032967,0.2874649999976917
1790,152066,-9.713318451965876,1.2456703186035156,-0.0878387913107872,0.002470768289640546,0.5,0.28743499999769184
1791,152131,23.294465615986837,0.3597557544708252,-0.116752490401268,0.0019612950272858143,0.2923076923076923,0.2871099999976933
1792,152219,30.425495715834007,0.38080447912216187,-0.1168174147605896,0.008911531418561935,0.18181818181818182,0.2866699999976953
1793,152306,23.19865651765712,0.19750580191612244,-0.09496358782052994,0.0020123892463743687,0.26436781609195403,0.2862349999976973
1794,152402,30.881449722709018,0.8263070583343506,-0.09498663991689682,0.009324805811047554,0.3541666666666667,0.2857549999976995
1795,152487,25.677538998523666,0.30179479718208313,-0.1006663367152214,0.004562804475426674,0.29411764705882354,0.2853299999977014
1796,152563,24.4624392589176,0.7421208024024963,-0.08259132504463196,0.012980151921510696,0.27631578947368424,0.28494999999770315
1797,152564,-8.116087710969905,0.17045938968658447,-0.10691841691732407,0.008718009106814861,1.0,0.2849449999977032
1798,152655,17.919359668763203,0.19093254208564758,-0.11049503087997437,0.0028288401663303375,0.23076923076923078,0.28448999999770525
1799,152729,25.258109628805414,0.37940850853919983,-0.11104319989681244,0.005408066790550947,0.2972972972972973,0.28411999999770693
1800,152843,28.02733925505681,0.6781461238861084,-0.11158961057662964,0.00626369146630168,0.2807017543859649,0.2835499999977095
1801,152899,24.119519508713807,0.1868746280670166,-0.11265736073255539,0.002331626135855913,0.32142857142857145,0.2832699999977108
1802,152994,13.957277353186704,0.40239405632019043,-0.10725238174200058,0.0009558744495734572,0.25263157894736843,0.28279499999771296
1803,153060,24.798910694737934,1.1580045223236084,-0.10433882474899292,0.004035439342260361,0.2727272727272727,0.28246499999771446
1804,153144,28.640245104240105,0.655616044998169,-0.09376177936792374,0.0026231647934764624,0.25,0.2820449999977164
1805,153235,29.6632805911196,1.07008957862854,-0.11462846398353577,0.0018208137480542064,0.32967032967032966,0.28158999999771844
1806,153318,26.4730516357114,2.321566581726074,-0.10023179650306702,0.004384327679872513,0.3132530120481928,0.28117499999772033
1807,153397,26.549200547599213,0.527184247970581,-0.11073468625545502,0.0018238986376672983,0.26582278481012656,0.28077999999772213
1808,153457,23.4800101356485,0.27414894104003906,-0.10157126933336258,0.002077160170301795,0.26666666666666666,0.2804799999977235
1809,153542,30.819476450474596,1.5027835369110107,-0.10156756639480591,0.0053896126337349415,0.3764705882352941,0.28005499999772543
1810,153654,31.396864001595993,0.5981689095497131,-0.10113852471113205,0.008345133624970913,0.25892857142857145,0.279494999997728
1811,153730,27.559179467902332,7.6744842529296875,-0.11076688021421432,0.0030598845332860947,0.27631578947368424,0.2791149999977297
1812,153807,25.213217311208922,0.30716341733932495,-0.11060883849859238,0.001082568778656423,0.24675324675324675,0.27872999999773146
1813,153896,-28.689651756562853,0.20476512610912323,-0.10895902663469315,0.0027948510833084583,0.21348314606741572,0.2782849999977335
1814,153984,24.284792847185013,0.1882493793964386,-0.09457506984472275,0.01459734607487917,0.23863636363636365,0.2778449999977355
1815,154070,23.679898406354035,0.28118646144866943,-0.10455048084259033,0.006154423113912344,0.29069767441860467,0.27741499999773744
1816,154169,-36.74835053694533,0.9802803993225098,-0.08606995642185211,0.005649236962199211,0.3434343434343434,0.2769199999977397
1817,154175,-8.474692802741727,0.2864529490470886,-0.10437118262052536,0.015275858342647552,0.16666666666666666,0.27688999999773983
1818,154263,29.842478718512403,0.34053951501846313,-0.10456037521362305,0.002119740704074502,0.23863636363636365,0.27644999999774184
1819,154340,26.59401672391587,0.9718363285064697,-0.08824855089187622,0.011543503031134605,0.2857142857142857,0.2760649999977436
1820,154418,25.947580327445408,0.6707637906074524,-0.11205504089593887,0.009524521417915821,0.2948717948717949,0.27567499999774536
1821,154473,24.122185318131528,0.4276588559150696,-0.0881570503115654,0.00781324040144682,0.2909090909090909,0.2753999999977466
1822,154556,29.404557034740307,0.4838006794452667,-0.10702872276306152,0.0030544456094503403,0.30120481927710846,0.2749849999977485
1823,154649,27.38525964330949,0.6604923009872437,-0.10406921803951263,0.002252734499052167,0.3118279569892473,0.2745199999977506
1824,154719,27.344226501161305,0.35004162788391113,-0.11215215921401978,0.00898836087435484,0.35714285714285715,0.2741699999977522
1825,154796,26.40464990359581,0.6141488552093506,-0.1054709181189537,0.003989807795733213,0.1038961038961039,0.27378499999775396
1826,154875,29.41097504318634,0.20323193073272705,-0.0881403461098671,0.00826941430568695,0.21518987341772153,0.27338999999775576
1827,154947,26.15154715991247,0.6263445019721985,-0.09851547330617905,0.0028594667091965675,0.2222222222222222,0.2730299999977574
1828,155027,25.933414003609514,2.0140252113342285,-0.06437978148460388,0.03251636400818825,0.2875,0.2726299999977592
1829,155107,24.732201577731292,0.3090071678161621,-0.0992342084646225,0.003940917551517487,0.25,0.27222999999776104
1830,155192,31.00487725941933,0.29087361693382263,-0.11961948871612549,0.010372149758040905,0.3411764705882353,0.271804999997763
1831,155277,-4.499803157490235,0.628838062286377,-0.09330223500728607,0.01195573154836893,0.3176470588235294,0.2713799999977649
1832,155278,-8.100745275078637,0.92789226770401,-0.09269797056913376,0.013211406767368317,1.0,0.27137499999776493
1833,155353,25.45473019060286,0.5044882893562317,-0.10043303668498993,0.004996321629732847,0.28,0.27099999999776664
1834,155436,27.484288387959033,0.4526573419570923,-0.13220927119255066,0.00040758331306278706,0.3373493975903614,0.2705849999977685
1835,155494,24.643455889334486,0.5393013954162598,-0.10483498871326447,0.007323418743908405,0.3275862068965517,0.27029499999776985
1836,155547,22.795369324867405,0.6568299531936646,-0.11102746427059174,0.003931003622710705,0.22641509433962265,0.27002999999777105
1837,155603,24.554003757353183,0.18766000866889954,-0.09655793756246567,0.012709802947938442,0.2857142857142857,0.2697499999977723
1838,155679,27.358330425699684,0.8715894222259521,-0.08306410908699036,0.023628490045666695,0.32894736842105265,0.26936999999777406
1839,155752,24.134092595698284,0.921839714050293,-0.11709365993738174,0.0008085951558314264,0.2465753424657534,0.2690049999977757
1840,155830,28.422039004483665,0.7657079696655273,-0.0918206050992012,0.014304119162261486,0.3333333333333333,0.2686149999977775
1841,155907,26.522841668141435,0.364033043384552,-0.10611239820718765,0.008750692009925842,0.2987012987012987,0.26822999999777924
1842,155964,25.789386384442505,0.8987621665000916,-0.09340080618858337,0.004438567906618118,0.2807017543859649,0.26794499999778054
1843,156069,26.874161663829263,0.7379663586616516,-0.08679095655679703,0.0034990115091204643,0.2857142857142857,0.26741999999778293
1844,156219,-29.603789850779922,1.0612835884094238,-0.1172558069229126,0.002552238292992115,0.3466666666666667,0.26666999999778634
1845,156301,26.106321113153022,1.3483977317810059,-0.11986010521650314,0.004210325423628092,0.21951219512195122,0.2662599999977882
1846,156388,29.705121460611203,0.3355412185192108,-0.10643283277750015,0.006272360682487488,0.3333333333333333,0.2658249999977902
1847,156423,-26.96637143496265,0.5480531454086304,-0.10861203819513321,0.001451259246096015,0.17142857142857143,0.265649999997791
1848,156508,25.2294910898989,0.9059118628501892,-0.10990122705698013,0.004635071847587824,0.2823529411764706,0.2652249999977929
1849,156601,25.019168387205475,0.254433274269104,-0.07573272287845612,0.01759105734527111,0.1935483870967742,0.26475999999779504
1850,156751,-26.340941034699732,0.9389625191688538,-0.10711461305618286,0.0024596427101641893,0.2733333333333333,0.26400999999779845
1851,156809,25.15112098145542,0.522035539150238,-0.10080666840076447,0.004169041756540537,0.22413793103448276,0.26371999999779977
1852,156861,24.083105861828336,0.7709352970123291,-0.1001456156373024,0.002253049984574318,0.3076923076923077,0.26345999999780095
1853,156918,21.913943043567972,0.3927425742149353,-0.09100046753883362,0.014434987679123878,0.21052631578947367,0.26317499999780225
1854,157005,25.293257339164963,0.22043082118034363,-0.09602634608745575,0.01134719979017973,0.26436781609195403,0.26273999999780423
1855,157093,26.981302247812984,3.451751708984375,-0.0762067586183548,0.007181017659604549,0.26136363636363635,0.26229999999780623
1856,157181,-11.316766322573688,0.3411569893360138,-0.10668998211622238,0.0069322786293923855,0.3522727272727273,0.26185999999780823
1857,157253,25.61166279233659,0.4502531886100769,-0.089081771671772,0.00983397476375103,0.2222222222222222,0.2614999999978099
1858,157321,28.033699168278737,0.6266469955444336,-0.109531469643116,0.0030074564274400473,0.23529411764705882,0.2611599999978114
1859,157379,25.015692993268626,0.8984087109565735,-0.10158531367778778,0.01103330310434103,0.25862068965517243,0.26086999999781274
1860,157465,31.06142230779978,0.5778563022613525,-0.09474313259124756,0.007658444344997406,0.1744186046511628,0.2604399999978147
1861,157527,24.411507518420507,0.5451238751411438,-0.1207638680934906,0.001010230160318315,0.22580645161290322,0.2601299999978161
1862,157601,23.848421316863494,0.39144638180732727,-0.08111625909805298,0.004672307521104813,0.21621621621621623,0.2597599999978178
1863,157684,22.630670739423465,0.1830970048904419,-0.09685789048671722,0.009199108928442001,0.27710843373493976,0.2593449999978197
1864,157772,26.677096805743403,0.9854767918586731,-0.11480077356100082,0.009533229283988476,0.26136363636363635,0.2589049999978217
1865,157843,25.830910827420674,0.5951542854309082,-0.0989493876695633,0.003018166869878769,0.18309859154929578,0.2585499999978233
1866,157915,24.40157513257961,0.8418447375297546,-0.11240391433238983,0.009934796951711178,0.2361111111111111,0.25818999999782494
1867,157998,29.018660060042308,7.751272678375244,-0.1090182289481163,0.004329988732933998,0.26506024096385544,0.2577749999978268
1868,158106,-18.763884193278404,0.4896778464317322,-0.08939459919929504,0.0048641301691532135,0.19444444444444445,0.2572349999978293
1869,158186,27.897916696536452,0.29423508048057556,-0.10332325845956802,0.005632065236568451,0.375,0.2568349999978311
1870,158260,25.09418771452396,2.092442750930786,-0.11022646725177765,0.005670021753758192,0.24324324324324326,0.2564649999978328
1871,158342,26.556681078514888,0.8682976961135864,-0.08893784135580063,0.009999402798712254,0.2682926829268293,0.25605499999783465
1872,158408,26.99519749194048,0.7770370244979858,-0.11588387936353683,0.0001649826590437442,0.16666666666666666,0.25572499999783616
1873,158512,30.42712770806329,0.2892325520515442,-0.11348177492618561,0.0037905315402895212,0.28846153846153844,0.2552049999978385
1874,158592,25.678536100555164,0.27253609895706177,-0.1049242615699768,0.005620911251753569,0.2625,0.25480499999784034
1875,158670,25.406253381359015,0.4285326600074768,-0.10911358147859573,0.002282489789649844,0.24358974358974358,0.2544149999978421
1876,158762,27.707079595032447,0.5082225799560547,-0.09338269382715225,0.002749331761151552,0.25,0.2539549999978442
1877,158816,23.673651873701587,0.6076183319091797,-0.09874703735113144,0.003996055107563734,0.2777777777777778,0.25368499999784544
1878,158874,24.550577439572738,0.4671894609928131,-0.10650093108415604,0.0034482930786907673,0.29310344827586204,0.25339499999784676
1879,158930,21.443542906390206,1.075054407119751,-0.10512997210025787,0.0038145361468195915,0.17857142857142858,0.25311499999784803
1880,159008,26.666211348219242,0.3205520510673523,-0.09928140044212341,0.0020048092119395733,0.2564102564102564,0.2527249999978498
1881,159098,25.181864591449184,0.3979554772377014,-0.11772239953279495,0.0016082195797935128,0.3,0.25227499999785186
1882,159158,21.749751050806058,0.39915144443511963,-0.09520549327135086,0.0021116570569574833,0.25,0.2519749999978532
1883,159230,19.32606079647565,0.466791033744812,-0.09333495795726776,0.009604818187654018,0.16666666666666666,0.25161499999785486
1884,159343,-0.838558495467522,0.7754124999046326,-0.11732177436351776,0.005890481173992157,0.18584070796460178,0.25104999999785743
1885,159434,29.07771381642754,1.0971739292144775,-0.10112923383712769,0.026317398995161057,0.26373626373626374,0.2505949999978595
1886,159515,23.86007998735841,0.1809927225112915,-0.09168737381696701,0.012113789096474648,0.20987654320987653,0.25018999999786135
1887,159616,27.56924913018191,0.28014427423477173,-0.10594598948955536,0.0031346832402050495,0.25742574257425743,0.24968499999786187
1888,159698,27.327147273591322,0.4082978665828705,-0.11351805180311203,0.00199410249479115,0.2682926829268293,0.24927499999786146
1889,159774,23.06137726561652,0.962822437286377,-0.1102544441819191,0.004218409303575754,0.19736842105263158,0.24889499999786108
1890,159831,23.982043866671145,0.23717612028121948,-0.09363313764333725,0.004250160418450832,0.24561403508771928,0.2486099999978608
1891,159882,22.975561062906905,4.0867743492126465,-0.09220410883426666,0.007929773069918156,0.13725490196078433,0.24835499999786054
1892,159971,24.721646012725188,1.1017862558364868,-0.09798154979944229,0.0026023336686193943,0.20224719101123595,0.2479099999978601
1893,160047,25.666450644945343,0.5342831611633301,-0.08720453083515167,0.01064535416662693,0.3157894736842105,0.2475299999978597
1894,160135,30.160004314924336,0.2674233317375183,-0.07174788415431976,0.02293505147099495,0.26136363636363635,0.24708999999785927
1895,160228,24.221934028591285,0.5030171871185303,-0.09599773585796356,0.0018733404576778412,0.24731182795698925,0.2466249999978588
1896,160330,21.212544125683443,0.5520236492156982,-0.11461162567138672,0.0023539133835583925,0.22549019607843138,0.2461149999978583
1897,160411,23.203672352374902,0.7742271423339844,-0.10402844846248627,0.002369710709899664,0.2222222222222222,0.2457099999978579
1898,160463,21.663698511823362,0.42310774326324463,-0.10179300606250763,0.00813923217356205,0.2692307692307692,0.24544999999785763
1899,160464,-8.07425540510761,0.6801808476448059,-0.11766472458839417,0.0016587302088737488,0.0,0.24544499999785763
1900,160519,23.8431784340441,7.826250076293945,-0.08539263904094696,0.012867022305727005,0.2,0.24516999999785735
1901,160669,-16.41223341451728,0.6728153228759766,-0.11508028954267502,0.0018347800942137837,0.3,0.2444199999978566
1902,160720,23.12408668499453,0.42646485567092896,-0.08792522549629211,0.0027116057462990284,0.21568627450980393,0.24416499999785635
1903,160797,26.746872402748604,0.22004859149456024,-0.11772409826517105,0.004028508439660072,0.2597402597402597,0.24377999999785596
1904,160881,24.811470515098296,0.4103289246559143,-0.1187552660703659,0.0023776099551469088,0.27380952380952384,0.24335999999785554
1905,160957,24.550867880434595,0.43276217579841614,-0.11604734510183334,0.00304880877956748,0.17105263157894737,0.24297999999785516
1906,161009,23.49598519093945,0.22189775109291077,-0.11138469725847244,0.016871340572834015,0.21153846153846154,0.2427199999978549
1907,161094,27.767758161166533,0.5257983207702637,-0.09396737813949585,0.0054825120605528355,0.21176470588235294,0.24229499999785448
1908,161099,-12.664336782802152,0.6648246049880981,-0.08487598598003387,0.011624007485806942,0.2,0.24226999999785445
1909,161176,24.67511341064499,5.118602275848389,-0.10590255260467529,0.005346376448869705,0.2727272727272727,0.24188499999785407
1910,161199,-8.382248447586921,0.939090371131897,-0.11284850537776947,0.0031627926509827375,0.043478260869565216,0.24176999999785395
1911,161284,28.01786739301503,0.3505932092666626,-0.1187765821814537,0.0022522015497088432,0.29411764705882354,0.24134499999785353
1912,161369,29.195953881075777,0.6122223138809204,-0.09581391513347626,0.006514201872050762,0.27058823529411763,0.2409199999978531
1913,161444,20.59645780154243,0.3097246587276459,-0.12270837277173996,0.0003925965283997357,0.16,0.24054499999785273
1914,161496,23.213991654665264,0.5323840975761414,-0.1059686467051506,0.009565962478518486,0.15384615384615385,0.24028499999785247
1915,161555,25.80882340394252,0.2512218952178955,-0.10804956406354904,0.0028615521732717752,0.1694915254237288,0.23998999999785217
1916,161643,24.303676696649454,0.8687475919723511,-0.10584758222103119,0.0023210186045616865,0.25,0.23954999999785173
1917,161736,-11.446323926107281,0.2659187316894531,-0.10825081169605255,0.007428092882037163,0.21505376344086022,0.23908499999785127
1918,161821,21.945745879392373,0.409912109375,-0.0950920581817627,0.010002939030528069,0.17647058823529413,0.23865999999785084
1919,161907,31.246788289984575,0.416739821434021,-0.08757023513317108,0.008262014016509056,0.3023255813953488,0.2382299999978504
1920,161994,29.727456893853933,0.5106310844421387,-0.09402841329574585,0.004762554075568914,0.1839080459770115,0.23779499999784998
1921,162077,22.699696326142725,0.3538285493850708,-0.09495558589696884,0.011546796187758446,0.37349397590361444,0.23737999999784956
1922,162138,24.52340622487521,0.6183416247367859,-0.08895061910152435,0.012709954753518105,0.19672131147540983,0.23707499999784926
1923,162216,26.57434780912494,2.4219374656677246,-0.08371307700872421,0.006563345901668072,0.1794871794871795,0.23668499999784887
1924,162296,24.223852146154023,0.366750031709671,-0.0836794376373291,0.026416977867484093,0.25,0.23628499999784847
1925,162384,28.47951503430196,0.912250280380249,-0.11375850439071655,0.00844679307192564,0.22727272727272727,0.23584499999784803
1926,162385,-8.090239877113167,0.2880748510360718,-0.11375850439071655,0.00844679307192564,0.0,0.23583999999784802
1927,162444,26.78457068041672,0.5949764847755432,-0.08249714225530624,0.010060303844511509,0.2542372881355932,0.23554499999784773
1928,162521,28.633839110851596,0.3353273272514343,-0.09760098904371262,0.006036306731402874,0.22077922077922077,0.23515999999784734
1929,162610,28.001561894407693,0.31808269023895264,-0.09776265919208527,0.0029979192186146975,0.2808988764044944,0.2347149999978469
1930,162706,9.144932056419044,0.5923776626586914,-0.10696020722389221,0.001616793917492032,0.23958333333333334,0.23423499999784642
1931,162798,19.420594239752354,0.4082466959953308,-0.09643877297639847,0.0018953330582007766,0.18478260869565216,0.23377499999784596
1932,162883,31.209260702388377,0.41896364092826843,-0.12377084046602249,0.0017025134293362498,0.27058823529411763,0.23334999999784553
1933,162885,-8.24141178860684,0.8304228782653809,-0.09421654790639877,0.00403191614896059,0.0,0.23333999999784552
1934,162969,29.567063269506683,0.3027283847332001,-0.11214306950569153,0.009507984854280949,0.16666666666666666,0.2329199999978451
1935,163027,23.755597681753187,0.2615053355693817,-0.10653956234455109,0.003095534397289157,0.1724137931034483,0.2326299999978448
1936,163082,24.863350789434946,1.5935170650482178,-0.10219188779592514,0.0018795453943312168,0.3090909090909091,0.23235499999784454
1937,163171,27.965096631377655,7.28233528137207,-0.10624559968709946,0.001391909085214138,0.25842696629213485,0.2319099999978441
1938,163257,31.00638060367481,0.2510492205619812,-0.11493845283985138,0.004804454278200865,0.3023255813953488,0.23147999999784366
1939,163335,26.020890424791958,0.5803626775741577,-0.11212664842605591,0.00664663827046752,0.24358974358974358,0.23108999999784327
1940,163390,25.14722226930418,0.2349247932434082,-0.12257085740566254,0.0003713775658980012,0.21818181818181817,0.230814999997843
1941,163459,23.29149736402369,1.7460362911224365,-0.1126764565706253,0.005848282482475042,0.17391304347826086,0.23046999999784265
1942,163518,26.35589528306094,0.3467170298099518,-0.09877926111221313,0.016550827771425247,0.2033898305084746,0.23017499999784236
1943,163593,22.202320984800753,0.7996949553489685,-0.11805786192417145,0.0027488323394209146,0.2,0.22979999999784198
1944,163671,26.47935197093702,0.23928892612457275,-0.09292734414339066,0.00564588000997901,0.2564102564102564,0.2294099999978416
1945,163759,26.140272047783945,0.38841676712036133,-0.07646280527114868,0.006709932815283537,0.23863636363636365,0.22896999999784115
1946,163842,27.675043112086488,0.1777276247739792,-0.125502809882164,0.0036368034780025482,0.26506024096385544,0.22855499999784074
1947,163931,3.031472227356197,0.3866162896156311,-0.11979332566261292,0.0014669912634417415,0.2247191011235955,0.2281099999978403
1948,164015,23.31129131689864,0.2320701777935028,-0.11436449736356735,0.0015988299855962396,0.2261904761904762,0.22768999999783987
1949,164090,27.483160215073276,0.4182736277580261,-0.13316968083381653,0.006567171309143305,0.29333333333333333,0.2273149999978395
1950,164143,13.143099175060128,0.8521672487258911,-0.11572226136922836,0.009194665588438511,0.1509433962264151,0.22704999999783923
1951,164218,24.18426860403511,0.25490137934684753,-0.11038593202829361,0.014861245639622211,0.18666666666666668,0.22667499999783886
1952,164310,30.28058907751909,0.3827982544898987,-0.11509820073843002,0.002853607991710305,0.2608695652173913,0.2262149999978384
1953,164360,19.809143334265055,0.462103009223938,-0.08540274202823639,0.029271934181451797,0.26,0.22596499999783815
1954,164445,29.413468728722314,0.23870787024497986,-0.11669513583183289,0.006335459183901548,0.24705882352941178,0.22553999999783772
1955,164520,25.298687559744998,3.231386184692383,-0.08367426693439484,0.018086163327097893,0.28,0.22516499999783735
1956,164600,27.358589400831356,0.3492429554462433,-0.12874533236026764,0.002660035854205489,0.2125,0.22476499999783695
1957,164603,-12.522160771878946,1.3531486988067627,-0.10458210110664368,0.003063754877075553,0.0,0.22474999999783693
1958,164685,23.000031259826827,0.3853098154067993,-0.09502549469470978,0.0022653029300272465,0.1951219512195122,0.22433999999783652
1959,164786,26.73550462807099,0.4442715346813202,-0.12533830106258392,0.0020463259425014257,0.2871287128712871,0.22383499999783601
1960,164813,-7.403219609169566,0.9533004760742188,-0.09494715929031372,0.006133407354354858,0.1111111111111111,0.22369999999783588
1961,164859,20.089973033943686,1.040769100189209,-0.11446435749530792,0.0012799734249711037,0.08695652173913043,0.22346999999783565
1962,164910,22.92021530851499,0.3287907540798187,-0.12402034550905228,0.002113198861479759,0.13725490196078433,0.2232149999978354
1963,164986,26.232737277604176,0.7855361700057983,-0.09933369606733322,0.010618088766932487,0.21052631578947367,0.22283499999783501
1964,165071,25.18092310899627,1.2435331344604492,-0.11523162573575974,0.005286498926579952,0.24705882352941178,0.2224099999978346
1965,165078,-15.279336047525916,0.24936926364898682,-0.10336567461490631,0.0014625940239056945,0.2857142857142857,0.22237499999783455
1966,165133,20.59264629211747,0.7672051787376404,-0.12633231282234192,0.0041344789788126945,0.2545454545454545,0.22209999999783428
1967,165189,22.35166851361827,5.921472549438477,-0.09737613797187805,0.008228860795497894,0.17857142857142858,0.221819999997834
1968,165268,20.932661531449664,8.437826156616211,-0.10982449352741241,0.01108037680387497,0.25316455696202533,0.2214249999978336
1969,165327,26.6717347268712,0.5418075919151306,-0.10374032706022263,0.008993525989353657,0.23728813559322035,0.2211299999978333
1970,165400,28.01412398388608,0.3190235495567322,-0.13472957909107208,0.0020287716761231422,0.1232876712328767,0.22076499999783294
1971,165479,27.36653620235433,0.4273539185523987,-0.10408598184585571,0.0011103603756055236,0.24050632911392406,0.22036999999783255
1972,165480,-8.067277976209459,0.24598509073257446,-0.10805192589759827,0.0025782976299524307,1.0,0.22036499999783254
1973,165564,28.52627317082873,0.9342918395996094,-0.09434051066637039,0.004767377395182848,0.25,0.21994499999783212
1974,165619,23.228249193056918,1.076058268547058,-0.12666767835617065,0.007202384993433952,0.36363636363636365,0.21966999999783185
1975,165717,30.627741980079165,0.6278275847434998,-0.12413866817951202,0.0038787727244198322,0.2755102040816326,0.21917999999783136
1976,165804,31.283341326156037,0.8035728335380554,-0.11041032522916794,0.0034022110048681498,0.1839080459770115,0.21874499999783092
1977,165865,24.64723089141826,0.35890573263168335,-0.10668638348579407,0.0016324961325153708,0.14754098360655737,0.21843999999783062
1978,165898,-21.622747717435367,0.5414459705352783,-0.11758217215538025,0.0030950307846069336,0.12121212121212122,0.21827499999783045
1979,166010,-0.2275678692766192,0.7769629955291748,-0.12762576341629028,0.0032460724469274282,0.24107142857142858,0.2177149999978299
1980,166087,27.862917498042243,0.44603076577186584,-0.13020093739032745,0.004353909287601709,0.23376623376623376,0.2173299999978295
1981,166172,30.07891609130224,1.6582525968551636,-0.1181287094950676,0.008662229403853416,0.2235294117647059,0.21690499999782908
1982,166252,28.142274091493533,0.429132342338562,-0.10141044110059738,0.004318562801927328,0.2875,0.21650499999782868
1983,166340,27.485818561755394,0.3235340118408203,-0.13235457241535187,0.003162769600749016,0.2159090909090909,0.21606499999782824
1984,166429,28.636640765629235,7.817814826965332,-0.06896137446165085,0.03866228461265564,0.3707865168539326,0.2156199999978278
1985,166552,27.928310821978705,0.40958648920059204,-0.13975588977336884,0.005853467155247927,0.18699186991869918,0.21500499999782718
1986,166641,14.73395897811466,0.34571748971939087,-0.0956786721944809,0.0021395995281636715,0.1348314606741573,0.21455999999782674
1987,166701,21.67315494075664,0.22418174147605896,-0.10504677146673203,0.005001293495297432,0.18333333333333332,0.21425999999782644
1988,166764,24.665992071068914,0.3318817913532257,-0.11048858612775803,0.013401009142398834,0.2222222222222222,0.21394499999782612
1989,166838,26.965633355203735,0.8638924956321716,-0.12642046809196472,0.004606132861226797,0.28378378378378377,0.21357499999782575
1990,166914,5.68975818074505,0.2359420657157898,-0.08311004936695099,0.01298530027270317,0.25,0.21319499999782537
1991,166963,21.521603084189653,0.9930868148803711,-0.09052427113056183,0.003087556455284357,0.16326530612244897,0.21294999999782513
1992,167041,-2.0491189574500686,1.07318115234375,-0.11559978872537613,0.00209006923250854,0.1794871794871795,0.21255999999782474
1993,167116,23.309066338921916,1.7287671566009521,-0.12410330772399902,0.0032541609834879637,0.16,0.21218499999782436
1994,167191,23.70895889421473,0.6143162250518799,-0.1334758847951889,0.0019882468041032553,0.21333333333333335,0.211809999997824
1995,167270,23.356268578509546,0.39970389008522034,-0.12331592291593552,0.003779148682951927,0.21518987341772153,0.2114149999978236
1996,167327,26.998423592285803,0.24460935592651367,-0.10822746902704239,0.001394092570990324,0.2982456140350877,0.2111299999978233
1997,167404,6.096317077956195,2.856545925140381,-0.10087187588214874,0.01198510266840458,0.24675324675324675,0.21074499999782292
1998,167502,23.553659918403497,0.34327223896980286,-0.11360128223896027,0.00774621544405818,0.15306122448979592,0.21025499999782243
1999,167579,24.416722104487484,0.41729244589805603,-0.09518153220415115,0.0018633438739925623,0.14285714285714285,0.20986999999782205
2000,167654,24.83066099950493,0.23898062109947205,-0.11141010373830795,0.0022418599110096693,0.16,0.20949499999782167
2001,167758,21.314127383164514,0.4110557436943054,-0.12543609738349915,0.0036028563044965267,0.2403846153846154,0.20897499999782115
2002,167849,24.8261376810881,0.2920635938644409,-0.10186395794153214,0.017084574326872826,0.2087912087912088,0.2085199999978207
2003,167928,29.00736692769973,0.34997355937957764,-0.116520956158638,0.004370838403701782,0.17721518987341772,0.2081249999978203
2004,167989,26.641810439157005,0.4405350089073181,-0.10002896189689636,0.00849979743361473,0.19672131147540983,0.20781999999782
2005,167990,-8.10846481113409,0.281851589679718,-0.1052279993891716,0.010258468799293041,0.0,0.20781499999782
2006,168037,23.131898084431548,0.6243371963500977,-0.10378018766641617,0.004510293714702129,0.1702127659574468,0.20757999999781976
2007,168086,22.184845434233637,1.1113022565841675,-0.11537585407495499,0.0028132291045039892,0.12244897959183673,0.2073349999978195
2008,168150,-10.07908733342827,0.21630655229091644,-0.12125033885240555,0.008080355823040009,0.21875,0.2070149999978192
2009,168226,27.92753415155321,0.30240264534950256,-0.11282677203416824,0.0024931933730840683,0.34210526315789475,0.2066349999978188
2010,168244,-9.733112535740728,0.24420851469039917,-0.10856778919696808,0.012373281642794609,0.2777777777777778,0.20654499999781872
2011,168312,26.78728931616454,0.5327492356300354,-0.09551602602005005,0.0013121035881340504,0.16176470588235295,0.20620499999781838
2012,168384,26.63759419016284,0.7906052470207214,-0.1274230033159256,0.001642841612920165,0.16666666666666666,0.20584499999781802
2013,168480,30.026436629246337,0.4221615791320801,-0.10520173609256744,0.016911104321479797,0.11458333333333333,0.20536499999781754
2014,168557,24.35277107129391,0.2319992184638977,-0.1238335371017456,0.0018995977006852627,0.16883116883116883,0.20497999999781716
2015,168645,21.42738101997319,0.3952406346797943,-0.11932633817195892,0.0020146556198596954,0.25,0.20453999999781672
2016,168696,25.368336731675292,0.30048781633377075,-0.1031096875667572,0.0011578211560845375,0.23529411764705882,0.20428499999781646
2017,168775,29.374972745759518,0.19706547260284424,-0.1059943437576294,0.007285063620656729,0.189873417721519,0.20388999999781607
2018,168876,-14.275002732151567,0.33885428309440613,-0.10183713585138321,0.007114639971405268,0.16831683168316833,0.20338499999781556
2019,168954,25.875482934979367,0.5184565186500549,-0.09149698168039322,0.012327979318797588,0.10256410256410256,0.20299499999781517
2020,169042,23.07954791028957,0.7523372173309326,-0.09244878590106964,0.008199386298656464,0.19318181818181818,0.20255499999781473
2021,169128,28.049936792451874,0.22710436582565308,-0.10782918334007263,0.0011357486946508288,0.23255813953488372,0.2021249999978143
2022,169205,22.67162133314576,0.2889026999473572,-0.08519567549228668,0.0006241619121283293,0.16883116883116883,0.20173999999781392
2023,169324,-4.661161038274713,1.1484174728393555,-0.12214267253875732,0.002671747002750635,0.23529411764705882,0.20114499999781332
2024,169405,26.850294758404072,0.3996591567993164,-0.11920320987701416,0.001336816232651472,0.20987654320987653,0.20073999999781292
2025,169442,-21.208429691539553,0.7930041551589966,-0.09057147800922394,0.002484588883817196,0.21621621621621623,0.20055499999781273
2026,169522,25.588862329263343,0.4723914861679077,-0.12221478670835495,0.00038091669557616115,0.1875,0.20015499999781233
2027,169608,29.61313603477715,0.5389872789382935,-0.13109338283538818,0.001531605958007276,0.20930232558139536,0.1997249999978119
2028,169713,2.912397770022249,0.44618213176727295,-0.10149987041950226,0.001985179493203759,0.2,0.19919999999781138
2029,169795,29.73679442381455,0.7592050433158875,-0.10040292888879776,0.0019943423103541136,0.17073170731707318,0.19878999999781097
2030,169875,24.761402911366083,0.2551134526729584,-0.12384387105703354,0.0019101701909676194,0.2875,0.19838999999781057
2031,169957,21.159123549596003,0.7002242207527161,-0.13324682414531708,0.0009531714022159576,0.15853658536585366,0.19797999999781016
2032,170029,21.89300162287966,0.5158348083496094,-0.09089256823062897,0.00279504107311368,0.125,0.1976199999978098
2033,170098,22.93546336512201,0.25171005725860596,-0.10719408839941025,0.0026227429043501616,0.15942028985507245,0.19727499999780945
2034,170185,31.258102016784065,0.19187898933887482,-0.08335983753204346,0.011826394125819206,0.21839080459770116,0.19683999999780902
2035,170244,25.851417916535773,1.103458046913147,-0.1071208193898201,0.005477173253893852,0.2542372881355932,0.19654499999780872
2036,170327,28.86969518171884,0.3044889271259308,-0.11220841109752655,0.001602953881956637,0.10843373493975904,0.1961299999978083
2037,170427,25.43141778985513,0.3455873131752014,-0.10444320738315582,0.010075758211314678,0.25,0.1956299999978078
2038,170510,25.173769477243297,0.42480769753456116,-0.10757990181446075,0.00849530752748251,0.1686746987951807,0.1952149999978074
2039,170594,27.985930391261768,0.30765101313591003,-0.1160920113325119,0.003221366088837385,0.21428571428571427,0.19479499999780697
2040,170666,25.020780975402744,0.4934593141078949,-0.11623062193393707,0.0023082501720637083,0.20833333333333334,0.1944349999978066
2041,170745,24.66850825622877,0.4257051944732666,-0.09244644641876221,0.019067680463194847,0.13924050632911392,0.19403999999780622
2042,170844,27.403206847699607,0.4141833782196045,-0.11205136030912399,0.01004917360842228,0.18181818181818182,0.19354499999780572
2043,170930,29.520140384879156,0.2693468928337097,-0.10747390985488892,0.018432006239891052,0.1744186046511628,0.1931149999978053
2044,171000,22.88755723256925,4.535277843475342,-0.11065832525491714,0.0014991321368142962,0.11428571428571428,0.19276499999780494
2045,171054,22.69406532600739,0.17116045951843262,-0.08888400346040726,0.010450196452438831,0.2037037037037037,0.19249499999780467
2046,171139,28.069055555575094,0.4721842408180237,-0.1162891760468483,0.004774071276187897,0.1411764705882353,0.19206999999780425
2047,171214,25.159489533366155,0.16790398955345154,-0.09842745959758759,0.004789696075022221,0.18666666666666668,0.19169499999780387
2048,171273,25.90221026530486,0.45332658290863037,-0.13431787490844727,0.004212121479213238,0.2033898305084746,0.19139999999780358
2049,171360,23.025742767269325,0.28173506259918213,-0.10407490283250809,0.0011332649737596512,0.2413793103448276,0.19096499999780314
2050,171441,27.48304259166919,0.32357919216156006,-0.09766588360071182,0.009391559287905693,0.2222222222222222,0.19055999999780274
2051,171515,23.86983409705892,3.697299003601074,-0.11761696636676788,0.004048100672662258,0.17567567567567569,0.19018999999780237
2052,171597,27.340237456876793,0.1920081228017807,-0.12353680282831192,0.00686755171045661,0.23170731707317074,0.18977999999780196
2053,171692,28.146907423591735,0.32124847173690796,-0.09276966750621796,0.008680272847414017,0.18947368421052632,0.18930499999780148
2054,171778,28.724296860660772,0.8054085969924927,-0.09275753051042557,0.01168227382004261,0.18604651162790697,0.18887499999780105
2055,171852,25.23682080724456,0.26558083295822144,-0.10149896889925003,0.0036245209630578756,0.16216216216216217,0.18850499999780068
2056,171947,27.350843295823033,0.1897415965795517,-0.09707611054182053,0.006256530061364174,0.1368421052631579,0.1880299999978002
2057,172000,23.799838296651128,10.009267807006836,-0.12880875170230865,0.0018429623451083899,0.20754716981132076,0.18776499999779994
2058,172075,23.87698398811029,0.20738281309604645,-0.10499931871891022,0.005130458623170853,0.24,0.18738999999779957
2059,172153,29.185740264406334,0.5522813200950623,-0.08769366890192032,0.005204808432608843,0.2564102564102564,0.18699999999779918
2060,172238,28.94740746546247,0.65227872133255,-0.11726291477680206,0.003045269288122654,0.25882352941176473,0.18657499999779875
2061,172334,29.958794181237113,0.31670331954956055,-0.09386494010686874,0.006277880631387234,0.13541666666666666,0.18609499999779827
2062,172420,28.357297403295817,0.3583258390426636,-0.10821880400180817,0.003921530209481716,0.2558139534883721,0.18566499999779784
2063,172513,30.525620739780997,0.6048648953437805,-0.1088675782084465,0.0045804656110703945,0.12903225806451613,0.18519999999779738
2064,172592,26.45848954314425,0.3310724198818207,-0.10334695130586624,0.010964916087687016,0.16455696202531644,0.18480499999779698
2065,172593,-8.084360225351247,0.30904799699783325,-0.10334695130586624,0.010964916087687016,1.0,0.18479999999779698
2066,172683,23.82557920125761,0.2707785367965698,-0.10880044847726822,0.0047234282828867435,0.23333333333333334,0.18434999999779653
2067,172764,26.079855683940508,0.5877134799957275,-0.11318481713533401,0.0027363167610019445,0.1111111111111111,0.18394499999779612
2068,172846,24.470813439943495,0.27337324619293213,-0.10028314590454102,0.0004462378565222025,0.15853658536585366,0.1835349999977957
2069,172932,26.876751398514912,0.9527880549430847,-0.10251777619123459,0.003197709796950221,0.23255813953488372,0.18310499999779528
2070,173005,-5.811376109689948,0.8434287905693054,-0.11942851543426514,0.008229748345911503,0.2876712328767123,0.18273999999779492
2071,173079,25.794616632598956,0.7922518253326416,-0.08804875612258911,0.0019281250424683094,0.1891891891891892,0.18236999999779455
2072,173170,25.830149798503914,1.0000171661376953,-0.11699429899454117,0.002002018503844738,0.10989010989010989,0.1819149999977941
2073,173258,32.339737272564406,0.36291640996932983,-0.10337841510772705,0.0010226754238829017,0.14772727272727273,0.18147499999779365
2074,173337,25.9960905301488,0.21225818991661072,-0.09786614030599594,0.0026262083556503057,0.11392405063291139,0.18107999999779326
2075,173416,26.803917194803645,2.0068259239196777,-0.0926939845085144,0.007094082422554493,0.11392405063291139,0.18068499999779286
2076,173493,27.190473821643977,0.7939446568489075,-0.1176593154668808,0.0046323384158313274,0.15584415584415584,0.18029999999779248
2077,173586,24.124019633411294,0.39016056060791016,-0.09778424352407455,0.0056763384491205215,0.1827956989247312,0.179834999997792
2078,173686,16.998353728799408,0.20000356435775757,-0.12270130962133408,0.005026231519877911,0.19,0.1793349999977915
2079,173787,24.640091291563024,3.7470123767852783,-0.08545244485139847,0.015085470862686634,0.19801980198019803,0.178829999997791
2080,173861,28.429242489520618,0.5259833931922913,-0.11305319517850876,0.004495053552091122,0.24324324324324326,0.17845999999779064
2081,173945,28.403178769714003,0.8457893133163452,-0.0961783304810524,0.005156449507921934,0.17857142857142858,0.17803999999779022
2082,173999,12.68678153749435,0.3637169599533081,-0.09272674471139908,0.00542531767860055,0.2037037037037037,0.17776999999778995
2083,174102,-4.517599968566733,1.0639276504516602,-0.11408380419015884,0.0015395651571452618,0.1262135922330097,0.17725499999778943
2084,174207,24.920616176533454,0.46473222970962524,-0.09204420447349548,0.005870145745575428,0.11428571428571428,0.1767299999977889
2085,174263,24.77086559785478,0.410917729139328,-0.08955837786197662,0.009533950127661228,0.19642857142857142,0.17644999999778863
2086,174345,28.16108019007831,0.6827434301376343,-0.09796225279569626,0.002604549517855048,0.14634146341463414,0.17603999999778822
2087,174408,-11.33927573604471,0.6656038761138916,-0.10127221047878265,0.011394407600164413,0.14285714285714285,0.1757249999977879
2088,174503,20.384164673910494,0.8385364413261414,-0.08351875841617584,0.002947664586827159,0.23157894736842105,0.17524999999778743
2089,174578,24.16917373998897,0.331730455160141,-0.0887245237827301,0.002847452415153384,0.12,0.17487499999778705
2090,174655,29.624956042940465,0.27040672302246094,-0.11123055964708328,0.005468566901981831,0.19480519480519481,0.17448999999778667
2091,174788,17.168388268112277,0.19798728823661804,-0.10735414922237396,0.0039027701131999493,0.21052631578947367,0.173824999997786
2092,174875,29.435029054773295,2.076146125793457,-0.10521730035543442,0.008430002257227898,0.21839080459770116,0.17338999999778557
2093,174945,27.03841731828163,0.3246399760246277,-0.10402638465166092,0.00126855936832726,0.22857142857142856,0.17303999999778522
2094,174951,-12.17990337696829,0.21412692964076996,-0.11133551597595215,0.004056257661432028,0.0,0.17300999999778519
2095,175030,29.237993132391665,0.21539172530174255,-0.09793196618556976,0.01212141290307045,0.20253164556962025,0.1726149999977848
2096,175088,26.691815901294397,2.645224094390869,-0.08708164095878601,0.009664169512689114,0.22413793103448276,0.1723249999977845
2097,175172,28.362523337945618,0.4575093984603882,-0.11761345714330673,0.0017850183648988605,0.20238095238095238,0.17190499999778408
2098,175254,26.602797603146584,0.2611464560031891,-0.10336089134216309,0.00325195025652647,0.24390243902439024,0.17149499999778367
2099,175338,30.81795521268686,0.24457161128520966,-0.10375417023897171,0.0021769399754703045,0.17857142857142858,0.17107499999778325
2100,175416,21.54533344908023,0.34283915162086487,-0.08506724238395691,0.0039137485437095165,0.11538461538461539,0.17068499999778286
2101,175481,27.05567794853797,0.5626798272132874,-0.1043228954076767,0.0023823315277695656,0.15384615384615385,0.17035999999778254
2102,175604,16.448786707798348,0.2789272964000702,-0.08281856775283813,0.001621474395506084,0.2032520325203252,0.16974499999778192
2103,175628,-7.550682254033841,0.4625781774520874,-0.07874174416065216,0.026965288445353508,0.08333333333333333,0.1696249999977818
2104,175708,25.160889909055456,0.5170592069625854,-0.10489355027675629,0.001952576800249517,0.1375,0.1692249999977814
2105,175818,26.558696396120062,1.1754798889160156,-0.1007661372423172,0.002855420345440507,0.19090909090909092,0.16867499999778085
2106,175903,27.782172196889633,0.23447100818157196,-0.10114829987287521,0.0063608139753341675,0.15294117647058825,0.16824999999778043
2107,175988,27.987345405240372,0.3309389054775238,-0.10289743542671204,0.011893421411514282,0.16470588235294117,0.16782499999778
2108,176056,22.502065101346005,0.27188172936439514,-0.12681296467781067,0.001969017554074526,0.08823529411764706,0.16748499999777966
2109,176145,29.68078077013633,0.4021103084087372,-0.08385707437992096,0.008628200739622116,0.19101123595505617,0.16703999999777921
2110,176212,24.876017078494883,0.2327064573764801,-0.09839576482772827,0.004058894235640764,0.13432835820895522,0.16670499999777888
2111,176319,19.222582704829616,0.5776365995407104,-0.08435241132974625,0.010318267159163952,0.18691588785046728,0.16616999999777834
2112,176401,29.499035249243626,0.5022417306900024,-0.10529712587594986,0.011705336160957813,0.1951219512195122,0.16575999999777793
2113,176462,26.774954427739793,3.2326035499572754,-0.08121766895055771,0.005328592844307423,0.22950819672131148,0.16545499999777763
2114,176521,25.769346075871233,1.1180970668792725,-0.10075563192367554,0.009347540326416492,0.0847457627118644,0.16515999999777733
2115,176649,-12.645131482197849,0.3403107225894928,-0.09299559891223907,0.005241476930677891,0.15625,0.1645199999977767
2116,176702,24.35144566743515,0.9814376831054688,-0.1187247484922409,0.002297863829880953,0.2830188679245283,0.16425499999777643
2117,176760,22.162886357058714,0.44526171684265137,-0.09136739373207092,0.00767994811758399,0.10344827586206896,0.16396499999777614
2118,176835,24.263886905968775,0.3304658830165863,-0.0989590659737587,0.0028760561253875494,0.10666666666666667,0.16358999999777576
2119,176902,25.40046897172966,0.6481904983520508,-0.09545227140188217,0.01240202970802784,0.14925373134328357,0.16325499999777543
2120,176987,31.226381487852795,0.18891030550003052,-0.08764469623565674,0.009734989143908024,0.1411764705882353,0.162829999997775
2121,177068,26.173604813903538,0.2635243535041809,-0.09334982931613922,0.005517548881471157,0.14814814814814814,0.1624249999977746
2122,177155,25.804482016388008,0.8774836659431458,-0.10132091492414474,0.0016564331017434597,0.2413793103448276,0.16198999999777416
2123,177235,28.44419334127018,0.2414538562297821,-0.1012573391199112,0.00039400719106197357,0.175,0.16158999999777376
2124,177298,25.9161292807999,1.003033995628357,-0.10730709880590439,0.005937171634286642,0.1111111111111111,0.16127499999777345
2125,177339,-21.8214762704783,0.30024853348731995,-0.10587397962808609,0.010111729614436626,0.17073170731707318,0.16106999999777324
2126,177420,26.338981700137005,0.2090746909379959,-0.0849551260471344,0.011453250423073769,0.20987654320987653,0.16066499999777284
2127,177473,21.93522348338209,0.3278214931488037,-0.07401695102453232,0.008170301094651222,0.09433962264150944,0.16039999999777257
2128,177565,31.150366307750275,0.5208168625831604,-0.0878790095448494,0.0034130499698221684,0.14130434782608695,0.15993999999777211
2129,177616,20.31107768030567,0.27913132309913635,-0.12063003331422806,0.00319169950671494,0.17647058823529413,0.15968499999777186
2130,177618,-10.193590012842176,0.1861792951822281,-0.09078028798103333,0.0034803657326847315,0.0,0.15967499999777185
2131,177644,-8.520254575860115,0.3684707581996918,-0.0993446409702301,0.0026037280913442373,0.038461538461538464,0.15954499999777172
2132,177737,17.63969828622533,0.4251536726951599,-0.08999229222536087,0.0038031945005059242,0.20430107526881722,0.15907999999777125
2133,177819,29.230839895540516,0.39902758598327637,-0.09135735034942627,0.006323664449155331,0.21951219512195122,0.15866999999777084
2134,177905,29.393891404828587,0.7616855502128601,-0.07517601549625397,0.01870843581855297,0.16279069767441862,0.15823999999777041
2135,177960,-20.416679378731736,0.5232418775558472,-0.11456956714391708,0.001128921052441001,0.14545454545454545,0.15796499999777014
2136,178016,26.031764426121136,0.6822618246078491,-0.07875818014144897,0.019780438393354416,0.125,0.15768499999776986
2137,178018,-10.30824476056199,0.32750117778778076,-0.10526871681213379,0.0014063017442822456,0.5,0.15767499999776985
2138,178113,20.151691237737616,0.48089221119880676,-0.09415201842784882,0.003808844368904829,0.18947368421052632,0.15719999999776937
2139,178190,27.139187919335313,0.3007180988788605,-0.07355707883834839,0.008967646397650242,0.23376623376623376,0.156814999997769
2140,178219,-21.035527726925242,0.3562553822994232,-0.10296342521905899,0.004731892142444849,0.13793103448275862,0.15666999999776884
2141,178306,22.60952011967261,0.3814411759376526,-0.092234767973423,0.012701163999736309,0.1839080459770115,0.1562349999977684
2142,178456,-3.722706735118416,0.876663863658905,-0.08138099312782288,0.021054966375231743,0.13333333333333333,0.15548499999776766
2143,178536,26.224015482147248,0.3850504755973816,-0.12721668183803558,0.004201577976346016,0.1625,0.15508499999776726
2144,178617,28.564989890669857,1.2637641429901123,-0.12357030808925629,0.0038747331127524376,0.16049382716049382,0.15467999999776685
2145,178668,19.846558376215008,1.0981559753417969,-0.10202830284833908,0.013052025809884071,0.09803921568627451,0.1544249999977666
2146,178784,26.21889003298295,0.3977387547492981,-0.08640985935926437,0.0024396649096161127,0.13793103448275862,0.15384499999776602
2147,178874,21.2291744277737,0.4433048367500305,-0.07058966904878616,0.008954038843512535,0.13333333333333333,0.15339499999776557
2148,178929,25.093617502080974,0.3115438222885132,-0.09308590739965439,0.0047814445570111275,0.14545454545454545,0.1531199999977653
2149,178997,20.910115515603724,0.7032161951065063,-0.09864115715026855,0.0022563275415450335,0.08823529411764706,0.15277999999776495
2150,179061,27.319458031764114,2.035061836242676,-0.07470282167196274,0.019291779026389122,0.25,0.15245999999776463
2151,179129,7.077316801347918,0.6163903474807739,-0.10934922099113464,0.003273733425885439,0.10294117647058823,0.1521199999977643
2152,179175,-13.415842743894473,1.8160674571990967,-0.0963314101099968,0.002704269951209426,0.15217391304347827,0.15188999999776406
2153,179265,25.398961733729674,0.5072985887527466,-0.09794633090496063,0.00412803515791893,0.12222222222222222,0.1514399999977636
2154,179322,20.985079485096716,0.9414738416671753,-0.09010984748601913,0.002582739107310772,0.12280701754385964,0.15115499999776333
2155,179380,-8.209282716279377,0.18344897031784058,-0.09145218133926392,0.006013748236000538,0.15517241379310345,0.15086499999776304
2156,179437,23.237674892541072,0.556331992149353,-0.10191851109266281,0.005984151735901833,0.12280701754385964,0.15057999999776275
2157,179514,27.676393835859948,3.0305705070495605,-0.11430776864290237,0.002480581169947982,0.15584415584415584,0.15019499999776237
2158,179626,-13.83653755591656,0.5056885480880737,-0.10726487636566162,0.002173422137275338,0.14285714285714285,0.1496349999977618
2159,179698,23.547130851564454,0.2995750308036804,-0.12494660168886185,0.003536721458658576,0.1527777777777778,0.14927499999776145
2160,179770,24.900035608211304,0.548302173614502,-0.11103367805480957,0.0053679752163589,0.19444444444444445,0.1489149999977611
2161,179798,-22.296286302119853,0.24859338998794556,-0.09122360497713089,0.013280519284307957,0.10714285714285714,0.14877499999776095
2162,179876,27.16512204963434,0.3037060499191284,-0.1038905531167984,0.0052996426820755005,0.1282051282051282,0.14838499999776056
2163,179878,-10.202589522317098,0.22334638237953186,-0.10429245978593826,0.00191026134416461,0.0,0.14837499999776055
2164,179955,14.795340880311548,1.398530125617981,-0.10986518114805222,0.012252258136868477,0.1038961038961039,0.14798999999776016
2165,180069,7.923149358241682,0.5361241102218628,-0.08866485208272934,0.0032682572491467,0.17543859649122806,0.1474199999977596
2166,180134,25.087714395812945,0.49093297123908997,-0.09209313243627548,0.004720001947134733,0.12307692307692308,0.14709499999775927
2167,180222,28.29052055379546,2.1968283653259277,-0.09436720609664917,0.003685330506414175,0.07954545454545454,0.14665499999775883
2168,180300,25.356447374924823,0.663610577583313,-0.09367021173238754,0.004096428398042917,0.08974358974358974,0.14626499999775844
2169,180363,26.946298508740256,0.29624849557876587,-0.10345800220966339,0.003443071385845542,0.15873015873015872,0.14594999999775812
2170,180459,29.614508377205297,0.3094637393951416,-0.09900514781475067,0.012773280963301659,0.1875,0.14546999999775764
2171,180536,20.87106745836999,0.5959257483482361,-0.09563544392585754,0.0018570913234725595,0.14285714285714285,0.14508499999775726
2172,180619,23.15139557829013,0.4555063545703888,-0.09698034077882767,0.0035674353130161762,0.21686746987951808,0.14466999999775684
2173,180714,30.42264518861782,0.39602065086364746,-0.09739918261766434,0.005474888253957033,0.15789473684210525,0.14419499999775637
2174,180746,-22.145212118121055,0.5973985195159912,-0.09426293522119522,0.003232106100767851,0.09375,0.1440349999977562
2175,180819,23.43052876461065,0.22811731696128845,-0.0849020704627037,0.001912141451612115,0.1643835616438356,0.14366999999775584
2176,180873,22.59322483182919,0.4932636618614197,-0.09198050200939178,0.0032177071552723646,0.1111111111111111,0.14339999999775557
2177,180953,27.256380837565324,0.14153048396110535,-0.09996511042118073,0.006430848501622677,0.125,0.14299999999775517
2178,181046,28.91651155827838,0.48746779561042786,-0.0907067283987999,0.010945725254714489,0.10752688172043011,0.1425349999977547
2179,181103,23.657896944984984,0.2854437828063965,-0.09784936904907227,0.0019338913261890411,0.08771929824561403,0.14224999999775442
2180,181182,29.05928086424082,0.37330782413482666,-0.11266319453716278,0.002127262996509671,0.17721518987341772,0.14185499999775403
2181,181189,-6.982455742824705,0.2864237129688263,-0.11265958100557327,0.0009518882143311203,0.2857142857142857,0.141819999997754
2182,181236,22.95055835161665,0.6246787309646606,-0.08513248711824417,0.0031393400859087706,0.1276595744680851,0.14158499999775376
2183,181323,28.03866881536688,0.37807512283325195,-0.09994620829820633,0.0058516087010502815,0.14942528735632185,0.14114999999775332
2184,181356,-15.859811485007956,0.36385783553123474,-0.09884665906429291,0.010286769829690456,0.21212121212121213,0.14098499999775316
2185,181414,25.131443113112766,0.21240457892417908,-0.07810508459806442,0.008063088171184063,0.08620689655172414,0.14069499999775287
2186,181483,23.007961249121898,0.30224817991256714,-0.10362426191568375,0.0024452530778944492,0.08695652173913043,0.14034999999775252
2187,181579,30.772573539868706,1.168638825416565,-0.09746602922677994,0.0,0.15625,0.13986999999775204
2188,181659,19.052966571230108,1.5905888080596924,-0.07400283962488174,0.008328616619110107,0.1375,0.13946999999775164
2189,181731,25.55662847317118,0.8975858688354492,-0.09387921541929245,0.011165237985551357,0.05555555555555555,0.13910999999775128
2190,181818,26.480636796350076,1.12797212600708,-0.10718052834272385,0.001543199410662055,0.16091954022988506,0.13867499999775085
2191,181899,28.52197452249662,0.2276347279548645,-0.07799685001373291,0.005543052218854427,0.12345679012345678,0.13826999999775044
2192,181987,28.043421886868437,0.4769231379032135,-0.07757990062236786,0.004903491586446762,0.11363636363636363,0.13782999999775
2193,182054,25.404076346801563,0.32654041051864624,-0.08577095717191696,0.011234326288104057,0.19402985074626866,0.13749499999774967
2194,182158,-40.83698113571315,0.24221692979335785,-0.0961853638291359,0.007756667211651802,0.1346153846153846,0.13697499999774915
2195,182222,16.53561899659137,0.34133413434028625,-0.09609083086252213,0.006589590571820736,0.09375,0.13665499999774883
2196,182318,29.713347255963306,0.3268876373767853,-0.09612030535936356,0.0016508755506947637,0.13541666666666666,0.13617499999774835
2197,182431,27.227329895097387,0.5193188786506653,-0.10794609785079956,0.003954166546463966,0.13274336283185842,0.13560999999774778
2198,182486,23.376993478711622,0.9513880014419556,-0.08915060013532639,0.003988876938819885,0.05454545454545454,0.1353349999977475
2199,182619,-30.643960634762188,0.27568820118904114,-0.07887423783540726,0.013001653365790844,0.15037593984962405,0.13466999999774684
2200,182682,27.439290076700235,0.45538491010665894,-0.08959919214248657,0.0020680937450379133,0.1746031746031746,0.13435499999774653
2201,182790,18.85156892113911,0.7272304892539978,-0.09862326085567474,0.004060458391904831,0.12962962962962962,0.133814999997746
2202,182857,23.930445707605926,1.7438197135925293,-0.08133700489997864,0.00435996986925602,0.14925373134328357,0.13347999999774565
2203,182930,22.722390088763056,0.4770488142967224,-0.09340041130781174,0.014234686270356178,0.1095890410958904,0.1331149999977453
2204,183006,23.25728595790887,0.28127792477607727,-0.08725334703922272,0.005818078760057688,0.09210526315789473,0.1327349999977449
2205,183084,27.352953933926155,0.21932369470596313,-0.1079169511795044,0.0016856894362717867,0.08974358974358974,0.13234499999774452
2206,183171,23.68491275513321,5.40103006362915,-0.10906526446342468,0.003047216683626175,0.13793103448275862,0.13190999999774408
2207,183238,24.53041584790846,0.1867634356021881,-0.09517212212085724,0.009613998234272003,0.1044776119402985,0.13157499999774375
2208,183292,-30.031704830111988,0.8454331159591675,-0.09237759560346603,0.004197567701339722,0.09259259259259259,0.13130499999774348
2209,183374,29.37819736383289,0.5340563654899597,-0.10160195082426071,0.008869864046573639,0.13414634146341464,0.13089499999774307
2210,183460,29.449028119447732,0.6704484224319458,-0.09510433673858643,0.008325375616550446,0.12790697674418605,0.13046499999774264
2211,183562,21.11095371571047,12.904495239257812,-0.10854897648096085,0.005861436482518911,0.09803921568627451,0.12995499999774213
2212,183638,24.176569145387802,0.2704174816608429,-0.10334432125091553,0.007077474147081375,0.13157894736842105,0.12957499999774175
2213,183721,27.222656359260107,0.20254307985305786,-0.09857355058193207,0.004033712670207024,0.13253012048192772,0.12915999999774133
2214,183809,27.211564350601627,0.30953097343444824,-0.09208102524280548,0.006512090098112822,0.13636363636363635,0.1287199999977409
2215,183875,-6.222755547683029,0.3829166293144226,-0.08611141890287399,0.01297884900122881,0.07575757575757576,0.12838999999774056
2216,183956,25.680730524767473,0.4366612136363983,-0.08716265857219696,0.014234015718102455,0.14814814814814814,0.12798499999774016
2217,183984,-18.849686381594783,0.4276270270347595,-0.07982350885868073,0.010252323001623154,0.17857142857142858,0.12784499999774002
2218,184058,25.029306528463266,1.3069190979003906,-0.09143901616334915,0.003137699095532298,0.13513513513513514,0.12747499999773965
2219,184148,7.477240951462487,0.20194929838180542,-0.10420924425125122,0.0013906011590734124,0.12222222222222222,0.1270249999977392
2220,184195,22.84887140944955,0.9586530923843384,-0.09536651521921158,0.010060078464448452,0.1702127659574468,0.12678999999773896
2221,184249,21.40529432629949,0.4239427149295807,-0.08356787264347076,0.013975266367197037,0.1111111111111111,0.1265199999977387
2222,184342,25.468915275086434,0.4038221836090088,-0.10140765458345413,0.0056074634194374084,0.11827956989247312,0.12605499999773823
2223,184410,20.87386727364803,0.3154548406600952,-0.0871284008026123,0.008169412612915039,0.1323529411764706,0.1257149999977379
2224,184461,23.58476958788496,0.3415710926055908,-0.08613746613264084,0.014951474964618683,0.0784313725490196,0.12545999999773763
2225,184569,-4.29065838895165,0.26209601759910583,-0.11074469238519669,0.0013359212316572666,0.08333333333333333,0.12491999999773709
2226,184625,23.46761826838698,0.7611316442489624,-0.09259282052516937,0.004978969227522612,0.14285714285714285,0.12463999999773681
2227,184705,28.201346393531033,6.551445007324219,-0.10062043368816376,0.0032668337225914,0.175,0.12423999999773641
2228,184776,23.468196266457962,2.3116838932037354,-0.08054498583078384,0.002903558313846588,0.11267605633802817,0.12388499999773606
2229,184855,20.22218441363504,0.2559892237186432,-0.09775999933481216,0.0016436879523098469,0.12658227848101267,0.12348999999773566
2230,184901,-29.22944603347974,2.386157512664795,-0.09882652759552002,0.0015840918058529496,0.08695652173913043,0.12325999999773543
2231,184977,25.625994933310817,0.21330730617046356,-0.10057913511991501,0.0043923272751271725,0.15789473684210525,0.12287999999773505
2232,185046,17.28646462501384,0.5499178171157837,-0.0836869329214096,0.006132038775831461,0.07246376811594203,0.1225349999977347
2233,185121,26.166029539865526,0.3370242714881897,-0.08564021438360214,0.006265659816563129,0.08,0.12215999999773433
2234,185203,27.75717891117437,0.5668723583221436,-0.08448466658592224,0.0035619994159787893,0.10975609756097561,0.12174999999773392
2235,185235,-20.69480750261502,1.2367064952850342,-0.09278374910354614,0.0011738871689885855,0.09375,0.12158999999773376
2236,185298,23.802953276664777,0.43068885803222656,-0.10588905215263367,0.0011873210314661264,0.15873015873015872,0.12127499999773345
2237,185376,-8.028889974199622,0.6102964878082275,-0.09775058180093765,0.001713530975393951,0.08974358974358974,0.12088499999773306
2238,185401,-8.977543017997426,0.4467277526855469,-0.08790137618780136,0.0021870299242436886,0.28,0.12075999999773293
2239,185480,26.175557115326896,0.49082696437835693,-0.11105725169181824,0.004198874346911907,0.11392405063291139,0.12036499999773254
2240,185566,30.8406396407593,0.7441287636756897,-0.09539344161748886,0.010679858736693859,0.1511627906976744,0.1199349999977321
2241,185657,23.84888524393255,0.5003465414047241,-0.09227845072746277,0.0045661018230021,0.1978021978021978,0.11947999999773165
2242,185718,24.80301780812544,0.362840473651886,-0.0978548526763916,0.0019311201758682728,0.09836065573770492,0.11917499999773135
2243,185788,25.748918104986693,0.25538337230682373,-0.10676608979701996,0.011841828003525734,0.1,0.118824999997731
2244,185881,29.43721923525058,0.32123419642448425,-0.09923091530799866,0.0018371574115008116,0.16129032258064516,0.11835999999773053
2245,185915,-12.784130708528938,0.5211134552955627,-0.09633265435695648,0.007504296954721212,0.11764705882352941,0.11818999999773036
2246,185992,20.15075403454186,0.835479736328125,-0.10055169463157654,0.004935309756547213,0.11688311688311688,0.11780499999772998
2247,186047,25.67350899595948,0.33544838428497314,-0.0971987396478653,0.0013052388094365597,0.12727272727272726,0.1175299999977297
2248,186159,31.706713577688028,0.32871323823928833,-0.09535672515630722,0.009443411603569984,0.15178571428571427,0.11696999999772914
2249,186235,27.909196481763388,0.18717941641807556,-0.06935638189315796,0.013697316870093346,0.13157894736842105,0.11658999999772876
2250,186310,21.18851246254212,0.4931703805923462,-0.09805097430944443,0.0016477000899612904,0.17333333333333334,0.11621499999772839
2251,186408,-13.34541739294763,0.40005427598953247,-0.08404002338647842,0.0043563698418438435,0.04081632653061224,0.1157249999977279
2252,186538,-10.529536077695546,0.24546898901462555,-0.09522715210914612,0.0028111764695495367,0.11538461538461539,0.11507499999772725
2253,186625,29.470167011710956,0.43498027324676514,-0.09212690591812134,0.003697069361805916,0.14942528735632185,0.11463999999772681
2254,186694,-34.8289889931033,1.3081581592559814,-0.09889160096645355,0.0014056457439437509,0.10144927536231885,0.11429499999772647
2255,186806,29.06015035301591,0.7722865343093872,-0.10107352584600449,0.010702653788030148,0.19642857142857142,0.1137349999977259
2256,186864,27.526342303698826,0.19937503337860107,-0.10249195992946625,6.142271013231948e-05,0.13793103448275862,0.11344499999772562
2257,186948,27.34453090479797,0.7876079678535461,-0.0970761626958847,0.009934655390679836,0.07142857142857142,0.1130249999977252
2258,187029,28.32826233430655,0.5473912954330444,-0.09501338005065918,0.003566378029063344,0.09876543209876543,0.11261999999772479
2259,187179,-42.93806509314187,0.32206177711486816,-0.0950603187084198,0.0017926201689988375,0.12,0.11186999999772404
2260,187275,32.25174254885726,0.5638443231582642,-0.05663460120558739,0.025453317910432816,0.16666666666666666,0.11138999999772356
2261,187348,-14.040677363414295,0.7178669571876526,-0.06609675288200378,0.01593131199479103,0.0958904109589041,0.1110249999977232
2262,187416,24.28858434638562,0.4345112442970276,-0.10373889654874802,0.005075208377093077,0.17647058823529413,0.11068499999772285
2263,187494,27.554437450137712,0.8762897849082947,-0.08794853091239929,0.01332347746938467,0.10256410256410256,0.11029499999772246
2264,187552,25.378333897096965,0.27550047636032104,-0.10018626600503922,0.008619782514870167,0.08620689655172414,0.11000499999772217
2265,187613,25.914168645558636,0.9646023511886597,-0.08995093405246735,0.004703639540821314,0.11475409836065574,0.10969999999772187
2266,187705,31.084878589280017,0.2227422595024109,-0.1149856299161911,0.0029577643144875765,0.08695652173913043,0.10923999999772141
2267,187744,-26.04031435879294,0.6764657497406006,-0.09470683336257935,0.004469612147659063,0.05128205128205128,0.10904499999772121
2268,187831,29.639505436747754,3.661983013153076,-0.09057147800922394,0.006888126488775015,0.09195402298850575,0.10860999999772078
2269,187945,-27.712521818623905,0.45164960622787476,-0.10965171456336975,0.0019012757111340761,0.10526315789473684,0.10803999999772021
2270,187999,-12.221469822229151,0.49073392152786255,-0.09748832881450653,0.0022265624720603228,0.1111111111111111,0.10776999999771994
2271,188114,16.81754822377029,3.623358726501465,-0.0995747521519661,0.0050727673806250095,0.12173913043478261,0.10719499999771936
2272,188171,23.15712831826883,0.4992481470108032,-0.08114231377840042,0.006151140667498112,0.17543859649122806,0.10690999999771908
2273,188252,26.124126276394943,0.599632740020752,-0.10090190917253494,0.009729290381073952,0.09876543209876543,0.10650499999771867
2274,188341,29.065332832415685,11.514110565185547,-0.11057887226343155,0.0032375946175307035,0.14606741573033707,0.10605999999771823
2275,188430,31.627924503727026,0.5593635439872742,-0.07694492489099503,0.003047791775316,0.1348314606741573,0.10561499999771778
2276,188525,-24.903544893669448,0.28529614210128784,-0.10811055451631546,0.003272846108302474,0.07368421052631578,0.10513999999771731
2277,188614,25.295060132816346,1.4335345029830933,-0.09020812064409256,0.0010690413182601333,0.11235955056179775,0.10469499999771686
2278,188648,-23.234368464149433,0.552236020565033,-0.08501838892698288,0.001846472965553403,0.058823529411764705,0.1045249999977167
2279,188750,16.035791520464716,0.3269265294075012,-0.09735645353794098,0.0018282575765624642,0.09803921568627451,0.10401499999771618
2280,188813,24.951111322673995,1.6179683208465576,-0.08644779771566391,0.007853882387280464,0.06349206349206349,0.10369999999771587
2281,188894,15.88715379064267,0.5479429960250854,-0.11010279506444931,0.0019808257929980755,0.12345679012345678,0.10329499999771546
2282,188987,-15.576992450482754,0.9944547414779663,-0.08474317938089371,0.006168394815176725,0.07526881720430108,0.102829999997715
2283,189059,26.98715250150304,0.9226192831993103,-0.10407781600952148,0.0027235255111008883,0.041666666666666664,0.10246999999771464
2284,189064,-12.761012026693274,0.44361603260040283,-0.08850932121276855,0.004860437475144863,0.0,0.10244499999771461
2285,189162,31.523198937325567,0.30648529529571533,-0.10418149828910828,0.001085328171029687,0.10204081632653061,0.10195499999771412
2286,189216,22.17580715213034,0.5146160125732422,-0.06248442456126213,0.023335587233304977,0.07407407407407407,0.10168499999771385
2287,189285,28.016397077536794,1.1068594455718994,-0.08413565158843994,0.010232939384877682,0.14492753623188406,0.10133999999771351
2288,189379,21.880168865096255,0.5421902537345886,-0.07842469215393066,0.003307858482003212,0.1276595744680851,0.10086999999771304
2289,189471,30.76284632157024,0.24959558248519897,-0.08631344139575958,0.0055398717522621155,0.10869565217391304,0.10040999999771258
2290,189543,-32.43527440598402,0.4840626120567322,-0.0850510522723198,0.002284721238538623,0.05555555555555555,0.10004999999771222
2291,189662,5.531520234145617,0.5536700487136841,-0.08487088978290558,0.015127427875995636,0.12605042016806722,0.09999999999771217
2292,189732,18.631617619585317,1.8307689428329468,-0.09699427336454391,0.0036652684211730957,0.08571428571428572,0.09999999999771217
2293,189766,-25.438651076979706,0.2151239514350891,-0.06987936794757843,0.01225079782307148,0.14705882352941177,0.09999999999771217
2294,189843,24.552044168824203,0.40633535385131836,-0.07061528414487839,0.008753232657909393,0.05194805194805195,0.09999999999771217
2295,189904,25.664356066032568,0.3216993510723114,-0.07751390337944031,0.0015130757819861174,0.18032786885245902,0.09999999999771217
2296,189981,27.308760350992088,0.4353255033493042,-0.09108830988407135,0.004647760186344385,0.09090909090909091,0.09999999999771217
2297,190048,26.43821436303991,0.40210941433906555,-0.08615628629922867,0.005977589171379805,0.14925373134328357,0.09999999999771217
2298,190187,25.912519903565155,0.28901687264442444,-0.08582823723554611,0.0037387139163911343,0.09352517985611511,0.09999999999771217
2299,190288,-39.77277342114823,0.3751377463340759,-0.09293405711650848,0.005022822879254818,0.1188118811881188,0.09999999999771217
2300,190355,23.568766841554975,0.4390450417995453,-0.10040561109781265,0.001929023303091526,0.13432835820895522,0.09999999999771217
2301,190435,26.193154183372805,0.29098454117774963,-0.07437200099229813,0.006624010857194662,0.0875,0.09999999999771217
2302,190523,26.796607088768255,0.239299476146698,-0.07375586032867432,0.0031758486293256283,0.125,0.09999999999771217
2303,190630,26.746322189420763,0.4251146912574768,-0.09031323343515396,0.0029327617958188057,0.14018691588785046,0.09999999999771217
2304,190780,-32.1209913086639,0.4967684745788574,-0.10242544114589691,0.0014542657881975174,0.1,0.09999999999771217
2305,190803,-7.480838840366235,0.5588641166687012,-0.1091199442744255,0.0038022566586732864,0.0,0.09999999999771217
2306,190877,24.515092062194782,3.026231527328491,-0.11469027400016785,0.0022996203042566776,0.08108108108108109,0.09999999999771217
2307,190959,29.873159241257824,0.4464343190193176,-0.0855160802602768,0.0032298676669597626,0.13414634146341464,0.09999999999771217
2308,191028,27.70818596522988,0.2880376875400543,-0.08851741254329681,0.00330462702549994,0.057971014492753624,0.09999999999771217
2309,191059,-21.546408977026047,0.4193435311317444,-0.0915871262550354,0.0025458254385739565,0.06451612903225806,0.09999999999771217
2310,191060,-8.118180252626281,0.4242315888404846,-0.07044780254364014,0.011292507871985435,1.0,0.09999999999771217
2311,191149,29.19998419752332,0.7755785584449768,-0.09052818268537521,0.002383727114647627,0.10112359550561797,0.09999999999771217
2312,191194,-33.59472557146583,0.5452038049697876,-0.0755750760436058,0.014018961228430271,0.08888888888888889,0.09999999999771217
2313,191281,28.92621028200399,0.5482344627380371,-0.0871964618563652,0.003449956187978387,0.10344827586206896,0.09999999999771217
2314,191332,22.688940084059315,0.7836347818374634,-0.07016842812299728,0.01505692396312952,0.11764705882352941,0.09999999999771217
2315,191422,29.13597277895347,0.6408861875534058,-0.09404005855321884,0.011405917815864086,0.07777777777777778,0.09999999999771217
2316,191470,21.66214358367108,1.138929009437561,-0.0915190801024437,0.004524101037532091,0.10416666666666667,0.09999999999771217
2317,191546,27.510358832006695,0.31935545802116394,-0.0959063321352005,0.006577129941433668,0.11842105263157894,0.09999999999771217
2318,191598,20.768441559305987,1.7945139408111572,-0.10059747099876404,0.0038483652751892805,0.11538461538461539,0.09999999999771217
2319,191631,-20.8239958381942,0.5470796823501587,-0.08699732273817062,0.00466887978836894,0.09090909090909091,0.09999999999771217
2320,191689,25.28521251323162,0.3379931151866913,-0.09195895493030548,0.004419675096869469,0.1206896551724138,0.09999999999771217
2321,191746,26.496631618707294,0.3245474100112915,-0.08197267353534698,0.006990769412368536,0.15789473684210525,0.09999999999771217
2322,191843,27.61174318149358,0.9087206721305847,-0.08028031140565872,0.0025958961341530085,0.09278350515463918,0.09999999999771217
2323,191934,29.56546590952525,0.28122296929359436,-0.09859246760606766,0.004223769996315241,0.13186813186813187,0.09999999999771217
2324,191987,25.1959685101345,0.5516889095306396,-0.029570631682872772,0.035752423107624054,0.11320754716981132,0.09999999999771217
2325,191988,-8.114110469149322,0.27876293659210205,-0.07997442781925201,0.008593992330133915,0.0,0.09999999999771217
2326,192057,-14.029686305099284,0.5244748592376709,-0.09680203348398209,0.0032169597689062357,0.13043478260869565,0.09999999999771217
2327,192106,22.135286558146717,0.5055034160614014,-0.08109114319086075,0.011520156636834145,0.20408163265306123,0.09999999999771217
2328,192184,26.73808141777317,1.7126410007476807,-0.09853152185678482,0.0017840638756752014,0.1282051282051282,0.09999999999771217
2329,192218,-23.618956640335654,0.2350465953350067,-0.10072843730449677,0.009715686552226543,0.058823529411764705,0.09999999999771217
2330,192288,23.78451385730372,0.9595561623573303,-0.092180036008358,0.010858580470085144,0.1,0.09999999999771217
2331,192407,22.845348865191077,0.7329961061477661,-0.08557410538196564,0.004007701762020588,0.10084033613445378,0.09999999999771217
2332,192502,28.46628612244899,0.34438997507095337,-0.09273578971624374,0.0030060107819736004,0.12631578947368421,0.09999999999771217
2333,192584,25.630120941219417,0.5357207655906677,-0.1081910952925682,0.001797323813661933,0.12195121951219512,0.09999999999771217
2334,192645,24.606986117181695,0.36775147914886475,-0.09010899066925049,0.011392471380531788,0.16393442622950818,0.09999999999771217
2335,192719,24.427243637252268,0.3029627799987793,-0.07822007685899734,0.012260782532393932,0.06756756756756757,0.09999999999771217
2336,192773,21.335043603368984,0.979405403137207,-0.09498099982738495,0.009552313946187496,0.14814814814814814,0.09999999999771217
2337,192862,29.056541886490344,1.3072254657745361,-0.07680363953113556,0.007499299943447113,0.12359550561797752,0.09999999999771217
2338,192863,-8.103480980341779,4.505213260650635,-0.07680363953113556,0.007499299943447113,0.0,0.09999999999771217
2339,192940,26.704765281317698,3.652278184890747,-0.09219298511743546,0.012389116920530796,0.03896103896103896,0.09999999999771217
2340,193008,-15.084787978109713,1.9892420768737793,-0.08211852610111237,0.0018672187579795718,0.07352941176470588,0.09999999999771217
2341,193068,26.28355896104859,0.24431748688220978,-0.06880173087120056,0.005133877508342266,0.03333333333333333,0.09999999999771217
2342,193123,22.771360883955758,0.4408062696456909,-0.10327623784542084,0.009534891694784164,0.07272727272727272,0.09999999999771217
2343,193206,-12.97954763003672,0.468946635723114,-0.07753463089466095,0.0015621816273778677,0.07228915662650602,0.09999999999771217
2344,193248,-27.652735968649548,0.5108218193054199,-0.08358348160982132,0.010599980130791664,0.047619047619047616,0.09999999999771217
2345,193321,24.20703044310845,0.7222553491592407,-0.08199134469032288,0.003999692853540182,0.136986301369863,0.09999999999771217
2346,193324,-11.663420303568437,0.4359741806983948,-0.07585684955120087,0.011251161806285381,0.0,0.09999999999771217
2347,193375,24.196713542053757,1.1478791236877441,-0.0735945776104927,0.007897963747382164,0.1568627450980392,0.09999999999771217
2348,193468,27.242886928196373,0.412106454372406,-0.11044763028621674,0.004892910830676556,0.16129032258064516,0.09999999999771217
2349,193553,11.85340900294915,0.5736983418464661,-0.0890713781118393,0.0031763208098709583,0.09411764705882353,0.09999999999771217
2350,193613,24.226640533778678,0.2341354340314865,-0.09899581968784332,0.00603294325992465,0.1,0.09999999999771217
2351,193721,29.177413651025596,0.25919708609580994,-0.0886307805776596,0.0017650056397542357,0.1111111111111111,0.09999999999771217
2352,193833,10.477329387958212,0.48717325925827026,-0.0644318088889122,0.002269275486469269,0.13392857142857142,0.09999999999771217
2353,193834,-8.135862110597301,0.5590013265609741,-0.05811021476984024,0.04035479575395584,0.0,0.09999999999771217
2354,193905,25.559792728732152,0.5862908959388733,-0.08776609599590302,0.005755806341767311,0.08450704225352113,0.09999999999771217
2355,193979,26.638500323898505,0.6387227177619934,-0.07561259716749191,0.009756475687026978,0.13513513513513514,0.09999999999771217
2356,193980,-8.191789141161072,0.8792967200279236,-0.07262235134840012,0.009095276705920696,1.0,0.09999999999771217
2357,194082,26.655061602312863,0.8931537866592407,-0.09778250753879547,0.001728644361719489,0.11764705882352941,0.09999999999771217
2358,194167,26.545181221345192,0.32630568742752075,-0.08548972010612488,0.005520850885659456,0.11764705882352941,0.09999999999771217
2359,194193,-20.507905190741447,0.5376114845275879,-0.07824385166168213,0.00923476554453373,0.07692307692307693,0.09999999999771217
2360,194280,27.08987213047014,1.0414701700210571,-0.08704480528831482,0.00862807221710682,0.1724137931034483,0.09999999999771217
2361,194364,26.04559954438123,0.40864628553390503,-0.09182295948266983,0.002250273711979389,0.09523809523809523,0.09999999999771217
2362,194514,-57.96403535228486,0.6538140773773193,-0.08486930280923843,0.003152464283630252,0.03333333333333333,0.09999999999771217
2363,194586,26.88916086971809,0.43169543147087097,-0.06402309983968735,0.00829471368342638,0.125,0.09999999999771217
2364,194708,-23.178629943544493,0.39472514390945435,-0.09186022728681564,0.004681178368628025,0.10655737704918032,0.09999999999771217
2365,194739,-24.3755496349567,0.37784644961357117,-0.0970553606748581,0.0072823790833354,0.12903225806451613,0.09999999999771217
2366,194831,4.6623968158453835,0.32197341322898865,-0.08779273182153702,0.0045641642063856125,0.08695652173913043,0.09999999999771217
2367,194924,30.453592362842084,0.9014649391174316,-0.08326660096645355,0.0025222343392670155,0.11827956989247312,0.09999999999771217
2368,194978,21.088517233957223,0.37602245807647705,-0.06912748515605927,0.00915505737066269,0.037037037037037035,0.09999999999771217
2369,195060,27.961245166577903,0.346186101436615,-0.09092964231967926,0.004473601467907429,0.07317073170731707,0.09999999999771217
2370,195181,32.568599009683645,0.6009615659713745,-0.0951550304889679,0.0016296549001708627,0.12396694214876033,0.09999999999771217
2371,195257,26.860245629989386,1.7057297229766846,-0.08112078905105591,0.005282653030008078,0.13157894736842105,0.09999999999771217
2372,195369,-13.350786357427234,0.7913931608200073,-0.08557155728340149,0.00764364143833518,0.09821428571428571,0.09999999999771217
2373,195456,29.583162817282286,2.632002353668213,-0.0923331156373024,0.0020040806848555803,0.10344827586206896,0.09999999999771217
2374,195534,27.56617072087456,1.0369277000427246,-0.07811740040779114,0.005528646986931562,0.15384615384615385,0.09999999999771217
2375,195611,-29.822790155543743,0.4297505021095276,-0.0628691017627716,0.0025883796624839306,0.07792207792207792,0.09999999999771217
2376,195698,28.777968417880203,2.0438215732574463,-0.091671422123909,0.0049787103198468685,0.12643678160919541,0.09999999999771217
2377,195788,30.015743089463815,1.2266310453414917,-0.07498475909233093,0.00217841612175107,0.18888888888888888,0.09999999999771217
2378,195852,25.199388458939538,0.2852032780647278,-0.09132149815559387,0.0011109014740213752,0.0625,0.09999999999771217
2379,195930,23.742959792820983,0.41981667280197144,-0.070353664457798,0.015180917456746101,0.0641025641025641,0.09999999999771217
2380,196017,-36.23252634759341,0.6809982061386108,-0.07333041727542877,0.012195534072816372,0.10344827586206896,0.09999999999771217
2381,196095,23.471444234694047,0.8217226266860962,-0.07336912304162979,0.007238162215799093,0.0641025641025641,0.09999999999771217
2382,196116,-8.362649911923674,2.6115827560424805,-0.07532422989606857,0.010327927768230438,0.047619047619047616,0.09999999999771217
2383,196247,-37.29742294647504,0.35712695121765137,-0.09123416244983673,0.010081677697598934,0.08396946564885496,0.09999999999771217
2384,196372,23.26470744141421,0.5058485865592957,-0.09163488447666168,0.0029822317883372307,0.136,0.09999999999771217
2385,196468,-22.64648882595883,0.34797123074531555,-0.07913573831319809,0.005764280911535025,0.08333333333333333,0.09999999999771217
2386,196533,-36.495228593383004,4.366153717041016,-0.08428238332271576,0.0035213252995163202,0.13846153846153847,0.09999999999771217
2387,196610,25.513389335281154,0.36733150482177734,-0.08507678657770157,0.010108877904713154,0.09090909090909091,0.09999999999771217
2388,196662,-13.950035156299927,0.3467569351196289,-0.09487457573413849,0.0019751316867768764,0.11538461538461539,0.09999999999771217
2389,196746,27.89886196538275,0.29959383606910706,-0.09866383671760559,0.003351982217282057,0.09523809523809523,0.09999999999771217
2390,196830,-24.22920211332464,0.354205846786499,-0.0757555142045021,0.010192531161010265,0.03571428571428571,0.09999999999771217
2391,196887,25.799511251309983,1.8585807085037231,-0.06904537975788116,0.001962072215974331,0.17543859649122806,0.09999999999771217
2392,196991,-8.016114094750147,1.6973447799682617,-0.0874888002872467,0.0040012747049331665,0.057692307692307696,0.09999999999771217
2393,197049,23.64858160084104,0.911098837852478,-0.098921038210392,0.0026119498070329428,0.10344827586206896,0.09999999999771217
2394,197142,24.12501985339971,0.4181350767612457,-0.07412979751825333,0.01798933744430542,0.0967741935483871,0.09999999999771217
2395,197236,32.872025096479796,0.6859155893325806,-0.08125530183315277,0.00640250975266099,0.1276595744680851,0.09999999999771217
2396,197336,-34.42466823190865,0.3515387177467346,-0.08504218608140945,0.005869652144610882,0.06,0.09999999999771217
2397,197386,23.977072117876034,0.6712288856506348,-0.08803152292966843,0.018858594819903374,0.06,0.09999999999771217
2398,197463,25.706055826979593,0.23181918263435364,-0.086937814950943,0.009844502434134483,0.11688311688311688,0.09999999999771217
2399,197552,28.221318303920796,0.8416614532470703,-0.08101094514131546,0.009090824984014034,0.07865168539325842,0.09999999999771217
2400,197636,26.306890164069408,0.6621984243392944,-0.0762144923210144,0.010420567356050014,0.09523809523809523,0.09999999999771217
2401,197706,20.341275251994265,0.5914528369903564,-0.0977194756269455,0.0023505419958382845,0.07142857142857142,0.09999999999771217
2402,197788,27.165352747306894,0.9253478050231934,-0.06324643641710281,0.005829321686178446,0.07317073170731707,0.09999999999771217
2403,197874,28.633393717222518,0.28062140941619873,-0.07874893397092819,0.006296781823039055,0.10465116279069768,0.09999999999771217
2404,197931,25.425413497207295,0.5333189964294434,-0.0893564447760582,0.002469820436090231,0.15789473684210525,0.09999999999771217
2405,198081,-25.45448277090869,0.6966835260391235,-0.08827739208936691,0.004781071562319994,0.14666666666666667,0.09999999999771217
2406,198160,26.97630299163512,2.5684752464294434,-0.07275497168302536,0.006219132803380489,0.10126582278481013,0.09999999999771217
2407,198214,-31.96246143129463,0.42636287212371826,-0.06645731627941132,0.004094402771443129,0.07407407407407407,0.09999999999771217
2408,198284,22.13547728011225,1.649496078491211,-0.0947938933968544,0.015583230182528496,0.08571428571428572,0.09999999999771217
2409,198366,28.912518829702996,2.902876377105713,-0.10539510846138,0.0031821459997445345,0.10975609756097561,0.09999999999771217
2410,198499,7.05819515158538,0.2698478400707245,-0.06295716762542725,0.011442793533205986,0.09022556390977443,0.09999999999771217
2411,198501,-9.93118819136658,0.9099701642990112,-0.0844622477889061,0.005104938521981239,0.0,0.09999999999771217
2412,198603,23.32929310631215,0.6341233849525452,-0.06735770404338837,0.004988433793187141,0.10784313725490197,0.09999999999771217
2413,198694,-39.089317362905255,0.4814178943634033,-0.07741082459688187,0.002881506225094199,0.0989010989010989,0.09999999999771217
2414,198762,-2.262057631213663,0.4936690032482147,-0.10288187861442566,0.003528524888679385,0.07352941176470588,0.09999999999771217
2415,198820,3.5857865379248333,0.3983275890350342,-0.0921233668923378,0.00460833078250289,0.10344827586206896,0.09999999999771217
2416,198859,-19.127749146741984,0.962870717048645,-0.07900385558605194,0.003312008921056986,0.07692307692307693,0.09999999999771217
2417,198889,-18.957250128877085,1.0212880373001099,-0.10380534827709198,0.004790745675563812,0.13333333333333333,0.09999999999771217
2418,198940,-34.20261632566505,0.34460747241973877,-0.04702164977788925,0.022953057661652565,0.09803921568627451,0.09999999999771217
2419,199028,26.530931038560816,0.4315296411514282,-0.08933792263269424,0.0036521670408546925,0.07954545454545454,0.09999999999771217
2420,199101,27.917261325195696,1.7141541242599487,-0.07362893968820572,0.014900929294526577,0.0547945205479452,0.09999999999771217
2421,199156,25.88955873679136,0.9548733234405518,-0.08112294971942902,0.003783532651141286,0.12727272727272726,0.09999999999771217
2422,199236,29.127614593204466,0.4956035614013672,-0.08207520097494125,0.005073207896202803,0.1625,0.09999999999771217
2423,199352,22.33236679019632,0.7530823945999146,-0.07494994252920151,0.016068406403064728,0.08620689655172414,0.09999999999771217
2424,199435,29.24226593760953,0.5438029170036316,-0.0749954804778099,0.004255521576851606,0.10843373493975904,0.09999999999771217
2425,199535,3.4820381136755323,0.4921591579914093,-0.08999485522508621,0.0026787002570927143,0.15,0.09999999999771217
2426,199536,-8.094515144248774,2.448371171951294,-0.07932915538549423,0.00836945790797472,0.0,0.09999999999771217
2427,199611,26.466429571139045,0.5989992618560791,-0.07559337466955185,0.005420610774308443,0.06666666666666667,0.09999999999771217
2428,199664,-17.615626908175862,1.0015928745269775,-0.07424581050872803,0.00530249485746026,0.07547169811320754,0.09999999999771217
2429,199755,30.40632637504495,0.6499131917953491,-0.07701853662729263,0.006227641832083464,0.14285714285714285,0.09999999999771217
2430,199839,30.028401418945236,0.3646886348724365,-0.07447391003370285,0.0117867486551404,0.10714285714285714,0.09999999999771217
2431,199894,23.99077692682394,0.29580748081207275,-0.07331333309412003,0.0037637967616319656,0.09090909090909091,0.09999999999771217
2432,199918,-7.215408976390361,0.6972073316574097,-0.0777641162276268,0.003595303278416395,0.041666666666666664,0.09999999999771217
2433,200006,26.541088822396866,0.40677210688591003,-0.07221978902816772,0.013891753740608692,0.125,0.09999999999771217
2434,200087,-34.02128624613831,0.35474276542663574,-0.08786196261644363,0.00557826878502965,0.13580246913580246,0.09999999999771217
2435,200237,-10.32551208209938,0.6354495882987976,-0.09203165024518967,0.004502649884670973,0.13333333333333333,0.09999999999771217
2436,200325,30.056289155719057,0.380699098110199,-0.04452480375766754,0.039270877838134766,0.10227272727272728,0.09999999999771217
2437,200410,26.768222031239027,0.2703506350517273,-0.0835014209151268,0.002463298151269555,0.1411764705882353,0.09999999999771217
2438,200458,21.258318203983166,0.3890565037727356,-0.0781078115105629,0.004487743601202965,0.020833333333333332,0.09999999999771217
2439,200539,28.61100411259077,0.47567102313041687,-0.07599945366382599,0.005165568087249994,0.09876543209876543,0.09999999999771217
2440,200559,-12.535786283040576,0.7825528383255005,-0.09742482006549835,0.004526806995272636,0.15,0.09999999999771217
2441,200709,-25.112271578343744,2.032402753829956,-0.08511774986982346,0.0016581629170104861,0.08,0.09999999999771217
2442,200792,23.946443334238253,0.3684213161468506,-0.06690559536218643,0.004081221763044596,0.060240963855421686,0.09999999999771217
2443,200875,31.000759694006643,0.44602781534194946,-0.08512174338102341,0.002762426156550646,0.07228915662650602,0.09999999999771217
2444,200964,24.77602858509391,0.40571776032447815,-0.08151695132255554,0.0033572502434253693,0.07865168539325842,0.09999999999771217
2445,201057,23.08337424517682,1.4315580129623413,-0.0789591372013092,0.002780630486086011,0.08602150537634409,0.09999999999771217
2446,201129,25.679104218078884,0.36945369839668274,-0.05691811814904213,0.016328316181898117,0.06944444444444445,0.09999999999771217
2447,201217,28.894361173020897,0.44368934631347656,-0.09024897962808609,0.0018643224611878395,0.07954545454545454,0.09999999999771217
2448,201312,31.417304116974336,0.49178388714790344,-0.0523025244474411,0.0190834179520607,0.22105263157894736,0.09999999999771217
2449,201337,-23.196394113278984,0.7447851300239563,-0.08150284737348557,0.002284409711137414,0.08,0.09999999999771217
2450,201410,24.28742420188182,0.8579554557800293,-0.05634862929582596,0.0029937734361737967,0.0958904109589041,0.09999999999771217
2451,201465,21.142226452768803,0.42006656527519226,-0.08297346532344818,0.0036634784191846848,0.12727272727272726,0.09999999999771217
2452,201466,-8.089174990374412,0.9034818410873413,-0.06799789518117905,0.0034422327298671007,0.0,0.09999999999771217
2453,201554,29.119685026781255,0.47579294443130493,-0.07117538154125214,0.00495385006070137,0.11363636363636363,0.09999999999771217
2454,201636,13.17912366556788,12.893653869628906,-0.08529330790042877,0.008007751777768135,0.036585365853658534,0.09999999999771217
2455,201716,29.979954646957502,0.5375625491142273,-0.1094714030623436,0.004758254624903202,0.0625,0.09999999999771217
2456,201797,26.724235403457122,1.222832441329956,-0.08393047749996185,0.00806896761059761,0.18518518518518517,0.09999999999771217
2457,201848,20.10305847008209,0.3401971757411957,-0.08183103054761887,0.0017474369378760457,0.0196078431372549,0.09999999999771217
2458,201968,26.899039430415954,0.9757287502288818,-0.08681272715330124,0.00460234796628356,0.075,0.09999999999771217
2459,202061,6.691231563543081,0.38045716285705566,-0.06558927893638611,0.004226590972393751,0.043010752688172046,0.09999999999771217
2460,202138,24.362335248416702,0.7789254188537598,-0.09177565574645996,0.005739676300436258,0.1038961038961039,0.09999999999771217
2461,202243,24.274075545392925,1.0441220998764038,-0.06621722877025604,0.0035902622621506453,0.08571428571428572,0.09999999999771217
2462,202360,26.21160370882709,0.42885422706604004,-0.06540440768003464,0.012776104733347893,0.10256410256410256,0.09999999999771217
2463,202409,23.02080220733638,0.41369861364364624,-0.10292434692382812,0.009917676448822021,0.061224489795918366,0.09999999999771217
2464,202545,-32.96914755567857,0.7972248196601868,-0.08953536301851273,0.0029546276200562716,0.07352941176470588,0.09999999999771217
2465,202659,-20.79500857627753,0.31963562965393066,-0.08080192655324936,0.0064283995889127254,0.13157894736842105,0.09999999999771217
2466,202715,22.86625810733184,0.9849697947502136,-0.10290393233299255,0.002298276638612151,0.125,0.09999999999771217
2467,202766,25.223057199024083,0.6061370968818665,-0.07417035847902298,0.003934840206056833,0.0784313725490196,0.09999999999771217
2468,202833,27.20255435547164,1.7446669340133667,-0.06719692796468735,0.003804534673690796,0.11940298507462686,0.09999999999771217
2469,202911,25.94740494494078,0.4971003234386444,-0.07121419906616211,0.009042473509907722,0.1282051282051282,0.09999999999771217
2470,203004,-37.887984145476636,0.5259836912155151,-0.07860417664051056,0.005073842126876116,0.07526881720430108,0.09999999999771217
2471,203097,26.831053526910075,1.915181040763855,-0.06743359565734863,0.011300616897642612,0.08602150537634409,0.09999999999771217
2472,203159,26.988694071944174,1.5112344026565552,-0.08209748566150665,0.008530015125870705,0.1774193548387097,0.09999999999771217
2473,203309,-29.988404226143054,0.5734860897064209,-0.07433602958917618,0.005394018720835447,0.1,0.09999999999771217
2474,203359,21.45296090520808,0.37773001194000244,-0.08916749805212021,0.0038675982505083084,0.16,0.09999999999771217
2475,203434,25.91394870166582,0.6116987466812134,-0.05887249484658241,0.01626450940966606,0.05333333333333334,0.09999999999771217
2476,203517,23.072278344729682,0.6039722561836243,-0.07001467049121857,0.014739188365638256,0.0963855421686747,0.09999999999771217
2477,203592,-30.928216276660102,2.015223503112793,-0.06504643708467484,0.014239725656807423,0.09333333333333334,0.09999999999771217
2478,203665,26.376531981829753,1.4670162200927734,-0.056333333253860474,0.026971181854605675,0.1643835616438356,0.09999999999771217
2479,203666,-8.08399710146381,0.30494776368141174,-0.09581547230482101,0.005405442323535681,0.0,0.09999999999771217
2480,203743,26.703418661929128,0.34502699971199036,-0.07657811045646667,0.008981063030660152,0.05194805194805195,0.09999999999771217
2481,203791,23.292105009772605,0.5744277834892273,-0.07742996513843536,0.008356220088899136,0.08333333333333333,0.09999999999771217
2482,203883,29.614000517964712,0.6325232982635498,-0.08251698315143585,0.0031590359285473824,0.08695652173913043,0.09999999999771217
2483,203985,20.77842655156928,1.0366668701171875,-0.06150710955262184,0.009282815270125866,0.0784313725490196,0.09999999999771217
2484,204043,25.43145377436799,0.4467931091785431,-0.08015774935483932,0.002346429042518139,0.06896551724137931,0.09999999999771217
2485,204105,25.30858297471969,0.2804107666015625,-0.06928380578756332,0.0051743644289672375,0.16129032258064516,0.09999999999771217
2486,204134,-15.55421522956934,0.7636894583702087,-0.0693139135837555,0.0033098345156759024,0.13793103448275862,0.09999999999771217
2487,204195,26.406623586748992,0.31893932819366455,-0.0568452849984169,0.0216254610568285,0.11475409836065574,0.09999999999771217
2488,204275,-14.025904107944298,0.654535174369812,-0.08216080814599991,0.002477588364854455,0.0625,0.09999999999771217
2489,204425,-13.170674264656217,0.2973376512527466,-0.0790892019867897,0.0027047707699239254,0.12,0.09999999999771217
2490,204506,26.31167501319149,1.1597332954406738,-0.06993076205253601,0.0034166709519922733,0.04938271604938271,0.09999999999771217
2491,204567,25.6854875921084,0.657965898513794,-0.08864755928516388,0.003001702018082142,0.13114754098360656,0.09999999999771217
2492,204611,21.74701806913682,0.5282703042030334,-0.08011573553085327,0.010348018258810043,0.13636363636363635,0.09999999999771217
2493,204685,27.687715326644884,0.5286030173301697,-0.06411119550466537,0.012362374924123287,0.05405405405405406,0.09999999999771217
2494,204787,-26.12089099419554,0.4698810279369354,-0.0677262395620346,0.0086587592959404,0.09803921568627451,0.09999999999771217
2495,204863,26.49436852111743,1.2763326168060303,-0.07841695100069046,0.003233443247154355,0.09210526315789473,0.09999999999771217
2496,204926,24.68167184662029,1.6698589324951172,-0.06463762372732162,0.024232501164078712,0.07936507936507936,0.09999999999771217
2497,205006,26.728952413805665,0.859420895576477,-0.09730042517185211,0.004364639986306429,0.0625,0.09999999999771217
2498,205077,-6.446983056133256,1.5491468906402588,-0.07555347681045532,0.008638869971036911,0.09859154929577464,0.09999999999771217
2499,205124,21.73074475815903,1.3059711456298828,-0.05525496229529381,0.014506126753985882,0.1276595744680851,0.09999999999771217
2500,205224,23.631496653646792,0.95505690574646,-0.06872687488794327,0.0030538015998899937,0.24,0.09999999999771217
2501,205302,28.370102451199003,0.7116756439208984,-0.06110909953713417,0.007155353669077158,0.1282051282051282,0.09999999999771217
2502,205452,-28.46907086681094,1.3086707592010498,-0.08550392836332321,0.002434721915051341,0.06666666666666667,0.09999999999771217
2503,205524,28.181446469411433,1.4515726566314697,-0.09899701923131943,0.006954991724342108,0.09722222222222222,0.09999999999771217
2504,205628,25.304839747639036,0.23992587625980377,-0.06568852066993713,0.015708809718489647,0.07692307692307693,0.09999999999771217
2505,205675,3.2609352788853956,0.8615386486053467,-0.09669875353574753,0.003803085768595338,0.10638297872340426,0.09999999999771217
2506,205789,28.144831646452825,0.38120585680007935,-0.07955687493085861,0.004038095474243164,0.07017543859649122,0.09999999999771217
2507,205879,28.32728923515607,2.451979875564575,-0.08478555828332901,0.01253597903996706,0.08888888888888889,0.09999999999771217
2508,205923,-27.576542050874636,3.063047170639038,-0.08762440830469131,0.004019218031316996,0.11363636363636363,0.09999999999771217
2509,205993,23.335932780329237,0.582639217376709,-0.06177591159939766,0.005378606263548136,0.08571428571428572,0.09999999999771217
2510,206052,24.318496446842886,0.3238784074783325,-0.08482509851455688,0.007941026240587234,0.05084745762711865,0.09999999999771217
2511,206108,24.68647171913445,0.808279812335968,-0.053634241223335266,0.012787348590791225,0.08928571428571429,0.09999999999771217
2512,206143,-28.519673474311382,0.3740461468696594,-0.08417271822690964,0.0034490113612264395,0.05714285714285714,0.09999999999771217
2513,206217,6.335567108911189,0.6940500736236572,-0.05851234123110771,0.0071611301973462105,0.05405405405405406,0.09999999999771217
2514,206334,-7.841195420902091,0.4804900884628296,-0.09811224043369293,0.011049481108784676,0.1282051282051282,0.09999999999771217
2515,206416,9.23404351884355,0.29096782207489014,-0.06538327038288116,0.0025863784831017256,0.14634146341463414,0.09999999999771217
2516,206483,25.78519578622679,2.121776819229126,-0.0835634097456932,0.00571209704503417,0.07462686567164178,0.09999999999771217
2517,206537,22.88087380238002,1.3699803352355957,-0.0779852494597435,0.006538263522088528,0.05555555555555555,0.09999999999771217
2518,206584,23.86807336238158,0.32110291719436646,-0.0610857829451561,0.004247224424034357,0.19148936170212766,0.09999999999771217
2519,206657,27.92709413938038,0.760854959487915,-0.08379421383142471,0.005342497490346432,0.0547945205479452,0.09999999999771217
2520,206660,-11.030032699363389,0.4186897277832031,-0.0802728533744812,0.007233283016830683,0.3333333333333333,0.09999999999771217
2521,206746,26.60072360188685,0.5433014631271362,-0.0535818412899971,0.019655892625451088,0.10465116279069768,0.09999999999771217
2522,206858,-10.864212891870151,0.7471554279327393,-0.09386398643255234,0.003415598999708891,0.09821428571428571,0.09999999999771217
2523,206936,29.69252316271263,5.835986614227295,-0.0832001119852066,0.005438417196273804,0.11538461538461539,0.09999999999771217
2524,206988,-34.14496530825532,0.4000794589519501,-0.07759426534175873,0.00196727248840034,0.07692307692307693,0.09999999999771217
2525,207051,25.68675683752241,0.3777933716773987,-0.0631440281867981,0.0064457678236067295,0.14285714285714285,0.09999999999771217
2526,207132,1.467782896398841,1.1867074966430664,-0.06839609146118164,0.003942117094993591,0.06172839506172839,0.09999999999771217
2527,207180,-32.549995024071464,2.798288106918335,-0.08042360842227936,0.0029322600457817316,0.0625,0.09999999999771217
2528,207268,31.78124351285862,2.6316306591033936,-0.08001378923654556,0.003911266103386879,0.07954545454545454,0.09999999999771217
2529,207374,21.93797523490398,0.4030870199203491,-0.0849742516875267,0.00432671420276165,0.11320754716981132,0.09999999999771217
2530,207450,25.580521575128113,4.643787860870361,-0.0645260214805603,0.009862858802080154,0.06578947368421052,0.09999999999771217
2531,207514,25.604847530430714,0.5323733687400818,-0.05416077747941017,0.021586071699857712,0.140625,0.09999999999771217
2532,207605,30.50692844985277,0.6396363973617554,-0.07217337936162949,0.005758011247962713,0.12087912087912088,0.09999999999771217
2533,207673,24.728005868486772,0.47767066955566406,-0.07568936049938202,0.008347083814442158,0.10294117647058823,0.09999999999771217
2534,207724,20.5540019407945,0.9965347051620483,-0.10452589392662048,0.003003012854605913,0.0196078431372549,0.09999999999771217
2535,207784,24.961418563303525,0.9028849601745605,-0.09457699954509735,0.005400981288403273,0.16666666666666666,0.09999999999771217
2536,207872,29.89514237890148,0.5237296223640442,-0.08932366967201233,0.006190632004290819,0.11363636363636363,0.09999999999771217
2537,207997,25.761014537970212,0.46360161900520325,-0.07994511723518372,0.003406897885724902,0.096,0.09999999999771217
2538,208089,31.305635822347437,0.6300016641616821,-0.06984030455350876,0.0027386671863496304,0.16304347826086957,0.09999999999771217
2539,208167,24.30980103230302,0.46721190214157104,-0.07912735641002655,0.005362082272768021,0.11538461538461539,0.09999999999771217
2540,208317,-27.62143278564144,0.6243165135383606,-0.07818402349948883,0.004352574702352285,0.08666666666666667,0.09999999999771217
2541,208371,24.226871515873597,0.4828142821788788,-0.06363695114850998,0.007889504544436932,0.16666666666666666,0.09999999999771217
2542,208521,-10.348907555058592,0.4000907838344574,-0.08074922859668732,0.009166199713945389,0.08666666666666667,0.09999999999771217
2543,208605,30.08594150966477,0.9356008768081665,-0.07417313009500504,0.01023550983518362,0.10714285714285714,0.09999999999771217
2544,208673,22.830727164426452,7.434798240661621,-0.04415082186460495,0.017726004123687744,0.14705882352941177,0.09999999999771217
2545,208768,19.622133872351384,0.7900258302688599,-0.05809621512889862,0.021758856251835823,0.10526315789473684,0.09999999999771217
2546,208826,25.070196741312785,0.5762919187545776,-0.07322697341442108,0.002681076293811202,0.13793103448275862,0.09999999999771217
2547,208883,4.753886074366256,2.932786226272583,-0.08057492226362228,0.004227327182888985,0.05263157894736842,0.09999999999771217
2548,208969,30.085689903551263,0.3919771909713745,-0.07556439191102982,0.004596848972141743,0.12790697674418605,0.09999999999771217
2549,209036,-32.09821214640968,0.6813650131225586,-0.08590623736381531,0.012823965400457382,0.13432835820895522,0.09999999999771217
2550,209143,-15.588305576055513,0.5541337132453918,-0.06725946068763733,0.015345094725489616,0.07476635514018691,0.09999999999771217
2551,209223,-12.236573197542132,0.8241504430770874,-0.08876768499612808,0.005055844318121672,0.075,0.09999999999771217
2552,209309,29.24527026622865,0.42658451199531555,-0.05848804488778114,0.008595328778028488,0.06976744186046512,0.09999999999771217
2553,209371,25.181650207015355,1.458690881729126,-0.06886310875415802,0.01860787346959114,0.0967741935483871,0.09999999999771217
2554,209521,-47.213988836233526,1.1299245357513428,-0.07824535667896271,0.0047806911170482635,0.09333333333333334,0.09999999999771217
2555,209554,-22.016470670948742,0.5425615310668945,-0.08370615541934967,0.004901224747300148,0.15151515151515152,0.09999999999771217
2556,209631,-25.132332879678913,1.3821290731430054,-0.08584726601839066,0.0021567281801253557,0.07792207792207792,0.09999999999771217
2557,209765,19.033093439220863,0.822988748550415,-0.07887469977140427,0.003558875061571598,0.06716417910447761,0.09999999999771217
2558,209813,21.261960837609816,0.9004367589950562,-0.07254397124052048,0.010228285565972328,0.041666666666666664,0.09999999999771217
2559,209893,26.37111370406856,0.46796178817749023,-0.08942590653896332,0.005692696664482355,0.125,0.09999999999771217
2560,209940,22.32999843452156,0.6976867914199829,-0.08600681275129318,0.004759287927299738,0.0851063829787234,0.09999999999771217
2561,210004,27.15618743158562,1.761437177658081,-0.06870575249195099,0.011325683444738388,0.03125,0.09999999999771217
2562,210081,29.717516599679932,2.1583609580993652,-0.07355319708585739,0.00780814653262496,0.09090909090909091,0.09999999999771217
2563,210140,24.107504753832572,0.3996526300907135,-0.06876858323812485,0.008708751760423183,0.0847457627118644,0.09999999999771217
2564,210236,33.39243848402407,0.3960043787956238,-0.06739503890275955,0.007812461815774441,0.09375,0.09999999999771217
2565,210322,24.455137267760676,0.4104998707771301,-0.07039029151201248,0.006445268169045448,0.11627906976744186,0.09999999999771217
2566,210411,22.307258215445792,1.892836093902588,-0.08163291215896606,0.0034280158579349518,0.11235955056179775,0.09999999999771217
2567,210495,30.620284749819085,0.4612617492675781,-0.08222681283950806,0.004268193151801825,0.13095238095238096,0.09999999999771217
2568,210583,31.98826253694399,0.517734169960022,-0.07646981626749039,0.00931943953037262,0.07954545454545454,0.09999999999771217
2569,210670,31.731048020659898,0.8005037307739258,-0.07223696261644363,0.004957593511790037,0.16091954022988506,0.09999999999771217
2570,210763,27.548843556217967,0.6852930784225464,-0.07643754780292511,0.008097164332866669,0.12903225806451613,0.09999999999771217
2571,210810,-33.28193576956007,0.4221199154853821,-0.06919119507074356,0.004496871028095484,0.1276595744680851,0.09999999999771217
2572,210889,28.620473671396148,2.7868194580078125,-0.06794314831495285,0.003809139830991626,0.16455696202531644,0.09999999999771217
2573,210938,-33.012049576948606,0.7594614624977112,-0.08172263205051422,0.007899696007370949,0.10204081632653061,0.09999999999771217
2574,211010,-35.96397315271619,1.180771827697754,-0.07094310969114304,0.0029652866069227457,0.08333333333333333,0.09999999999771217
2575,211090,27.174388492583688,4.280806541442871,-0.07523348182439804,0.007645430974662304,0.1,0.09999999999771217
2576,211153,24.283580073449816,3.7003016471862793,-0.05738236755132675,0.011419260874390602,0.07936507936507936,0.09999999999771217
2577,211240,30.10620438273788,0.9953248500823975,-0.07381607592105865,0.004673541523516178,0.10344827586206896,0.09999999999771217
2578,211303,26.721164134698775,0.7518718838691711,-0.07407256960868835,0.01217380166053772,0.07936507936507936,0.09999999999771217
2579,211402,27.65814862921405,0.9260236620903015,-0.045711953192949295,0.0028222568798810244,0.12121212121212122,0.09999999999771217
2580,211485,27.94991116327912,0.294371634721756,-0.05314022675156593,0.009250654838979244,0.10843373493975904,0.09999999999771217
2581,211581,29.8774191296422,0.3918898403644562,-0.07205592095851898,0.010825546458363533,0.10416666666666667,0.09999999999771217
2582,211660,28.597222009184456,0.47441497445106506,-0.08671379089355469,0.008596930652856827,0.10126582278481013,0.09999999999771217
2583,211737,27.96315303874014,0.5223844647407532,-0.06574718654155731,0.004805330187082291,0.1038961038961039,0.09999999999771217
2584,211825,-20.146474352352396,0.9071191549301147,-0.07029589265584946,0.00502480985596776,0.045454545454545456,0.09999999999771217
2585,211905,30.320398791640137,1.2275491952896118,-0.0740206241607666,0.00902512576431036,0.125,0.09999999999771217
2586,211983,-1.786549331488354,0.6013326644897461,-0.09941449016332626,0.004947899375110865,0.10256410256410256,0.09999999999771217
2587,212036,20.6279748701933,1.0746870040893555,-0.065941222012043,0.0092187924310565,0.11320754716981132,0.09999999999771217
2588,212144,-7.962928335127961,0.4028180241584778,-0.0875815600156784,0.005497727543115616,0.10185185185185185,0.09999999999771217
2589,212232,-3.8590769037925905,0.4068252444267273,-0.08905386179685593,0.00274514127522707,0.09090909090909091,0.09999999999771217
2590,212342,3.0173811973467632,0.7904138565063477,-0.08659949153661728,0.00465462077409029,0.1,0.09999999999771217
2591,212377,-21.66968793101917,0.40949293971061707,-0.08022495359182358,0.011966186575591564,0.11428571428571428,0.09999999999771217
2592,212448,23.328126875508012,0.42058491706848145,-0.08619066327810287,0.010782198049128056,0.028169014084507043,0.09999999999771217
2593,212559,-41.584862975933774,0.5004656314849854,-0.07600434869527817,0.007465525530278683,0.09009009009009009,0.09999999999771217
2594,212626,-3.083638350158619,0.6378546953201294,-0.07663978636264801,0.005690038204193115,0.08955223880597014,0.09999999999771217
2595,212701,27.975599428800155,0.4227583706378937,-0.05080941319465637,0.02528633363544941,0.10666666666666667,0.09999999999771217
2596,212758,23.61232200286919,0.4790556728839874,-0.07136531174182892,0.0059351203963160515,0.12280701754385964,0.09999999999771217
2597,212813,22.20360687058103,1.553062081336975,-0.07139792293310165,0.0032594401855021715,0.05454545454545454,0.09999999999771217
2598,212900,29.84489509310484,0.41986894607543945,-0.06639216095209122,0.013311796821653843,0.09195402298850575,0.09999999999771217
2599,213015,0.6659895970958924,0.5240719318389893,-0.06930369883775711,0.00786186195909977,0.10434782608695652,0.09999999999771217
2600,213102,-20.20810515286353,2.855879545211792,-0.06489100307226181,0.01171758584678173,0.06896551724137931,0.09999999999771217
2601,213197,27.454305454549036,0.8222475051879883,-0.09266729652881622,0.0025610828306525946,0.14736842105263157,0.09999999999771217
2602,213293,22.87809534936472,1.6012948751449585,-0.06704936176538467,0.016697926446795464,0.13541666666666666,0.09999999999771217
2603,213392,32.41699203993247,0.9663572907447815,-0.06833793222904205,0.009781258180737495,0.06060606060606061,0.09999999999771217
2604,213470,28.86562746011441,0.5344207286834717,-0.07823238521814346,0.003504728199914098,0.08974358974358974,0.09999999999771217
2605,213572,28.118355619644305,1.0314844846725464,-0.06351997703313828,0.016111299395561218,0.11764705882352941,0.09999999999771217
2606,213648,25.839248006958094,0.42985785007476807,-0.06960123777389526,0.0026877806521952152,0.10526315789473684,0.09999999999771217
2607,213743,30.026426220142277,0.7019884586334229,-0.07935353368520737,0.0030550709925591946,0.11578947368421053,0.09999999999771217
2608,213805,27.23553632673248,2.1268649101257324,-0.07035508751869202,0.0028553660959005356,0.0967741935483871,0.09999999999771217
2609,213865,23.51866634360927,0.42295074462890625,-0.07771068066358566,0.00619436614215374,0.18333333333333332,0.09999999999771217
2610,213978,33.069092094303194,0.8433620929718018,-0.08648977428674698,0.021136082708835602,0.10619469026548672,0.09999999999771217
2611,214062,29.65000675224282,3.295226812362671,-0.07384932041168213,0.007060064468532801,0.13095238095238096,0.09999999999771217
2612,214145,26.30498505998031,0.5888963937759399,-0.0602567121386528,0.012587331235408783,0.060240963855421686,0.09999999999771217
2613,214228,30.070420628926097,0.33781707286834717,-0.08646618574857712,0.0076246680691838264,0.08433734939759036,0.09999999999771217
2614,214230,-10.261658029453523,0.87725830078125,-0.05693311244249344,0.018048232421278954,0.0,0.09999999999771217
2615,214318,32.3861692244121,0.38648003339767456,-0.056424275040626526,0.010058248415589333,0.125,0.09999999999771217
2616,214388,27.249649419849085,2.8777503967285156,-0.08503355085849762,0.0017990805208683014,0.12857142857142856,0.09999999999771217
2617,214440,23.694953346054263,0.7478552460670471,-0.07978631556034088,0.0032769839745014906,0.1346153846153846,0.09999999999771217
2618,214520,24.766842446734106,0.6691296100616455,-0.05505020171403885,0.008434265851974487,0.0625,0.09999999999771217
2619,214661,-3.5777179015383354,0.5191404819488525,-0.06978633254766464,0.004333886783570051,0.10638297872340426,0.09999999999771217
2620,214717,24.531767149802192,0.4874346852302551,-0.08709738403558731,0.005049253348261118,0.14285714285714285,0.09999999999771217
2621,214769,24.244823677495162,0.5591111779212952,-0.08478841930627823,0.004265974275767803,0.11538461538461539,0.09999999999771217
2622,214855,30.331221516376246,0.41574957966804504,-0.06479529291391373,0.004640710540115833,0.05813953488372093,0.09999999999771217
2623,214957,32.24881337833113,0.34695756435394287,-0.09533373266458511,0.008700479753315449,0.12745098039215685,0.09999999999771217
2624,215018,-37.45872331444414,0.37755298614501953,-0.07217410951852798,0.0027017523534595966,0.06557377049180328,0.09999999999771217
2625,215078,26.691607145903795,1.3001317977905273,-0.06241469457745552,0.010924343951046467,0.11666666666666667,0.09999999999771217
2626,215157,26.292102043190837,0.43123215436935425,-0.09436780959367752,0.003245625412091613,0.0379746835443038,0.09999999999771217
2627,215159,-10.257628608211439,0.6068273782730103,-0.0634252279996872,0.01373957097530365,0.0,0.09999999999771217
2628,215243,28.07068729481448,0.4685324430465698,-0.08855941891670227,0.002907581627368927,0.09523809523809523,0.09999999999771217
2629,215318,29.499660203694447,1.4462664127349854,-0.08032406866550446,0.003326697740703821,0.13333333333333333,0.09999999999771217
2630,215373,26.21457642261284,1.4888311624526978,-0.06457730382680893,0.004372395109385252,0.10909090909090909,0.09999999999771217
2631,215461,29.128147515150832,0.9293732047080994,-0.0674448013305664,0.006464220583438873,0.11363636363636363,0.09999999999771217
2632,215537,29.482452456796253,0.650158166885376,-0.09776030480861664,0.0016151433810591698,0.10526315789473684,0.09999999999771217
2633,215598,25.34884594445655,2.490997552871704,-0.06064477935433388,0.003301198361441493,0.04918032786885246,0.09999999999771217
2634,215673,25.41845361844239,0.8099527359008789,-0.06008654087781906,0.009076377376914024,0.09333333333333334,0.09999999999771217
2635,215756,-36.51861460616685,0.6496216654777527,-0.06802676618099213,0.01724051684141159,0.08433734939759036,0.09999999999771217
2636,215812,23.71944749127308,0.3887125253677368,-0.08107523620128632,0.0015960077289491892,0.16071428571428573,0.09999999999771217
2637,215886,26.366046628352535,1.0086674690246582,-0.07782120257616043,0.009623005986213684,0.08108108108108109,0.09999999999771217
2638,215966,30.071927084032524,0.8237833380699158,-0.06589628756046295,0.006582634523510933,0.0625,0.09999999999771217
2639,216028,26.630876634353776,0.9218777418136597,-0.0923718512058258,0.005448049865663052,0.11290322580645161,0.09999999999771217
2640,216111,27.94849073315798,2.458693027496338,-0.0723835676908493,0.00336672505363822,0.08433734939759036,0.09999999999771217
2641,216170,24.628440993104373,0.5298202037811279,-0.0703665018081665,0.00804048404097557,0.05084745762711865,0.09999999999771217
2642,216254,23.58526201329269,1.6164097785949707,-0.05231059342622757,0.020412379875779152,0.13095238095238096,0.09999999999771217
2643,216337,30.9374577193182,0.9255974292755127,-0.034879498183727264,0.017415763810276985,0.10843373493975904,0.09999999999771217
2644,216389,23.90063437176492,0.5593925714492798,-0.08212348818778992,0.007551317103207111,0.15384615384615385,0.09999999999771217
2645,216445,25.777855313749427,6.601851940155029,-0.06281954795122147,0.008667430840432644,0.08928571428571429,0.09999999999771217
2646,216570,-15.535637109660101,0.7292286157608032,-0.07287932932376862,0.0025694009382277727,0.128,0.09999999999771217
2647,216628,25.612257011752178,0.5675033330917358,-0.06526795774698257,0.007889099419116974,0.13793103448275862,0.09999999999771217
2648,216719,30.815837133982654,0.8131665587425232,-0.052159734070301056,0.014049531891942024,0.12087912087912088,0.09999999999771217
2649,216778,24.263637071866174,3.2687294483184814,-0.066239133477211,0.012650994583964348,0.06779661016949153,0.09999999999771217
2650,216865,30.686210939132245,1.0189145803451538,-0.07707978039979935,0.0027271376457065344,0.12643678160919541,0.09999999999771217
2651,216947,2.9625636453523434,0.34777164459228516,-0.07744346559047699,0.0016760764410719275,0.08536585365853659,0.09999999999771217
2652,217028,27.617969896392587,0.6306486129760742,-0.0656566470861435,0.012603674083948135,0.06172839506172839,0.09999999999771217
2653,217132,-3.330051067767563,0.8351999521255493,-0.08576427400112152,0.004769947845488787,0.10576923076923077,0.09999999999771217
2654,217196,6.337590632624677,0.4936622381210327,-0.09905955195426941,0.0022792534437030554,0.0625,0.09999999999771217
2655,217251,24.530514647831456,0.4935222566127777,-0.08021993935108185,0.010511156171560287,0.16363636363636364,0.09999999999771217
2656,217332,27.21595929424339,1.2172496318817139,-0.06836138665676117,0.0064193448051810265,0.09876543209876543,0.09999999999771217
2657,217400,27.1719147361123,0.4532608389854431,-0.07242345064878464,0.008327840827405453,0.08823529411764706,0.09999999999771217
2658,217507,27.55090906972706,1.3117890357971191,-0.06649594008922577,0.00944218598306179,0.14953271028037382,0.09999999999771217
2659,217562,26.106289083442473,0.5235300660133362,-0.06936235725879669,0.014145883731544018,0.12727272727272726,0.09999999999771217
2660,217604,-23.12317678564017,0.5348471403121948,-0.06570179760456085,0.008921714499592781,0.07142857142857142,0.09999999999771217
2661,217687,29.63065117154136,2.4920661449432373,-0.07831075042486191,0.002920957049354911,0.07228915662650602,0.09999999999771217
2662,217777,26.68446167304183,0.42262405157089233,-0.07162941247224808,0.010257040150463581,0.08888888888888889,0.09999999999771217
2663,217863,28.80026698105633,1.398772954940796,-0.08671583980321884,0.004711698275059462,0.13953488372093023,0.09999999999771217
2664,217998,6.453274156952073,1.0111110210418701,-0.050065964460372925,0.03035040944814682,0.1259259259259259,0.09999999999771217
2665,218076,-5.5612239336022276,3.649780750274658,-0.07538647204637527,0.005998067557811737,0.1282051282051282,0.09999999999771217
2666,218182,-6.050218474247142,0.4420446753501892,-0.09302939474582672,0.004125944804400206,0.04716981132075472,0.09999999999771217
2667,218236,24.043997510016176,3.061349868774414,-0.07122287154197693,0.009686874225735664,0.07407407407407407,0.09999999999771217
2668,218276,-23.319165797374108,0.5283850431442261,-0.09243519604206085,0.0022373278625309467,0.05,0.09999999999771217
2669,218305,-23.262295908092412,0.43213313817977905,-0.07100947946310043,0.00496705574914813,0.20689655172413793,0.09999999999771217
2670,218379,27.466782405046494,1.7646667957305908,-0.05372176319360733,0.014536706730723381,0.16216216216216217,0.09999999999771217
2671,218435,-33.365793106806315,2.522592782974243,-0.07316319644451141,0.006294882390648127,0.07142857142857142,0.09999999999771217
2672,218511,26.149362289708698,0.9659099578857422,-0.07300667464733124,0.008690753020346165,0.07894736842105263,0.09999999999771217
2673,218578,24.858840801353097,1.068935751914978,-0.07430725544691086,0.003260445548221469,0.14925373134328357,0.09999999999771217
2674,218621,-23.216736372691713,2.1635260581970215,-0.08504420518875122,0.008106328547000885,0.18604651162790697,0.09999999999771217
2675,218710,32.03127424629275,0.3785759508609772,-0.08492693305015564,0.005607252009212971,0.1348314606741573,0.09999999999771217
2676,218809,25.721672256963224,0.8229978680610657,-0.07383284717798233,0.012437422759830952,0.1111111111111111,0.09999999999771217
2677,218867,24.15394379946111,0.3872077465057373,-0.060101158916950226,0.0051375324837863445,0.08620689655172414,0.09999999999771217
2678,218923,26.259022329528353,0.769234836101532,-0.05460820719599724,0.01428299117833376,0.14285714285714285,0.09999999999771217
2679,218972,23.051876500450206,1.2649509906768799,-0.08819794654846191,0.004332662560045719,0.08163265306122448,0.09999999999771217
2680,219071,29.81265651251992,1.6165976524353027,-0.07211200147867203,0.007971101440489292,0.08080808080808081,0.09999999999771217
2681,219072,-8.152862367212798,1.3522651195526123,-0.06651799380779266,0.009235894307494164,0.0,0.09999999999771217
2682,219129,26.51775216741205,0.6339501738548279,-0.09217575937509537,0.0025793537497520447,0.12280701754385964,0.09999999999771217
2683,219246,28.59401545333213,1.7480696439743042,-0.05831491947174072,0.005726607050746679,0.1282051282051282,0.09999999999771217
2684,219337,31.341607487781012,0.6157780885696411,-0.06165841221809387,0.012747103348374367,0.10989010989010989,0.09999999999771217
2685,219454,-43.2024825953269,0.6516449451446533,-0.043101564049720764,0.016592567786574364,0.08547008547008547,0.09999999999771217
2686,219550,32.29710156754532,0.5801689624786377,-0.08572856336832047,0.00880853645503521,0.07291666666666667,0.09999999999771217
2687,219663,25.625855505017366,1.7524558305740356,-0.08845245838165283,0.004832564853131771,0.10619469026548672,0.09999999999771217
2688,219713,23.978287292397784,0.5570041537284851,-0.053287409245967865,0.010874920524656773,0.14,0.09999999999771217
2689,219825,29.005327884172623,0.4443207085132599,-0.06392816454172134,0.008226200006902218,0.07142857142857142,0.09999999999771217
2690,219906,27.181056913346524,1.3436907529830933,-0.07930748164653778,0.01002790778875351,0.07407407407407407,0.09999999999771217
2691,219969,27.522475548226687,1.4571595191955566,-0.08316051959991455,0.0018003139412030578,0.09523809523809523,0.09999999999771217
2692,220027,26.0728924155546,0.3270401060581207,-0.0584346167743206,0.0048436569049954414,0.10344827586206896,0.09999999999771217
2693,220078,24.6425830279565,0.8341830968856812,-0.044388338923454285,0.012732019647955894,0.0784313725490196,0.09999999999771217
2694,220179,28.51740349186791,1.293506383895874,-0.06250269711017609,0.0071730585768818855,0.09900990099009901,0.09999999999771217
2695,220257,27.21647875291116,3.1805367469787598,-0.08540904521942139,0.0029116959776729345,0.08974358974358974,0.09999999999771217
2696,220336,29.644011033442773,1.0363106727600098,-0.08173992484807968,0.004653359763324261,0.13924050632911392,0.09999999999771217
2697,220438,26.283048550825846,0.7527300715446472,-0.070709228515625,0.004676782991737127,0.08823529411764706,0.09999999999771217
2698,220495,25.612970118359502,0.7675321102142334,-0.06079646944999695,0.0035088418517261744,0.17543859649122806,0.09999999999771217
2699,220557,26.147500338843326,0.6657407879829407,-0.05388754978775978,0.00452966196462512,0.14516129032258066,0.09999999999771217
2700,220558,-8.072964255560123,0.34255701303482056,-0.0565878190100193,0.01486937329173088,1.0,0.09999999999771217
2701,220652,31.022099643658642,0.7648279070854187,-0.08056643605232239,0.006678858306258917,0.19148936170212766,0.09999999999771217
2702,220705,22.379590673086714,0.47449326515197754,-0.09329066425561905,0.008488659746944904,0.09433962264150944,0.09999999999771217
2703,220790,-20.125557546597847,0.6235333681106567,-0.0733548179268837,0.011214174330234528,0.08235294117647059,0.09999999999771217
2704,220940,-5.03156765700021,1.0932137966156006,-0.050406645983457565,0.017228256911039352,0.06,0.09999999999771217
2705,221069,21.368524975444217,1.8440569639205933,-0.06451299786567688,0.004736254923045635,0.06976744186046512,0.09999999999771217
2706,221154,30.26851213056722,1.4489455223083496,-0.043280184268951416,0.027755752205848694,0.03529411764705882,0.09999999999771217
2707,221304,-27.302883025208637,0.8174372315406799,-0.052616700530052185,0.006409413181245327,0.07333333333333333,0.09999999999771217
2708,221386,28.658148255339086,0.5543724894523621,-0.06865686923265457,0.017918920144438744,0.12195121951219512,0.09999999999771217
2709,221461,25.81602479870394,0.4949192404747009,-0.05322066321969032,0.004897346254438162,0.06666666666666667,0.09999999999771217
2710,221522,-35.614505849657704,1.7206535339355469,-0.08653470873832703,0.005712434649467468,0.11475409836065574,0.09999999999771217
2711,221603,30.893398233833704,0.7136112451553345,-0.05654749646782875,0.0030690564308315516,0.1111111111111111,0.09999999999771217
2712,221712,27.08986896963822,0.5830808877944946,-0.06863541901111603,0.008255819790065289,0.11009174311926606,0.09999999999771217
2713,221806,31.922763280590882,0.6285643577575684,-0.042834922671318054,0.02082800678908825,0.1276595744680851,0.09999999999771217
2714,221956,1.4847933489230858,0.35699474811553955,-0.06672157347202301,0.012777199037373066,0.06666666666666667,0.09999999999771217
2715,222062,23.071560022017763,0.78819340467453,-0.05605188012123108,0.024613574147224426,0.08490566037735849,0.09999999999771217
2716,222146,27.8875223969915,0.451447993516922,-0.052498411387205124,0.020847301930189133,0.07142857142857142,0.09999999999771217
2717,222229,30.530135709659127,0.7096582651138306,-0.05753137916326523,0.009227728471159935,0.0963855421686747,0.09999999999771217
2718,222308,-22.32634995837516,0.868281364440918,-0.07322825491428375,0.005917304195463657,0.08860759493670886,0.09999999999771217
2719,222389,29.73223918826349,0.7345728874206543,-0.0748375952243805,0.003954407759010792,0.13580246913580246,0.09999999999771217
2720,222468,27.606159500935036,0.383884072303772,-0.07288701087236404,0.0023468229919672012,0.0379746835443038,0.09999999999771217
2721,222534,-19.971500955978474,0.5478098392486572,-0.062050655484199524,0.019938327372074127,0.10606060606060606,0.09999999999771217
2722,222612,26.791632089118114,1.2544630765914917,-0.07338015735149384,0.004600443411618471,0.0641025641025641,0.09999999999771217
2723,222738,6.686069459961934,0.9422742128372192,-0.06950204074382782,0.008795672096312046,0.09523809523809523,0.09999999999771217
2724,222814,28.940476549267366,0.49279558658599854,-0.057131167501211166,0.020550746470689774,0.10526315789473684,0.09999999999771217
2725,222869,25.73673906650729,0.336249977350235,-0.06958109885454178,0.00955699197947979,0.10909090909090909,0.09999999999771217
2726,222967,25.314296447771092,1.6745514869689941,-0.07776618748903275,0.004314669407904148,0.10204081632653061,0.09999999999771217
2727,223099,-3.1012487386180823,0.5013827085494995,-0.08117443323135376,0.0008585143368691206,0.07575757575757576,0.09999999999771217
2728,223177,29.36365776518737,14.607337951660156,-0.07784099876880646,0.0075125484727323055,0.14102564102564102,0.09999999999771217
2729,223273,20.228362948068295,0.318117618560791,-0.04482491314411163,0.020999742671847343,0.07291666666666667,0.09999999999771217
2730,223374,26.424997101604557,0.28680187463760376,-0.07547809928655624,0.0017239053267985582,0.1188118811881188,0.09999999999771217
2731,223436,27.480749424685968,0.4247746169567108,-0.07260767370462418,0.007651109714061022,0.11290322580645161,0.09999999999771217
2732,223521,28.22142178933438,0.28201931715011597,-0.08160265535116196,0.0028054385911673307,0.023529411764705882,0.09999999999771217
2733,223671,-4.0231378293505315,1.6916321516036987,-0.06796631217002869,0.008808927610516548,0.10666666666666667,0.09999999999771217
2734,223781,22.63002114498583,0.6634529232978821,-0.05125058442354202,0.02074640989303589,0.05454545454545454,0.09999999999771217
2735,223782,-8.098621015958068,1.5661404132843018,-0.08279330283403397,0.0074263764545321465,0.0,0.09999999999771217
2736,223835,23.995626098075192,0.3940286636352539,-0.07050640881061554,0.017788033932447433,0.09433962264150944,0.09999999999771217
2737,223935,27.736729491912534,0.4600984752178192,-0.07324287295341492,0.010500159114599228,0.1,0.09999999999771217
2738,224026,-37.91631296866962,0.3614414632320404,-0.07514026761054993,0.003362651215866208,0.0989010989010989,0.09999999999771217
2739,224122,28.877699765337,0.5225016474723816,-0.09233327955007553,0.0026425833348184824,0.13541666666666666,0.09999999999771217
2740,224123,-8.068484663597722,0.5306534767150879,-0.09233327955007553,0.0026425833348184824,0.0,0.09999999999771217
2741,224226,30.43695450823792,0.6353251338005066,-0.06476141512393951,0.0025053999852389097,0.10679611650485436,0.09999999999771217
2742,224335,26.20875780690107,0.7630700469017029,-0.0771559476852417,0.01054531428962946,0.09174311926605505,0.09999999999771217
2743,224436,26.968192540162633,1.965435266494751,-0.060530152171850204,0.013558941893279552,0.1188118811881188,0.09999999999771217
2744,224489,23.825234658266634,0.4408770799636841,-0.06319600343704224,0.0026142646092921495,0.16981132075471697,0.09999999999771217
2745,224552,24.907299558872943,3.8616445064544678,-0.07091569900512695,0.004031728953123093,0.12698412698412698,0.09999999999771217
2746,224656,1.9305273304846118,0.44146305322647095,-0.06052423268556595,0.01060452125966549,0.08653846153846154,0.09999999999771217
2747,224745,-11.73908450175973,1.8909233808517456,-0.04935035482048988,0.03429107740521431,0.11235955056179775,0.09999999999771217
2748,224796,22.035516741941084,0.8770500421524048,-0.06998554617166519,0.003590567735955119,0.0784313725490196,0.09999999999771217
2749,224927,-19.82089181971012,0.3309451937675476,-0.09120108187198639,0.003833809867501259,0.10687022900763359,0.09999999999771217
2750,225016,30.53485108416684,0.3540151119232178,-0.04064498469233513,0.027058657258749008,0.0898876404494382,0.09999999999771217
2751,225097,27.585525099755316,0.4309818744659424,-0.05688825249671936,0.008833288215100765,0.18518518518518517,0.09999999999771217
2752,225156,-35.5951240380812,0.7849753499031067,-0.058643143624067307,0.017673004418611526,0.1016949152542373,0.09999999999771217
2753,225249,27.84219861381463,0.7036769986152649,-0.06508898735046387,0.006147160194814205,0.11827956989247312,0.09999999999771217
2754,225314,22.896903339556367,0.7136362791061401,-0.0607343353331089,0.009731341153383255,0.09230769230769231,0.09999999999771217
2755,225396,-37.98190212921197,0.7577835917472839,-0.07865819334983826,0.0025474471040070057,0.08536585365853659,0.09999999999771217
2756,225500,31.24021859848567,0.7862951755523682,-0.08251020312309265,0.006646941415965557,0.04807692307692308,0.09999999999771217
2757,225556,24.62734338055174,2.815265655517578,-0.07228336483240128,0.010943973436951637,0.07142857142857142,0.09999999999771217
2758,225609,21.808990534220047,2.410244941711426,-0.057480957359075546,0.011152972467243671,0.11320754716981132,0.09999999999771217
2759,225680,24.23422180506363,0.6939853429794312,-0.06072384491562843,0.012580562382936478,0.11267605633802817,0.09999999999771217
2760,225750,-36.0769240273245,0.5027607083320618,-0.07204661518335342,0.004908690694719553,0.1,0.09999999999771217
2761,225836,28.26493726059568,1.1129035949707031,-0.09428786486387253,0.00500442972406745,0.023255813953488372,0.09999999999771217
2762,225921,28.348231292346945,0.7614705562591553,-0.08151586353778839,0.004010458942502737,0.07058823529411765,0.09999999999771217
2763,226004,28.985519162174167,0.5660659074783325,-0.07832615822553635,0.001464633853174746,0.08433734939759036,0.09999999999771217
2764,226057,22.044042198633566,1.38462495803833,-0.0761447474360466,0.004674899857491255,0.11320754716981132,0.09999999999771217
2765,226135,26.97432422509823,0.45807701349258423,-0.04886839911341667,0.008096083998680115,0.0641025641025641,0.09999999999771217
2766,226211,28.88579672916498,1.9996936321258545,-0.07925736159086227,0.0067262547090649605,0.05263157894736842,0.09999999999771217
2767,226349,22.97986425264839,0.5553345084190369,-0.07974308729171753,0.015799567103385925,0.10869565217391304,0.09999999999771217
2768,226447,25.484185460051997,1.1708478927612305,-0.05529279261827469,0.009922691620886326,0.11224489795918367,0.09999999999771217
2769,226553,-23.569612575256983,1.3885493278503418,-0.0771418884396553,0.015507509931921959,0.08490566037735849,0.09999999999771217
2770,226595,-27.251470074909648,0.4785817861557007,-0.0655544251203537,0.00972847267985344,0.09523809523809523,0.09999999999771217
2771,226678,28.885564474958187,0.608205258846283,-0.09529105573892593,0.004328158218413591,0.1566265060240964,0.09999999999771217
2772,226757,25.613809168473693,0.5658715963363647,-0.07053044438362122,0.009940041229128838,0.05063291139240506,0.09999999999771217
2773,226841,28.94926327551782,1.7440459728240967,-0.06766428053379059,0.007763031870126724,0.047619047619047616,0.09999999999771217
2774,226948,27.781068799250768,0.5182188749313354,-0.07053429633378983,0.010412772186100483,0.14018691588785046,0.09999999999771217
2775,227024,22.649487549333614,0.7455400228500366,-0.08258439600467682,0.008407794870436192,0.11842105263157894,0.09999999999771217
2776,227097,26.927860819314162,0.8725172281265259,-0.057553038001060486,0.009859628044068813,0.1232876712328767,0.09999999999771217
2777,227147,22.088543301904085,0.9987310171127319,-0.05272720009088516,0.016738811507821083,0.1,0.09999999999771217
2778,227237,26.739635895895024,0.6469770073890686,-0.07286159694194794,0.008865530602633953,0.13333333333333333,0.09999999999771217
2779,227295,24.920819743488064,0.7432610988616943,-0.07692214101552963,0.008872857317328453,0.08620689655172414,0.09999999999771217
2780,227379,26.070087032904404,1.228776454925537,-0.07233299314975739,0.010141617618501186,0.07142857142857142,0.09999999999771217
2781,227463,30.16091806723103,0.5168930292129517,-0.08160288631916046,0.0071207392029464245,0.08333333333333333,0.09999999999771217
2782,227568,25.184001711546195,0.9352582693099976,-0.07077308744192123,0.004774123430252075,0.09523809523809523,0.09999999999771217
2783,227630,24.929705727359522,3.372276782989502,-0.05591023713350296,0.004899229388684034,0.08064516129032258,0.09999999999771217
2784,227715,30.524617045132963,0.4538027048110962,-0.05337328463792801,0.008062697947025299,0.1411764705882353,0.09999999999771217
2785,227777,25.18263537724338,0.8940221071243286,-0.06417408585548401,0.007326082792133093,0.0967741935483871,0.09999999999771217
2786,227877,-27.109444177563915,0.582061767578125,-0.0736081600189209,0.006438491400331259,0.06,0.09999999999771217
2787,228011,27.93942347210858,0.626515805721283,-0.07669737935066223,0.006714670918881893,0.09701492537313433,0.09999999999771217
2788,228088,-4.330207517780398,1.885725736618042,-0.0885494127869606,0.006096200086176395,0.09090909090909091,0.09999999999771217
2789,228140,24.511351229325562,1.2387008666992188,-0.054254915565252304,0.019219260662794113,0.038461538461538464,0.09999999999771217
2790,228290,3.4798812059717834,0.7136247158050537,-0.039326418191194534,0.03659219667315483,0.15333333333333332,0.09999999999771217
2791,228365,27.247223750280604,0.6787189841270447,-0.06507609039545059,0.00733604421839118,0.06666666666666667,0.09999999999771217
2792,228420,25.297204375394102,0.8035035133361816,-0.07110679894685745,0.004496450070291758,0.12727272727272726,0.09999999999771217
2793,228422,-10.307525436634057,0.5930213928222656,-0.04975081980228424,0.007151808589696884,0.0,0.09999999999771217
2794,228549,-33.56653819990996,0.44874832034111023,-0.06832177937030792,0.003393651684746146,0.09448818897637795,0.09999999999771217
2795,228627,27.208494313959346,12.200362205505371,-0.095448337495327,0.007515993434935808,0.0641025641025641,0.09999999999771217
2796,228715,-35.01846648796417,0.8415062427520752,-0.06900373101234436,0.008113677613437176,0.07954545454545454,0.09999999999771217
2797,228716,-8.106473229350003,0.2612558603286743,-0.08286967873573303,0.002687710104510188,0.0,0.09999999999771217
2798,228796,27.67529847329154,0.7153319716453552,-0.07149554789066315,0.011736759915947914,0.1,0.09999999999771217
2799,228900,28.171570382597828,0.655957818031311,-0.06642331182956696,0.008483470417559147,0.14423076923076922,0.09999999999771217
2800,228976,27.422877083721055,0.7778384685516357,-0.059194646775722504,0.009467868134379387,0.11842105263157894,0.09999999999771217
2801,229071,26.56798241759433,0.5256767272949219,-0.049055635929107666,0.007571847643703222,0.12631578947368421,0.09999999999771217
2802,229125,25.013787302234007,0.37044137716293335,-0.06505101919174194,0.007917110808193684,0.1111111111111111,0.09999999999771217
2803,229218,21.382786267634195,0.4172576665878296,-0.08620905876159668,0.003066012868657708,0.11827956989247312,0.09999999999771217
2804,229368,-26.577051963341965,0.5434651374816895,-0.07408877462148666,0.008153492584824562,0.06666666666666667,0.09999999999771217
2805,229457,28.43762006741283,0.5553727149963379,-0.06256730109453201,0.003861434292048216,0.0898876404494382,0.09999999999771217
2806,229575,30.62981812627289,0.5899630188941956,-0.06240043789148331,0.008839637041091919,0.13559322033898305,0.09999999999771217
2807,229636,25.537339992971134,1.0651984214782715,-0.0469876192510128,0.009411323815584183,0.13114754098360656,0.09999999999771217
2808,229741,-38.121092559053274,1.0223472118377686,-0.06055202707648277,0.018837865442037582,0.09523809523809523,0.09999999999771217
2809,229859,21.394039938883846,0.8260276913642883,-0.04651755839586258,0.014708399772644043,0.09322033898305085,0.09999999999771217
2810,229947,26.38134023512909,2.1779563426971436,-0.04773294925689697,0.014796322211623192,0.10227272727272728,0.09999999999771217
2811,230030,29.60784746294744,0.44740235805511475,-0.09140439331531525,0.00469534145668149,0.14457831325301204,0.09999999999771217
2812,230170,25.239090041605593,0.6821410655975342,-0.0689571350812912,0.004970120266079903,0.1357142857142857,0.09999999999771217
2813,230231,26.656876725458027,1.2727434635162354,-0.06267115473747253,0.01823006384074688,0.08196721311475409,0.09999999999771217
2814,230315,29.86725307566695,0.37546414136886597,-0.07358482480049133,0.01787414588034153,0.10714285714285714,0.09999999999771217
2815,230397,29.92913144289951,0.4015582799911499,-0.06396467983722687,0.008500365540385246,0.10975609756097561,0.09999999999771217
2816,230479,29.19472553830333,0.6004166007041931,-0.0687030777335167,0.002861614804714918,0.15853658536585366,0.09999999999771217
2817,230525,18.543033090236086,0.6157729625701904,-0.09264615178108215,0.0066793132573366165,0.08695652173913043,0.09999999999771217
2818,230594,6.374695663235159,0.8324694633483887,-0.05493958294391632,0.004098277073353529,0.07246376811594203,0.09999999999771217
2819,230698,33.0691709659027,0.6099289059638977,-0.0688021332025528,0.01265828125178814,0.08653846153846154,0.09999999999771217
2820,230783,29.834153903435453,1.4416559934616089,-0.05554012209177017,0.013049214147031307,0.11764705882352941,0.09999999999771217
2821,230862,-35.26677004378675,10.708609580993652,-0.05889821797609329,0.01364433765411377,0.10126582278481013,0.09999999999771217
2822,230973,30.92989619437825,0.5121577978134155,-0.08889134228229523,0.008835867047309875,0.12612612612612611,0.09999999999771217
2823,231069,29.968062820138293,0.3240106403827667,-0.06338396668434143,0.007968109101057053,0.0625,0.09999999999771217
2824,231175,19.246223224461474,0.6858516931533813,-0.06416962295770645,0.00477975606918335,0.1320754716981132,0.09999999999771217
2825,231258,28.51761682082976,0.5158686637878418,-0.060200221836566925,0.01235448569059372,0.1566265060240964,0.09999999999771217
2826,231345,6.418181396071493,1.0465129613876343,-0.09285934269428253,0.0031763457227498293,0.12643678160919541,0.09999999999771217
2827,231404,26.363338484563386,0.5674725770950317,-0.060912325978279114,0.009306407533586025,0.11864406779661017,0.09999999999771217
2828,231554,-31.33130841743168,0.5379606485366821,-0.05929945781826973,0.01126802247017622,0.07333333333333333,0.09999999999771217
2829,231656,-21.75516688467605,0.36940333247184753,-0.06261706352233887,0.009499839507043362,0.058823529411764705,0.09999999999771217
2830,231776,-37.2149420838567,2.2092223167419434,-0.08047430962324142,0.00707678496837616,0.11666666666666667,0.09999999999771217
2831,231860,29.598847776845147,0.8351702094078064,-0.0487845279276371,0.012776817195117474,0.09523809523809523,0.09999999999771217
2832,232010,-2.6945925620516897,0.5444831848144531,-0.05924372375011444,0.00428745336830616,0.10666666666666667,0.09999999999771217
2833,232091,25.6075822097342,0.508895754814148,-0.06874977797269821,0.005031129810959101,0.1111111111111111,0.09999999999771217
2834,232150,23.522126564346046,0.5177153944969177,-0.07531439512968063,0.005742678418755531,0.11864406779661017,0.09999999999771217
2835,232218,27.138577305566137,0.35705330967903137,-0.06573978066444397,0.00433528795838356,0.07352941176470588,0.09999999999771217
2836,232321,24.56837581993984,6.308741569519043,-0.07938732206821442,0.0052556199952960014,0.08737864077669903,0.09999999999771217
2837,232398,26.87862476098427,0.4634663760662079,-0.06553958356380463,0.014130895957350731,0.06493506493506493,0.09999999999771217
2838,232453,25.300002693244473,0.5849698781967163,-0.04593183845281601,0.0252628643065691,0.10909090909090909,0.09999999999771217
2839,232586,28.19808912939204,0.4708394408226013,-0.09037686884403229,0.00416818680241704,0.10526315789473684,0.09999999999771217
2840,232688,-24.99022920480116,0.8128037452697754,-0.0685783326625824,0.0027602293994277716,0.049019607843137254,0.09999999999771217
2841,232782,29.432473893023243,0.9135028123855591,-0.0770353153347969,0.011751369573175907,0.10638297872340426,0.09999999999771217
2842,232875,4.260230264713778,0.37116092443466187,-0.06994518637657166,0.004297104198485613,0.0967741935483871,0.09999999999771217
2843,232934,26.331731234571876,0.6429692506790161,-0.044260963797569275,0.007945780642330647,0.0847457627118644,0.09999999999771217
2844,233014,27.77224426757491,0.5058801174163818,-0.06691455096006393,0.019596083089709282,0.0875,0.09999999999771217
2845,233127,26.030110444679444,0.4768628478050232,-0.06856744736433029,0.009483994916081429,0.10619469026548672,0.09999999999771217
2846,233207,28.149273638161574,0.496735155582428,-0.04046144708991051,0.026331160217523575,0.05,0.09999999999771217
2847,233280,-3.586472834299613,0.589286744594574,-0.06628215312957764,0.007533887401223183,0.1095890410958904,0.09999999999771217
2848,233430,0.34620914942552705,0.987991213798523,-0.07808288931846619,0.0029190112836658955,0.12666666666666668,0.09999999999771217
2849,233515,27.798179330280526,1.1218771934509277,-0.0587310791015625,0.013518430292606354,0.11764705882352941,0.09999999999771217
2850,233596,26.243465112652807,0.695331335067749,-0.05807263031601906,0.012058619409799576,0.09876543209876543,0.09999999999771217
2851,233695,26.611700594235003,0.4187728762626648,-0.08519551157951355,0.0030628633685410023,0.1111111111111111,0.09999999999771217
2852,233787,27.208109648886555,0.48398277163505554,-0.07162058353424072,0.006068337243050337,0.07608695652173914,0.09999999999771217
2853,233889,11.040550759033156,0.5452733039855957,-0.06829603761434555,0.014254426583647728,0.12745098039215685,0.09999999999771217
2854,233943,21.93971731116916,28.218273162841797,-0.05664435774087906,0.01804390549659729,0.018518518518518517,0.09999999999771217
2855,234072,20.910974429726323,1.0612895488739014,-0.05877495929598808,0.004247155971825123,0.06201550387596899,0.09999999999771217
2856,234149,25.071823047411762,0.5063744187355042,-0.06922521442174911,0.006259842310100794,0.06493506493506493,0.09999999999771217
2857,234231,26.567890409937988,1.221374273300171,-0.06655687838792801,0.007320034317672253,0.07317073170731707,0.09999999999771217
2858,234356,-10.74630161337483,0.3600040674209595,-0.0561988465487957,0.010190214961767197,0.08,0.09999999999771217
2859,234453,29.318228475486116,0.5409365892410278,-0.051528483629226685,0.0072860633954405785,0.07216494845360824,0.09999999999771217
2860,234557,27.233200623410998,1.0634212493896484,-0.04710201546549797,0.01931281015276909,0.09615384615384616,0.09999999999771217
2861,234629,-28.20671249674003,0.6287161111831665,-0.07176811248064041,0.0047462680377066135,0.125,0.09999999999771217
2862,234779,-5.907478315499625,0.42003047466278076,-0.04842526838183403,0.009870526380836964,0.1,0.09999999999771217
2863,234858,29.12981828502992,0.4288526773452759,-0.07733067870140076,0.0193853210657835,0.10126582278481013,0.09999999999771217
2864,234967,26.527358635549014,0.7713747620582581,-0.0716424435377121,0.006314774509519339,0.10091743119266056,0.09999999999771217
2865,235066,26.385048005629862,0.6625986695289612,-0.07224025577306747,0.01239793747663498,0.06060606060606061,0.09999999999771217
2866,235115,21.432751611527365,0.5054688453674316,-0.08161989599466324,0.003772631986066699,0.061224489795918366,0.09999999999771217
2867,235204,30.744865635112156,0.4740310609340668,-0.07267137616872787,0.006620271597057581,0.07865168539325842,0.09999999999771217
2868,235287,29.449582740565685,0.8899617195129395,-0.053972698748111725,0.005689702928066254,0.0963855421686747,0.09999999999771217
2869,235369,29.559984197846912,0.9448109865188599,-0.08171677589416504,0.0024911719374358654,0.18292682926829268,0.09999999999771217
2870,235420,23.353693205558194,0.5364397168159485,-0.07870728522539139,0.009553304873406887,0.058823529411764705,0.09999999999771217
2871,235509,24.544968118489983,11.863153457641602,-0.060831502079963684,0.006488122045993805,0.10112359550561797,0.09999999999771217
2872,235590,27.514924587499515,0.5342971682548523,-0.09308450669050217,0.0055999755859375,0.16049382716049382,0.09999999999771217
2873,235639,22.020205992193322,1.5982571840286255,-0.054898910224437714,0.021243268623948097,0.16326530612244897,0.09999999999771217
2874,235716,28.784505894941578,0.44604572653770447,-0.05449021980166435,0.01542035024613142,0.05194805194805195,0.09999999999771217
2875,235800,27.258728609904146,1.1439365148544312,-0.04442072659730911,0.02990497648715973,0.05952380952380952,0.09999999999771217
2876,235884,28.21509590445426,0.5152792930603027,-0.05789642035961151,0.015131236054003239,0.11904761904761904,0.09999999999771217
2877,235973,30.02252232424032,0.6238735914230347,-0.08674681186676025,0.003106512827798724,0.12359550561797752,0.09999999999771217
2878,236031,23.28752354047699,1.0258815288543701,-0.07305546849966049,0.00568626681342721,0.1206896551724138,0.09999999999771217
2879,236088,24.433638883570744,0.36678749322891235,-0.0785679966211319,0.003648672951385379,0.15789473684210525,0.09999999999771217
2880,236196,31.12885054048994,0.4230847954750061,-0.07865777611732483,0.0030422909185290337,0.1111111111111111,0.09999999999771217
2881,236272,-8.812871250892435,0.5441213250160217,-0.0750192329287529,0.003353873500600457,0.09210526315789473,0.09999999999771217
2882,236347,-33.84923128011556,0.511431872844696,-0.07950475066900253,0.005560382269322872,0.06666666666666667,0.09999999999771217
2883,236437,27.712830048441425,1.1376855373382568,-0.04946773499250412,0.00563366524875164,0.1,0.09999999999771217
2884,236486,23.648084617481064,1.1627660989761353,-0.06324075162410736,0.018430009484291077,0.16326530612244897,0.09999999999771217
2885,236617,-13.767448719558903,1.0261270999908447,-0.08786419034004211,0.003315503941848874,0.08396946564885496,0.09999999999771217
2886,236716,28.186320067947527,0.3663076162338257,-0.05383291468024254,0.0068117715418338776,0.09090909090909091,0.09999999999771217
2887,236796,-34.36995564689043,2.101707935333252,-0.045896802097558975,0.012096942402422428,0.0375,0.09999999999771217
2888,236900,-22.332227108514438,0.7999601364135742,-0.08136290311813354,0.004611766431480646,0.07692307692307693,0.09999999999771217
2889,236948,23.696324609617953,0.4165301024913788,-0.04448657110333443,0.019026678055524826,0.0625,0.09999999999771217
2890,237047,2.3352449094955254,1.7908544540405273,-0.06712543964385986,0.009141016751527786,0.15151515151515152,0.09999999999771217
2891,237159,-1.9667087448903073,0.6736571788787842,-0.058442577719688416,0.023592621088027954,0.07142857142857142,0.09999999999771217
2892,237165,-9.115791355893833,0.43548595905303955,-0.059455376118421555,0.006406423635780811,0.0,0.09999999999771217
2893,237282,23.508442445019867,0.23778632283210754,-0.0729750394821167,0.008741344325244427,0.07692307692307693,0.09999999999771217
2894,237366,-20.43293269804937,0.41665446758270264,-0.06671413034200668,0.006053444463759661,0.08333333333333333,0.09999999999771217
2895,237420,24.86295707651177,1.0403460264205933,-0.06410594284534454,0.010112118907272816,0.07407407407407407,0.09999999999771217
2896,237519,11.194647309009854,0.450195848941803,-0.07641328871250153,0.009294855408370495,0.0707070707070707,0.09999999999771217
2897,237599,27.310331491737696,0.7957062721252441,-0.08002517372369766,0.004463874269276857,0.125,0.09999999999771217
2898,237708,29.692838018540137,0.3712726831436157,-0.0693698450922966,0.004987567197531462,0.10091743119266056,0.09999999999771217
2899,237760,24.037199692628285,0.4750126898288727,-0.07278981059789658,0.006386892404407263,0.11538461538461539,0.09999999999771217
2900,237839,28.296923511951583,1.3615047931671143,-0.05182293802499771,0.008213874883949757,0.12658227848101267,0.09999999999771217
2901,237887,22.572070469673545,0.5399733185768127,-0.054317522794008255,0.01155118178576231,0.08333333333333333,0.09999999999771217
2902,237970,-10.156362533896331,0.48187798261642456,-0.08325352519750595,0.00518385786563158,0.18072289156626506,0.09999999999771217
2903,238059,27.248218717006665,1.3402502536773682,-0.05289050564169884,0.011366252787411213,0.1348314606741573,0.09999999999771217
2904,238136,-19.73001220837032,0.588235080242157,-0.0770108699798584,0.005034890957176685,0.06493506493506493,0.09999999999771217
2905,238222,29.579445245170376,0.6491812467575073,-0.07162712514400482,0.0036129720974713564,0.1511627906976744,0.09999999999771217
2906,238303,27.711524443469237,0.4340212941169739,-0.06463353335857391,0.00435717822983861,0.1728395061728395,0.09999999999771217
2907,238419,27.169955662198287,13.492883682250977,-0.07234693318605423,0.004306009970605373,0.10344827586206896,0.09999999999771217
2908,238525,31.86798277973301,0.6588974595069885,-0.0707278847694397,0.017990803346037865,0.08490566037735849,0.09999999999771217
2909,238597,25.290489949962033,0.4297019839286804,-0.05242013931274414,0.00878159236162901,0.06944444444444445,0.09999999999771217
2910,238681,28.57291592521519,1.2743635177612305,-0.0654570534825325,0.006924750749021769,0.10714285714285714,0.09999999999771217
2911,238752,-28.66578828003441,0.8102549314498901,-0.049565188586711884,0.02178349159657955,0.09859154929577464,0.09999999999771217
2912,238811,26.70886900015813,1.54893159866333,-0.06878591328859329,0.0035877302289009094,0.11864406779661017,0.09999999999771217
2913,238904,31.11072887832561,0.5174875259399414,-0.08102615177631378,0.0032239214051514864,0.17204301075268819,0.09999999999771217
2914,238993,26.2430857973973,0.5949289798736572,-0.06863980740308762,0.006245051510632038,0.06741573033707865,0.09999999999771217
2915,239078,29.451543678101505,0.5299010872840881,-0.03232323378324509,0.02778453938663006,0.17647058823529413,0.09999999999771217
2916,239158,29.97763206669132,0.5297210216522217,-0.07251569628715515,0.007211639545857906,0.1,0.09999999999771217
2917,239212,25.99800880619945,0.559550940990448,-0.0762382224202156,0.0036789579316973686,0.07407407407407407,0.09999999999771217
2918,239294,28.225300440386725,1.0061683654785156,-0.09642329066991806,0.0036075469106435776,0.12195121951219512,0.09999999999771217
2919,239439,24.785756993549768,0.43459245562553406,-0.08096638321876526,0.007220067083835602,0.0896551724137931,0.09999999999771217
2920,239504,26.663622142538124,2.713810920715332,-0.06277123093605042,0.006671364884823561,0.12307692307692308,0.09999999999771217
2921,239590,8.923179796598717,0.5524391531944275,-0.06354359537363052,0.005175072234123945,0.13953488372093023,0.09999999999771217
2922,239679,29.231125233240157,1.5337882041931152,-0.07973535358905792,0.006273770239204168,0.12359550561797752,0.09999999999771217
2923,239730,21.887069952545108,0.7152490615844727,-0.054470501840114594,0.021641800180077553,0.11764705882352941,0.09999999999771217
2924,239824,-24.446232450020133,0.7253411412239075,-0.06814616918563843,0.009677059017121792,0.0851063829787234,0.09999999999771217
2925,239881,24.816245108661015,0.37599265575408936,-0.05591932684183121,0.009568564593791962,0.15789473684210525,0.09999999999771217
2926,239931,23.60310139060543,13.114500999450684,-0.07458288967609406,0.010269707068800926,0.1,0.09999999999771217
2927,240022,31.57793216511928,0.46576860547065735,-0.07946932315826416,0.00519307516515255,0.12087912087912088,0.09999999999771217
2928,240077,25.652873442363955,7.948383331298828,-0.07195564359426498,0.004031770396977663,0.14545454545454545,0.09999999999771217
2929,240183,29.508163617425446,0.5259982347488403,-0.0627196878194809,0.010169284418225288,0.09433962264150944,0.09999999999771217
2930,240272,31.31622770422577,0.5119342803955078,-0.08139138668775558,0.0032609787303954363,0.11235955056179775,0.09999999999771217
2931,240361,27.26165303136463,0.527123212814331,-0.06852566450834274,0.009800566360354424,0.06741573033707865,0.09999999999771217
2932,240438,25.689492485658874,0.4667549133300781,-0.07152076810598373,0.002335834316909313,0.05194805194805195,0.09999999999771217
2933,240493,25.587914726337864,0.36683863401412964,-0.0605926513671875,0.0062493737787008286,0.12727272727272726,0.09999999999771217
2934,240586,29.255871953768587,0.816316545009613,-0.07857078313827515,0.010401006788015366,0.08602150537634409,0.09999999999771217
2935,240673,29.855070409687386,0.5688004493713379,-0.06325965374708176,0.004540920257568359,0.034482758620689655,0.09999999999771217
2936,240728,25.973359579877915,0.6566336154937744,-0.06620094925165176,0.0026757437735795975,0.03636363636363636,0.09999999999771217
2937,240779,24.006225622134274,0.4373292624950409,-0.04677403345704079,0.02025901898741722,0.17647058823529413,0.09999999999771217
2938,240851,28.184159941056386,0.3984941840171814,-0.08915834873914719,0.006940523162484169,0.08333333333333333,0.09999999999771217
2939,240876,-11.821887975502865,0.7592913508415222,-0.07896435260772705,0.007793066557496786,0.04,0.09999999999771217
2940,240956,29.081931144104928,0.46710139513015747,-0.0729517936706543,0.009680441580712795,0.175,0.09999999999771217
2941,241106,-27.848130801375905,0.435340940952301,-0.0646681934595108,0.01211446151137352,0.12666666666666668,0.09999999999771217
2942,241188,26.4361895617171,0.6720791459083557,-0.06183381751179695,0.0041660466231405735,0.14634146341463414,0.09999999999771217
2943,241240,23.356942006238505,0.6602435111999512,-0.06829429417848587,0.0058151837438344955,0.15384615384615385,0.09999999999771217
2944,241324,28.327419029373846,0.4395495057106018,-0.07535088807344437,0.005632519256323576,0.09523809523809523,0.09999999999771217
2945,241408,31.04017694264159,0.5411068201065063,-0.06886237859725952,0.0070731500163674355,0.15476190476190477,0.09999999999771217
2946,241468,26.87796337498894,0.4481120705604553,-0.057059917598962784,0.011106622405350208,0.08333333333333333,0.09999999999771217
2947,241555,27.736953431368256,0.3375767469406128,-0.08753693103790283,0.011822239495813847,0.11494252873563218,0.09999999999771217
2948,241650,28.081328551811293,0.3339816927909851,-0.09069744497537613,0.0031003484036773443,0.07368421052631578,0.09999999999771217
2949,241743,30.262045256392447,0.41311338543891907,-0.07665084302425385,0.008249038830399513,0.11827956989247312,0.09999999999771217
2950,241880,1.1380613779866202,0.4348503351211548,-0.06540155410766602,0.010068720206618309,0.06569343065693431,0.09999999999771217
2951,241961,30.224886572786353,0.44787901639938354,-0.07299955189228058,0.014671837911009789,0.14814814814814814,0.09999999999771217
2952,242048,31.431381493508923,0.7981254458427429,-0.06827111542224884,0.006464606150984764,0.04597701149425287,0.09999999999771217
2953,242136,27.025041602941663,0.37615421414375305,-0.0771796703338623,0.0015305556589737535,0.07954545454545454,0.09999999999771217
2954,242216,27.415128285139865,0.37137866020202637,-0.07055655866861343,0.011568812653422356,0.1625,0.09999999999771217
2955,242328,28.509131984310542,0.46928685903549194,-0.07830412685871124,0.004737916402518749,0.08035714285714286,0.09999999999771217
2956,242472,30.001991149943677,0.7377920746803284,-0.06624455004930496,0.011038488708436489,0.09027777777777778,0.09999999999771217
2957,242599,6.846908884043602,0.38003119826316833,-0.07217688858509064,0.010283246636390686,0.12598425196850394,0.09999999999771217
2958,242686,29.05432645070095,0.688602089881897,-0.08053238689899445,0.006749193649739027,0.09195402298850575,0.09999999999771217
2959,242767,28.784345130329537,0.4177001714706421,-0.06378722190856934,0.008545631542801857,0.12345679012345678,0.09999999999771217
2960,242888,29.05276013003447,0.5797097682952881,-0.055611751973629,0.013636285439133644,0.09917355371900827,0.09999999999771217
2961,242999,32.043937935476606,0.6238651871681213,-0.06615231186151505,0.006409152410924435,0.11711711711711711,0.09999999999771217
2962,243087,29.352898933860395,1.1088441610336304,-0.06781768798828125,0.0070564462803304195,0.09090909090909091,0.09999999999771217
2963,243175,29.060105048133615,0.31750375032424927,-0.061885979026556015,0.011476312763988972,0.07954545454545454,0.09999999999771217
2964,243252,27.314779758807575,0.38351571559906006,-0.06811352074146271,0.005037898663431406,0.07792207792207792,0.09999999999771217
2965,243349,27.661916105221326,0.7145308256149292,-0.03473220765590668,0.02861003391444683,0.1134020618556701,0.09999999999771217
2966,243399,23.592024376689395,0.6002217531204224,-0.04359680041670799,0.0191812627017498,0.12,0.09999999999771217
2967,243458,24.171937427037186,0.3784438967704773,-0.06641583144664764,0.0043875533156096935,0.2033898305084746,0.09999999999771217
2968,243608,-1.7571991400460578,0.9315760135650635,-0.04192448779940605,0.015623786486685276,0.14,0.09999999999771217
2969,243688,28.646487703134426,0.41668590903282166,-0.054447583854198456,0.010809353552758694,0.125,0.09999999999771217
2970,243838,-30.48527074173182,0.3010556697845459,-0.07842699438333511,0.005074319429695606,0.08,0.09999999999771217
2971,243922,31.03988077320807,0.28557777404785156,-0.058160316199064255,0.009789827279746532,0.07142857142857142,0.09999999999771217
2972,243981,26.505802322996487,3.4266271591186523,-0.0794055163860321,0.0032989056780934334,0.06779661016949153,0.09999999999771217
2973,244065,29.332187790607232,0.5177074074745178,-0.07868505269289017,0.011921641416847706,0.07142857142857142,0.09999999999771217
2974,244172,28.477704521587597,0.8753910064697266,-0.07414358854293823,0.002615715144202113,0.1308411214953271,0.09999999999771217
2975,244258,28.07604606896247,0.3300977349281311,-0.07583540678024292,0.003945391625165939,0.12790697674418605,0.09999999999771217
2976,244340,30.83176613218754,0.7722623944282532,-0.05557394027709961,0.011159172281622887,0.17073170731707318,0.09999999999771217
2977,244431,30.088093477441493,0.7325994968414307,-0.0626353770494461,0.008965186774730682,0.0989010989010989,0.09999999999771217
2978,244489,26.35157241233307,0.4834885001182556,-0.08262694627046585,0.00539436936378479,0.1724137931034483,0.09999999999771217
2979,244573,28.49202666137362,0.44224077463150024,-0.06501111388206482,0.008530558086931705,0.09523809523809523,0.09999999999771217
2980,244592,-6.409733965331233,0.6856505870819092,-0.04630667343735695,0.009991948492825031,0.05263157894736842,0.09999999999771217
2981,244593,-10.082431699433457,0.7708770632743835,-0.04630667343735695,0.009991948492825031,0.0,0.09999999999771217
2982,244676,30.793044831931,3.3806710243225098,-0.04620686173439026,0.02535409666597843,0.1566265060240964,0.09999999999771217
2983,244792,24.470456146806043,1.0918822288513184,-0.06792965531349182,0.008962905965745449,0.09482758620689655,0.09999999999771217
2984,244877,31.044882475220938,1.0435909032821655,-0.0690649077296257,0.0031451615504920483,0.047058823529411764,0.09999999999771217
2985,245023,20.982030104041684,0.385223925113678,-0.060409802943468094,0.004027362912893295,0.1095890410958904,0.09999999999771217
2986,245099,29.12561856684588,0.4731909930706024,-0.05561511591076851,0.022847946733236313,0.13157894736842105,0.09999999999771217
2987,245198,20.93202998524112,0.5785497426986694,-0.06052736937999725,0.042623795568943024,0.0707070707070707,0.09999999999771217
2988,245245,23.15863692198196,0.8462255001068115,-0.05979080870747566,0.013222846202552319,0.0851063829787234,0.09999999999771217
2989,245369,25.511002218452283,0.43223029375076294,-0.09213218837976456,0.005456050392240286,0.10483870967741936,0.09999999999771217
2990,245469,31.61168321640058,0.8024709224700928,-0.09406089782714844,0.010520901530981064,0.09,0.09999999999771217
2991,245553,28.61202908197037,0.3795582950115204,-0.06629732996225357,0.004427884239703417,0.07142857142857142,0.09999999999771217
2992,245636,28.05759735016334,0.785672664642334,-0.07008785754442215,0.008336873725056648,0.08433734939759036,0.09999999999771217
2993,245686,-25.756073246011365,1.1244851350784302,-0.08555500954389572,0.007577313110232353,0.14,0.09999999999771217
2994,245786,15.563239116736419,0.6711638569831848,-0.07146510481834412,0.0040930951945483685,0.09,0.09999999999771217
2995,245848,26.733582538349854,0.33602970838546753,-0.05834227800369263,0.006107246968895197,0.08064516129032258,0.09999999999771217
2996,245932,-34.34440487987994,0.4513237476348877,-0.06640619039535522,0.016772333532571793,0.07142857142857142,0.09999999999771217
2997,246016,27.549410769501847,0.441699355840683,-0.07902853935956955,0.01846371404826641,0.09523809523809523,0.09999999999771217
2998,246115,-10.304142922033188,0.5493059754371643,-0.059283237904310226,0.007767569739371538,0.18181818181818182,0.09999999999771217
2999,246197,29.09368086094225,0.7228529453277588,-0.09207925200462341,0.0027223238721489906,0.036585365853658534,0.09999999999771217
3000,246198,-8.170779375305186,0.4656107723712921,-0.053053613752126694,0.019908960908651352,0.0,0.09999999999771217
3001,246285,29.466991443501442,1.2074267864227295,-0.06471509486436844,0.009904282167553902,0.08045977011494253,0.09999999999771217
3002,246388,0.3236177824090056,0.37253016233444214,-0.06603056192398071,0.01577017828822136,0.14563106796116504,0.09999999999771217
3003,246463,28.440865525932463,0.44151604175567627,-0.04788237065076828,0.008269657380878925,0.13333333333333333,0.09999999999771217
3004,246529,26.1921540426709,0.4265252947807312,-0.07242512702941895,0.00812874548137188,0.10606060606060606,0.09999999999771217
3005,246613,30.03760746162522,0.6103860139846802,-0.06657864153385162,0.010404588654637337,0.08333333333333333,0.09999999999771217
3006,246702,29.791967180639247,0.4168552756309509,-0.043061282485723495,0.023031894117593765,0.15730337078651685,0.09999999999771217
3007,246758,24.980840872944707,0.5545803308486938,-0.051800429821014404,0.00520879914984107,0.05357142857142857,0.09999999999771217
3008,246899,-45.78469738825303,0.5363566875457764,-0.07053256779909134,0.010661883279681206,0.09219858156028368,0.09999999999771217
3009,247030,24.003994786300147,0.6347662210464478,-0.0663985088467598,0.004353759344667196,0.1297709923664122,0.09999999999771217
3010,247112,29.672966427851982,0.5304398536682129,-0.08244701474905014,0.005511605180799961,0.10975609756097561,0.09999999999771217
3011,247262,-7.118913149063554,0.3855922222137451,-0.06549488008022308,0.0056044189259409904,0.08666666666666667,0.09999999999771217
3012,247345,28.402470314049893,0.47074276208877563,-0.06039959937334061,0.011140638031065464,0.0963855421686747,0.09999999999771217
3013,247495,-15.013188823961595,0.6193249225616455,-0.05405347794294357,0.014786360785365105,0.10666666666666667,0.09999999999771217
3014,247574,27.548678744834774,0.6954200267791748,-0.04798975959420204,0.018309611827135086,0.0759493670886076,0.09999999999771217
3015,247622,-27.26799678685078,0.4927152395248413,-0.06375177204608917,0.01245863363146782,0.0625,0.09999999999771217
3016,247703,0.5769296523779044,0.4453868567943573,-0.054585784673690796,0.011976607143878937,0.08641975308641975,0.09999999999771217
3017,247785,29.74798133007512,0.7220839262008667,-0.057239431887865067,0.001816424890421331,0.17073170731707318,0.09999999999771217
3018,247890,29.33322383347172,0.38930022716522217,-0.07700563222169876,0.011080375872552395,0.13333333333333333,0.09999999999771217
3019,248013,27.392156051289852,0.4063803553581238,-0.07217378914356232,0.002750139683485031,0.0975609756097561,0.09999999999771217
3020,248057,20.309823057498868,0.5348383188247681,-0.06795534491539001,0.008462263271212578,0.0,0.09999999999771217
3021,248141,29.74661193782532,0.5809566378593445,-0.06869115680456161,0.006117453798651695,0.05952380952380952,0.09999999999771217
3022,248227,12.22290526587167,0.573146641254425,-0.059107705950737,0.016364431008696556,0.08139534883720931,0.09999999999771217
3023,248316,31.036614870355628,1.2925647497177124,-0.07268307358026505,0.003701144130900502,0.12359550561797752,0.09999999999771217
3024,248376,-23.74428450301514,0.6825664639472961,-0.06188647076487541,0.014785203151404858,0.16666666666666666,0.09999999999771217
3025,248526,-1.9097768682345873,0.3816421627998352,-0.0643448457121849,0.012622982263565063,0.08,0.09999999999771217
3026,248582,24.26079436418708,0.5205130577087402,-0.06270483136177063,0.005745019763708115,0.05357142857142857,0.09999999999771217
3027,248669,-1.072623516420352,0.4488467574119568,-0.060254570096731186,0.018268708139657974,0.11494252873563218,0.09999999999771217
3028,248754,29.398293093386297,0.47430336475372314,-0.09204569458961487,0.0033405546564608812,0.10588235294117647,0.09999999999771217
3029,248809,22.664055358849414,0.35491394996643066,-0.060323361307382584,0.016606617718935013,0.10909090909090909,0.09999999999771217
3030,248896,30.47927849034506,0.4767599105834961,-0.051796987652778625,0.017002670094370842,0.16091954022988506,0.09999999999771217
3031,248996,29.08932970309247,11.934198379516602,-0.05281827971339226,0.011413183063268661,0.08,0.09999999999771217
3032,249057,26.81561860149631,0.46125519275665283,-0.06380096077919006,0.013027627021074295,0.08196721311475409,0.09999999999771217
3033,249114,23.738145722734476,0.43259215354919434,-0.047048620879650116,0.01439708098769188,0.12280701754385964,0.09999999999771217
3034,249202,29.038558533493863,0.62892746925354,-0.07459280639886856,0.007764308713376522,0.11363636363636363,0.09999999999771217
3035,249278,27.009250598350885,0.8283110857009888,-0.06295901536941528,0.008557554334402084,0.10526315789473684,0.09999999999771217
3036,249359,28.516151293449724,0.5135549306869507,-0.06035984680056572,0.0052321432158350945,0.037037037037037035,0.09999999999771217
3037,249419,21.996090295221688,7.989587783813477,-0.08219988644123077,0.008943576365709305,0.1,0.09999999999771217
3038,249499,28.840903629638326,0.346940815448761,-0.05444737896323204,0.004121735692024231,0.15,0.09999999999771217
3039,249615,27.051477232336506,0.5023685693740845,-0.0864943116903305,0.005367759149521589,0.1206896551724138,0.09999999999771217
3040,249724,23.971218297189626,0.5147716999053955,-0.08504201471805573,0.006748027168214321,0.11009174311926606,0.09999999999771217
3041,249787,26.58341868316808,0.5174591541290283,-0.07085240632295609,0.009415200911462307,0.06349206349206349,0.09999999999771217
3042,249895,30.96460186830555,0.6984216570854187,-0.08419397473335266,0.006946333684027195,0.1111111111111111,0.09999999999771217
3043,249970,23.625397105601905,0.5025694370269775,-0.052544526755809784,0.023832758888602257,0.12,0.09999999999771217
3044,250021,21.751655758810926,0.29858994483947754,-0.06705868244171143,0.008033140562474728,0.0392156862745098,0.09999999999771217
3045,250167,25.465193116170852,0.386751651763916,-0.0692041665315628,0.009807172231376171,0.0821917808219178,0.09999999999771217
3046,250279,-39.40023772307677,0.4767654240131378,-0.04896385967731476,0.010842772200703621,0.09821428571428571,0.09999999999771217
3047,250357,27.295344072933872,3.216078758239746,-0.0548514723777771,0.01320536620914936,0.01282051282051282,0.09999999999771217
3048,250457,30.65941450319577,0.3474353551864624,-0.09325462579727173,0.004964914638549089,0.1,0.09999999999771217
3049,250543,29.328650409095424,0.3592531085014343,-0.0707850307226181,0.0031634061597287655,0.11627906976744186,0.09999999999771217
3050,250678,25.072018288011527,0.5219837427139282,-0.06154731661081314,0.009208301082253456,0.05925925925925926,0.09999999999771217
3051,250754,29.470269604765555,0.507897675037384,-0.05623951554298401,0.005469119641929865,0.06578947368421052,0.09999999999771217
3052,250844,29.801903073272882,1.6036428213119507,-0.05187106877565384,0.0207109022885561,0.12222222222222222,0.09999999999771217
3053,250958,25.72411591020156,0.4405176639556885,-0.029283996671438217,0.024299949407577515,0.10526315789473684,0.09999999999771217
3054,251108,-9.822996878946066,0.33872345089912415,-0.06894588470458984,0.0025364644825458527,0.08,0.09999999999771217
3055,251154,20.7925400241302,0.6147316694259644,-0.0766252800822258,0.00691059697419405,0.08695652173913043,0.09999999999771217
3056,251232,30.4265375881911,0.4495181739330292,-0.07826610654592514,0.006899012252688408,0.1282051282051282,0.09999999999771217
3057,251308,29.21894054078306,0.6787549257278442,-0.07325690984725952,0.010836157947778702,0.07894736842105263,0.09999999999771217
3058,251393,27.674674246112517,0.8416572213172913,-0.04867693781852722,0.011712164618074894,0.10588235294117647,0.09999999999771217
3059,251455,24.599670133379824,0.672611653804779,-0.06512676924467087,0.013475333340466022,0.04838709677419355,0.09999999999771217
3060,251513,24.52485162730182,0.45856356620788574,-0.07974755018949509,0.003623924683779478,0.13793103448275862,0.09999999999771217
3061,251657,-44.27751128593345,0.32816457748413086,-0.05738091468811035,0.016136998310685158,0.14583333333333334,0.09999999999771217
3062,251684,-7.727553673217753,0.8405694961547852,-0.05973090976476669,0.017469758167862892,0.14814814814814814,0.09999999999771217
3063,251770,30.882335557894557,0.7298097610473633,-0.07045785337686539,0.0059305052272975445,0.11627906976744186,0.09999999999771217
3064,251841,24.122182071574976,0.6996980905532837,-0.05031521990895271,0.01307592075318098,0.014084507042253521,0.09999999999771217
3065,251917,27.33550363851475,0.6556230187416077,-0.07062619924545288,0.013105898164212704,0.07894736842105263,0.09999999999771217
3066,251987,-25.177471560033414,1.0934562683105469,-0.06617484986782074,0.01298967283219099,0.12857142857142856,0.09999999999771217
3067,252079,30.097071100385115,0.9574668407440186,-0.08472714573144913,0.0035626650787889957,0.07608695652173914,0.09999999999771217
3068,252229,-44.745380933689894,0.2319512963294983,-0.05659078061580658,0.009853353723883629,0.09333333333333334,0.09999999999771217
3069,252318,8.868339867936667,0.42101460695266724,-0.05680315941572189,0.0052480753511190414,0.0449438202247191,0.09999999999771217
3070,252374,23.694822513308186,0.3092799186706543,-0.0684484988451004,0.003770330222323537,0.10714285714285714,0.09999999999771217
3071,252471,-22.80090002747555,0.6531434059143066,-0.033363718539476395,0.007595505565404892,0.10309278350515463,0.09999999999771217
3072,252536,24.36534278926986,0.4103004038333893,-0.07561755925416946,0.006002364214509726,0.09230769230769231,0.09999999999771217
3073,252638,29.186288309332905,0.5878633260726929,-0.053174275904893875,0.01037875097244978,0.08823529411764706,0.09999999999771217
3074,252723,28.685408231800402,0.527480959892273,-0.04245835542678833,0.02059064619243145,0.058823529411764705,0.09999999999771217
3075,252783,25.75868526606041,0.5238798260688782,-0.06258074194192886,0.008617805317044258,0.18333333333333332,0.09999999999771217
3076,252875,18.061097444354633,0.6406083106994629,-0.05381903052330017,0.005407929420471191,0.10869565217391304,0.09999999999771217
3077,252967,32.14933573030312,0.33211252093315125,-0.05541003495454788,0.009540727362036705,0.16304347826086957,0.09999999999771217
3078,253025,27.044676978689242,0.4222249984741211,-0.07079141587018967,0.010951019823551178,0.15517241379310345,0.09999999999771217
3079,253124,30.34950841147307,0.6646709442138672,-0.06814172863960266,0.01675879769027233,0.1111111111111111,0.09999999999771217
3080,253227,23.63270039077205,0.607970654964447,-0.04834509268403053,0.016709808260202408,0.13592233009708737,0.09999999999771217
3081,253337,28.07039901630253,0.43136847019195557,-0.04910540580749512,0.0180259570479393,0.11818181818181818,0.09999999999771217
3082,253412,23.55995694935146,0.3695462942123413,-0.07868637144565582,0.002987256972119212,0.05333333333333334,0.09999999999771217
3083,253463,24.080354310911364,1.802581548690796,-0.06183234602212906,0.007953404448926449,0.0784313725490196,0.09999999999771217
3084,253541,28.602860601034546,0.5724414587020874,-0.039291780441999435,0.02619123086333275,0.1282051282051282,0.09999999999771217
3085,253635,30.21664868312623,0.5123858451843262,-0.07155267149209976,0.01737234927713871,0.0851063829787234,0.09999999999771217
3086,253689,23.068130534951635,0.40346279740333557,-0.08509516716003418,0.004783635027706623,0.09259259259259259,0.09999999999771217
3087,253748,26.334319904090208,0.6694855690002441,-0.05931764841079712,0.014474400319159031,0.0847457627118644,0.09999999999771217
3088,253816,27.14613332793312,0.3053553104400635,-0.08500324189662933,0.004520391579717398,0.11764705882352941,0.09999999999771217
3089,253891,27.707232166692986,0.35026678442955017,-0.05677672103047371,0.013048534281551838,0.10666666666666667,0.09999999999771217
3090,254041,-6.215126255554803,0.47048574686050415,-0.06335128843784332,0.01213239785283804,0.1,0.09999999999771217
3091,254120,24.29438934457347,0.2935516834259033,-0.07311844825744629,0.0030942473094910383,0.08860759493670886,0.09999999999771217
3092,254207,29.648618654159616,0.7208364009857178,-0.06395649909973145,0.023116396740078926,0.06896551724137931,0.09999999999771217
3093,254297,31.544958350086205,0.6096287369728088,-0.06739597767591476,0.008517758920788765,0.15555555555555556,0.09999999999771217
3094,254382,30.22773842231632,1.0535192489624023,-0.08110743016004562,0.009000253863632679,0.1411764705882353,0.09999999999771217
3095,254461,27.166011362201928,0.4991299510002136,-0.0813586488366127,0.0019483756041154265,0.11392405063291139,0.09999999999771217
3096,254513,23.84550936036543,0.48222485184669495,-0.08091852813959122,0.004000925458967686,0.07692307692307693,0.09999999999771217
3097,254560,17.149628057227844,1.059203028678894,-0.051340386271476746,0.01877332292497158,0.1276595744680851,0.09999999999771217
3098,254639,27.111509701085936,0.871174156665802,-0.06709893047809601,0.008348030038177967,0.10126582278481013,0.09999999999771217
3099,254714,27.661201899725675,0.3356249928474426,-0.055533282458782196,0.004386724438518286,0.08,0.09999999999771217
3100,254809,28.87465979600725,0.5190954804420471,-0.04179590940475464,0.008361892774701118,0.10526315789473684,0.09999999999771217
3101,254895,30.76532972220432,0.594109058380127,-0.045682135969400406,0.0068292212672531605,0.1511627906976744,0.09999999999771217
3102,254968,23.527471498136883,0.3957999646663666,-0.06890488415956497,0.007376691326498985,0.136986301369863,0.09999999999771217
3103,255042,1.103934475555235,0.39633607864379883,-0.08280672132968903,0.007052972447127104,0.08108108108108109,0.09999999999771217
3104,255094,23.724988896376626,0.4621770977973938,-0.0737815797328949,0.011494348756968975,0.09615384615384616,0.09999999999771217
3105,255179,29.91950152474834,0.5966790318489075,-0.0702696368098259,0.007256521377712488,0.058823529411764705,0.09999999999771217
3106,255244,5.7509514352145015,0.4199730157852173,-0.046965647488832474,0.02903943881392479,0.09230769230769231,0.09999999999771217
3107,255297,21.0355664002118,0.6507449746131897,-0.0765685960650444,0.006521133705973625,0.11320754716981132,0.09999999999771217
3108,255399,13.18822640868043,0.42738717794418335,-0.0595824308693409,0.0029163463041186333,0.1568627450980392,0.09999999999771217
3109,255455,26.049868990182876,0.3664674460887909,-0.06710806488990784,0.003185585606843233,0.125,0.09999999999771217
3110,255510,25.36505526163166,0.4236208200454712,-0.06659048795700073,0.011508215218782425,0.12727272727272726,0.09999999999771217
3111,255586,3.5215920944640935,0.5517107248306274,-0.07280859351158142,0.008529629558324814,0.10526315789473684,0.09999999999771217
3112,255736,-53.52059924762071,0.4034522771835327,-0.06352261453866959,0.009507907554507256,0.08,0.09999999999771217
3113,255819,31.39588958528548,0.5234046578407288,-0.07768227159976959,0.005182357970625162,0.10843373493975904,0.09999999999771217
3114,255904,29.07672637449325,1.0212327241897583,-0.04852160066366196,0.00973342265933752,0.11764705882352941,0.09999999999771217
3115,255994,31.36404267737599,1.2490853071212769,-0.05522191524505615,0.019223885610699654,0.06666666666666667,0.09999999999771217
3116,256080,29.13065797715658,0.5659637451171875,-0.06442415714263916,0.007914267480373383,0.046511627906976744,0.09999999999771217
3117,256230,-20.646161733151175,0.44796282052993774,-0.06814077496528625,0.005203099921345711,0.10666666666666667,0.09999999999771217
3118,256324,26.71849934561505,0.44702327251434326,-0.04444346949458122,0.031085338443517685,0.07446808510638298,0.09999999999771217
3119,256379,22.98627350343459,0.8627125024795532,-0.057681962847709656,0.016435934230685234,0.07272727272727272,0.09999999999771217
3120,256439,27.124398998079926,0.46616095304489136,-0.05696611478924751,0.006960828322917223,0.1,0.09999999999771217
3121,256543,29.464429243605444,0.5683203935623169,-0.06675393879413605,0.009692968800663948,0.11538461538461539,0.09999999999771217
3122,256661,30.001989939275745,0.49649477005004883,-0.06740865856409073,0.006257788743823767,0.09322033898305085,0.09999999999771217
3123,256807,-0.8362229760728859,0.4103769063949585,-0.05340087041258812,0.009371754713356495,0.08904109589041095,0.09999999999771217
3124,256906,-23.274460111087844,0.3527163565158844,-0.03882525488734245,0.011292953975498676,0.0707070707070707,0.09999999999771217
3125,257016,30.036325291663196,0.41831159591674805,-0.07031551003456116,0.0076856473460793495,0.10909090909090909,0.09999999999771217
3126,257097,30.544435258708532,0.5773203372955322,-0.043124668300151825,0.01676686480641365,0.12345679012345678,0.09999999999771217
3127,257184,31.924271512973238,0.5987566709518433,-0.05251386761665344,0.007653774693608284,0.10344827586206896,0.09999999999771217
3128,257235,22.7698784672583,0.5814700722694397,-0.07040657848119736,0.00384156103245914,0.0784313725490196,0.09999999999771217
3129,257385,-28.8218688585851,1.5687742233276367,-0.08215590566396713,0.0028909018728882074,0.10666666666666667,0.09999999999771217
3130,257474,28.84079401267811,0.9187816381454468,-0.06836701929569244,0.006813542917370796,0.056179775280898875,0.09999999999771217
3131,257589,-0.7284067748154079,0.5194604396820068,-0.0664164274930954,0.0026964684948325157,0.14782608695652175,0.09999999999771217
3132,257730,24.473833976875955,1.360142707824707,-0.06471092998981476,0.005679074674844742,0.05673758865248227,0.09999999999771217
3133,257880,-4.540902901092789,0.7696717977523804,-0.0655016228556633,0.007449046708643436,0.10666666666666667,0.09999999999771217
3134,257929,23.688834621194797,0.30505263805389404,-0.06446555256843567,0.022706186398863792,0.14285714285714285,0.09999999999771217
3135,258009,28.176151160093927,2.791130781173706,-0.06310396641492844,0.007157674990594387,0.0875,0.09999999999771217
3136,258069,25.01326770533274,0.3333819508552551,-0.06314364075660706,0.008752413094043732,0.13333333333333333,0.09999999999771217
3137,258153,29.420951358970402,0.299968957901001,-0.07823482155799866,0.00532884057611227,0.09523809523809523,0.09999999999771217
3138,258271,25.165579905707993,0.5395544767379761,-0.0864117443561554,0.0038884913083165884,0.11016949152542373,0.09999999999771217
3139,258421,-23.23760548005486,0.529733419418335,-0.052365511655807495,0.003093767911195755,0.11333333333333333,0.09999999999771217
3140,258533,28.16042016597912,0.5294414758682251,-0.054714567959308624,0.012490583583712578,0.10714285714285714,0.09999999999771217
3141,258644,25.809827102829374,0.7016728520393372,-0.07344705611467361,0.010143587365746498,0.16216216216216217,0.09999999999771217
3142,258775,29.214765502576448,0.264491468667984,-0.06012186408042908,0.01187572069466114,0.1297709923664122,0.09999999999771217
3143,258857,27.071742150474456,0.6359925866127014,-0.07671047747135162,0.005883234087377787,0.07317073170731707,0.09999999999771217
3144,258947,28.311533504219792,0.5535064339637756,-0.062231555581092834,0.008717453107237816,0.03333333333333333,0.09999999999771217
3145,259066,24.557166476942477,0.5114320516586304,-0.06471722573041916,0.009111707098782063,0.07563025210084033,0.09999999999771217
3146,259151,30.725118010600713,0.3187340199947357,-0.06366021931171417,0.015175929293036461,0.09411764705882353,0.09999999999771217
3147,259257,24.9747450907554,0.4692908525466919,-0.06741871684789658,0.009325051680207253,0.0660377358490566,0.09999999999771217
3148,259317,26.390054584219826,0.43383920192718506,-0.07487412542104721,0.0019385343184694648,0.1,0.09999999999771217
3149,259467,-7.92483375090396,0.4202127456665039,-0.05431871861219406,0.02133048139512539,0.08666666666666667,0.09999999999771217
3150,259475,-12.533630136039136,1.8940173387527466,-0.0521683394908905,0.005005019251257181,0.125,0.09999999999771217
3151,259625,-27.74938838798291,0.5274020433425903,-0.06760922819375992,0.008748134598135948,0.12666666666666668,0.09999999999771217
3152,259687,26.67972816521849,0.3525620102882385,-0.060364771634340286,0.010238205082714558,0.16129032258064516,0.09999999999771217
3153,259770,30.35332694094,2.0415987968444824,-0.0349622406065464,0.021672412753105164,0.0963855421686747,0.09999999999771217
3154,259861,30.786633099865934,1.0972208976745605,-0.06359457969665527,0.011934821493923664,0.0989010989010989,0.09999999999771217
3155,259920,22.541740815875688,0.44382035732269287,-0.05941907316446304,0.014596833847463131,0.06779661016949153,0.09999999999771217
3156,260064,22.900051613291993,0.5624186992645264,-0.06414370983839035,0.006381149869412184,0.0763888888888889,0.09999999999771217
3157,260150,29.505967929430174,0.33535823225975037,-0.057722948491573334,0.023326469585299492,0.13953488372093023,0.09999999999771217
3158,260151,-8.156092012368928,0.37586039304733276,-0.057722948491573334,0.023326469585299492,0.0,0.09999999999771217
3159,260269,25.481042138809443,0.7420313358306885,-0.07463488727807999,0.0051484485156834126,0.1016949152542373,0.09999999999771217
3160,260345,26.124050787474395,0.6171269416809082,-0.06202671676874161,0.005259939935058355,0.09210526315789473,0.09999999999771217
3161,260394,23.012130659011913,0.7287302017211914,-0.0635620653629303,0.008597149513661861,0.14285714285714285,0.09999999999771217
3162,260476,28.89342453501282,0.41152215003967285,-0.08739329129457474,0.0015294350450858474,0.08536585365853659,0.09999999999771217
3163,260569,28.896697205398674,0.7333962917327881,-0.04977557063102722,0.006993128452450037,0.12903225806451613,0.09999999999771217
3164,260650,28.74335877056633,0.44907376170158386,-0.05000333487987518,0.009829787537455559,0.08641975308641975,0.09999999999771217
3165,260700,24.053336093733222,0.3698776364326477,-0.052083082497119904,0.01433788426220417,0.08,0.09999999999771217
3166,260785,30.327142149642157,0.3612842559814453,-0.04579315707087517,0.003971056547015905,0.07058823529411765,0.09999999999771217
3167,260874,31.30228453778182,0.3157142400741577,-0.07777480781078339,0.006741337478160858,0.10112359550561797,0.09999999999771217
3168,260927,25.693951716998576,0.28590118885040283,-0.06902357935905457,0.004581866320222616,0.03773584905660377,0.09999999999771217
3169,261009,30.47869174853831,0.6876049637794495,-0.05673874914646149,0.011636070907115936,0.0975609756097561,0.09999999999771217
3170,261109,-23.190024074740215,0.519260048866272,-0.0655684769153595,0.007593193557113409,0.07,0.09999999999771217
3171,261194,-10.322418805307134,0.868146538734436,-0.09130724519491196,0.004766689147800207,0.08235294117647059,0.09999999999771217
3172,261278,28.972540599390342,0.8274538516998291,-0.04960601031780243,0.007508702576160431,0.07142857142857142,0.09999999999771217
3173,261314,-21.460234946287596,1.003868818283081,-0.06876219063997269,0.004152595531195402,0.027777777777777776,0.09999999999771217
3174,261389,28.238617964629192,0.40843117237091064,-0.056888382881879807,0.007082331459969282,0.14666666666666667,0.09999999999771217
3175,261468,27.151240257552615,0.5731278657913208,-0.0613604411482811,0.008051566779613495,0.13924050632911392,0.09999999999771217
3176,261573,26.071268484988707,0.3866802752017975,-0.04763728380203247,0.0187088493257761,0.09523809523809523,0.09999999999771217
3177,261656,28.57813200030903,0.44213131070137024,-0.07922042906284332,0.005705372430384159,0.13253012048192772,0.09999999999771217
3178,261740,29.99107390744004,0.44836148619651794,-0.0510600209236145,0.012601173482835293,0.11904761904761904,0.09999999999771217
3179,261858,23.927617778550783,0.5184676051139832,-0.08241929113864899,0.003160824766382575,0.059322033898305086,0.09999999999771217
3180,261908,24.147537792866324,0.37041956186294556,-0.04027264565229416,0.02835775353014469,0.18,0.09999999999771217
3181,261982,27.15467135186791,0.395440936088562,-0.058150675147771835,0.005104738287627697,0.13513513513513514,0.09999999999771217
3182,262091,26.06286181101091,0.7624650001525879,-0.07272119075059891,0.009590457193553448,0.12844036697247707,0.09999999999771217
3183,262176,29.098164543539234,0.7597957849502563,-0.048859309405088425,0.013405547477304935,0.09411764705882353,0.09999999999771217
3184,262264,30.121302121270602,0.39572712779045105,-0.06451252102851868,0.0049822693690657616,0.09090909090909091,0.09999999999771217
3185,262353,30.301655284361374,0.338559091091156,-0.0660233125090599,0.006305681075900793,0.11235955056179775,0.09999999999771217
3186,262468,-42.79469569116782,0.548965334892273,-0.06572425365447998,0.006754530128091574,0.12173913043478261,0.09999999999771217
3187,262544,28.073934641904735,0.8623043894767761,-0.06049343943595886,0.01778988540172577,0.06578947368421052,0.09999999999771217
3188,262594,-11.234388414542709,0.55589759349823,-0.0627225786447525,0.012573358602821827,0.04,0.09999999999771217
3189,262727,25.928548296028865,1.011958360671997,-0.06024794653058052,0.003119554603472352,0.12030075187969924,0.09999999999771217
3190,262811,28.92403728172085,0.6179219484329224,-0.07200402021408081,0.01562928780913353,0.07142857142857142,0.09999999999771217
3191,262894,28.67307412495677,0.48696571588516235,-0.060908276587724686,0.005216015037149191,0.0963855421686747,0.09999999999771217
3192,263044,3.082163227657227,0.5886439681053162,-0.0637417584657669,0.003380607347935438,0.1,0.09999999999771217
3193,263124,28.545228040224593,0.6107802391052246,-0.043498679995536804,0.02035880833864212,0.1,0.09999999999771217
3194,263213,30.534582758137997,0.5345929861068726,-0.0881064385175705,0.004729303531348705,0.0898876404494382,0.09999999999771217
3195,263296,29.75902042522855,0.5421465635299683,-0.06417198479175568,0.01212976686656475,0.14457831325301204,0.09999999999771217
3196,263386,10.869179590808345,0.4999193847179413,-0.06477730721235275,0.006970735266804695,0.07777777777777778,0.09999999999771217
3197,263504,23.9503910563662,0.5681426525115967,-0.04855508729815483,0.00736542884260416,0.09322033898305085,0.09999999999771217
3198,263654,-23.597839535555316,2.66865611076355,-0.038672346621751785,0.009573977440595627,0.08666666666666667,0.09999999999771217
3199,263744,31.28395302737703,0.8933266401290894,-0.07541932165622711,0.012932928279042244,0.06666666666666667,0.09999999999771217
3200,263829,28.70544362433123,0.7357358932495117,-0.07668782025575638,0.003032247070223093,0.09411764705882353,0.09999999999771217
3201,263906,27.23696846672194,0.8365550637245178,-0.06949435919523239,0.004477879032492638,0.03896103896103896,0.09999999999771217
3202,263988,28.56029291446029,0.6267552375793457,-0.06668345630168915,0.009931468404829502,0.08536585365853659,0.09999999999771217
3203,264043,24.624627230196097,0.7312286496162415,-0.06824878603219986,0.006650246679782867,0.10909090909090909,0.09999999999771217
3204,264044,-8.10907838550564,1.9873744249343872,-0.05011351779103279,0.023632485419511795,0.0,0.09999999999771217
3205,264096,24.18466668637939,0.35416626930236816,-0.036668065935373306,0.014587740413844585,0.15384615384615385,0.09999999999771217
3206,264148,21.658198388161047,0.3412564694881439,-0.061155423521995544,0.021734504029154778,0.15384615384615385,0.09999999999771217
3207,264225,25.337828027965564,0.7293559908866882,-0.06714444607496262,0.008813122287392616,0.1038961038961039,0.09999999999771217
3208,264280,25.14560858069761,0.3347964584827423,-0.07216903567314148,0.016761092469096184,0.09090909090909091,0.09999999999771217
3209,264374,29.949784464146518,8.448047637939453,-0.09018667042255402,0.006836474873125553,0.10638297872340426,0.09999999999771217
3210,264524,-26.057580713783356,0.5625466108322144,-0.04808316379785538,0.012302863411605358,0.11333333333333333,0.09999999999771217
3211,264674,-33.8758161911926,1.809530258178711,-0.08544337004423141,0.003343138610944152,0.08,0.09999999999771217
3212,264777,29.64144446686877,0.3926287293434143,-0.06014857068657875,0.008189667016267776,0.08737864077669903,0.09999999999771217
3213,264859,28.47095219583944,0.9986714720726013,-0.056777454912662506,0.008717931807041168,0.08536585365853659,0.09999999999771217
3214,264912,24.80474236334917,0.47442787885665894,-0.04661363735795021,0.01155789103358984,0.1320754716981132,0.09999999999771217
3215,264998,26.46302501379635,0.47743797302246094,-0.05811477452516556,0.01800488494336605,0.08139534883720931,0.09999999999771217
3216,265045,22.983964643754675,12.797649383544922,-0.0801684781908989,0.00841870903968811,0.14893617021276595,0.09999999999771217
3217,265152,27.861060904324408,0.648996114730835,-0.05266875401139259,0.011711622588336468,0.08411214953271028,0.09999999999771217
3218,265274,24.45287279271478,0.6830501556396484,-0.06554579734802246,0.010681306011974812,0.08196721311475409,0.09999999999771217
3219,265340,27.042582119387227,0.5277993679046631,-0.03561985865235329,0.02412247657775879,0.10606060606060606,0.09999999999771217
3220,265423,29.864261380806767,0.22803068161010742,-0.07013995945453644,0.009279116056859493,0.10843373493975904,0.09999999999771217
3221,265481,25.272123324645545,0.6071252822875977,-0.06169235706329346,0.00722163263708353,0.10344827586206896,0.09999999999771217
3222,265601,26.086697786843533,0.6393507719039917,-0.09009188413619995,0.0025291754864156246,0.11666666666666667,0.09999999999771217
3223,265692,31.05499813360167,0.621846079826355,-0.059497565031051636,0.017464563250541687,0.12087912087912088,0.09999999999771217
3224,265783,27.8408126668687,0.3954450488090515,-0.07179567962884903,0.007694932632148266,0.0989010989010989,0.09999999999771217
3225,265896,31.009873332430523,0.49270325899124146,-0.0457446314394474,0.01883692666888237,0.09734513274336283,0.09999999999771217
3226,265984,32.094302621085205,0.4109063446521759,-0.06901272386312485,0.023070886731147766,0.14772727272727273,0.09999999999771217
3227,266076,-40.27773263482616,0.41678720712661743,-0.046836644411087036,0.013012463226914406,0.15217391304347827,0.09999999999771217
3228,266184,27.380625779766035,0.4288380444049835,-0.05305422842502594,0.01218383852392435,0.1111111111111111,0.09999999999771217
3229,266242,26.039605549793578,0.46048784255981445,-0.06854892522096634,0.014564266428351402,0.10344827586206896,0.09999999999771217
3230,266368,20.581646959249646,0.44580042362213135,-0.0530102401971817,0.019453080371022224,0.09523809523809523,0.09999999999771217
3231,266454,31.266079499908955,0.3028450310230255,-0.06855874508619308,0.0022889769170433283,0.06976744186046512,0.09999999999771217
3232,266509,25.00817338884943,0.39382198452949524,-0.07060056179761887,0.014266096986830235,0.09090909090909091,0.09999999999771217
3233,266593,29.06953823614656,0.6785764694213867,-0.05643004551529884,0.008205432444810867,0.13095238095238096,0.09999999999771217
3234,266680,26.835997683748097,0.33675187826156616,-0.049417972564697266,0.018138514831662178,0.12643678160919541,0.09999999999771217
3235,266767,30.722050363300973,0.5073150992393494,-0.05562029406428337,0.006935436278581619,0.08045977011494253,0.09999999999771217
3236,266851,27.54161731510181,0.5961540937423706,-0.06947040557861328,0.006206924561411142,0.13095238095238096,0.09999999999771217
3237,266910,24.048876065979982,0.5101738572120667,-0.07662037014961243,0.004329389426857233,0.1694915254237288,0.09999999999771217
3238,266990,29.60960068229877,0.7626739740371704,-0.07913506776094437,0.006688630674034357,0.1125,0.09999999999771217
3239,267080,31.128861703909344,0.3597230911254883,-0.07960471510887146,0.012748248875141144,0.1,0.09999999999771217
3240,267166,29.283844472198858,0.34433647990226746,-0.06443052738904953,0.01508373487740755,0.12790697674418605,0.09999999999771217
3241,267269,-23.603348266870988,0.7894467711448669,-0.05742749944329262,0.007915500551462173,0.05825242718446602,0.09999999999771217
3242,267356,30.31252222367055,0.39085155725479126,-0.07463085651397705,0.006295064929872751,0.08045977011494253,0.09999999999771217
3243,267373,-13.727106919702571,0.41094115376472473,-0.05112581327557564,0.01860344037413597,0.17647058823529413,0.09999999999771217
3244,267454,28.797645650927496,1.309678077697754,-0.05523781478404999,0.011679260991513729,0.16049382716049382,0.09999999999771217
3245,267505,25.085586949657635,0.4155063033103943,-0.05099460482597351,0.011050829663872719,0.09803921568627451,0.09999999999771217
3246,267586,30.23803325476546,0.6648274660110474,-0.08409415185451508,0.005463197827339172,0.07407407407407407,0.09999999999771217
3247,267679,26.10689809784425,0.3576301336288452,-0.07123897224664688,0.00911521166563034,0.12903225806451613,0.09999999999771217
3248,267829,-14.650434530209967,0.5073953866958618,-0.07904785871505737,0.0026560239493846893,0.10666666666666667,0.09999999999771217
3249,267885,24.306401084496983,0.3858882784843445,-0.05532772094011307,0.010517915710806847,0.08928571428571429,0.09999999999771217
3250,267970,26.713894367551624,0.5795505046844482,-0.04814285412430763,0.020402293652296066,0.12941176470588237,0.09999999999771217
3251,268053,29.860494507719217,0.5874848365783691,-0.05870773643255234,0.014856351539492607,0.08433734939759036,0.09999999999771217
3252,268139,-0.3774841850906938,0.5687418580055237,-0.06818936765193939,0.0047569493763148785,0.11627906976744186,0.09999999999771217
3253,268222,30.949891835939273,0.32761049270629883,-0.0730116069316864,0.005809045862406492,0.0963855421686747,0.09999999999771217
3254,268269,23.028242914224116,0.22588229179382324,-0.07499297708272934,0.007032929919660091,0.1702127659574468,0.09999999999771217
3255,268348,27.26476260895144,0.3308510482311249,-0.05529019981622696,0.017749257385730743,0.10126582278481013,0.09999999999771217
3256,268438,29.663363955882968,1.408492922782898,-0.06679549813270569,0.00753245921805501,0.12222222222222222,0.09999999999771217
3257,268525,30.883592853952923,0.5875773429870605,-0.0708373636007309,0.013134150765836239,0.12643678160919541,0.09999999999771217
3258,268594,17.38519831612209,1.6406102180480957,-0.0631885677576065,0.0033690854907035828,0.043478260869565216,0.09999999999771217
3259,268670,28.011849944936657,0.3521474003791809,-0.0731966570019722,0.006139765027910471,0.06578947368421052,0.09999999999771217
3260,268751,29.558329351631862,0.3757925033569336,-0.03819064795970917,0.006716868840157986,0.06172839506172839,0.09999999999771217
3261,268893,-19.794749685495326,0.402763694524765,-0.06164801865816116,0.025005554780364037,0.09859154929577464,0.09999999999771217
3262,268982,32.08329774884409,12.022985458374023,-0.06289973855018616,0.016629580408334732,0.14606741573033707,0.09999999999771217
3263,269086,-22.133968065544504,0.8458253145217896,-0.0356781929731369,0.018378986045718193,0.08653846153846154,0.09999999999771217
3264,269166,29.370241431980297,0.5238944888114929,-0.05787824094295502,0.005950099788606167,0.2,0.09999999999771217
3265,269315,25.597071608442615,0.5934485197067261,-0.0625881552696228,0.021027829498052597,0.12080536912751678,0.09999999999771217
3266,269383,4.468454886554364,0.4580937623977661,-0.05938107520341873,0.008818418718874454,0.058823529411764705,0.09999999999771217
3267,269467,29.704278106891408,0.6450027227401733,-0.04727419465780258,0.02925516664981842,0.10714285714285714,0.09999999999771217
3268,269550,29.5222144439779,0.37831905484199524,-0.04256157577037811,0.019955873489379883,0.07228915662650602,0.09999999999771217
3269,269640,-19.71882968948609,0.7552630305290222,-0.0358431376516819,0.019665610045194626,0.06666666666666667,0.09999999999771217
3270,269708,24.585828443555556,0.9651456475257874,-0.05175504460930824,0.007636734284460545,0.07352941176470588,0.09999999999771217
3271,269798,31.972590203512862,0.28520822525024414,-0.064296193420887,0.009211084805428982,0.07777777777777778,0.09999999999771217
3272,269866,26.518955641304363,0.5013859868049622,-0.0778421089053154,0.005591660272330046,0.11764705882352941,0.09999999999771217
3273,269920,24.448832679755895,0.46839380264282227,-0.06704798340797424,0.020377283915877342,0.07407407407407407,0.09999999999771217
3274,269973,23.194991103351356,8.385557174682617,-0.062322840094566345,0.010735012590885162,0.11320754716981132,0.09999999999771217
3275,270056,25.0687726408828,0.4005109667778015,-0.047781940549612045,0.011102177202701569,0.060240963855421686,0.09999999999771217
3276,270104,22.216667656471273,0.522610068321228,-0.06064877659082413,0.008178116753697395,0.041666666666666664,0.09999999999771217
3277,270188,29.35673729659075,0.5330549478530884,-0.07920464873313904,0.0040616365149617195,0.05952380952380952,0.09999999999771217
3278,270243,25.210020451836865,0.28765010833740234,-0.0531449168920517,0.013709007762372494,0.10909090909090909,0.09999999999771217
3279,270245,-10.302691414904807,0.3927682340145111,-0.0688556581735611,0.006587257143110037,0.5,0.09999999999771217
3280,270295,24.206559104233506,2.007713556289673,-0.07502704113721848,0.007301585748791695,0.1,0.09999999999771217
3281,270445,-2.5104034155437893,1.314803123474121,-0.07128003239631653,0.004521235357969999,0.12,0.09999999999771217
3282,270583,-8.804704289733662,0.585053563117981,-0.0712190568447113,0.014700436033308506,0.07971014492753623,0.09999999999771217
3283,270668,-19.14281094871989,0.44957196712493896,-0.026805952191352844,0.04393333941698074,0.11764705882352941,0.09999999999771217
3284,270764,-6.236084365243576,0.6658391356468201,-0.021893057972192764,0.04149269685149193,0.0625,0.09999999999771217
3285,270824,25.264155479596862,0.3759700059890747,-0.05605241283774376,0.013249854557216167,0.1,0.09999999999771217
3286,270905,27.4355349416291,0.46018362045288086,-0.0626215785741806,0.004455451853573322,0.09876543209876543,0.09999999999771217
3287,271055,20.94036895804681,0.37209489941596985,-0.0827716588973999,0.007897130213677883,0.08666666666666667,0.09999999999771217
3288,271205,-21.802722924962282,0.5104843974113464,-0.07086403667926788,0.0063913981430232525,0.07333333333333333,0.09999999999771217
3289,271287,27.661307567651527,0.4830377697944641,-0.05180979147553444,0.0030805000569671392,0.12195121951219512,0.09999999999771217
3290,271400,22.666872527917906,0.3031005859375,-0.057291917502880096,0.01445192750543356,0.11504424778761062,0.09999999999771217
3291,271458,25.861253715191665,0.43382421135902405,-0.04634638875722885,0.028052816167473793,0.10344827586206896,0.09999999999771217
3292,271584,28.324223676859674,0.8246375322341919,-0.06142740696668625,0.008830578997731209,0.09523809523809523,0.09999999999771217
3293,271593,-11.885255671718397,0.7654467821121216,-0.06454679369926453,0.008655790239572525,0.2222222222222222,0.09999999999771217
3294,271676,-13.796765375842721,0.39185774326324463,-0.06725850701332092,0.008817198686301708,0.07228915662650602,0.09999999999771217
3295,271761,23.852449591369304,0.45466530323028564,-0.07559377700090408,0.002602341352030635,0.058823529411764705,0.09999999999771217
3296,271836,27.307806226633186,0.6035208702087402,-0.04912983626127243,0.017140090465545654,0.09333333333333334,0.09999999999771217
3297,271959,26.138404476238055,0.6605713367462158,-0.06610336154699326,0.009322461672127247,0.13821138211382114,0.09999999999771217
3298,272012,22.9419307682109,0.32588136196136475,-0.058940351009368896,0.008337566629052162,0.1509433962264151,0.09999999999771217
3299,272069,24.592874771263922,0.298401415348053,-0.05206214636564255,0.009599817916750908,0.08771929824561403,0.09999999999771217
3300,272170,-4.418677516105024,1.730979084968567,-0.06013050675392151,0.0048217992298305035,0.0594059405940594,0.09999999999771217
3301,272244,26.02288413385952,14.584144592285156,-0.05039191246032715,0.02334611304104328,0.12162162162162163,0.09999999999771217
3302,272328,27.990504159126644,0.42621803283691406,-0.08252407610416412,0.01506764441728592,0.13095238095238096,0.09999999999771217
3303,272419,26.82402806015566,0.5071203708648682,-0.07315412163734436,0.0067709567956626415,0.0989010989010989,0.09999999999771217
3304,272496,26.094345897819373,0.6005205512046814,-0.057713378220796585,0.0027155117131769657,0.14285714285714285,0.09999999999771217
3305,272580,29.297812891850175,0.5227334499359131,-0.018826335668563843,0.04555907100439072,0.11904761904761904,0.09999999999771217
3306,272649,3.615579620345942,0.49227094650268555,-0.06755216419696808,0.015050102956593037,0.10144927536231885,0.09999999999771217
3307,272747,31.535691319240826,0.8447971343994141,-0.05731578916311264,0.016378387808799744,0.061224489795918366,0.09999999999771217
3308,272823,27.512697305668837,0.7592536211013794,-0.056511688977479935,0.014040428213775158,0.05263157894736842,0.09999999999771217
3309,272877,19.97965947098413,0.3928509056568146,-0.05970114469528198,0.00692693330347538,0.07407407407407407,0.09999999999771217
3310,272933,23.999962588001644,0.3789428472518921,-0.07039641588926315,0.0032961799297481775,0.08928571428571429,0.09999999999771217
3311,272990,25.61581756362856,0.3106246590614319,-0.09203875064849854,0.0040242332033813,0.15789473684210525,0.09999999999771217
3312,272993,-12.363983247975533,0.41665399074554443,-0.0537228100001812,0.014989744871854782,0.0,0.09999999999771217
3313,273079,29.334932315298545,0.507402777671814,-0.055854957550764084,0.01430830080062151,0.10465116279069768,0.09999999999771217
3314,273168,-12.129005328602686,0.6030941009521484,-0.0602409765124321,0.015837542712688446,0.16853932584269662,0.09999999999771217
3315,273254,-3.9398194824745225,0.3380127251148224,-0.08214059472084045,0.0015654182061553001,0.046511627906976744,0.09999999999771217
3316,273404,-22.258607329563915,0.40368470549583435,-0.05425691232085228,0.024050455540418625,0.10666666666666667,0.09999999999771217
3317,273480,27.440203975409524,0.4434720575809479,-0.03211846947669983,0.027463236823678017,0.09210526315789473,0.09999999999771217
3318,273568,31.517449398794646,0.44603264331817627,-0.05843993276357651,0.0062071518041193485,0.13636363636363635,0.09999999999771217
3319,273649,30.017563225791513,0.6848815679550171,-0.08580738306045532,0.007190405856817961,0.1728395061728395,0.09999999999771217
3320,273753,17.78457924557022,0.4152044355869293,-0.06008686125278473,0.021757572889328003,0.09615384615384616,0.09999999999771217
3321,273845,28.667246970202797,0.4099133610725403,-0.05647210031747818,0.003199523314833641,0.08695652173913043,0.09999999999771217
3322,273936,27.770115128063736,0.502439022064209,-0.05420257896184921,0.014853296801447868,0.06593406593406594,0.09999999999771217
3323,273987,24.6889313608563,0.6341122984886169,-0.0555112399160862,0.01354073267430067,0.0784313725490196,0.09999999999771217
3324,274080,31.269436417272473,0.40946638584136963,-0.058470286428928375,0.014947527088224888,0.08602150537634409,0.09999999999771217
3325,274157,25.43485376470836,0.27632778882980347,-0.07146195322275162,0.0043330201879143715,0.06493506493506493,0.09999999999771217
3326,274158,-8.075962067158207,0.43915361166000366,-0.06361657381057739,0.006237301975488663,0.0,0.09999999999771217
3327,274229,25.979307270478337,0.6478826999664307,-0.05754231661558151,0.009324335493147373,0.1267605633802817,0.09999999999771217
3328,274286,26.688398239085707,0.3216695189476013,-0.039622608572244644,0.008000736124813557,0.10526315789473684,0.09999999999771217
3329,274377,30.900828854167706,0.45246490836143494,-0.02658892050385475,0.023802146315574646,0.10989010989010989,0.09999999999771217
3330,274452,27.88224343178093,0.3729918301105499,-0.09865923225879669,0.0026740662287920713,0.13333333333333333,0.09999999999771217
3331,274537,26.422859438263792,0.4045359492301941,-0.07318092882633209,0.01658332720398903,0.07058823529411765,0.09999999999771217
3332,274599,22.216327039984265,0.8067710399627686,-0.0532681830227375,0.011768301017582417,0.04838709677419355,0.09999999999771217
3333,274729,25.43861849667789,0.3763526976108551,-0.05810433626174927,0.016592292115092278,0.1,0.09999999999771217
3334,274791,26.6167591963612,0.4180908203125,-0.05563922971487045,0.017484063282608986,0.06451612903225806,0.09999999999771217
3335,274941,-3.745259039886729,0.4169909656047821,-0.054356835782527924,0.02784743905067444,0.06,0.09999999999771217
3336,275086,18.116854420988595,0.40625879168510437,-0.06058233231306076,0.009481900371611118,0.06206896551724138,0.09999999999771217
3337,275173,27.251224048253484,0.2772541642189026,-0.06800591945648193,0.006792524363845587,0.10344827586206896,0.09999999999771217
3338,275262,32.11769559999848,0.5309783220291138,-0.06555570662021637,0.005273288581520319,0.07865168539325842,0.09999999999771217
3339,275332,26.118835789300263,0.571955680847168,-0.0745876207947731,0.0131372744217515,0.02857142857142857,0.09999999999771217
3340,275407,25.528034232532242,0.40989822149276733,-0.05697371065616608,0.024550454691052437,0.08,0.09999999999771217
3341,275466,25.409712573766043,0.8035698533058167,-0.04342629015445709,0.019852720201015472,0.1016949152542373,0.09999999999771217
3342,275564,9.593807715254796,0.24965231120586395,-0.06845417618751526,0.010606499388813972,0.09183673469387756,0.09999999999771217
3343,275714,-2.1079037605471114,0.9734383821487427,-0.0536685548722744,0.011881615035235882,0.13333333333333333,0.09999999999771217
3344,275799,30.577578545931615,0.26925182342529297,-0.05887903273105621,0.010691681876778603,0.07058823529411765,0.09999999999771217
3345,275881,28.37874324539311,0.5187125205993652,-0.06055103614926338,0.005092052277177572,0.08536585365853659,0.09999999999771217
3346,276015,13.899074855525376,0.29327407479286194,-0.07418135553598404,0.005842070560902357,0.08955223880597014,0.09999999999771217
3347,276089,-23.15069051706365,0.40823668241500854,-0.07435823976993561,0.014681236818432808,0.06756756756756757,0.09999999999771217
3348,276163,25.107038283791702,0.5149226188659668,-0.05749098211526871,0.0029833000153303146,0.04054054054054054,0.09999999999771217
3349,276263,27.220801319216736,0.3707295358181,-0.06984980404376984,0.0068306708708405495,0.08,0.09999999999771217
3350,276343,26.912134110604896,0.487840473651886,-0.0564420260488987,0.01585632935166359,0.1,0.09999999999771217
3351,276426,-24.146241436574783,0.3213743269443512,-0.05962683632969856,0.008635569363832474,0.04819277108433735,0.09999999999771217
3352,276576,-14.44552244591256,0.293900728225708,-0.07129567861557007,0.008986156433820724,0.08,0.09999999999771217
3353,276726,-3.7862627938489752,0.40782710909843445,-0.06935299187898636,0.0016349395737051964,0.12,0.09999999999771217
3354,276808,27.72523107305762,1.3032084703445435,-0.07226058840751648,0.006115294061601162,0.13414634146341464,0.09999999999771217
3355,276910,32.3292702352295,0.46893566846847534,-0.0578591413795948,0.025114241987466812,0.0784313725490196,0.09999999999771217
3356,277037,12.646774708591426,0.4153061509132385,-0.06988999992609024,0.007945047691464424,0.07086614173228346,0.09999999999771217
3357,277187,-4.893841319570579,0.6311056017875671,-0.05365116149187088,0.010921722277998924,0.09333333333333334,0.09999999999771217
3358,277272,29.581688109674197,0.5141409635543823,-0.046420976519584656,0.002874961355701089,0.10588235294117647,0.09999999999771217
3359,277354,30.291860263418382,0.4456297755241394,-0.0518474318087101,0.015567559748888016,0.0975609756097561,0.09999999999771217
3360,277442,29.43244223257559,0.5882301330566406,-0.04091017320752144,0.011841251514852047,0.09090909090909091,0.09999999999771217
3361,277572,-44.0089284634769,0.9258582592010498,-0.05179271847009659,0.011831728741526604,0.1076923076923077,0.09999999999771217
3362,277658,31.13519818251493,0.3812899589538574,-0.06248174235224724,0.011060061864554882,0.08139534883720931,0.09999999999771217
3363,277737,4.541102986701434,0.47662222385406494,-0.06926077604293823,0.005899934098124504,0.10126582278481013,0.09999999999771217
3364,277818,30.85782877675669,1.8107893466949463,-0.0530741848051548,0.009301938116550446,0.13580246913580246,0.09999999999771217
3365,277881,26.659714714397737,0.45818832516670227,-0.0627063438296318,0.01116230245679617,0.12698412698412698,0.09999999999771217
3366,277963,-24.439653365243007,0.6724454164505005,-0.09038615971803665,0.0024911286309361458,0.036585365853658534,0.09999999999771217
3367,278043,28.83832946678428,0.4149593114852905,-0.06937635689973831,0.0025340646971017122,0.0875,0.09999999999771217
3368,278119,27.33290556392707,0.4226555824279785,-0.039452530443668365,0.001981335459277034,0.15789473684210525,0.09999999999771217
3369,278120,-8.090281699386676,0.3611240088939667,-0.06512215733528137,0.00934872217476368,0.0,0.09999999999771217
3370,278202,29.111743503098463,0.6053038239479065,-0.06711277365684509,0.006505838595330715,0.12195121951219512,0.09999999999771217
3371,278285,25.114149515623424,2.18450927734375,-0.059921033680438995,0.00660420348867774,0.08433734939759036,0.09999999999771217
3372,278422,23.180548690169008,0.6731843948364258,-0.06285461783409119,0.012816003523766994,0.145985401459854,0.09999999999771217
3373,278513,26.77395978348739,0.44423016905784607,-0.08148740231990814,0.010296434164047241,0.13186813186813187,0.09999999999771217
3374,278589,0.34701837326959684,0.8408786058425903,-0.06040090695023537,0.0031391559168696404,0.07894736842105263,0.09999999999771217
3375,278725,25.71734723032487,0.38781335949897766,-0.04058012366294861,0.015593094751238823,0.08823529411764706,0.09999999999771217
3376,278814,28.640148455224164,1.3574185371398926,-0.06194549798965454,0.011525332927703857,0.10112359550561797,0.09999999999771217
3377,278898,30.26905900763372,1.0466790199279785,-0.049351900815963745,0.021724877879023552,0.13095238095238096,0.09999999999771217
3378,278990,31.764752839473395,0.37393897771835327,-0.05411284416913986,0.01131867803633213,0.14130434782608695,0.09999999999771217
3379,279073,27.145220422067425,0.5335622429847717,-0.03673631697893143,0.021785495802760124,0.08433734939759036,0.09999999999771217
3380,279074,-8.122530046167185,0.48023873567581177,-0.06216469779610634,0.007297035306692123,0.0,0.09999999999771217
3381,279156,29.498920727935726,12.612863540649414,-0.055736836045980453,0.006932723801583052,0.12195121951219512,0.09999999999771217
3382,279238,30.263277557638002,0.5859781503677368,-0.04731146618723869,0.028407182544469833,0.08536585365853659,0.09999999999771217
3383,279295,25.629149531410828,0.43485158681869507,-0.06798669695854187,0.016995932906866074,0.08771929824561403,0.09999999999771217
3384,279378,27.86922537338469,0.46202462911605835,-0.06601937115192413,0.006501642055809498,0.07228915662650602,0.09999999999771217
3385,279464,29.370479448951805,0.31489384174346924,-0.0819099098443985,0.0068716732785105705,0.13953488372093023,0.09999999999771217
3386,279517,23.021527176953107,0.5986857414245605,-0.0633256807923317,0.008004093542695045,0.05660377358490566,0.09999999999771217
3387,279605,29.56527861801343,0.7489562034606934,-0.07382315397262573,0.005592554807662964,0.09090909090909091,0.09999999999771217
3388,279687,27.95796651815119,2.404484272003174,-0.0467693954706192,0.02050994336605072,0.0975609756097561,0.09999999999771217
3389,279785,26.07392184798987,0.31605416536331177,-0.062029942870140076,0.012469151057302952,0.1326530612244898,0.09999999999771217
3390,279885,4.274944978999802,0.2933254837989807,-0.0468159094452858,0.02268155664205551,0.04,0.09999999999771217
3391,279936,24.205741299827423,0.5841211080551147,-0.06182815134525299,0.014793702401220798,0.09803921568627451,0.09999999999771217
3392,280060,-28.485881029202993,0.389018177986145,-0.04846537858247757,0.014330578967928886,0.06451612903225806,0.09999999999771217
3393,280144,28.67823807139902,0.6079598069190979,-0.06845203042030334,0.01172645390033722,0.13095238095238096,0.09999999999771217
3394,280294,1.8831116465488957,1.7519354820251465,-0.03949051350355148,0.014951623044908047,0.10666666666666667,0.09999999999771217
3395,280425,24.33514491591592,0.6398144364356995,-0.05072806403040886,0.008420445956289768,0.1297709923664122,0.09999999999771217
3396,280426,-8.117988396447762,0.34261173009872437,-0.05844402313232422,0.01818726398050785,0.0,0.09999999999771217
3397,280501,24.41528908551772,0.4594951272010803,-0.057981785386800766,0.005271355155855417,0.13333333333333333,0.09999999999771217
3398,280651,-1.9267829236243683,0.4101777672767639,-0.07771432399749756,0.01015487127006054,0.10666666666666667,0.09999999999771217
3399,280739,31.307356284620248,0.6094362735748291,-0.07660350203514099,0.0034954387228935957,0.07954545454545454,0.09999999999771217
3400,280802,23.980312506507822,0.5472862720489502,-0.07555843144655228,0.005885470192879438,0.09523809523809523,0.09999999999771217
3401,280856,24.374010194773266,0.4087948799133301,-0.04014898091554642,0.020433133468031883,0.1111111111111111,0.09999999999771217
3402,280918,25.334022440239885,8.573064804077148,-0.04606607183814049,0.011257420293986797,0.08064516129032258,0.09999999999771217
3403,281014,32.93141533393829,0.3137853145599365,-0.07671340554952621,0.0039235372096300125,0.125,0.09999999999771217
3404,281126,-24.222601283624837,0.6599497199058533,-0.07226627320051193,0.013701439835131168,0.05357142857142857,0.09999999999771217
3405,281217,29.366613678751833,0.6377080082893372,-0.04844895005226135,0.020305776968598366,0.06593406593406594,0.09999999999771217
3406,281312,25.151707539666397,0.5083367228507996,-0.05584631860256195,0.009003578685224056,0.07368421052631578,0.09999999999771217
3407,281350,-20.384209797477187,0.356923907995224,-0.06396720558404922,0.004812017548829317,0.13157894736842105,0.09999999999771217
3408,281430,28.516361873174713,0.3303911089897156,-0.07515961676836014,0.005529317539185286,0.0875,0.09999999999771217
3409,281505,28.749482541514503,0.4173773527145386,-0.0787142664194107,0.004541230853646994,0.08,0.09999999999771217
3410,281592,28.024890730384065,0.47422587871551514,-0.05193892493844032,0.017754603177309036,0.13793103448275862,0.09999999999771217
3411,281697,26.782572157316935,2.1595680713653564,-0.051409006118774414,0.0062722573056817055,0.05714285714285714,0.09999999999771217
3412,281757,26.94800170794894,2.3884687423706055,-0.05314201861619949,0.012054248712956905,0.13333333333333333,0.09999999999771217
3413,281832,24.87373604978655,0.4443967938423157,-0.07460647076368332,0.0028366309124976397,0.04,0.09999999999771217
3414,281891,26.405301436503052,0.36904069781303406,-0.07590742409229279,0.016554003581404686,0.2033898305084746,0.09999999999771217
3415,282006,-42.07318393286434,0.4668043851852417,-0.055200666189193726,0.006894264370203018,0.0782608695652174,0.09999999999771217
3416,282063,25.274346902775747,0.446292906999588,-0.03204815089702606,0.024836378172039986,0.14035087719298245,0.09999999999771217
3417,282164,27.110992856026872,0.5455045700073242,-0.07140453904867172,0.013620654121041298,0.12871287128712872,0.09999999999771217
3418,282247,28.85094865729904,4.946135997772217,-0.05960855260491371,0.010011729784309864,0.10843373493975904,0.09999999999771217
3419,282300,21.68868453873431,0.33463454246520996,-0.05057128891348839,0.005658559035509825,0.1509433962264151,0.09999999999771217
3420,282376,28.461681524706645,0.39727723598480225,-0.07887531071901321,0.005393951199948788,0.07894736842105263,0.09999999999771217
3421,282460,30.155862977855215,0.2875444293022156,-0.05785905569791794,0.020884297788143158,0.07142857142857142,0.09999999999771217
3422,282523,26.97781019021779,0.2989310026168823,-0.04259680584073067,0.01644444465637207,0.047619047619047616,0.09999999999771217
3423,282526,-12.361525486836236,1.4962718486785889,-0.029031876474618912,0.029983576387166977,0.0,0.09999999999771217
3424,282583,22.389221490984315,0.465678870677948,-0.029426435008645058,0.029996229335665703,0.07017543859649122,0.09999999999771217
3425,282656,25.273962324731052,0.5161078572273254,-0.04145041108131409,0.018018323928117752,0.0821917808219178,0.09999999999771217
3426,282770,31.454894401079585,0.3150203824043274,-0.055910732597112656,0.012527551501989365,0.09649122807017543,0.09999999999771217
3427,282866,31.636914163888406,0.30108916759490967,-0.07946734130382538,0.003342648735269904,0.0625,0.09999999999771217
3428,282963,30.79296382805497,0.5547521710395813,-0.051048196852207184,0.001858155126683414,0.10309278350515463,0.09999999999771217
3429,283088,-10.689356444718436,0.4038721024990082,-0.04012833535671234,0.013065097853541374,0.136,0.09999999999771217
3430,283206,29.116742468276122,0.5788747072219849,-0.03484956920146942,0.00517217256128788,0.11864406779661017,0.09999999999771217
3431,283293,29.53419810802075,0.4611814022064209,-0.05331926792860031,0.009247653186321259,0.09195402298850575,0.09999999999771217
3432,283385,30.862398427097304,0.5196635723114014,-0.04175920784473419,0.024044180288910866,0.11956521739130435,0.09999999999771217
3433,283387,-10.220053462823335,0.5902040004730225,-0.05191924422979355,0.008284631185233593,0.0,0.09999999999771217
3434,283465,24.627512351139444,1.2467691898345947,-0.045137807726860046,0.016775457188487053,0.07692307692307693,0.09999999999771217
3435,283523,26.561201786128255,0.4999803900718689,-0.029175451025366783,0.017537729814648628,0.10344827586206896,0.09999999999771217
3436,283615,30.573335864186603,0.6174732446670532,-0.050700221210718155,0.02022038772702217,0.09782608695652174,0.09999999999771217
3437,283691,28.263317600575895,0.6136836409568787,-0.05819634348154068,0.00850568525493145,0.13157894736842105,0.09999999999771217
3438,283755,25.31143119581987,0.31398651003837585,-0.04064735770225525,0.022895602509379387,0.046875,0.09999999999771217
3439,283808,24.54358202689356,0.4208753705024719,-0.05816821753978729,0.01255415566265583,0.11320754716981132,0.09999999999771217
3440,283879,25.78494447584372,0.7297009229660034,-0.052979789674282074,0.021540701389312744,0.07042253521126761,0.09999999999771217
3441,283929,24.095350425286522,0.9643305540084839,-0.05730901658535004,0.028073497116565704,0.08,0.09999999999771217
3442,284001,27.168427903826682,0.786373496055603,-0.047611720860004425,0.014640103094279766,0.06944444444444445,0.09999999999771217
3443,284076,28.616087840071092,0.8046771287918091,-0.040295038372278214,0.018748991191387177,0.09333333333333334,0.09999999999771217
3444,284148,25.862764571477573,0.2704019546508789,-0.042608048766851425,0.01946258172392845,0.1388888888888889,0.09999999999771217
3445,284235,30.810032204162393,0.8848803043365479,-0.08457544445991516,0.0071145035326480865,0.12643678160919541,0.09999999999771217
3446,284332,31.937758101553623,0.31856662034988403,-0.05395049601793289,0.014836028218269348,0.09278350515463918,0.09999999999771217
3447,284415,30.20983697268624,0.6491659879684448,-0.06047994643449783,0.0087220948189497,0.04819277108433735,0.09999999999771217
3448,284471,23.714322747487987,1.1635353565216064,-0.07310783863067627,0.0072938501834869385,0.05357142857142857,0.09999999999771217
3449,284577,27.18711419313304,0.6119468212127686,-0.04594738408923149,0.015379246324300766,0.10377358490566038,0.09999999999771217
3450,284656,27.478102107390505,0.37498387694358826,-0.062076739966869354,0.011168019846081734,0.11392405063291139,0.09999999999771217
3451,284736,-21.89089361993129,1.3455102443695068,-0.04864255338907242,0.03509005904197693,0.05,0.09999999999771217
3452,284794,25.82187708872927,0.35189366340637207,-0.05192268639802933,0.018529972061514854,0.08620689655172414,0.09999999999771217
3453,284874,27.411996103485496,0.5875982046127319,-0.05415029078722,0.011447595432400703,0.075,0.09999999999771217
3454,284926,24.168267777736247,0.4398658573627472,-0.05346473306417465,0.01915186084806919,0.09615384615384616,0.09999999999771217
3455,284986,25.77342697148438,0.5629323124885559,-0.06139363721013069,0.013009187765419483,0.16666666666666666,0.09999999999771217
3456,285080,9.495321986398274,0.6572038531303406,-0.04786023870110512,0.017439868301153183,0.1276595744680851,0.09999999999771217
3457,285154,27.51870938469454,0.48334622383117676,-0.0625908151268959,0.02802702598273754,0.05405405405405406,0.09999999999771217
3458,285304,-4.832015804902322,0.5148519277572632,-0.06066877394914627,0.013784142211079597,0.12,0.09999999999771217
3459,285377,26.28292066390418,0.39378100633621216,-0.05900838226079941,0.007864161394536495,0.0958904109589041,0.09999999999771217
3460,285434,25.83556910955607,0.4665375351905823,-0.06588336080312729,0.011658507399260998,0.12280701754385964,0.09999999999771217
3461,285584,-31.28287252149226,0.5219100117683411,-0.05577977001667023,0.024393273517489433,0.10666666666666667,0.09999999999771217
3462,285674,32.50087151250065,0.5128061771392822,-0.05126114934682846,0.007811182644218206,0.1,0.09999999999771217
3463,285675,-8.110028805516476,0.41284263134002686,-0.05126114934682846,0.007811182644218206,0.0,0.09999999999771217
3464,285762,31.790159702479087,0.630483865737915,-0.05623474344611168,0.010208229534327984,0.10344827586206896,0.09999999999771217
3465,285831,25.860949163497125,1.3941032886505127,-0.04580073058605194,0.023487603291869164,0.057971014492753624,0.09999999999771217
3466,285917,30.69298806060535,0.7934237718582153,-0.04157579317688942,0.013837221078574657,0.12790697674418605,0.09999999999771217
3467,285931,-9.069556521760479,1.271086573600769,-0.06189413368701935,0.006542013958096504,0.14285714285714285,0.09999999999771217
3468,286005,6.109764269081177,0.29739630222320557,-0.06160929799079895,0.006314217112958431,0.08108108108108109,0.09999999999771217
3469,286095,29.499446178552205,0.6981035470962524,-0.03863455727696419,0.02837260439991951,0.12222222222222222,0.09999999999771217
3470,286226,29.65329702537427,0.6047577261924744,-0.07608091831207275,0.007574913091957569,0.0916030534351145,0.09999999999771217
3471,286277,20.970981859332813,0.6291689872741699,-0.06388426572084427,0.004922316409647465,0.0392156862745098,0.09999999999771217
3472,286355,28.51413293846783,0.2802823483943939,-0.035953786224126816,0.015804007649421692,0.0641025641025641,0.09999999999771217
3473,286464,24.80587716703031,0.3917585611343384,-0.053400926291942596,0.004035288468003273,0.07339449541284404,0.09999999999771217
3474,286560,30.11586677465541,0.3424099087715149,-0.06643939763307571,0.01214289665222168,0.13541666666666666,0.09999999999771217
3475,286616,23.836984914142853,0.4346858859062195,-0.06086194887757301,0.003947692457586527,0.10714285714285714,0.09999999999771217
3476,286728,5.381246724209133,0.40578925609588623,-0.06810525059700012,0.00839587114751339,0.10714285714285714,0.09999999999771217
3477,286822,26.1340139420234,0.43111860752105713,-0.0661657303571701,0.013572605326771736,0.1276595744680851,0.09999999999771217
3478,286930,13.379200504079213,0.7419013977050781,-0.057759638875722885,0.007286774460226297,0.046296296296296294,0.09999999999771217
3479,287007,26.83254183517085,0.38783878087997437,-0.05242038518190384,0.008914746344089508,0.1038961038961039,0.09999999999771217
3480,287078,24.566748609460877,0.7791872024536133,-0.05202759429812431,0.015196737833321095,0.09859154929577464,0.09999999999771217
3481,287172,31.48583450772882,0.413730263710022,-0.04991721361875534,0.02162856049835682,0.10638297872340426,0.09999999999771217
3482,287238,10.135135628703186,0.4835283160209656,-0.05377471446990967,0.016845352947711945,0.07575757575757576,0.09999999999771217
3483,287331,31.845992618982713,0.6582038998603821,-0.070294089615345,0.004415088798850775,0.07526881720430108,0.09999999999771217
3484,287421,28.363339287650806,0.2776256501674652,-0.08286922425031662,0.005439664702862501,0.1,0.09999999999771217
3485,287506,31.45585360808878,0.5365638136863708,-0.06913823634386063,0.013222059234976768,0.09411764705882353,0.09999999999771217
3486,287563,25.18168436033583,0.3473835289478302,-0.07446462661027908,0.013403527438640594,0.07017543859649122,0.09999999999771217
3487,287644,27.850550429380668,0.610245943069458,-0.05064070224761963,0.01232569757848978,0.07407407407407407,0.09999999999771217
3488,287728,28.553919566519973,0.5198662877082825,-0.027175087481737137,0.021757006645202637,0.09523809523809523,0.09999999999771217
3489,287826,27.233633372329255,0.3737155497074127,-0.06676244735717773,0.003989336080849171,0.07142857142857142,0.09999999999771217
3490,287879,23.52770327429429,0.5206974744796753,-0.054938048124313354,0.017413698136806488,0.09433962264150944,0.09999999999771217
3491,287967,27.80438959218221,0.4896843135356903,-0.04535426199436188,0.013751910999417305,0.125,0.09999999999771217
3492,288047,26.834802693172804,0.5153354406356812,-0.015539761632680893,0.03993760794401169,0.1,0.09999999999771217
3493,288106,-34.9085666313519,0.5331087708473206,-0.07024591416120529,0.009017153643071651,0.13559322033898305,0.09999999999771217
3494,288184,26.605380208995967,0.5294851064682007,-0.04990014061331749,0.015707459300756454,0.14102564102564102,0.09999999999771217
3495,288238,23.711545378103494,0.4080936312675476,-0.046831488609313965,0.015952100977301598,0.2037037037037037,0.09999999999771217
3496,288313,27.050445334869867,0.35707229375839233,-0.06954526901245117,0.006271836813539267,0.04,0.09999999999771217
3497,288370,26.25845015329301,0.46320414543151855,-0.04122067987918854,0.026323772966861725,0.14035087719298245,0.09999999999771217
3498,288453,28.790407456647614,0.38585108518600464,-0.05024460703134537,0.024500304833054543,0.0963855421686747,0.09999999999771217
3499,288580,26.883173974223414,0.32854437828063965,-0.06876926124095917,0.013966454192996025,0.09448818897637795,0.09999999999771217
3500,288660,26.855329140847317,0.5413069128990173,-0.06324831396341324,0.012540551833808422,0.1125,0.09999999999771217
3501,288741,29.44932051723135,0.28923651576042175,-0.0400780513882637,0.011068291030824184,0.12345679012345678,0.09999999999771217
3502,288826,31.041310966442268,0.470104843378067,-0.05442484840750694,0.008047159761190414,0.09411764705882353,0.09999999999771217
3503,288827,-8.109183659326275,0.5120679140090942,-0.05442484840750694,0.008047159761190414,1.0,0.09999999999771217
3504,288906,27.71895745295525,0.5056462287902832,-0.07320721447467804,0.01367487758398056,0.08860759493670886,0.09999999999771217
3505,289056,-27.331033976331597,0.4387139081954956,-0.0717843696475029,0.007573101203888655,0.11333333333333333,0.09999999999771217
3506,289134,28.668571550412345,0.47888606786727905,-0.0581534318625927,0.01252667885273695,0.07692307692307693,0.09999999999771217
3507,289235,25.476151442016054,0.641720175743103,-0.0516522116959095,0.010127510875463486,0.0891089108910891,0.09999999999771217
3508,289315,28.175345667908502,0.6370344161987305,-0.06569115817546844,0.004129745997488499,0.1,0.09999999999771217
3509,289424,26.582420565535234,0.30659258365631104,-0.05488689988851547,0.005931609310209751,0.22018348623853212,0.09999999999771217
3510,289520,33.22162834691444,0.5173622965812683,-0.06868445873260498,0.010414221324026585,0.09375,0.09999999999771217
3511,289536,-11.58218441806287,0.36741411685943604,-0.07795441895723343,0.002243903698399663,0.0,0.09999999999771217
3512,289660,24.7270336999849,0.5789538621902466,-0.051054537296295166,0.013786287046968937,0.08064516129032258,0.09999999999771217
3513,289734,28.595482921682684,0.3768181800842285,-0.04202541708946228,0.025288961827754974,0.10810810810810811,0.09999999999771217
3514,289803,0.4952923185821483,2.495422601699829,-0.024961328133940697,0.022616920992732048,0.08695652173913043,0.09999999999771217
3515,289892,28.135911709816135,0.46838831901550293,-0.06214113533496857,0.016905004158616066,0.0898876404494382,0.09999999999771217
3516,289982,30.769405164292877,0.41947463154792786,-0.04757758975028992,0.01867617852985859,0.05555555555555555,0.09999999999771217
3517,289983,-8.186398982543748,0.5389147996902466,-0.04757758975028992,0.01867617852985859,0.0,0.09999999999771217
3518,290064,28.887480730524054,0.42694973945617676,-0.060098446905612946,0.005236230790615082,0.08641975308641975,0.09999999999771217
3519,290123,25.64830745708175,0.3361845016479492,-0.07444237917661667,0.013759465888142586,0.03389830508474576,0.09999999999771217
3520,290213,31.28541990202112,0.5684855580329895,-0.05065174773335457,0.010356658138334751,0.16666666666666666,0.09999999999771217
3521,290308,32.42255521903991,0.6238055229187012,-0.06180141866207123,0.006580532528460026,0.08421052631578947,0.09999999999771217
3522,290361,24.20177567459416,0.6452380418777466,-0.07517984509468079,0.014939691871404648,0.07547169811320754,0.09999999999771217
3523,290434,27.219004798527045,0.5203710794448853,-0.0428667888045311,0.022986913099884987,0.0958904109589041,0.09999999999771217
3524,290512,28.482146031510542,0.7032362222671509,-0.0751003846526146,0.010489165782928467,0.07692307692307693,0.09999999999771217
3525,290565,23.039930999793054,0.4914570748806,-0.10041353106498718,0.004595338832587004,0.03773584905660377,0.09999999999771217
3526,290622,25.727869876950834,0.33253878355026245,-0.07930057495832443,0.004445213358849287,0.10526315789473684,0.09999999999771217
3527,290711,-1.5153400994278954,1.0924925804138184,-0.0638074278831482,0.009371081367135048,0.0898876404494382,0.09999999999771217
3528,290786,27.918818592851647,0.5643097162246704,-0.05679568648338318,0.025403618812561035,0.05333333333333334,0.09999999999771217
3529,290867,27.56589454392399,0.28076934814453125,-0.05568413808941841,0.010505433194339275,0.037037037037037035,0.09999999999771217
3530,290969,26.811163145396243,0.40980690717697144,-0.061990294605493546,0.022934142500162125,0.09803921568627451,0.09999999999771217
3531,291027,25.360081721604313,0.4733433127403259,-0.059000883251428604,0.005905877333134413,0.10344827586206896,0.09999999999771217
3532,291131,-11.686415950318498,0.7580915093421936,-0.06764958053827286,0.0099909333512187,0.11538461538461539,0.09999999999771217
3533,291186,23.57530996996054,0.4022385776042938,-0.06910496205091476,0.020629018545150757,0.14545454545454545,0.09999999999771217
3534,291264,29.044269278482396,0.3633107542991638,-0.05049363523721695,0.006691352464258671,0.14102564102564102,0.09999999999771217
3535,291359,31.630554596519897,0.604283332824707,-0.045476753264665604,0.010031078942120075,0.07368421052631578,0.09999999999771217
3536,291509,0.8162374653428248,0.583533763885498,-0.08671225607395172,0.004009402822703123,0.07333333333333333,0.09999999999771217
3537,291589,27.47677892921033,0.6335269212722778,-0.06924109160900116,0.0026456587947905064,0.0875,0.09999999999771217
3538,291665,-22.64222178692979,0.3454137444496155,-0.048133790493011475,0.019273653626441956,0.039473684210526314,0.09999999999771217
3539,291756,30.89527920482505,0.735360860824585,-0.08206139504909515,0.012398186139762402,0.08791208791208792,0.09999999999771217
3540,291765,-9.792783396467414,0.5803586840629578,-0.056851744651794434,0.014495009556412697,0.1111111111111111,0.09999999999771217
3541,291873,24.62838634765641,0.48845791816711426,-0.0655912458896637,0.003750694217160344,0.08333333333333333,0.09999999999771217
3542,291883,-9.772067362301549,0.41982501745224,-0.06375618278980255,0.003061563242226839,0.1,0.09999999999771217
3543,292014,24.402483307997805,0.617731511592865,-0.0836523175239563,0.007088152226060629,0.06870229007633588,0.09999999999771217
3544,292134,32.39115969113578,0.4502210319042206,-0.061891842633485794,0.017764005810022354,0.13333333333333333,0.09999999999771217
3545,292195,22.316135163741436,0.39717036485671997,-0.05297698825597763,0.021674899384379387,0.08196721311475409,0.09999999999771217
3546,292274,26.915351212646996,0.6635787487030029,-0.0581747330725193,0.00523811811581254,0.12658227848101267,0.09999999999771217
3547,292324,24.124684983921263,0.7022350430488586,-0.06719829142093658,0.014217310585081577,0.12,0.09999999999771217
3548,292380,23.4580779477534,0.5121303796768188,-0.0514429546892643,0.004294511396437883,0.08928571428571429,0.09999999999771217
3549,292477,27.830940557118762,0.7081973552703857,-0.07324014604091644,0.015661168843507767,0.08247422680412371,0.09999999999771217
3550,292531,24.669823143395142,0.5580301880836487,-0.0487980917096138,0.011304105632007122,0.16666666666666666,0.09999999999771217
3551,292620,29.987124543924335,0.6507226228713989,-0.0625542625784874,0.01334345992654562,0.10112359550561797,0.09999999999771217
3552,292709,28.948392614618676,0.9034172296524048,-0.02706100419163704,0.026459623128175735,0.06741573033707865,0.09999999999771217
3553,292839,22.460085506654575,1.9252761602401733,-0.04524694010615349,0.008761264383792877,0.06153846153846154,0.09999999999771217
3554,292892,5.199604961688774,0.30811482667922974,-0.0834348276257515,0.004571462050080299,0.11320754716981132,0.09999999999771217
3555,292981,31.220393294891558,0.7308651208877563,-0.05448457598686218,0.01505216397345066,0.16853932584269662,0.09999999999771217
3556,293061,29.590749367348852,0.4974195957183838,-0.04628678038716316,0.010437230579555035,0.0875,0.09999999999771217
3557,293211,-24.275707655156214,0.509070873260498,-0.06438732147216797,0.01880582794547081,0.12666666666666668,0.09999999999771217
3558,293321,27.01583065312703,1.0819889307022095,-0.052413664758205414,0.0041136471554636955,0.13636363636363635,0.09999999999771217
3559,293395,26.673724086309917,0.7098676562309265,-0.03599319979548454,0.021388504654169083,0.10810810810810811,0.09999999999771217
3560,293472,27.926697691469606,0.46539613604545593,-0.04466366022825241,0.01712501049041748,0.06493506493506493,0.09999999999771217
3561,293552,28.99475704409017,0.43889808654785156,-0.06668601185083389,0.00653391657397151,0.0875,0.09999999999771217
3562,293702,-18.057345506080537,0.40447819232940674,-0.05128614604473114,0.023088239133358,0.09333333333333334,0.09999999999771217
3563,293761,23.072518233462354,0.442985475063324,-0.05738034099340439,0.02418130449950695,0.05084745762711865,0.09999999999771217
3564,293817,24.138395254952712,0.46972906589508057,-0.0387546569108963,0.009986956603825092,0.07142857142857142,0.09999999999771217
3565,293912,31.124098536854163,0.2645658552646637,-0.04780904948711395,0.019701102748513222,0.10526315789473684,0.09999999999771217
3566,293994,28.108815824881795,0.5239735841751099,-0.048806075006723404,0.018114391714334488,0.12195121951219512,0.09999999999771217
3567,294051,23.063589666131946,0.4049842059612274,-0.05037010461091995,0.014369278214871883,0.07017543859649122,0.09999999999771217
3568,294160,32.48976634964115,0.48326376080513,-0.06799724698066711,0.005547225475311279,0.09174311926605505,0.09999999999771217
3569,294219,26.14219042379119,0.3057803511619568,-0.03790447115898132,0.0086116474121809,0.15254237288135594,0.09999999999771217
3570,294274,25.74146780544913,0.5795712471008301,-0.08204053342342377,0.016929680481553078,0.05454545454545454,0.09999999999771217
3571,294424,-1.560445114557032,1.1178476810455322,-0.07155180722475052,0.006943098269402981,0.08666666666666667,0.09999999999771217
3572,294516,9.632611590318303,1.2181552648544312,-0.06224296614527702,0.0033584129996597767,0.11956521739130435,0.09999999999771217
3573,294602,28.073869680904608,0.4756968021392822,-0.0659625232219696,0.01978949084877968,0.10465116279069768,0.09999999999771217
3574,294690,28.992156482583027,1.4511408805847168,-0.03705233708024025,0.03826000913977623,0.09090909090909091,0.09999999999771217
3575,294793,30.757765732840475,0.38311314582824707,-0.06978921592235565,0.011301588267087936,0.1262135922330097,0.09999999999771217
3576,294887,30.828776603713695,0.4510710537433624,-0.05991861969232559,0.016966572031378746,0.07446808510638298,0.09999999999771217
3577,294982,33.689659704531785,0.4061233699321747,-0.04133373498916626,0.024665480479598045,0.12631578947368421,0.09999999999771217
3578,295036,23.72238909768736,0.5784882307052612,-0.037019290030002594,0.023197822272777557,0.05555555555555555,0.09999999999771217
3579,295120,28.623564278898268,0.5011171102523804,-0.04865077883005142,0.013872242532670498,0.08333333333333333,0.09999999999771217
3580,295214,33.09810251649016,1.1621224880218506,-0.050860676914453506,0.01337141077965498,0.11702127659574468,0.09999999999771217
3581,295305,28.291299973293015,0.2860739529132843,-0.06968146562576294,0.0048863328993320465,0.06593406593406594,0.09999999999771217
3582,295359,24.61059156160109,0.3943707346916199,-0.05983113870024681,0.014825535006821156,0.037037037037037035,0.09999999999771217
3583,295444,29.604593616156567,0.360393226146698,-0.08070515841245651,0.0017676444258540869,0.10588235294117647,0.09999999999771217
3584,295525,28.79907193116867,0.522600531578064,-0.04857354611158371,0.020027898252010345,0.12345679012345678,0.09999999999771217
3585,295585,24.897563051399693,2.3945083618164062,-0.06358090043067932,0.00733709242194891,0.13333333333333333,0.09999999999771217
3586,295631,-7.543816476823784,0.5816174745559692,-0.03182721510529518,0.017678208649158478,0.08695652173913043,0.09999999999771217
3587,295693,23.513639597661893,0.5845193862915039,-0.04085283353924751,0.005242326762527227,0.0967741935483871,0.09999999999771217
3588,295747,23.8267162332668,0.4924744963645935,-0.07941700518131256,0.007898552343249321,0.018518518518518517,0.09999999999771217
3589,295877,24.44720386684309,0.530595600605011,-0.05371886119246483,0.012912195175886154,0.11538461538461539,0.09999999999771217
3590,295973,32.356776800226896,0.4695149064064026,-0.06324892491102219,0.023253606632351875,0.14583333333333334,0.09999999999771217
3591,296058,30.32968169361504,1.330962896347046,-0.06647881120443344,0.007886342704296112,0.08235294117647059,0.09999999999771217
3592,296199,24.32585976466177,0.42276448011398315,-0.07284970581531525,0.011645328253507614,0.1702127659574468,0.09999999999771217
3593,296294,32.655681977061036,0.5186365842819214,-0.030978772789239883,0.030573740601539612,0.11578947368421053,0.09999999999771217
3594,296414,25.507251778135352,0.4621734023094177,-0.061941057443618774,0.014210501685738564,0.11666666666666667,0.09999999999771217
3595,296495,-19.996032787254126,0.34784501791000366,-0.05625630170106888,0.009268022142350674,0.08641975308641975,0.09999999999771217
3596,296599,28.25099458004324,0.4210200905799866,-0.04525471106171608,0.007726226933300495,0.09615384615384616,0.09999999999771217
3597,296676,29.11161768256497,0.3468092083930969,-0.06267701089382172,0.005733543541282415,0.07792207792207792,0.09999999999771217
3598,296761,29.009473005276753,0.454312801361084,-0.07928187400102615,0.008350660093128681,0.058823529411764705,0.09999999999771217
3599,296855,-39.69981827461441,0.4310939908027649,-0.06404881179332733,0.006139758974313736,0.10638297872340426,0.09999999999771217
3600,296944,30.086410734052492,1.1439282894134521,-0.07294880598783493,0.009726578369736671,0.06741573033707865,0.09999999999771217
3601,297037,30.729880918951828,0.50196373462677,-0.05946691334247589,0.011045380495488644,0.15053763440860216,0.09999999999771217
3602,297118,28.786465704525675,0.29540860652923584,-0.09229288250207901,0.00930834375321865,0.08641975308641975,0.09999999999771217
3603,297197,27.864659467042678,0.7389339208602905,-0.07016392797231674,0.006496985908597708,0.05063291139240506,0.09999999999771217
3604,297266,26.413580735268404,0.4755631685256958,-0.061629343777894974,0.005446809343993664,0.07246376811594203,0.09999999999771217
3605,297321,23.707859197225815,0.8856124877929688,-0.06181516870856285,0.0045225671492516994,0.12727272727272726,0.09999999999771217
3606,297403,29.72003991013991,0.30013635754585266,-0.04653915762901306,0.015685319900512695,0.036585365853658534,0.09999999999771217
3607,297551,-49.21499971120235,0.33712923526763916,-0.061925195157527924,0.02027047611773014,0.08108108108108109,0.09999999999771217
3608,297604,24.794580825030216,1.4767531156539917,-0.0299689918756485,0.021028317511081696,0.11320754716981132,0.09999999999771217
3609,297655,22.999335598325978,0.5000470876693726,-0.06395238637924194,0.010486911050975323,0.0392156862745098,0.09999999999771217
3610,297784,21.053818768619877,8.874431610107422,-0.06748588383197784,0.018353872001171112,0.14728682170542637,0.09999999999771217
3611,297883,31.741566615152436,0.5983498096466064,-0.05359974130988121,0.008526444435119629,0.13131313131313133,0.09999999999771217
3612,297978,32.955254850813425,0.46274882555007935,-0.04179077595472336,0.020090686157345772,0.11578947368421053,0.09999999999771217
3613,298029,24.884780531771575,0.6126115918159485,-0.0680917352437973,0.002165223006159067,0.11764705882352941,0.09999999999771217
3614,298082,24.884840366759747,0.7047498226165771,-0.07185204327106476,0.01848769560456276,0.03773584905660377,0.09999999999771217
3615,298142,25.157719929596215,13.813125610351562,-0.03122054785490036,0.03477134555578232,0.15,0.09999999999771217
3616,298225,29.23643866482813,0.5754706859588623,-0.05332645773887634,0.013983838260173798,0.13253012048192772,0.09999999999771217
3617,298282,25.51753009213851,0.5415964126586914,-0.05562678724527359,0.010859379544854164,0.08771929824561403,0.09999999999771217
3618,298432,-20.734849090939054,0.3855292499065399,-0.06512533873319626,0.008224589750170708,0.10666666666666667,0.09999999999771217
3619,298582,-19.60842493459329,0.4603502154350281,-0.04577399045228958,0.017349543049931526,0.12666666666666668,0.09999999999771217
3620,298674,31.507884755082358,0.3967975676059723,-0.030289530754089355,0.025189869105815887,0.07608695652173914,0.09999999999771217
3621,298777,9.024262990406203,2.2498154640197754,-0.06948871910572052,0.016110766679048538,0.05825242718446602,0.09999999999771217
3622,298927,-7.969206009411634,0.37103813886642456,-0.06861140578985214,0.015593200922012329,0.08,0.09999999999771217
3623,298992,27.366376142477762,0.6218410730361938,-0.07574097067117691,0.004516667686402798,0.12307692307692308,0.09999999999771217
3624,299045,25.87138074763721,0.45900243520736694,-0.05463981255888939,0.016575146466493607,0.05660377358490566,0.09999999999771217
3625,299125,28.453527415595815,0.42908820509910583,-0.04960019141435623,0.014137214049696922,0.1,0.09999999999771217
3626,299275,-25.169028981249728,0.6672917604446411,-0.07444236427545547,0.0029854360036551952,0.11333333333333333,0.09999999999771217
3627,299367,30.94577625431893,0.7057098150253296,-0.06078732758760452,0.009555377066135406,0.06521739130434782,0.09999999999771217
3628,299466,33.52200765700394,0.3144527077674866,-0.06075326353311539,0.007559590972959995,0.10101010101010101,0.09999999999771217
3629,299467,-8.118916382253847,0.546082615852356,-0.06075326353311539,0.007559590972959995,0.0,0.09999999999771217
3630,299557,28.694625606954766,0.40432965755462646,-0.06273142993450165,0.011448662728071213,0.1,0.09999999999771217
3631,299655,30.17461829133932,0.6394585371017456,-0.04135730117559433,0.030269434675574303,0.10204081632653061,0.09999999999771217
3632,299716,27.04266825062171,0.463448166847229,-0.06673441082239151,0.007498602848500013,0.14754098360655737,0.09999999999771217
3633,299803,31.434709287646353,0.46489208936691284,-0.050056472420692444,0.010908335447311401,0.10344827586206896,0.09999999999771217
3634,299881,26.68664448976949,0.668251633644104,-0.0671788826584816,0.028394347056746483,0.07692307692307693,0.09999999999771217
3635,299935,25.99163063802163,12.322992324829102,-0.08334752917289734,0.003535656491294503,0.07407407407407407,0.09999999999771217
3636,300018,29.529412950051494,0.30321910977363586,-0.04441234469413757,0.023851662874221802,0.10843373493975904,0.09999999999771217
3637,300093,26.20050129773788,0.35927891731262207,-0.07736233621835709,0.0022986542899161577,0.10666666666666667,0.09999999999771217
3638,300156,24.751995799669757,0.527424693107605,-0.0661749392747879,0.006567130796611309,0.015873015873015872,0.09999999999771217
3639,300284,27.754401850165657,0.5307374596595764,-0.05596226826310158,0.01486592460423708,0.078125,0.09999999999771217
3640,300380,32.325633651244786,0.3289487063884735,-0.05581884831190109,0.013474306091666222,0.125,0.09999999999771217
3641,300525,-34.81177537381025,0.4206533432006836,-0.0736248642206192,0.01849379390478134,0.05517241379310345,0.09999999999771217
3642,300607,26.568521715952905,0.3496926724910736,-0.06304515153169632,0.010629862546920776,0.08536585365853659,0.09999999999771217
3643,300665,26.012032463177754,0.35325461626052856,-0.03904033079743385,0.02214498072862625,0.034482758620689655,0.09999999999771217
3644,300725,26.66521161112658,0.5350207090377808,-0.07592923194169998,0.006869794335216284,0.05,0.09999999999771217
3645,300783,25.506906392236253,0.4006158709526062,-0.06545795500278473,0.013234666548669338,0.08620689655172414,0.09999999999771217
3646,300848,27.48130071761168,1.2234840393066406,-0.05013660714030266,0.00919421762228012,0.09230769230769231,0.09999999999771217
3647,300914,26.632940969297046,0.5325950384140015,-0.057798873633146286,0.015141231007874012,0.12121212121212122,0.09999999999771217
3648,301017,31.21496186283585,0.6242076754570007,-0.07160262018442154,0.013611550442874432,0.05825242718446602,0.09999999999771217
3649,301094,28.92220202366221,0.40575870871543884,-0.06390038877725601,0.016780555248260498,0.07792207792207792,0.09999999999771217
3650,301179,29.738620035617508,0.5098457336425781,-0.0359058752655983,0.0102454898878932,0.09411764705882353,0.09999999999771217
3651,301247,26.519744898723133,0.3826715350151062,-0.06651179492473602,0.009729886427521706,0.08823529411764706,0.09999999999771217
3652,301370,27.609726791238735,0.3429294526576996,-0.05264560878276825,0.011767707765102386,0.13008130081300814,0.09999999999771217
3653,301506,-1.7616436674755498,0.5269596576690674,-0.04909868538379669,0.009611120447516441,0.11029411764705882,0.09999999999771217
3654,301584,28.811516354144075,1.2245135307312012,-0.03497808054089546,0.02610379457473755,0.11538461538461539,0.09999999999771217
3655,301668,26.755644945506365,0.4322134256362915,-0.06016431003808975,0.013544225133955479,0.07142857142857142,0.09999999999771217
3656,301751,27.35268907376102,0.3933684229850769,-0.04932430386543274,0.014018735848367214,0.060240963855421686,0.09999999999771217
3657,301803,-4.518242699872541,0.4245353937149048,-0.06554336845874786,0.011207177303731441,0.1346153846153846,0.09999999999771217
3658,301890,30.921768343689333,0.40367844700813293,-0.07526253163814545,0.0289708711206913,0.09195402298850575,0.09999999999771217
3659,301973,29.991973310371606,0.414972186088562,-0.04928267002105713,0.02980479784309864,0.14457831325301204,0.09999999999771217
3660,302092,-27.93063578641535,0.2917919158935547,-0.07749643176794052,0.012143759988248348,0.05042016806722689,0.09999999999771217
3661,302148,25.050984618004048,0.486910343170166,-0.05238136649131775,0.017026672139763832,0.08928571428571429,0.09999999999771217
3662,302233,30.08319181337466,0.5231829881668091,-0.056233495473861694,0.010891107842326164,0.10588235294117647,0.09999999999771217
3663,302362,22.41812582934525,0.7317819595336914,-0.029434269294142723,0.024969806894659996,0.10852713178294573,0.09999999999771217
3664,302423,24.99208363584239,0.36371034383773804,-0.06473604589700699,0.019754117354750633,0.14754098360655737,0.09999999999771217
3665,302508,30.44406605242247,0.6702830791473389,-0.05289608985185623,0.018036579713225365,0.09411764705882353,0.09999999999771217
3666,302590,29.121088666874307,0.4704809784889221,-0.05676886811852455,0.014506909996271133,0.07317073170731707,0.09999999999771217
3667,302646,25.469752771827736,0.5243362188339233,-0.04717688262462616,0.01783592812716961,0.017857142857142856,0.09999999999771217
3668,302778,23.513996139836543,0.393707275390625,-0.027534134685993195,0.03633017838001251,0.06818181818181818,0.09999999999771217
3669,302875,26.297036399097657,0.6118757724761963,-0.05157708376646042,0.01753983087837696,0.12371134020618557,0.09999999999771217
3670,302959,29.530109269452126,0.6002248525619507,-0.0711652860045433,0.009141549468040466,0.14285714285714285,0.09999999999771217
3671,303064,26.554797580334736,0.434542179107666,-0.070101797580719,0.005837784614413977,0.09523809523809523,0.09999999999771217
3672,303132,24.344135121291945,0.44081911444664,-0.06058487668633461,0.009475578553974628,0.07352941176470588,0.09999999999771217
3673,303218,28.128566902390673,0.4669652581214905,-0.08365588635206223,0.013942047022283077,0.06976744186046512,0.09999999999771217
3674,303294,26.759100260191026,0.4594552516937256,-0.060554228723049164,0.011582942679524422,0.11842105263157894,0.09999999999771217
3675,303347,25.107849811542618,0.4467160403728485,-0.03571544587612152,0.03937334567308426,0.1509433962264151,0.09999999999771217
3676,303422,27.07294487055556,0.678160548210144,-0.06406350433826447,0.015914449468255043,0.12,0.09999999999771217
3677,303478,22.83668125206234,1.022998332977295,-0.04334816709160805,0.021267469972372055,0.10714285714285714,0.09999999999771217
3678,303479,-8.1167046441008,0.4125506281852722,-0.04334816709160805,0.021267469972372055,0.0,0.09999999999771217
3679,303563,29.09723513410316,0.7242844104766846,-0.05455126240849495,0.026137027889490128,0.11904761904761904,0.09999999999771217
3680,303594,-19.22618047485342,0.37528693675994873,-0.0592365637421608,0.01848158985376358,0.0967741935483871,0.09999999999771217
3681,303744,1.098553068178263,0.4231748580932617,-0.06915418058633804,0.008516891859471798,0.1,0.09999999999771217
3682,303821,22.191199009090692,0.30080103874206543,-0.054857850074768066,0.012612728402018547,0.1038961038961039,0.09999999999771217
3683,303914,30.42386030058379,0.36881718039512634,-0.06522919982671738,0.011941752396523952,0.13978494623655913,0.09999999999771217
3684,304004,30.87803369069445,0.42966383695602417,-0.050339844077825546,0.012095565907657146,0.05555555555555555,0.09999999999771217
3685,304071,24.14948075614105,0.5395116209983826,-0.035388581454753876,0.026931772008538246,0.04477611940298507,0.09999999999771217
3686,304152,26.94102593156418,0.9786757826805115,-0.04522094503045082,0.02019168809056282,0.16049382716049382,0.09999999999771217
3687,304250,-41.64342575527947,0.3125302493572235,-0.053359486162662506,0.014609784819185734,0.09183673469387756,0.09999999999771217
3688,304381,28.51832201020354,0.6301360130310059,-0.04412948340177536,0.019659288227558136,0.10687022900763359,0.09999999999771217
3689,304431,24.614827278616602,0.38958415389060974,-0.07931627333164215,0.014443604275584221,0.1,0.09999999999771217
3690,304484,25.09557232688745,0.37249377369880676,-0.08156128972768784,0.011532043106853962,0.07547169811320754,0.09999999999771217
3691,304545,26.45883369835373,0.2862703204154968,-0.05377236753702164,0.012533673085272312,0.09836065573770492,0.09999999999771217
3692,304640,29.947219849810693,0.28948789834976196,-0.07490713149309158,0.004447615705430508,0.08421052631578947,0.09999999999771217
3693,304729,-20.896076506405343,0.3913516700267792,-0.08406968414783478,0.006640385836362839,0.06741573033707865,0.09999999999771217
3694,304853,24.474766711251213,0.28069108724594116,-0.07265976071357727,0.011188308708369732,0.12903225806451613,0.09999999999771217
3695,304901,23.903060979018996,0.5203385949134827,-0.0441659614443779,0.01687229983508587,0.10416666666666667,0.09999999999771217
3696,305011,29.305872413832873,0.3626423180103302,-0.057987555861473083,0.02620185725390911,0.12727272727272726,0.09999999999771217
3697,305072,24.292998293029846,0.5990917682647705,-0.0680895745754242,0.01593390479683876,0.06557377049180328,0.09999999999771217
3698,305141,27.23094281368058,0.39250829815864563,-0.058513447642326355,0.018806347623467445,0.13043478260869565,0.09999999999771217
3699,305232,29.853212251011243,1.3013029098510742,-0.0540057048201561,0.019567957147955894,0.12087912087912088,0.09999999999771217
3700,305329,30.98231159799606,0.4358043074607849,-0.05601708963513374,0.011003236286342144,0.13402061855670103,0.09999999999771217
3701,305408,27.88951018042641,0.5789750814437866,-0.07103415578603745,0.008630618453025818,0.10126582278481013,0.09999999999771217
3702,305478,26.498326484844128,0.4301912188529968,-0.06753695011138916,0.007637862116098404,0.08571428571428572,0.09999999999771217
3703,305578,30.719754368200093,0.40472131967544556,-0.07914991676807404,0.007095009554177523,0.14,0.09999999999771217
3704,305672,-13.238546330788122,0.2969362735748291,-0.05329831317067146,0.007629438303411007,0.09574468085106383,0.09999999999771217
3705,305768,15.025267602698532,0.3546890914440155,-0.050265152007341385,0.009465336799621582,0.13541666666666666,0.09999999999771217
3706,305827,24.038137785066823,0.5221506357192993,-0.05908713489770889,0.01922655664384365,0.0847457627118644,0.09999999999771217
3707,305883,25.04349736031054,0.46290481090545654,-0.03895740956068039,0.03503391891717911,0.125,0.09999999999771217
3708,305979,30.510717019771942,0.787179172039032,-0.02553953230381012,0.03334330394864082,0.08333333333333333,0.09999999999771217
3709,306026,-24.12767401458338,0.38267266750335693,-0.05826546251773834,0.009009622037410736,0.0851063829787234,0.09999999999771217
3710,306120,30.83388580495527,0.5446503162384033,-0.06011093780398369,0.011538643389940262,0.07446808510638298,0.09999999999771217
3711,306219,28.086155213351816,0.4523373544216156,-0.06373750418424606,0.004801928997039795,0.12121212121212122,0.09999999999771217
3712,306272,25.17829401746208,0.4655633866786957,-0.07833098620176315,0.005203843116760254,0.18867924528301888,0.09999999999771217
3713,306397,28.464980737990007,0.4978656470775604,-0.04238114506006241,0.01332319900393486,0.096,0.09999999999771217
3714,306547,-13.629665483174925,0.4027153253555298,-0.07970081269741058,0.005793703254312277,0.10666666666666667,0.09999999999771217
3715,306573,-3.4441420780817396,0.7646044492721558,-0.03531598672270775,0.033624324947595596,0.07692307692307693,0.09999999999771217
3716,306653,28.549242952812428,0.6170521974563599,-0.057209692895412445,0.01075589470565319,0.0875,0.09999999999771217
3717,306654,-8.103234155794352,0.40539273619651794,-0.08059295266866684,0.006541119422763586,0.0,0.09999999999771217
3718,306751,28.980308554571227,0.44724351167678833,-0.0757095143198967,0.004124923143535852,0.1134020618556701,0.09999999999771217
3719,306831,26.722623895769672,0.45309627056121826,-0.07260922342538834,0.010180466808378696,0.05,0.09999999999771217
3720,306924,28.696398720485558,0.5880678296089172,-0.07449863106012344,0.0074760629795491695,0.07526881720430108,0.09999999999771217
3721,307010,29.421138237526918,0.589874267578125,-0.05889134109020233,0.019830582663416862,0.11627906976744186,0.09999999999771217
3722,307086,-17.369106776285996,0.6422818303108215,-0.07107318937778473,0.0025086819659918547,0.07894736842105263,0.09999999999771217
3723,307136,22.888855042281644,0.431151807308197,-0.0601452961564064,0.012366361916065216,0.14,0.09999999999771217
3724,307191,24.91015768679071,0.30585601925849915,-0.04839938133955002,0.019105752930045128,0.07272727272727272,0.09999999999771217
3725,307272,-36.84379798339789,0.4340980350971222,-0.0735999047756195,0.005732887424528599,0.1111111111111111,0.09999999999771217
3726,307324,-32.151238665666156,0.3483096957206726,-0.029932333156466484,0.020677300170063972,0.11538461538461539,0.09999999999771217
3727,307397,27.73890357502468,1.1970478296279907,-0.06062161177396774,0.006142839789390564,0.1232876712328767,0.09999999999771217
3728,307492,7.177585553292813,0.4947803020477295,-0.053721871227025986,0.025465700775384903,0.1368421052631579,0.09999999999771217
3729,307493,-8.09555136511645,0.40791064500808716,-0.053721871227025986,0.025465700775384903,0.0,0.09999999999771217
3730,307554,26.390021630516074,0.42586588859558105,-0.06292165815830231,0.010746290907263756,0.13114754098360656,0.09999999999771217
3731,307627,26.894034441503564,0.3299289345741272,-0.05013062059879303,0.019528409466147423,0.1095890410958904,0.09999999999771217
3732,307698,27.08254827692734,0.5861693620681763,-0.04019513726234436,0.01882215589284897,0.11267605633802817,0.09999999999771217
3733,307781,29.43607358062137,0.7077301144599915,-0.07122702151536942,0.007629617117345333,0.1566265060240964,0.09999999999771217
3734,307849,24.431298968515193,0.6441041827201843,-0.0560949444770813,0.01522901002317667,0.058823529411764705,0.09999999999771217
3735,307928,28.7020577735125,0.619011402130127,-0.0668887197971344,0.018336329609155655,0.11392405063291139,0.09999999999771217
3736,308027,30.150085276452955,0.44616374373435974,-0.07920774072408676,0.0032130074687302113,0.1111111111111111,0.09999999999771217
3737,308106,29.629845994265033,0.33330971002578735,-0.062432847917079926,0.014525018632411957,0.08860759493670886,0.09999999999771217
3738,308192,28.773571349298194,0.2740226984024048,-0.05364004522562027,0.02278812974691391,0.06976744186046512,0.09999999999771217
3739,308271,28.845824395535956,0.398051917552948,-0.04322286695241928,0.022015085443854332,0.06329113924050633,0.09999999999771217
3740,308332,26.759368471272282,0.4340685307979584,-0.05880100280046463,0.008898841217160225,0.08196721311475409,0.09999999999771217
3741,308479,22.852498228572685,0.6897004842758179,-0.07296450436115265,0.0055692968890070915,0.1360544217687075,0.09999999999771217
3742,308562,30.361546441764354,0.3464566469192505,-0.056505218148231506,0.007295288145542145,0.07228915662650602,0.09999999999771217
3743,308684,23.712707924756046,0.4263916313648224,-0.051198456436395645,0.014129874296486378,0.09016393442622951,0.09999999999771217
3744,308736,24.934500663651143,0.5863157510757446,-0.07782533019781113,0.002883321139961481,0.11538461538461539,0.09999999999771217
3745,308810,27.6212117627556,0.430563747882843,-0.08820782601833344,0.004579444881528616,0.06756756756756757,0.09999999999771217
3746,308929,19.775471207790165,0.42772847414016724,-0.04140586033463478,0.009659034200012684,0.06722689075630252,0.09999999999771217
3747,309015,29.309952086510144,0.36274242401123047,-0.08176703006029129,0.007099316455423832,0.08139534883720931,0.09999999999771217
3748,309162,-16.5327407795013,0.4247626066207886,-0.08935936540365219,0.005211967509239912,0.12244897959183673,0.09999999999771217
3749,309277,-39.04461540035371,0.5168460607528687,-0.06414832919836044,0.007927930913865566,0.12173913043478261,0.09999999999771217
3750,309400,27.2330961149502,0.29699915647506714,-0.06906542181968689,0.007807962596416473,0.11382113821138211,0.09999999999771217
3751,309512,21.989536834969098,0.3173215985298157,-0.05178454518318176,0.020254649221897125,0.08928571428571429,0.09999999999771217
3752,309572,26.773320732042023,0.3510647714138031,-0.07204879820346832,0.010277423076331615,0.13333333333333333,0.09999999999771217
3753,309671,24.492535352531153,0.8152973055839539,-0.053743988275527954,0.004983018152415752,0.0707070707070707,0.09999999999771217
3754,309801,-48.18114870462828,0.5520957112312317,-0.07957879453897476,0.008248959667980671,0.12307692307692308,0.09999999999771217
3755,309852,22.848366865248988,0.49948281049728394,-0.05563421919941902,0.006546353455632925,0.0784313725490196,0.09999999999771217
3756,309993,23.425784352884833,0.391808420419693,-0.04896385222673416,0.011308317072689533,0.14184397163120568,0.09999999999771217
3757,309995,-10.295272473028836,0.633515477180481,-0.055160041898489,0.017896834760904312,0.0,0.09999999999771217
3758,310058,26.352528295825437,0.5870120525360107,-0.04172208905220032,0.02041664719581604,0.07936507936507936,0.09999999999771217
3759,310127,26.910638187109072,0.42243632674217224,-0.042139582335948944,0.020588427782058716,0.043478260869565216,0.09999999999771217
3760,310175,22.889729411710015,0.4592774510383606,-0.04919618368148804,0.00834518764168024,0.08333333333333333,0.09999999999771217
3761,310268,30.878044584668835,0.8145443201065063,-0.0688038244843483,0.006563658360391855,0.16129032258064516,0.09999999999771217
3762,310409,-14.984127006905172,0.6870914697647095,-0.06070243567228317,0.010006344877183437,0.12056737588652482,0.09999999999771217
3763,310493,31.212613300919894,0.3229006230831146,-0.0662846565246582,0.021010223776102066,0.13095238095238096,0.09999999999771217
3764,310495,-8.621146741014012,1.1785367727279663,-0.03531378507614136,0.01045639906078577,0.0,0.09999999999771217
3765,310554,27.22166640499246,0.578652024269104,-0.049688421189785004,0.0135935228317976,0.13559322033898305,0.09999999999771217
3766,310639,-21.660185557827482,0.36193013191223145,-0.06858468055725098,0.006110922433435917,0.09411764705882353,0.09999999999771217
3767,310729,27.364120221718657,0.4907675087451935,-0.06801924854516983,0.006412983406335115,0.14444444444444443,0.09999999999771217
3768,310836,21.059201929877347,0.22929488122463226,-0.06160452961921692,0.013423601165413857,0.08411214953271028,0.09999999999771217
3769,310931,32.27338387428072,0.4382323622703552,-0.061423759907484055,0.0059803687036037445,0.09473684210526316,0.09999999999771217
3770,311018,31.24409945554646,0.4313088059425354,-0.06291130185127258,0.007231875788420439,0.14942528735632185,0.09999999999771217
3771,311106,31.22613099464943,1.0777016878128052,-0.06268103420734406,0.02680971287190914,0.17045454545454544,0.09999999999771217
3772,311138,-10.901875801482754,0.3577994704246521,-0.0726955458521843,0.00563687551766634,0.03125,0.09999999999771217
3773,311230,20.959269157603774,0.2887088358402252,-0.07093168050050735,0.0023938838858157396,0.08695652173913043,0.09999999999771217
3774,311335,25.103577400960496,0.44817647337913513,-0.08090519160032272,0.0020966273732483387,0.0761904761904762,0.09999999999771217
3775,311443,23.125015314604042,0.525995671749115,-0.06516086310148239,0.016003018245100975,0.1388888888888889,0.09999999999771217
3776,311494,24.246883987177295,0.34775298833847046,-0.039332397282123566,0.02614654414355755,0.058823529411764705,0.09999999999771217
3777,311599,28.016512978934358,0.4931640028953552,-0.07490897178649902,0.01573815383017063,0.10476190476190476,0.09999999999771217
3778,311655,23.71376853236142,0.31467077136039734,-0.0615084134042263,0.013690490275621414,0.08928571428571429,0.09999999999771217
3779,311780,27.190630971108327,0.44706666469573975,-0.05169323831796646,0.017691364511847496,0.072,0.09999999999771217
3780,311860,29.07911588188258,0.38531631231307983,-0.08218386769294739,0.009232661686837673,0.0625,0.09999999999771217
3781,311861,-8.186570121578926,0.25668609142303467,-0.08218386769294739,0.009232661686837673,0.0,0.09999999999771217
3782,311905,-25.86100413270872,0.5194551944732666,-0.07720312476158142,0.004824214614927769,0.13636363636363635,0.09999999999771217
3783,312002,30.57196278746361,0.49996060132980347,-0.0638611763715744,0.006895438767969608,0.1134020618556701,0.09999999999771217
3784,312057,22.980808051643386,0.42743241786956787,-0.05374688282608986,0.012028154917061329,0.16363636363636364,0.09999999999771217
3785,312161,25.207474711389043,0.3701901435852051,-0.041121795773506165,0.01687243953347206,0.10576923076923077,0.09999999999771217
3786,312262,0.8089127105156528,0.5172355771064758,-0.040304746478796005,0.01054807286709547,0.0891089108910891,0.09999999999771217
3787,312326,20.257238747909774,0.41693419218063354,-0.06805039197206497,0.005523078143596649,0.109375,0.09999999999771217
3788,312411,29.85403405135941,0.4832727611064911,-0.054232317954301834,0.002722503151744604,0.10588235294117647,0.09999999999771217
3789,312494,28.111817523617965,0.4659533202648163,-0.04825948551297188,0.01508911419659853,0.07228915662650602,0.09999999999771217
3790,312561,27.399134709921935,0.5586719512939453,-0.07323429733514786,0.0024924506433308125,0.05970149253731343,0.09999999999771217
3791,312612,24.364225980042935,0.3969443142414093,-0.07921836525201797,0.003048897022381425,0.17647058823529413,0.09999999999771217
3792,312702,31.65806619844983,1.1429738998413086,-0.06188613176345825,0.013990109786391258,0.1111111111111111,0.09999999999771217
3793,312783,29.61777784687356,0.5663578510284424,-0.06999650597572327,0.0069076078943908215,0.12345679012345678,0.09999999999771217
3794,312898,9.298164818330925,0.7552092671394348,-0.0523066371679306,0.010442033410072327,0.11304347826086956,0.09999999999771217
3795,312982,26.176568442452822,0.4397565722465515,-0.020420409739017487,0.04634390026330948,0.03571428571428571,0.09999999999771217
3796,313073,32.09019771469817,0.31774434447288513,-0.07298443466424942,0.008282137103378773,0.10989010989010989,0.09999999999771217
3797,313160,27.443568607633782,0.44361114501953125,-0.063378244638443,0.012054133228957653,0.022988505747126436,0.09999999999771217
3798,313239,28.087496658765623,1.1532955169677734,-0.06835665553808212,0.01385110430419445,0.06329113924050633,0.09999999999771217
3799,313325,29.69718564117923,0.3685109317302704,-0.0882878229022026,0.0032566373702138662,0.06976744186046512,0.09999999999771217
3800,313413,29.15811033621669,0.36635637283325195,-0.0678139477968216,0.0085989348590374,0.13636363636363635,0.09999999999771217
3801,313493,26.6175070056434,0.5570164918899536,-0.06819172948598862,0.0049188402481377125,0.1,0.09999999999771217
3802,313592,30.784122384154244,0.4976899027824402,-0.077115498483181,0.008504100143909454,0.09090909090909091,0.09999999999771217
3803,313721,21.534224643678968,0.20723265409469604,-0.048351749777793884,0.019857197999954224,0.07751937984496124,0.09999999999771217
3804,313823,30.885474476741543,0.3143027424812317,-0.06051470711827278,0.00591448275372386,0.0392156862745098,0.09999999999771217
3805,313910,29.96455901829878,0.3169586658477783,-0.06350238621234894,0.02674753963947296,0.06896551724137931,0.09999999999771217
3806,313993,27.666976525687183,0.5724998712539673,-0.09925070405006409,0.0021856441162526608,0.13253012048192772,0.09999999999771217
3807,314128,26.65755078379489,0.6402724385261536,-0.06462214142084122,0.004809547681361437,0.08888888888888889,0.09999999999771217
3808,314251,24.651541246686897,0.396242618560791,-0.07472511380910873,0.0034405433107167482,0.08943089430894309,0.09999999999771217
3809,314302,5.4537869268323735,0.2555138170719147,-0.07168234139680862,0.011807061731815338,0.09803921568627451,0.09999999999771217
3810,314411,-44.755291745137555,0.3387603163719177,-0.07620532810688019,0.0064119575545191765,0.09174311926605505,0.09999999999771217
3811,314467,-22.956597149557574,0.49431151151657104,-0.04823414236307144,0.02045968919992447,0.14285714285714285,0.09999999999771217
3812,314557,8.734986521258694,0.24400976300239563,-0.06781933456659317,0.01075238548219204,0.044444444444444446,0.09999999999771217
3813,314625,25.46349651247755,0.4259008765220642,-0.05696592479944229,0.01826339401304722,0.07352941176470588,0.09999999999771217
3814,314711,29.277074478984524,0.32698163390159607,-0.04313542693853378,0.021316446363925934,0.09302325581395349,0.09999999999771217
3815,314791,29.12519928700059,0.39694327116012573,-0.0587385818362236,0.012580014765262604,0.05,0.09999999999771217
3816,314867,28.781567573789204,0.8512313365936279,-0.05354004353284836,0.013788165524601936,0.10526315789473684,0.09999999999771217
3817,314879,-13.590940425658136,0.23708677291870117,-0.052038028836250305,0.031950466334819794,0.16666666666666666,0.09999999999771217
3818,314982,25.889869494358866,0.615817666053772,-0.06912212818861008,0.01148910354822874,0.11650485436893204,0.09999999999771217
3819,315089,29.104140118548322,0.3339056968688965,-0.04630748927593231,0.019952451810240746,0.102803738317757,0.09999999999771217
3820,315239,-12.30076846214603,0.3184841275215149,-0.06563474982976913,0.010542294941842556,0.12666666666666668,0.09999999999771217
3821,315272,-23.720816313812158,0.4292416572570801,-0.05491770803928375,0.020755641162395477,0.12121212121212122,0.09999999999771217
3822,315366,29.280189940775387,0.5000035762786865,-0.05077439174056053,0.028397556394338608,0.11702127659574468,0.09999999999771217
3823,315447,27.91909866527321,0.3930046558380127,-0.057274676859378815,0.013206757605075836,0.09876543209876543,0.09999999999771217
3824,315534,27.469767955968642,0.4845198094844818,-0.049970678985118866,0.023446843028068542,0.06896551724137931,0.09999999999771217
3825,315623,11.059506511926475,0.5056291818618774,-0.06559362262487411,0.005521425511687994,0.11235955056179775,0.09999999999771217
3826,315675,23.60461685030252,0.44117113947868347,-0.0715826004743576,0.007555068004876375,0.1346153846153846,0.09999999999771217
3827,315760,28.414431544182776,0.34391188621520996,-0.04434839263558388,0.03159889206290245,0.08235294117647059,0.09999999999771217
3828,315817,26.015316358097667,0.4269808828830719,-0.06777848303318024,0.012237275950610638,0.05263157894736842,0.09999999999771217
3829,315962,22.382883952669467,0.39956134557724,-0.07954606413841248,0.023549648001790047,0.12413793103448276,0.09999999999771217
3830,316017,24.987183509357873,0.8333835601806641,-0.020136617124080658,0.028994232416152954,0.03636363636363636,0.09999999999771217
3831,316098,27.409075024148528,0.3695395588874817,-0.06731964647769928,0.01262238435447216,0.07407407407407407,0.09999999999771217
3832,316186,-27.064904610899816,0.43187758326530457,-0.0508093535900116,0.024494340643286705,0.0,0.09999999999771217
3833,316187,-8.178147973374456,0.7758713960647583,-0.0508093535900116,0.024494340643286705,0.0,0.09999999999771217
3834,316302,28.03334494688213,0.5582096576690674,-0.04538877680897713,0.028660032898187637,0.08695652173913043,0.09999999999771217
3835,316358,25.9258746637913,0.4342613220214844,-0.06038838252425194,0.006845351308584213,0.10714285714285714,0.09999999999771217
3836,316432,27.359386681525287,0.5462460517883301,-0.06333031505346298,0.008815387263894081,0.12162162162162163,0.09999999999771217
3837,316488,26.701790367926257,2.404827117919922,-0.034361615777015686,0.026425419375300407,0.125,0.09999999999771217
3838,316578,26.027739193441477,0.7600084543228149,-0.046895768493413925,0.024394702166318893,0.06666666666666667,0.09999999999771217
3839,316723,-51.67633001554374,0.6842865943908691,-0.061897192150354385,0.014279771596193314,0.10344827586206896,0.09999999999771217
3840,316808,26.069405597169464,0.29455336928367615,-0.03681444376707077,0.018784791231155396,0.15294117647058825,0.09999999999771217
3841,316895,30.75737149512218,0.2999374270439148,-0.08443590998649597,0.0038617285899817944,0.10344827586206896,0.09999999999771217
3842,316978,28.365467984495883,0.3439924716949463,-0.07166948914527893,0.015297927893698215,0.0963855421686747,0.09999999999771217
3843,317094,-36.71949935988138,0.4080197811126709,-0.056455835700035095,0.008037745021283627,0.13793103448275862,0.09999999999771217
3844,317162,20.322371102781485,0.6190543174743652,-0.037169694900512695,0.04335781931877136,0.07352941176470588,0.09999999999771217
3845,317217,24.704015707151477,0.8641790747642517,-0.05989013984799385,0.014469611458480358,0.2,0.09999999999771217
3846,317316,-20.74730606533648,0.3076555132865906,-0.08656152337789536,0.002725384896621108,0.04040404040404041,0.09999999999771217
3847,317403,31.21241679908014,0.6791404485702515,-0.056747373193502426,0.014878046698868275,0.08045977011494253,0.09999999999771217
3848,317489,28.665544455676947,0.4388514757156372,-0.07074201852083206,0.005430296063423157,0.13953488372093023,0.09999999999771217
3849,317545,22.36776474664677,0.8135088682174683,-0.05610734224319458,0.015232869423925877,0.05357142857142857,0.09999999999771217
3850,317598,24.541404743730077,0.27728161215782166,-0.060248203575611115,0.017235612496733665,0.1320754716981132,0.09999999999771217
3851,317686,31.103855351259707,6.955689430236816,-0.04693695157766342,0.017462151125073433,0.10227272727272728,0.09999999999771217
3852,317768,29.45931399717375,0.5739421248435974,-0.04458038881421089,0.02203517034649849,0.07317073170731707,0.09999999999771217
3853,317846,27.173879315658134,0.2526669502258301,-0.03538597375154495,0.04027298837900162,0.07692307692307693,0.09999999999771217
3854,317911,27.928444411272938,0.3682142496109009,-0.048464201390743256,0.017122356221079826,0.07692307692307693,0.09999999999771217
3855,317993,14.832837729187,0.26276689767837524,-0.05262592434883118,0.015052213333547115,0.07317073170731707,0.09999999999771217
3856,318074,28.117759784509282,0.47955960035324097,-0.06365180015563965,0.010844912379980087,0.09876543209876543,0.09999999999771217
3857,318158,30.19547147551432,0.38890883326530457,-0.060981232672929764,0.020301971584558487,0.16666666666666666,0.09999999999771217
3858,318248,28.000271749421415,0.6346659064292908,-0.05353535711765289,0.01379154808819294,0.1,0.09999999999771217
3859,318339,31.48583588547002,0.6487821340560913,-0.06691992282867432,0.005273832473903894,0.07692307692307693,0.09999999999771217
3860,318426,29.897431541559733,0.5828788876533508,-0.07353809475898743,0.007088131736963987,0.12643678160919541,0.09999999999771217
3861,318497,26.750865492832382,0.28832054138183594,-0.06682896614074707,0.0048820930533111095,0.1267605633802817,0.09999999999771217
3862,318581,30.442673518946606,0.6615009307861328,-0.08937626332044601,0.0018009372288361192,0.20238095238095238,0.09999999999771217
3863,318634,24.488255313587945,0.47744321823120117,-0.06388165056705475,0.009098555892705917,0.16981132075471697,0.09999999999771217
3864,318703,23.34314941506127,0.4180099368095398,-0.05135514959692955,0.007014473434537649,0.043478260869565216,0.09999999999771217
3865,318778,3.3666756293477462,1.580115556716919,-0.06866197288036346,0.006374488119035959,0.09333333333333334,0.09999999999771217
3866,318863,28.59272312339379,0.6581873893737793,-0.06341107934713364,0.0142343919724226,0.058823529411764705,0.09999999999771217
3867,318918,25.702702455606087,0.6534426212310791,-0.09451044350862503,0.002833508886396885,0.12727272727272726,0.09999999999771217
3868,319036,21.745025532785633,0.5191170573234558,-0.035609759390354156,0.02852652408182621,0.11864406779661017,0.09999999999771217
3869,319086,23.03238489013208,0.3488249182701111,-0.044572167098522186,0.019953399896621704,0.16,0.09999999999771217
3870,319236,-16.03737351601575,0.3473636209964752,-0.07752498239278793,0.01613801158964634,0.14666666666666667,0.09999999999771217
3871,319314,28.8673985033839,0.41582393646240234,-0.08727221190929413,0.0025194839108735323,0.11538461538461539,0.09999999999771217
3872,319415,31.722146288577562,0.44603848457336426,-0.06804253906011581,0.006290816701948643,0.07920792079207921,0.09999999999771217
3873,319511,32.710565547459616,0.3504510521888733,-0.07955262809991837,0.006204662844538689,0.1875,0.09999999999771217
3874,319599,-23.29369666204562,0.4773915112018585,-0.06951824575662613,0.004942633211612701,0.06818181818181818,0.09999999999771217
3875,319663,26.041002242757422,0.304156094789505,-0.07844648510217667,0.006774661596864462,0.171875,0.09999999999771217
3876,319767,20.568594520972468,2.0782740116119385,-0.057839758694171906,0.019695505499839783,0.057692307692307696,0.09999999999771217
3877,319846,26.143526577872272,0.55504310131073,-0.031324297189712524,0.04033815860748291,0.08860759493670886,0.09999999999771217
3878,319933,26.41513640513788,0.41113632917404175,-0.060042399913072586,0.009398091584444046,0.06896551724137931,0.09999999999771217
3879,320017,27.641055282858687,1.5375341176986694,-0.06753451377153397,0.0073575228452682495,0.047619047619047616,0.09999999999771217
3880,320150,-15.33141141755518,0.5313544869422913,-0.048082128167152405,0.01987968385219574,0.09774436090225563,0.09999999999771217
3881,320218,26.602070149963897,0.38292360305786133,-0.04475672170519829,0.012752852402627468,0.11764705882352941,0.09999999999771217
3882,320273,26.00812431367862,0.46036556363105774,-0.08078970015048981,0.003227934241294861,0.07272727272727272,0.09999999999771217
3883,320334,27.486025683130208,0.5492063164710999,-0.03984275087714195,0.04303398355841637,0.08196721311475409,0.09999999999771217
3884,320390,26.114780213285066,0.5913763046264648,-0.07268588244915009,0.002913081320002675,0.17857142857142858,0.09999999999771217
3885,320456,23.59121189819137,0.48169875144958496,-0.05674227327108383,0.0028723746072500944,0.06060606060606061,0.09999999999771217
3886,320554,-11.274941906830609,0.45355111360549927,-0.03937753289937973,0.03433074802160263,0.14285714285714285,0.09999999999771217
3887,320616,26.097013596874234,0.4299966096878052,-0.04943259060382843,0.009888457134366035,0.12903225806451613,0.09999999999771217
3888,320690,26.247221170863305,0.44156038761138916,-0.07145310193300247,0.004336655139923096,0.0945945945945946,0.09999999999771217
3889,320776,30.433770464320897,0.5292471647262573,-0.0637114942073822,0.015206662937998772,0.046511627906976744,0.09999999999771217
3890,320841,23.575435378317515,0.45151078701019287,-0.03490199148654938,0.024361735209822655,0.12307692307692308,0.09999999999771217
3891,320931,9.0008251750153,1.071964979171753,-0.07503113150596619,0.0021430887281894684,0.12222222222222222,0.09999999999771217
3892,321014,30.542209752004712,0.4851192533969879,-0.0791790634393692,0.011755283921957016,0.08433734939759036,0.09999999999771217
3893,321085,28.56212616037368,0.3099959194660187,-0.06574833393096924,0.009685184806585312,0.08450704225352113,0.09999999999771217
3894,321134,24.139780494894374,0.5413275957107544,-0.052678823471069336,0.011953248642385006,0.08163265306122448,0.09999999999771217
3895,321187,24.87180782865986,0.29663336277008057,-0.08276276290416718,0.009856563992798328,0.05660377358490566,0.09999999999771217
3896,321264,26.476554500694597,0.17780879139900208,-0.09014084190130234,0.007015737239271402,0.12987012987012986,0.09999999999771217
3897,321358,20.071212666539402,0.3858095705509186,-0.05893465876579285,0.015775643289089203,0.09574468085106383,0.09999999999771217
3898,321418,25.255564571645948,0.5003354549407959,-0.07565442472696304,0.007854427210986614,0.21666666666666667,0.09999999999771217
3899,321511,4.966321814535695,0.3547058701515198,-0.03822516277432442,0.014312305487692356,0.0967741935483871,0.09999999999771217
3900,321602,29.500387474223768,0.6527388691902161,-0.0574793703854084,0.0246412493288517,0.0989010989010989,0.09999999999771217
3901,321678,27.03913454318999,0.3985486924648285,-0.08102050423622131,0.0056230914779007435,0.09210526315789473,0.09999999999771217
3902,321796,-14.21901688293073,0.3553067743778229,-0.06841206550598145,0.0017087046289816499,0.1016949152542373,0.09999999999771217
3903,321918,18.489062597023775,0.369112104177475,-0.05933484435081482,0.009333835914731026,0.07377049180327869,0.09999999999771217
3904,322028,21.232484821641812,0.3638762831687927,-0.04933832958340645,0.023681137710809708,0.07272727272727272,0.09999999999771217
3905,322095,28.2094561650013,0.3793565630912781,-0.07019631564617157,0.011471572332084179,0.11940298507462686,0.09999999999771217
3906,322170,28.458888734916876,0.6888941526412964,-0.07125391066074371,0.003824862651526928,0.10666666666666667,0.09999999999771217
3907,322260,27.517320566688127,0.8523522019386292,-0.04002445936203003,0.020192887634038925,0.07777777777777778,0.09999999999771217
3908,322410,-38.767835815436214,0.5410563945770264,-0.09650309383869171,0.004990509245544672,0.11333333333333333,0.09999999999771217
3909,322533,22.273408553018058,0.7284437417984009,-0.07071135938167572,0.009068076498806477,0.056910569105691054,0.09999999999771217
3910,322596,26.174906007337384,0.2525283694267273,-0.0820268765091896,0.0036948646884411573,0.06349206349206349,0.09999999999771217
3911,322646,24.015561342580916,0.3916468024253845,-0.05646669119596481,0.01310888584703207,0.08,0.09999999999771217
3912,322727,-24.88886529256383,0.3600163459777832,-0.07212313264608383,0.011496546678245068,0.024691358024691357,0.09999999999771217
3913,322810,29.612816641093307,0.35462266206741333,-0.07493475824594498,0.003712361678481102,0.14457831325301204,0.09999999999771217
3914,322897,-17.436281135745645,0.8251686096191406,-0.06696930527687073,0.01859249919652939,0.10344827586206896,0.09999999999771217
3915,322954,25.346155805212437,0.9877627491950989,-0.06676866114139557,0.010083402507007122,0.08771929824561403,0.09999999999771217
3916,323005,4.009259155317444,0.4922877550125122,-0.06608131527900696,0.012310266494750977,0.0,0.09999999999771217
3917,323088,25.303070988736337,0.4764103293418884,-0.058954257518053055,0.020507361739873886,0.18072289156626506,0.09999999999771217
3918,323238,-29.902958874442145,0.3934575319290161,-0.04584534466266632,0.02579464577138424,0.1,0.09999999999771217
3919,323370,22.835357745972694,0.5009055733680725,-0.049300093203783035,0.013491290621459484,0.07575757575757576,0.09999999999771217
3920,323447,26.83716173244693,0.5650135278701782,-0.03122977912425995,0.02291971445083618,0.12987012987012986,0.09999999999771217
3921,323537,16.90229492254885,0.48454582691192627,-0.058683667331933975,0.01219236385077238,0.14444444444444443,0.09999999999771217
3922,323594,25.569011779977338,0.3303636312484741,-0.08058898150920868,0.009604055434465408,0.08771929824561403,0.09999999999771217
3923,323680,31.837262388320113,0.2898043394088745,-0.08604151010513306,0.005686174612492323,0.09302325581395349,0.09999999999771217
3924,323749,23.203026320968572,0.6321181058883667,-0.0723147764801979,0.012861042283475399,0.11594202898550725,0.09999999999771217
3925,323757,-8.912741595782954,0.510501503944397,-0.06845539063215256,0.016489239409565926,0.0,0.09999999999771217
3926,323867,27.374492237173115,0.4129428267478943,-0.07924426347017288,0.0023703996557742357,0.13636363636363635,0.09999999999771217
3927,323918,24.76036323394237,0.568271279335022,-0.07685478031635284,0.005158367101103067,0.13725490196078433,0.09999999999771217
3928,323999,27.055148078731648,0.9200149774551392,-0.06999454647302628,0.022386522963643074,0.13580246913580246,0.09999999999771217
3929,324033,-12.263354253126236,0.3902164101600647,-0.060764946043491364,0.017783774062991142,0.0,0.09999999999771217
3930,324040,-10.476284926673856,0.33157530426979065,-0.060292016714811325,0.011395346373319626,0.0,0.09999999999771217
3931,324116,26.993188958018337,0.637149453163147,-0.06324324756860733,0.020099550485610962,0.10526315789473684,0.09999999999771217
3932,324176,26.784654860466866,0.5228396058082581,-0.0718664601445198,0.003174239071086049,0.05,0.09999999999771217
3933,324257,26.278150760813958,0.476338654756546,-0.06443290412425995,0.01478701550513506,0.07407407407407407,0.09999999999771217
3934,324332,28.253620583117943,0.3904547095298767,-0.04797486588358879,0.027423586696386337,0.08,0.09999999999771217
3935,324391,26.045771823553945,0.36064550280570984,-0.06653338670730591,0.012605467811226845,0.1016949152542373,0.09999999999771217
3936,324468,27.28126989362105,0.4842785596847534,-0.04365077242255211,0.013417585752904415,0.06493506493506493,0.09999999999771217
3937,324591,-43.204208865974266,0.47071874141693115,-0.07032588869333267,0.015550154261291027,0.13008130081300814,0.09999999999771217
3938,324673,26.394100501054485,0.31742292642593384,-0.058324553072452545,0.018074432387948036,0.0975609756097561,0.09999999999771217
3939,324775,30.484148415211504,0.4956088066101074,-0.07554519921541214,0.015594164840877056,0.12745098039215685,0.09999999999771217
3940,324859,28.200592333075285,0.5040042996406555,-0.08454515784978867,0.006346359383314848,0.09523809523809523,0.09999999999771217
3941,324945,30.90917831577912,0.4469684064388275,-0.05438067391514778,0.022384043782949448,0.11627906976744186,0.09999999999771217
3942,325021,27.111549861666063,0.4075198769569397,-0.0758100152015686,0.004106622654944658,0.10526315789473684,0.09999999999771217
3943,325103,27.700545304429028,0.5473010540008545,-0.0612463504076004,0.028229793533682823,0.14634146341463414,0.09999999999771217
3944,325221,27.47149845289991,0.28573665022850037,-0.04815824329853058,0.015960024669766426,0.059322033898305086,0.09999999999771217
3945,325234,-7.536106420661126,0.34398263692855835,-0.04589655250310898,0.022788720205426216,0.23076923076923078,0.09999999999771217
3946,325250,-8.463740640419022,0.9638265371322632,-0.051450904458761215,0.01113402470946312,0.0,0.09999999999771217
3947,325332,29.018050091852803,0.5850980281829834,-0.05887654423713684,0.012575901113450527,0.0975609756097561,0.09999999999771217
3948,325442,26.51858600532308,0.4324084520339966,-0.06961981952190399,0.014260172843933105,0.11818181818181818,0.09999999999771217
3949,325523,29.03958190529385,0.35631728172302246,-0.061605095863342285,0.02223554253578186,0.1111111111111111,0.09999999999771217
3950,325582,25.396335724099835,0.4302213191986084,-0.0749814584851265,0.007475264370441437,0.03389830508474576,0.09999999999771217
3951,325641,24.932039254847794,0.4927782118320465,-0.07340610027313232,0.013704337179660797,0.0847457627118644,0.09999999999771217
3952,325694,24.266342686471884,0.7235140204429626,-0.05131446570158005,0.021395787596702576,0.1320754716981132,0.09999999999771217
3953,325844,-18.434050715425524,0.5846942663192749,-0.08287141472101212,0.01454352866858244,0.12666666666666668,0.09999999999771217
3954,325918,28.186869071887003,0.27260321378707886,-0.07635840028524399,0.009005575440824032,0.08108108108108109,0.09999999999771217
3955,325996,29.232477283336337,0.4158124327659607,-0.0583173967897892,0.00644943630322814,0.11538461538461539,0.09999999999771217
3956,326078,28.356611254794153,0.4693538248538971,-0.05914681404829025,0.0069686840288341045,0.12195121951219512,0.09999999999771217
3957,326158,29.837002475607584,0.41943976283073425,-0.07588820159435272,0.015980787575244904,0.1,0.09999999999771217
3958,326232,6.823982621594112,0.4738190770149231,-0.08020796626806259,0.005211797542870045,0.04054054054054054,0.09999999999771217
3959,326308,-13.550473883140164,0.5247194766998291,-0.05661869794130325,0.009104127064347267,0.07894736842105263,0.09999999999771217
3960,326387,26.39567960467504,0.21605396270751953,-0.057822078466415405,0.00606785761192441,0.10126582278481013,0.09999999999771217
3961,326465,26.669631920555204,0.4563382565975189,-0.04456818103790283,0.021178891882300377,0.08974358974358974,0.09999999999771217
3962,326548,28.04157322255049,0.5006203651428223,-0.07160839438438416,0.005875697825103998,0.14457831325301204,0.09999999999771217
3963,326644,31.19239885207722,0.4100891649723053,-0.04773208126425743,0.022437263280153275,0.10416666666666667,0.09999999999771217
3964,326728,28.713145395683828,0.4203176200389862,-0.05199192091822624,0.020981881767511368,0.08333333333333333,0.09999999999771217
3965,326791,26.15238403215436,0.2587708830833435,-0.05186677724123001,0.01405295543372631,0.047619047619047616,0.09999999999771217
3966,326865,15.116500216248832,0.47871196269989014,-0.048029813915491104,0.02233796939253807,0.12162162162162163,0.09999999999771217
3967,326963,25.325742656665746,0.6675471067428589,-0.06396067887544632,0.005006297957152128,0.10204081632653061,0.09999999999771217
3968,327059,32.91770683864927,1.6288647651672363,-0.0636187493801117,0.017090722918510437,0.125,0.09999999999771217
3969,327135,26.738083262417735,0.4772542417049408,-0.0691957101225853,0.007127098273485899,0.06578947368421052,0.09999999999771217
3970,327212,25.596625627898227,0.2622544765472412,-0.07906672358512878,0.009470096789300442,0.09090909090909091,0.09999999999771217
3971,327362,-22.64540622618393,0.3339748978614807,-0.07754633575677872,0.009080745279788971,0.07333333333333333,0.09999999999771217
3972,327450,27.124464591055297,0.27118581533432007,-0.0533461719751358,0.011425018310546875,0.125,0.09999999999771217
3973,327529,25.367325641735277,0.38331976532936096,-0.06400216370820999,0.015196964144706726,0.0759493670886076,0.09999999999771217
3974,327615,29.669035260992366,0.4817419648170471,-0.0683884248137474,0.012665631249547005,0.10465116279069768,0.09999999999771217
3975,327695,28.317397281814173,0.30860376358032227,-0.04008881747722626,0.029727233573794365,0.1375,0.09999999999771217
3976,327779,31.009733082463878,0.7593393325805664,-0.06976958364248276,0.011616337113082409,0.08333333333333333,0.09999999999771217
3977,327849,26.35449922770554,0.6489213109016418,-0.08444851636886597,0.0022022686898708344,0.14285714285714285,0.09999999999771217
3978,327942,23.08843443229652,0.3357146978378296,-0.0243697389960289,0.04659965634346008,0.0967741935483871,0.09999999999771217
3979,328018,25.845566756917393,0.40282702445983887,-0.06186986714601517,0.015682021155953407,0.11842105263157894,0.09999999999771217
3980,328067,21.091976421596605,1.2759065628051758,-0.034644849598407745,0.027674822136759758,0.061224489795918366,0.09999999999771217
3981,328149,29.13078870403479,0.4918670654296875,-0.05875465273857117,0.011221006512641907,0.14634146341463414,0.09999999999771217
3982,328222,26.014269053301753,0.38450878858566284,-0.05818610265851021,0.017270859330892563,0.136986301369863,0.09999999999771217
3983,328370,21.76666914050211,0.4462168514728546,-0.05679625645279884,0.008319769985973835,0.10810810810810811,0.09999999999771217
3984,328459,28.982088164611675,0.8625812530517578,-0.06199777126312256,0.02831319533288479,0.12359550561797752,0.09999999999771217
3985,328553,29.13859516439731,0.5252478122711182,-0.052349671721458435,0.011620869860053062,0.1276595744680851,0.09999999999771217
3986,328614,25.797887742613412,0.39101481437683105,-0.05532122403383255,0.01306709460914135,0.06557377049180328,0.09999999999771217
3987,328676,25.27117541157852,0.503833532333374,-0.08121082186698914,0.003361260984092951,0.04838709677419355,0.09999999999771217
3988,328799,23.047789184036674,0.392572820186615,-0.07073339074850082,0.011274434626102448,0.06504065040650407,0.09999999999771217
3989,328869,-32.6943916067834,0.5762569904327393,-0.06566701084375381,0.008266078308224678,0.15714285714285714,0.09999999999771217
3990,328962,29.772030123501423,0.3481006622314453,-0.07376648485660553,0.002269931836053729,0.15053763440860216,0.09999999999771217
3991,329032,26.696924023994157,0.3765411972999573,-0.05209152027964592,0.011302661150693893,0.11428571428571428,0.09999999999771217
3992,329143,-27.792455100627095,0.5470767021179199,-0.09155768901109695,0.004905245266854763,0.06306306306306306,0.09999999999771217
3993,329222,29.23744092028617,0.49903950095176697,-0.07959822565317154,0.005531894508749247,0.08860759493670886,0.09999999999771217
3994,329372,-14.297137766311986,0.421382337808609,-0.0805935189127922,0.002335880184546113,0.10666666666666667,0.09999999999771217
3995,329500,-30.14011961555785,0.3761267364025116,-0.07236427068710327,0.007696384098380804,0.0625,0.09999999999771217
3996,329595,31.67609352366514,0.48038578033447266,-0.04488649591803551,0.009398835711181164,0.1368421052631579,0.09999999999771217
3997,329651,25.995826040973157,0.7441281676292419,-0.07419338822364807,0.003478894243016839,0.125,0.09999999999771217
3998,329731,26.143693593608816,0.7374032735824585,-0.03629299998283386,0.042985767126083374,0.1,0.09999999999771217
3999,329732,-8.11927551838069,0.677849531173706,-0.07976259291172028,0.007524016313254833,0.0,0.09999999999771217
