episode,frames,train_return,train_success,test_success_rate,ratio,epsilon,init_dist,avg_swing,pred_loss
1,1,-0.05049738322442555,0,nan,2.0,0.9999899999999999,0.21952941637874118,0.43589917,0.0
2,151,-4.687737428597307,0,nan,1.0,0.999239999999995,0.28909706560147774,0.059557144,0.0
3,182,0.21274133656986294,0,nan,1.0,0.999084999999994,0.47495489910028366,0.033004083,0.0
4,332,-3.3181746244713755,0,nan,1.0,0.9983349999999891,0.44705830066159247,0.05091632,0.005285033962378899
5,482,-3.7439349100337496,0,nan,1.0,0.9975849999999842,0.323485304120439,0.0500064,0.002163990238138164
6,482,0,0,nan,1.0,0.9975799999999841,0.44425127660850616,0.0,0.0
7,484,-0.06563943755016978,0,nan,1.5,0.997564999999984,0.1574070164923306,0.46187997,0.003533617127686739
8,505,0.3751461326985315,0,nan,1.0,0.9974599999999834,0.12777337354765753,0.02438581,0.002441597803096686
9,537,0.06661016876930248,0,nan,1.0,0.9972999999999823,0.74750072494557,0.052124668,0.002014224677623133
10,687,-3.674604655762965,0,nan,1.0,0.9965499999999774,0.6309550791574978,0.056117006,0.0013120978847534085
11,837,-3.5819173446321253,0,nan,0.9933333333333333,0.9957999999999725,0.5099163901422024,0.053482298,0.0008784521862010782
12,865,0.18479202714120047,0,nan,1.0,0.9956599999999716,0.3961277224199924,0.040140845,0.0007628920003688629
13,1015,-3.4977018337019756,0,nan,1.0,0.9949099999999667,0.6610457545964905,0.05394969,0.0006435884747770615
14,1165,-3.362319179187738,0,nan,1.0,0.9941599999999617,0.2923985548925071,0.052853562,0.0006184724678557056
15,1315,-3.5428161723836453,0,nan,0.9933333333333333,0.9934099999999568,0.4361826667565938,0.04990968,0.0006991429789923131
16,1465,-3.4248543009945984,0,nan,1.0,0.9926599999999519,0.6656807941072539,0.05017675,0.000719318982543579
17,1465,0,0,nan,1.0,0.9926549999999519,0.3107730974592719,0.0,0.0
18,1489,0.2931896186495291,0,nan,0.9583333333333334,0.9925349999999511,0.24933759664843863,0.023878543,0.0007249123888565615
19,1639,-3.1642758048229527,0,nan,1.0,0.9917849999999462,0.4907357956983084,0.055116266,0.0006829964431623618
20,1673,0.0500416123662788,0,nan,1.0,0.9916149999999451,0.4026100119636394,0.035907414,0.0005954305841655963
21,1674,-0.03604048517106391,0,nan,2.0,0.991604999999945,0.4273795334529376,0.48236722,0.0008254245913121849
22,1703,0.1881482900168545,0,nan,1.0,0.991459999999944,0.22026247205604485,0.039307587,0.0006447654189381363
23,1729,0.3192540828266418,0,nan,1.0,0.9913299999999432,0.28356415822122505,0.02245172,0.0007146482306640022
24,1756,0.14115200763905034,0,nan,1.0,0.9911949999999423,0.24222442243218437,0.046421334,0.0006560921185020426
25,1906,-3.8458517671872765,0,nan,0.9866666666666667,0.9904449999999374,0.4627074714562233,0.09893591,0.0008289176659309305
26,2056,-3.564718754854565,0,nan,0.9866666666666667,0.9896949999999325,0.5942748014798769,0.0516682,0.0006832857764675282
27,2081,0.22055199389917057,0,nan,1.0,0.9895699999999317,0.17650185438532967,0.03077977,0.000633554063970223
28,2111,0.11064574372815439,0,nan,1.0,0.9894199999999307,0.4841889012279302,0.031142188,0.0006402896067205196
29,2261,-3.2460353269452984,0,nan,0.9933333333333333,0.9886699999999258,0.5772725327963176,0.058204424,0.0006529816805656689
30,2290,0.17674943268142984,0,0.06,0.9655172413793104,0.9885249999999248,0.5697188212735734,0.036719855,0.00061060564646674
31,2440,-3.2778635646799725,0,nan,1.0,0.9877749999999199,0.3082892058392184,0.053119395,0.0005893664074634822
32,2590,-3.4167618197140905,0,nan,0.98,0.987024999999915,0.5808132347652475,0.054433957,0.0005558079903130419
33,2591,-0.050497036566819725,0,nan,2.0,0.9870149999999149,0.26515279080265614,0.50748485,0.0006333942001219839
34,2630,-0.11211545072835483,0,nan,0.9743589743589743,0.9868199999999137,0.6436107313796586,0.040761106,0.0005968170921849564
35,2631,-0.05049725931275819,0,nan,2.0,0.9868099999999136,0.2203850107802692,0.43349472,0.0023718703305348754
36,2632,-0.05049625622661545,0,nan,2.0,0.9867999999999135,0.5008789555652251,0.44462657,0.000987208157312125
37,2782,-3.6758340282196915,0,nan,0.98,0.9860499999999086,0.5650658098301401,0.05021272,0.0006953994384578739
38,2783,-0.050487878347366254,0,nan,2.0,0.9860399999999085,0.27136765876772734,0.6704626,0.0006684891413897276
39,2783,0,0,nan,1.0,0.9860349999999085,0.46333710479005524,0.0,0.0
40,2855,-0.8693680320750637,0,nan,1.0,0.9856749999999062,0.7344403893635754,0.05330219,0.0006738158847130964
41,2881,0.25877809427426457,0,nan,1.0,0.9855449999999053,0.32125530154096954,0.028561328,0.0006162995962837997
42,2882,-0.050495738456364195,0,nan,2.0,0.9855349999999052,0.3539901700196815,0.49819976,0.000803898205049336
43,2882,0,0,nan,1.0,0.9855299999999052,0.27394350295501585,0.0,0.0
44,3032,-3.697873149562643,0,nan,0.9866666666666667,0.9847799999999003,0.504279395606172,0.05380921,0.0006005801592255011
45,3062,0.0655274032338854,0,nan,0.9666666666666667,0.9846299999998993,0.3963073424669056,0.03918181,0.0005910118959339646
46,3212,-3.678121626188188,0,nan,0.9866666666666667,0.9838799999998944,0.5170637802169185,0.053835273,0.0006798107781408665
47,3235,0.3526075848070761,0,nan,0.9130434782608695,0.9837649999998936,0.20958513574858165,0.026978057,0.0007075638808917416
48,3259,0.322232042060442,0,nan,1.0,0.9836449999998929,0.22393400456317059,0.031041732,0.0006811056797838925
49,3317,-0.7909992839609788,0,nan,0.9655172413793104,0.983354999999891,0.36721287020437565,0.039857432,0.0006738499683580875
50,3317,0,0,nan,1.0,0.9833499999998909,0.2174900392117767,0.0,0.0
51,3317,0,0,nan,1.0,0.9833449999998909,0.4321500038136335,0.0,0.0
52,3467,-3.370597727610116,0,nan,0.9733333333333334,0.982594999999886,0.6991081695300153,0.062341448,0.0006816610821988434
53,3617,-3.2345351916634435,0,nan,0.9933333333333333,0.9818449999998811,0.4677530957399641,0.062465288,0.0006572452874388546
54,3642,0.3087730094947819,0,nan,1.0,0.9817199999998802,0.28324336806499695,0.031112848,0.0006801319512305781
55,3675,0.014056686698086907,0,nan,0.9696969696969697,0.9815549999998792,0.6012352554328235,0.042095363,0.0006623214219209992
56,3825,-3.3498631116335957,0,nan,0.9933333333333333,0.9808049999998742,0.37335772307745785,0.050931673,0.0006151992119460677
57,3975,-3.166046996568506,0,nan,0.9866666666666667,0.9800549999998693,0.3871049897876656,0.054065324,0.0005940757388210235
58,4125,-3.558030986614687,0,nan,0.9866666666666667,0.9793049999998644,0.597415628921055,0.05420358,0.0006048507991363295
59,4181,-0.6733994153375287,0,nan,0.9285714285714286,0.9790249999998626,0.2731082188899959,0.034785602,0.0005945521544552841
60,4182,-0.05049609101723812,0,0.13,2.0,0.9790149999998625,0.44256563956516826,0.4501045,0.0004990832967450842
61,4182,0,0,nan,1.0,0.9790099999998625,0.33684770427307387,0.0,0.0
62,4211,0.1828971785108774,0,nan,1.0,0.9788649999998615,0.6029345787475859,0.0413155,0.0006318795273947561
63,4236,0.29172536826961326,0,nan,1.0,0.9787399999998607,0.31060050360715,0.03560115,0.0006101577187655493
64,4386,-4.353689412729476,0,nan,0.98,0.9779899999998558,0.2928371844938784,0.068641774,0.0006527103566137763
65,4536,-3.2901902724252,0,nan,0.98,0.9772399999998509,0.5388375253274794,0.056822482,0.0006233883805301351
66,4537,-0.04685545669274928,0,nan,2.0,0.9772299999998508,0.43887002118535345,0.5625107,0.0006230201688595116
67,4687,-3.385117379515289,0,nan,0.9866666666666667,0.9764799999998459,0.5134719942935047,0.05620287,0.0006278841526363977
68,4837,-3.6150214320673917,0,nan,0.9866666666666667,0.975729999999841,0.3639563209258094,0.050986636,0.0006109803283470683
69,4867,0.12514837659293576,0,nan,1.0,0.97557999999984,0.47847102628817517,0.039661527,0.0005870932591885018
70,4894,0.2454082898613782,0,nan,1.0,0.9754449999998391,0.28640939383842395,0.03996541,0.0005997703631658589
71,5044,-3.376132017445601,0,nan,1.0,0.9746949999998342,0.6738443883793616,0.054150205,0.0006061494870421787
72,5194,-3.3909925342628187,0,nan,0.9933333333333333,0.9739449999998293,0.420199283704426,0.050390135,0.0006005818363822375
73,5344,-3.1718401450828893,0,nan,0.9866666666666667,0.9731949999998244,0.5771458421347089,0.054108422,0.0006193108100948545
74,5367,0.32267665922922384,0,nan,1.0,0.9730799999998236,0.11515968387890425,0.03138014,0.0005996837166806116
75,5517,-3.3562858523683157,0,nan,0.9866666666666667,0.9723299999998187,0.43503019081880434,0.051509198,0.0005951318243751303
76,5583,-0.9339609508436726,0,nan,0.9848484848484849,0.9719999999998166,0.35068916346103185,0.031692345,0.0006260826937222826
77,5682,-1.523665898571857,0,nan,0.9696969696969697,0.9715049999998133,0.674500793982016,0.046999853,0.0006158522828811347
78,5832,-3.6859922470882776,0,nan,0.9733333333333334,0.9707549999998084,0.550626402389418,0.05412046,0.0005905602301936597
79,5856,0.2746129302075152,0,nan,0.9583333333333334,0.9706349999998076,0.23252363384739586,0.025306443,0.000598812046519015
80,6006,-3.210092383939246,0,nan,0.98,0.9698849999998027,0.6209917699780462,0.05345944,0.0006039746034851608
81,6006,0,0,nan,1.0,0.9698799999998027,0.45509605395444963,0.0,0.0
82,6156,-3.882969189176454,0,nan,0.98,0.9691299999997978,0.6936339801399443,0.05550373,0.0006125634285854176
83,6226,-0.9096908380864344,0,nan,0.9714285714285714,0.9687799999997955,0.3645433046265737,0.05001952,0.0006764468080031552
84,6255,0.14746642837323765,0,nan,1.0,0.9686349999997945,0.34486046820830113,0.033544835,0.0006395017177243877
85,6405,-3.51338286378783,0,nan,0.9666666666666667,0.9678849999997896,0.6167556557733813,0.05306627,0.0006269022812678789
86,6555,-3.5303111596877113,0,nan,0.9733333333333334,0.9671349999997847,0.5245194833533959,0.049251862,0.0005947359408795213
87,6588,0.046963575671372104,0,nan,1.0,0.9669699999997836,0.3278288687487412,0.037987385,0.0006287695944069349
88,6628,-0.0688112338971425,0,nan,1.0,0.9667699999997823,0.44428329120424165,0.04381826,0.0005857941934664268
89,6651,0.3532243104248003,0,nan,0.9130434782608695,0.9666549999997816,0.213457943619447,0.021020722,0.0005730345058153667
90,6716,-0.8814828886990869,0,0.14,1.0,0.9663299999997794,0.4923464430096673,0.038023274,0.0005883839628390538
91,6866,-3.6241073217149826,0,nan,0.9866666666666667,0.9655799999997745,0.5541471458169278,0.053814527,0.0006014274887274951
92,7016,-3.190691068808832,0,nan,0.9733333333333334,0.9648299999997696,0.33018283677607785,0.05429484,0.0005994194582065878
93,7166,-3.3623171180482516,0,nan,0.9733333333333334,0.9640799999997647,0.5630609021236085,0.05195815,0.0005832509322984455
94,7316,-3.4153262335995422,0,nan,0.96,0.9633299999997598,0.5389535362291269,0.05556838,0.0005743882367581439
95,7466,-3.3224474458320183,0,nan,0.98,0.9625799999997549,0.2945736577992191,0.051819053,0.0006016720517072827
96,7616,-3.4276371051499703,0,nan,0.9733333333333334,0.9618299999997499,0.5932440177065241,0.054469943,0.0005820168943804067
97,7621,-0.14963158574115332,0,nan,1.2,0.9617999999997497,0.1919347040356255,0.2063553,0.0005762128421338275
98,7771,-3.440566248564122,0,nan,0.9733333333333334,0.9610499999997448,0.4076549409974067,0.050516296,0.0006258428212216435
99,7774,-0.12050798509218982,0,nan,1.3333333333333333,0.9610299999997447,0.41826785692180285,0.39134422,0.0005470988592909028
100,7804,0.17598234051740302,0,nan,0.9666666666666667,0.9608799999997437,0.3595306614499488,0.03754947,0.0006161400791218815
101,7954,-3.3760258436006256,0,nan,0.98,0.9601299999997388,0.2589440088254124,0.05423394,0.0006129053284530528
102,7955,-0.036220276302578375,0,nan,2.0,0.9601199999997387,0.46246428528097433,0.5431221,0.0007751980447210371
103,8105,-3.3216242670914204,0,nan,0.9666666666666667,0.9593699999997338,0.3359139250999162,0.05143455,0.0006340392426742861
104,8143,-0.10570496454696299,0,nan,0.9736842105263158,0.9591799999997326,0.4164219434553842,0.037149265,0.0005995109470524384
105,8293,-3.555817877783279,0,nan,0.96,0.9584299999997277,0.39775682051848443,0.05289029,0.000668773661503413
106,8294,-0.05049727111395025,0,nan,2.0,0.9584199999997276,0.31097118759964587,0.6704565,0.0006394444790203124
107,8444,-3.989579048440516,0,nan,0.9666666666666667,0.9576699999997227,0.17816018295401104,0.048888665,0.0005740850430447608
108,8444,0,0,nan,1.0,0.9576649999997227,0.5856347337415613,0.0,0.0
109,8472,0.16507094597876382,0,nan,1.0,0.9575249999997217,0.37607073983718464,0.04147458,0.0006050308350365542
110,8571,-1.898691496821224,0,nan,0.9393939393939394,0.9570299999997185,0.35202724497224513,0.034692504,0.0005787636416216353
111,8571,0,0,nan,1.0,0.9570249999997185,0.33784626579153204,0.0,0.0
112,8721,-3.6137893136567616,0,nan,0.96,0.9562749999997135,0.34692045656075826,0.05747626,0.0005902467749547214
113,8721,0,0,nan,1.0,0.9562699999997135,0.3299184214199854,0.0,0.0
114,8871,-3.5249261295045353,0,nan,0.9666666666666667,0.9555199999997086,0.41392733405429677,0.05575105,0.0005840918989269994
115,9021,-3.5529440468363216,0,nan,0.9533333333333334,0.9547699999997037,0.5189248332162137,0.05341294,0.000594026913944011
116,9171,-3.5502451313125514,0,nan,0.98,0.9540199999996988,0.523388894609258,0.0534916,0.0005749210631862903
117,9197,0.2251805241142274,0,nan,1.0,0.9538899999996979,0.2527893993570876,0.03846029,0.0006188871495676442
118,9347,-4.2120904811600095,0,nan,0.94,0.953139999999693,0.4842301065198464,0.05715325,0.0005713119398569689
119,9497,-3.745443634906146,0,nan,0.9866666666666667,0.9523899999996881,0.3515504654974871,0.05667521,0.0005681772995740175
120,9533,-0.02803815286522693,0,0.24,1.0,0.9522099999996869,0.4523357035000338,0.037535653,0.0005655828046858207
121,9683,-3.3569512506350017,0,nan,0.9666666666666667,0.951459999999682,0.5743679279569718,0.05433079,0.0005721887861727736
122,9721,-0.13156715144527942,0,nan,0.9736842105263158,0.9512699999996808,0.6432169406562828,0.05147759,0.0005578782193448493
123,9751,0.076678391234971,0,nan,0.9,0.9511199999996798,0.4963146143470434,0.034972478,0.0005350220662270051
124,9790,-0.11250774923005946,0,nan,1.0,0.9509249999996785,0.6202607733226874,0.032916736,0.0005714225378305388
125,9791,-0.04099911689335871,0,nan,2.0,0.9509149999996784,0.32037092328588407,0.5415643,0.00045292574213817716
126,9941,-3.8485438936471685,0,nan,0.9333333333333333,0.9501649999996735,0.4328405210329235,0.060180105,0.000708906676445622
127,10091,-3.9174095609246704,0,nan,0.9533333333333334,0.9494149999996686,0.5905812575113484,0.058555484,0.0006732276573893615
128,10092,-0.03684134326055964,0,nan,2.0,0.9494049999996685,0.2470725460135398,0.5483811,0.0004823229101020843
129,10119,0.19609242113732595,0,nan,1.0,0.9492699999996677,0.15628991846341994,0.025021443,0.0007364926784282068
130,10269,-3.5880033208205764,0,nan,0.96,0.9485199999996627,0.6541391357728547,0.051997174,0.0006883650267263874
131,10304,-0.08327356061010205,0,nan,0.9428571428571428,0.9483449999996616,0.6283723449028341,0.04249238,0.0006384732363845355
132,10454,-3.78803038664294,0,nan,0.94,0.9475949999996567,0.6959858144448534,0.062247027,0.0006460124661680311
133,10604,-3.2724050910294156,0,nan,0.96,0.9468449999996518,0.37698351308815087,0.052909218,0.0006427393357929153
134,10754,-3.6868476426841146,0,nan,0.96,0.9460949999996469,0.6203121473732522,0.056544196,0.0006034882706201946
135,10866,-1.9348247546758799,0,nan,0.9821428571428571,0.9455349999996432,0.5868734839951619,0.04317909,0.0006165974397975203
136,10929,-0.6379746689219611,0,nan,0.9523809523809523,0.9452199999996411,0.22117825009564174,0.044023108,0.0005977008926464127
137,10930,-0.05047777516182206,0,nan,2.0,0.9452099999996411,0.5000643740930829,0.6165611,0.0005599831347353756
138,10932,-0.06563901003908187,0,nan,1.5,0.945194999999641,0.45951539682076376,0.4192763,0.002442904093186371
139,11082,-3.322803461376831,0,nan,0.9266666666666666,0.944444999999636,0.31005483090468205,0.055590447,0.0007455622864654288
140,11232,-3.5174485505188113,0,nan,0.9733333333333334,0.9436949999996311,0.4731466451536122,0.054124266,0.0006561167705028008
141,11365,-1.9809337765292632,0,nan,0.9473684210526315,0.9430299999996268,0.6394277339410498,0.050431598,0.0006291621027223737
142,11515,-3.3338524343058555,0,nan,0.96,0.9422799999996219,0.26843802266451944,0.056052215,0.0006011137611737164
143,11665,-3.3184350594976073,0,nan,0.9666666666666667,0.941529999999617,0.4306847983131532,0.05267628,0.0005902909754270998
144,11815,-3.9192130366409983,0,nan,0.96,0.940779999999612,0.3137502725938095,0.08163414,0.0006533844725345262
145,11937,-2.329251249986875,0,nan,0.9672131147540983,0.940169999999608,0.44979331245864657,0.046995275,0.0006340162724315677
146,12087,-3.7692284714567754,0,nan,0.9333333333333333,0.9394199999996031,0.4552124507602116,0.04999597,0.000620730005709144
147,12237,-3.5211013677169456,0,nan,0.9666666666666667,0.9386699999995982,0.27788337601528423,0.05356599,0.0006183301293640397
148,12387,-3.223859693275813,0,nan,0.98,0.9379199999995933,0.5559956250177494,0.05880858,0.0006004132313925462
149,12388,-0.050497415677476044,0,nan,2.0,0.9379099999995932,0.2794027390404563,0.7021918,0.0007466926472261548
150,12538,-3.513875866102149,0,0.25,0.94,0.9371599999995883,0.21698324417496745,0.052783955,0.0007411633209752229
151,12688,-4.020887240784168,0,nan,0.9466666666666667,0.9364099999995834,0.27908584598001,0.10059936,0.0006993428669132603
152,12688,0,0,nan,1.0,0.9364049999995834,0.2856098606381791,0.0,0.0
153,12689,-0.050497305042091746,0,nan,2.0,0.9363949999995833,0.321427009393439,0.41208875,0.0007290106732398272
154,12839,-3.245506988831914,0,nan,0.94,0.9356449999995784,0.5921405633159276,0.054865178,0.0007510134760135164
155,12989,-3.318133166808293,0,nan,0.96,0.9348949999995735,0.6679217828181663,0.05133594,0.0006502622478486349
156,13139,-3.60218905404203,0,nan,0.9133333333333333,0.9341449999995686,0.4012238546138898,0.054601897,0.0006295455174404196
157,13177,-0.021793440267423914,0,nan,0.9736842105263158,0.9339549999995673,0.475052241207596,0.040864717,0.0006023854623076898
158,13327,-3.41508860979381,0,nan,0.94,0.9332049999995624,0.5993017723363163,0.055159863,0.0006122506566074055
159,13354,0.17892125731676534,0,nan,1.0,0.9330699999995615,0.3542641459524247,0.032787323,0.0005614893889287487
160,13504,-3.895258894520958,0,nan,0.96,0.9323199999995566,0.6738481134740881,0.05318665,0.000603625213552732
161,13651,-2.6539637745179023,0,nan,0.9523809523809523,0.9315849999995518,0.5612166777990083,0.046138793,0.0006242500889141961
162,13651,0,0,nan,1.0,0.9315799999995518,0.29758540790701515,0.0,0.0
163,13694,-0.11604602680721887,0,nan,0.8837209302325582,0.9313649999995504,0.45996181474446374,0.04569362,0.0005708790298275173
164,13844,-3.3546629944873674,0,nan,0.9333333333333333,0.9306149999995454,0.47669230277718994,0.059658688,0.0005851110036019236
165,13994,-3.6120868826238244,0,nan,0.9333333333333333,0.9298649999995405,0.6493115352667072,0.05618092,0.000574884134111926
166,13994,0,0,nan,1.0,0.9298599999995405,0.3369156349157824,0.0,0.0
167,13994,0,0,nan,1.0,0.9298549999995405,0.3854467481174018,0.0,0.0
168,14023,0.15660264703847204,0,nan,0.9310344827586207,0.9297099999995395,0.5267799552496539,0.036976296,0.0005837483467044437
169,14024,-0.04300310033404531,0,nan,2.0,0.9296999999995395,0.4210533436366395,0.67913383,0.0005401023663580418
170,14069,-0.15493549123829575,0,nan,0.9555555555555556,0.929474999999538,0.36755042881016725,0.038853504,0.0006087588550548794
171,14219,-3.432603813329807,0,nan,0.96,0.9287249999995331,0.45202996961855724,0.052288607,0.000601828919025138
172,14369,-4.027048176968524,0,nan,0.9333333333333333,0.9279749999995281,0.42341658600323223,0.068490304,0.0006131292174298627
173,14519,-3.6176189003457675,0,nan,0.94,0.9272249999995232,0.5142474933859787,0.05592666,0.0005661621230926054
174,14669,-3.6480560652250555,0,nan,0.92,0.9264749999995183,0.5405993105866256,0.05902032,0.0005761689891611847
175,14819,-3.5097750937777,0,nan,0.96,0.9257249999995134,0.40019890015001636,0.054445166,0.0005837675831086623
176,14879,-0.5659900193698858,0,nan,0.9166666666666666,0.9254249999995114,0.6921309252857999,0.04964018,0.0005775183094859433
177,15029,-3.8821625957867085,0,nan,0.9466666666666667,0.9246749999995065,0.40190444244619544,0.08372726,0.0006057120312470943
178,15179,-2.937513899053701,0,nan,0.9666666666666667,0.9239249999995016,0.678284233593938,0.062964186,0.0005814067651711715
179,15234,-0.4522547634605173,0,nan,0.9636363636363636,0.9236499999994998,0.19939098089578614,0.041803356,0.0005803188933482901
180,15296,-0.7429813866038127,0,0.36,0.9516129032258065,0.9233399999994978,0.35310321223406815,0.03407776,0.0005815526120357156
181,15446,-3.3042526441023337,0,nan,0.9466666666666667,0.9225899999994929,0.5495474693247251,0.05692724,0.0005957269473583438
182,15447,-0.05049741715262174,0,nan,2.0,0.9225799999994928,0.3111059500819896,0.5002051,0.00040021030872594565
183,15597,-3.409935833026587,0,nan,0.9333333333333333,0.9218299999994879,0.6228361116649824,0.05723937,0.0006024996768489169
184,15747,-3.3039342265301124,0,nan,0.9533333333333334,0.921079999999483,0.21727416601976798,0.05326347,0.0006194656203539732
185,15748,-0.050495717804542616,0,nan,2.0,0.9210699999994829,0.48130743547110766,0.50489813,0.000553499034140259
186,15898,-3.4699953019728977,0,nan,0.92,0.920319999999478,0.27017798968899404,0.054482486,0.000600818425785595
187,16048,-3.3169043319591847,0,nan,0.9533333333333334,0.9195699999994731,0.33870765888885135,0.0571547,0.0005698033589093635
188,16076,0.18382904995921,0,nan,0.9642857142857143,0.9194299999994722,0.35592926090884053,0.031512477,0.0005740391799398432
189,16210,-2.20295117747827,0,nan,0.9477611940298507,0.9187599999994678,0.3578253837179483,0.051503375,0.0005868610568907557
190,16255,-0.3255293530443272,0,nan,0.9777777777777777,0.9185349999994663,0.4077479307549052,0.044639587,0.0005798051356881236
191,16281,0.2070522789769691,0,nan,0.9615384615384616,0.9184049999994655,0.2841988374996787,0.029350264,0.0005930358361533413
192,16431,-3.7929312066040577,0,nan,0.94,0.9176549999994605,0.2931427095234959,0.050563693,0.0005613664738484659
193,16465,0.005193663424197359,0,nan,0.9705882352941176,0.9174849999994594,0.5607362792950091,0.031397313,0.0005930179579402594
194,16466,-0.05049730504199326,0,nan,2.0,0.9174749999994594,0.3428509428197594,0.55829406,0.0006411583890439942
195,16467,-0.050497396500654546,0,nan,2.0,0.9174649999994593,0.4756234501426276,0.6891177,0.0005641271127387881
196,16467,0,0,nan,1.0,0.9174599999994593,0.2218723301539154,0.0,0.0
197,16617,-3.38676113896274,0,nan,0.94,0.9167099999994544,0.5156531922100106,0.052540816,0.0006831655844386356
198,16767,-3.7537903131412453,0,nan,0.9466666666666667,0.9159599999994494,0.21037338317627008,0.090642475,0.0006644880993796202
199,16836,-0.892262354530954,0,nan,0.9710144927536232,0.9156149999994472,0.5004427025120337,0.044579376,0.0006413731654005908
200,16902,-1.0453268048720354,0,nan,0.9696969696969697,0.915284999999445,0.3414904330624176,0.040180188,0.0006227724877658836
201,16903,-0.05049739797580116,0,nan,2.0,0.915274999999445,0.24583586087872838,0.43795818,0.0007567885331809521
202,17053,-3.777561737711021,0,nan,0.9133333333333333,0.91452499999944,0.4952875706340719,0.0689509,0.0006878113943578986
203,17203,-3.509618805890261,0,nan,0.9533333333333334,0.9137749999994351,0.46831291236475053,0.056643512,0.0006746479727250213
204,17353,-3.4055276488952906,0,nan,0.9533333333333334,0.9130249999994302,0.602109531101225,0.05486043,0.0006241131162581344
205,17503,-3.5721858438826035,0,nan,0.94,0.9122749999994253,0.675443950268897,0.05577404,0.000657949098191845
206,17653,-3.162486662478726,0,nan,0.94,0.9115249999994204,0.6878450133460599,0.062239528,0.0006276532920310273
207,17803,-3.344865121768584,0,nan,0.96,0.9107749999994155,0.4299388679681388,0.05290533,0.0006327394816131952
208,17855,-0.42862122919689993,0,nan,0.9038461538461539,0.9105149999994138,0.257213461691023,0.039200768,0.000569941050343914
209,17857,-0.06659411579207916,0,nan,1.0,0.9104999999994137,0.5375199513235585,0.37514597,0.0005467578521347605
210,18007,-3.277161446941662,0,0.29,0.9533333333333334,0.9097499999994088,0.6637005825494818,0.05356043,0.0006511484841272856
211,18029,0.34982758877933107,0,nan,1.0,0.909639999999408,0.11360036220881194,0.029538078,0.0006710603497181596
212,18179,-3.4488356131647033,0,nan,0.9533333333333334,0.9088899999994031,0.4367823031426674,0.05572013,0.0006097209800888473
213,18208,0.08152736219389833,0,nan,0.896551724137931,0.9087449999994022,0.4618392301507211,0.04194958,0.0006024995101174211
214,18358,-3.371428855589916,0,nan,0.94,0.9079949999993973,0.32557451241904867,0.052722573,0.0006044665461134476
215,18358,0,0,nan,1.0,0.9079899999993972,0.2885438195750448,0.0,0.0
216,18508,-3.464370005172802,0,nan,0.9133333333333333,0.9072399999993923,0.6466087095201484,0.053561505,0.0006576116854557768
217,18546,-0.0421344933652098,0,nan,0.9473684210526315,0.9070499999993911,0.6955533718708481,0.04737456,0.0006361627923692332
218,18696,-3.7843609085846803,0,nan,0.9666666666666667,0.9062999999993862,0.49382704222126156,0.04482665,0.0006097675471877058
219,18846,-3.5860141814440336,0,nan,0.94,0.9055499999993812,0.5731401679788977,0.05221821,0.0006159547763915422
220,18996,-3.570387389140948,0,nan,0.9133333333333333,0.9047999999993763,0.49288010319221753,0.053412512,0.0006300116257625632
221,19032,0.018011196335214086,0,nan,0.9166666666666666,0.9046199999993751,0.5352251815099471,0.068125725,0.0006532905899803154
222,19182,-3.546889336391265,0,nan,0.94,0.9038699999993702,0.3533910254836249,0.055070516,0.0006214905720359335
223,19332,-3.1964653468666024,0,nan,0.94,0.9031199999993653,0.554606447921573,0.056450736,0.0006021316667708258
224,19358,0.17632992866048702,0,nan,0.9615384615384616,0.9029899999993645,0.2849491826179109,0.03519938,0.0005776778069468072
225,19420,-0.8494624293427857,0,nan,0.967741935483871,0.9026799999993624,0.3813190713601221,0.050438274,0.0006534588347647279
226,19570,-3.4375034633990897,0,nan,0.92,0.9019299999993575,0.2522309086234251,0.055600174,0.0006336357154456588
227,19720,-4.32213918604032,0,nan,0.9533333333333334,0.9011799999993526,0.4777689756892271,0.05853419,0.0007685648453965163
228,19870,-3.5900647753733574,0,nan,0.9133333333333333,0.9004299999993477,0.4298045915054392,0.052987657,0.000728708225263593
229,19871,-0.03705239610718555,0,nan,2.0,0.9004199999993476,0.38132744006738106,0.6081738,0.0005177533021196723
230,20021,-3.5198146797528604,0,nan,0.9133333333333333,0.8996699999993427,0.6232791667702979,0.05528478,0.0006959250748817188
231,20171,-3.7848413740824287,0,nan,0.94,0.8989199999993378,0.5675370453497851,0.08188215,0.0007144276218605228
232,20227,-0.656679107463751,0,nan,0.9464285714285714,0.898639999999336,0.34946796330305835,0.03658671,0.0007263233479274536
233,20264,-0.12170627804090528,0,nan,0.972972972972973,0.8984549999993348,0.7313944290085636,0.04968836,0.0006955110745636646
234,20294,0.1439859555942853,0,nan,0.9333333333333333,0.8983049999993338,0.6042482286686673,0.037797578,0.0006713806889213932
235,20294,0,0,nan,1.0,0.8982999999993337,0.438186972359567,0.0,0.0
236,20353,-0.7384001142116605,0,nan,0.9830508474576272,0.8980049999993318,0.44167591901891395,0.03829694,0.0007080070240821658
237,20503,-3.450699765888291,0,nan,0.9333333333333333,0.8972549999993269,0.6344129229770296,0.051069986,0.0006834851378031695
238,20576,-1.0614889455661554,0,nan,0.9315068493150684,0.8968899999993245,0.32911967111273055,0.041354213,0.0007315527471117293
239,20726,-3.2293299868954923,0,nan,0.94,0.8961399999993196,0.6568756768180519,0.0529654,0.0007294724191888235
240,20876,-3.919364745383408,0,0.24,0.9333333333333333,0.8953899999993147,0.23929473184467662,0.07502649,0.000714299448300153
241,20905,0.21537046260387693,0,nan,0.9310344827586207,0.8952449999993137,0.5946299935407222,0.043785438,0.0007784393052008517
242,21055,-3.4687117408455603,0,nan,0.9066666666666666,0.8944949999993088,0.49015723594195326,0.056436945,0.0007275947148445993
243,21092,-0.0628398361002267,0,nan,1.0,0.8943099999993076,0.47645569176348684,0.033674426,0.0007434081289338301
244,21093,-0.05049481063316877,0,nan,2.0,0.8942999999993075,0.35140235780444734,0.45585725,0.000628035282716155
245,21243,-3.367509686823029,0,nan,0.9666666666666667,0.8935499999993026,0.6171860711817713,0.052157722,0.0007485474515124224
246,21393,-3.642360863103779,0,nan,0.9666666666666667,0.8927999999992977,0.5837769364412874,0.05531713,0.0007158629055872249
247,21396,-0.10181538603024426,0,nan,1.3333333333333333,0.8927799999992976,0.2827757617125864,0.3847511,0.0006542810588143766
248,21546,-3.361395344728566,0,nan,0.9133333333333333,0.8920299999992927,0.5138732566511939,0.05799193,0.0007396692758387265
249,21571,0.24538211907308705,0,nan,0.88,0.8919049999992918,0.1994786116019457,0.029879825,0.0012838403531350196
250,21721,-4.56819485218486,0,nan,0.9333333333333333,0.8911549999992869,0.42612559650282245,0.059805233,0.000958277402484479
251,21871,-3.6601797448194366,0,nan,0.9266666666666666,0.890404999999282,0.2987416924341538,0.08965199,0.0008961217646719888
252,21907,-0.11242198452011198,0,nan,0.9166666666666666,0.8902249999992808,0.4146166662445695,0.03357364,0.0009529566135218678
253,22057,-3.1933173900107716,0,nan,0.9533333333333334,0.8894749999992759,0.39643163763420824,0.054548036,0.0007605979885556735
254,22058,-0.05049723571061332,0,nan,2.0,0.8894649999992759,0.4891727529988481,0.62872785,0.000809493096312508
255,22105,-0.34183375674482663,0,nan,0.9574468085106383,0.8892299999992743,0.5791551387365106,0.04997953,0.0006934412491279952
256,22133,0.16929647427319905,0,nan,0.8928571428571429,0.8890899999992734,0.3710505417628449,0.033054974,0.0007618789480017897
257,22283,-3.3195153659803047,0,nan,0.9333333333333333,0.8883399999992685,0.4467717960801267,0.05496863,0.0008511624960616851
258,22433,-3.7096073667852334,0,nan,0.9333333333333333,0.8875899999992636,0.5709085352196754,0.05941447,0.0007901562982200024
259,22433,0,0,nan,1.0,0.8875849999992635,0.26672586694392847,0.0,0.0
260,22583,-3.607604509603824,0,nan,0.9733333333333334,0.8868349999992586,0.5846098246962601,0.053791687,0.000719894273885681
261,22733,-4.148156024721756,0,nan,0.96,0.8860849999992537,0.20072247106880137,0.06395198,0.0007599357213863792
262,22883,-3.5585591145377227,0,nan,0.9133333333333333,0.8853349999992488,0.35013556003980373,0.05625494,0.0008295020877267234
263,22884,-0.036144809177128936,0,nan,2.0,0.8853249999992487,0.3793501036016435,0.5384508,0.0007631361368112266
264,22921,-0.010074028762583565,0,nan,0.918918918918919,0.8851399999992475,0.44633999368328753,0.030412797,0.0008350461760749789
265,23071,-3.6536419207548327,0,nan,0.9066666666666666,0.8843899999992426,0.6652424342139495,0.054264862,0.0007657502641086467
266,23071,0,0,nan,1.0,0.8843849999992426,0.5980133674664481,0.0,0.0
267,23107,-0.029164383486852907,0,nan,0.9166666666666666,0.8842049999992414,0.528062151883887,0.039223388,0.0007436634987243451
268,23257,-4.424564034335739,0,nan,0.94,0.8834549999992365,0.26171611350342733,0.06503884,0.000747021641000174
269,23259,-0.06566269508378933,0,nan,1.5,0.8834399999992364,0.38335514548952465,0.41992176,0.0006715667550452054
270,23302,-0.10648657396872008,0,0.29,0.9069767441860465,0.883224999999235,0.37410327595521475,0.041768063,0.0008186185387298898
271,23452,-4.093426177705127,0,nan,0.9133333333333333,0.8824749999992301,0.20721493917986986,0.07170819,0.0007617548088698338
272,23452,0,0,nan,1.0,0.88246999999923,0.4014161481019409,0.0,0.0
273,23521,-0.7749297811641325,0,nan,0.8985507246376812,0.8821249999992278,0.4225683209705161,0.047963474,0.0007512925160657345
274,23671,-3.6015605179321497,0,nan,0.94,0.8813749999992229,0.5809062411874953,0.057960223,0.0007473611499881371
275,23728,-0.7089629977190672,0,nan,0.9122807017543859,0.881089999999221,0.28208634041418523,0.042883705,0.0007596822415188511
276,23773,-0.30458103409742443,0,nan,0.9111111111111111,0.8808649999992195,0.45822114267786124,0.040513735,0.0007725714078535222
277,23923,-3.767084931437997,0,nan,0.94,0.8801149999992146,0.44418967439352325,0.084475674,0.0007526052312459797
278,24073,-3.607703238818073,0,nan,0.9266666666666666,0.8793649999992097,0.32466783407334115,0.051988453,0.0007279028033372014
279,24223,-3.515190273643728,0,nan,0.8733333333333333,0.8786149999992048,0.3105850580858694,0.051081028,0.0007425879673489059
280,24373,-3.3833532659153067,0,nan,0.9333333333333333,0.8778649999991999,0.6559571199815666,0.05579156,0.0007344481858308428
281,24418,-0.11854658243941607,0,nan,0.9777777777777777,0.8776399999991984,0.4111602832122809,0.053457238,0.0007804987913308044
282,24420,-0.06563917997244904,0,nan,1.0,0.8776249999991983,0.34277073384342305,0.37775415,0.0010413502750452608
283,24422,-0.0656388485808975,0,nan,1.5,0.8776099999991982,0.2382882303555243,0.4258166,0.000852195211336948
284,24572,-3.596168269630325,0,nan,0.9333333333333333,0.8768599999991933,0.5713004302635957,0.060288224,0.0007684023187418158
285,24572,0,0,nan,1.0,0.8768549999991933,0.2794099587593548,0.0,0.0
286,24573,-0.039292698872624654,0,nan,2.0,0.8768449999991932,0.4265420258491672,0.6170117,0.0007822777843102813
287,24600,0.206392978253349,0,nan,0.8888888888888888,0.8767099999991923,0.31379763935686844,0.02990695,0.0007282893957044171
288,24602,-0.09705115088838284,0,nan,1.5,0.8766949999991922,0.2980575545985387,0.3957969,0.0006978786404943094
289,24602,0,0,nan,1.0,0.8766899999991922,0.36781956273194893,0.0,0.0
290,24659,-0.5599781037054513,0,nan,0.9298245614035088,0.8764049999991903,0.3400387660212341,0.04095517,0.0007246889734616209
291,24809,-3.4438074167949075,0,nan,0.9333333333333333,0.8756549999991854,0.6173700741282342,0.055427004,0.0008141317120559204
292,24835,0.23353019427274013,0,nan,0.9615384615384616,0.8755249999991845,0.31756681843095325,0.037214205,0.000863427369040437
293,24985,-3.5529882770378167,0,nan,0.88,0.8747749999991796,0.6150992894029371,0.06272232,0.000803076800366398
294,25135,-3.6309154125829513,0,nan,0.92,0.8740249999991747,0.6417359732673038,0.052938573,0.0007743485220513928
295,25172,-0.06510410398103561,0,nan,0.972972972972973,0.8738399999991735,0.4440010809908888,0.037354346,0.0007593014467872579
296,25322,-3.3504077781083565,0,nan,0.92,0.8730899999991686,0.2625945779156568,0.053311728,0.0007359576133118632
297,25363,-1.1813063432000135,0,nan,0.975609756097561,0.8728799999991672,0.2823029824765965,0.05961007,0.0007087118066875719
298,25513,-3.55163231473789,0,nan,0.8866666666666667,0.8721299999991623,0.6961609213848228,0.056658816,0.0007585676543142957
299,25663,-3.2983705849301326,0,nan,0.9066666666666666,0.8713799999991574,0.47753894024880716,0.05270431,0.0007140019745565951
300,25813,-3.655434676858132,0,0.28,0.8666666666666667,0.8706299999991525,0.6949027286178643,0.054197896,0.0007558288896689191
301,25846,-0.0114363181570869,0,nan,0.8787878787878788,0.8704649999991514,0.3022756477249276,0.036559746,0.0006975965181041057
302,25996,-3.5354833488218085,0,nan,0.92,0.8697149999991465,0.3594076578533558,0.051653467,0.0007094663666794076
303,26146,-4.629598849481431,0,nan,0.9333333333333333,0.8689649999991416,0.3186831684891422,0.10902873,0.0007430112688840988
304,26191,-0.31575486203440484,0,nan,0.9777777777777777,0.8687399999991401,0.6227081972917833,0.043577116,0.000720062759420317
305,26222,0.1226665745472244,0,nan,0.967741935483871,0.8685849999991391,0.6361167888790756,0.04849965,0.0007241934475924579
306,26372,-3.804529250236629,0,nan,0.92,0.8678349999991342,0.5849566178679028,0.055250257,0.0007615829396915312
307,26395,0.2864836276962114,0,nan,0.9565217391304348,0.8677199999991334,0.10424072705281502,0.02927613,0.0007340754287408503
308,26545,-3.50534015654152,0,nan,0.9066666666666666,0.8669699999991285,0.29166395004577295,0.09990716,0.0008360242402219835
309,26695,-3.5317548967916026,0,nan,0.9466666666666667,0.8662199999991236,0.637696186014237,0.060143687,0.0007410626566464392
310,26845,-3.6010682664935825,0,nan,0.92,0.8654699999991187,0.30195649932722984,0.05256794,0.0007088627418852412
311,26873,0.20153168608333494,0,nan,0.8928571428571429,0.8653299999991177,0.40084811785339935,0.045526147,0.0006799279040673614
312,26934,-0.45239741324335225,0,nan,0.9180327868852459,0.8650249999991158,0.32985573159375026,0.042749077,0.0006749946564401606
313,26934,0,0,nan,1.0,0.8650199999991157,0.20783445267530706,0.0,0.0
314,27054,-2.4174915088418265,0,nan,0.925,0.8644199999991118,0.2109941073467554,0.043464206,0.000693948953630752
315,27101,-0.2783429735710895,0,nan,0.9787234042553191,0.8641849999991102,0.35981813968727283,0.034594428,0.0007006068948651366
316,27101,0,0,nan,1.0,0.8641799999991102,0.39600220005420766,0.0,0.0
317,27142,-0.20159791451558362,0,nan,0.9512195121951219,0.8639749999991089,0.526021784181471,0.04721549,0.0006966273134954773
318,27143,-0.050497389124962974,0,nan,2.0,0.8639649999991088,0.27991837389024965,0.6682034,0.0007877377502154559
319,27178,-0.06843780056150539,0,nan,0.8571428571428571,0.8637899999991077,0.6367671409221265,0.04684215,0.0007445918803568929
320,27328,-3.26731162899773,0,nan,0.9333333333333333,0.8630399999991027,0.38831237478230535,0.05325201,0.0007449806057654011
321,27329,-0.05049740830178162,0,nan,2.0,0.8630299999991027,0.34518210292765983,0.66885203,0.0007108172576408833
322,27479,-3.4404389443901033,0,nan,0.9133333333333333,0.8622799999990978,0.5830718043465184,0.052920364,0.0007872554564770932
323,27508,0.15952860179270845,0,nan,0.896551724137931,0.8621349999990968,0.46912082960892976,0.03492554,0.0007813933786157326
324,27658,-3.651117574928209,0,nan,0.8933333333333333,0.8613849999990919,0.3733374920186469,0.05974227,0.0007167177861750436
325,27808,-3.43919590475933,0,nan,0.9133333333333333,0.860634999999087,0.5791323462205781,0.05685469,0.0007263958073842029
326,27958,-3.9134097559623426,0,nan,0.9333333333333333,0.8598849999990821,0.23713117920379273,0.05414762,0.0007443625089945271
327,27996,-0.12085535070910958,0,nan,0.9210526315789473,0.8596949999990808,0.6084630365259047,0.037475806,0.0007107902309048528
328,27998,-0.0833346645218391,0,nan,1.5,0.8596799999990807,0.34999681302347263,0.42745882,0.0007280313584487885
329,28148,-3.7956136642925067,0,nan,0.9,0.8589299999990758,0.4015628299311083,0.05514574,0.0006986837906879373
330,28178,0.2197735408471556,0,0.34,0.9,0.8587799999990748,0.4483132895239826,0.04906074,0.000687142710861129
331,28328,-3.6617461759237138,0,nan,0.94,0.8580299999990699,0.3603960500825145,0.06894952,0.0007105239090742544
332,28478,-3.7907951999803045,0,nan,0.9466666666666667,0.857279999999065,0.5736452693490928,0.05347369,0.0006721767389293139
333,28569,-1.2624301423022468,0,nan,0.9010989010989011,0.856824999999062,0.5632758777442398,0.039649446,0.0006800869997567753
334,28719,-3.6972771870071197,0,nan,0.8733333333333333,0.8560749999990571,0.43935356629868266,0.0519591,0.0007156542649803063
335,28869,-3.61362855476627,0,nan,0.9133333333333333,0.8553249999990522,0.28127887089700604,0.05624242,0.0007298264859127812
336,29019,-3.992821538675715,0,nan,0.9133333333333333,0.8545749999990473,0.2413437057778199,0.06471372,0.0007280459047372764
337,29169,-3.282884116268675,0,nan,0.9,0.8538249999990424,0.5248499481735989,0.053345714,0.0007076947837291906
338,29190,0.4248471548699254,0,nan,0.9047619047619048,0.8537199999990417,0.1996691004045773,0.019957531,0.0007166265817691705
339,29340,-3.304598273514054,0,nan,0.92,0.8529699999990368,0.2113846475939926,0.054176908,0.0007139017841351839
340,29342,-0.11563838822577861,0,nan,1.5,0.8529549999990367,0.587654181915117,0.39805806,0.0007291336805792525
341,29492,-3.4038173858513896,0,nan,0.9066666666666666,0.8522049999990318,0.2519623908587171,0.049706347,0.000727749042174158
342,29543,-0.4278150989255959,0,nan,0.9019607843137255,0.8519499999990301,0.5641403466641217,0.0808774,0.0007520171119740196
343,29693,-4.216393217410047,0,nan,0.8866666666666667,0.8511999999990252,0.38547145560312834,0.07593449,0.0007395787338221756
344,29726,0.09163364109185856,0,nan,0.8787878787878788,0.8510349999990241,0.32887758440310705,0.04220886,0.0006924069289887099
345,29876,-3.923221890536729,0,nan,0.9,0.8502849999990192,0.45765280935518216,0.08804927,0.0007086475582521719
346,29877,-0.03601504951163465,0,nan,2.0,0.8502749999990191,0.46879817269032026,0.4514477,0.000888024311279878
347,29878,-0.05048453348919338,0,nan,2.0,0.850264999999019,0.23812431544348542,0.49067515,0.0008631065720692277
348,30028,-3.567612604517952,0,nan,0.9466666666666667,0.8495149999990141,0.3862114676157464,0.056329384,0.0007659593246838388
349,30178,-3.4732576777335575,0,nan,0.8866666666666667,0.8487649999990092,0.34069778016151014,0.050662152,0.0007587171739821012
350,30203,0.24940828937029802,0,nan,0.96,0.8486399999990084,0.15772646263232598,0.027804784,0.000784016305115074
351,30325,-1.8577478723180718,0,nan,0.9262295081967213,0.8480299999990044,0.6270320086882691,0.0463707,0.000802158293257979
352,30475,-4.174658291815908,0,nan,0.9266666666666666,0.8472799999989995,0.5181673267272323,0.065296255,0.0007370551255492804
353,30625,-4.445954556224054,0,nan,0.8666666666666667,0.8465299999989946,0.34205813992946565,0.084304556,0.0007770381576847285
354,30775,-3.5914161523996495,0,nan,0.88,0.8457799999989897,0.3414130465213908,0.05393594,0.0007533801575967421
355,30925,-3.3942449733094207,0,nan,0.92,0.8450299999989848,0.41521139593676426,0.06104168,0.0007598262324851628
356,31075,-4.63301702891498,0,nan,0.9066666666666666,0.8442799999989798,0.33508314130206096,0.05906669,0.0007768035601475276
357,31075,0,0,nan,0.0,0.8442749999989798,0.20257095016896354,0.0,0.0
358,31225,-3.49703457185182,0,nan,0.9266666666666666,0.8435249999989749,0.4756509346313505,0.056111738,0.0007485316992582133
359,31256,0.1252038736476675,0,nan,0.9354838709677419,0.8433699999989739,0.4795853907058102,0.04138561,0.0007265677873698634
360,31406,-3.6046367278482943,0,0.35,0.8533333333333334,0.842619999998969,0.5915763665554282,0.054227233,0.000749163188932774
361,31448,-0.23073030375453807,0,nan,0.9285714285714286,0.8424099999989676,0.5962842313506789,0.039192703,0.0007489589295887743
362,31598,-3.8010692046130914,0,nan,0.8866666666666667,0.8416599999989627,0.6302765906538896,0.06266442,0.0007236485830314147
363,31748,-3.2869907787815404,0,nan,0.9133333333333333,0.8409099999989578,0.4000144496869656,0.058614496,0.000754860839030395
364,31898,-3.4521882325298012,0,nan,0.8733333333333333,0.8401599999989529,0.4327284655618995,0.0531333,0.0007542017864761874
365,31899,-0.050496003984848895,0,nan,2.0,0.8401499999989528,0.4308677526187357,0.46459526,0.0007800643215887249
366,32049,-3.6736697791765067,0,nan,0.92,0.8393999999989479,0.3451472691767493,0.06269844,0.0007590316492132842
367,32199,-3.5316646726676906,0,nan,0.86,0.838649999998943,0.18141506039310923,0.054911755,0.0007640072699481
368,32349,-3.739767874267961,0,nan,0.86,0.837899999998938,0.5570927859274234,0.05661895,0.0007696903083706275
369,32499,-3.3531136336867258,0,nan,0.8933333333333333,0.8371499999989331,0.30023936670476165,0.05424327,0.0007241884562730168
370,32539,-0.18530592169767213,0,nan,0.95,0.8369499999989318,0.5295614994695674,0.034899674,0.0007256923781824298
371,32565,0.275978262626021,0,nan,0.9230769230769231,0.836819999998931,0.3226542717931189,0.030293284,0.0007073527326261123
372,32609,-0.232544464648905,0,nan,0.8636363636363636,0.8365999999989295,0.554663566215451,0.046943855,0.0006987408778513782
373,32759,-3.7114732900186826,0,nan,0.9,0.8358499999989246,0.5663184179468346,0.049633402,0.0007438979118402737
374,32791,0.11873109744092913,0,nan,1.0,0.8356899999989236,0.45072316627258463,0.043274865,0.000702296821600612
375,32941,-3.6494328080047995,0,nan,0.9333333333333333,0.8349399999989187,0.476904965853689,0.0561464,0.0007300958926983488
376,33091,-3.4850361847754816,0,nan,0.8733333333333333,0.8341899999989137,0.5283030248384258,0.05845108,0.0006991988860924418
377,33241,-3.4552642390912287,0,nan,0.8133333333333334,0.8334399999989088,0.2945147483023125,0.061241202,0.0007370838094114637
378,33243,-0.07596917836982436,0,nan,1.5,0.8334249999989087,0.39816900700260777,0.37844294,0.0007787234790157527
379,33393,-3.8360141332685798,0,nan,0.8733333333333333,0.8326749999989038,0.3542812982136268,0.053723436,0.0007463951235210213
380,33395,-0.11563375141598728,0,nan,1.5,0.8326599999989037,0.3378977862010076,0.41534144,0.0007508131093345582
381,33424,0.19304263489954898,0,nan,0.9310344827586207,0.8325149999989028,0.4432479347937852,0.03527382,0.0008660197606237991
382,33454,0.15956345611778022,0,nan,0.8333333333333334,0.8323649999989018,0.5698180830817119,0.033044588,0.0008535157127577501
383,33604,-3.5821273894668453,0,nan,0.92,0.8316149999988969,0.46627237643476416,0.06162276,0.0008118593527857835
384,33754,-3.563661111487611,0,nan,0.9133333333333333,0.830864999998892,0.1962988028465875,0.049872298,0.000851620380320431
385,33904,-3.2912524641659906,0,nan,0.88,0.830114999998887,0.3446890202572859,0.055506974,0.000741567923008309
386,34054,-3.4972141040775635,0,nan,0.82,0.8293649999988821,0.4943435926856043,0.057861254,0.0007358579700424647
387,34139,-1.2955176134906323,0,nan,0.8705882352941177,0.8289399999988794,0.3982476779769028,0.043944497,0.0007298912079183056
388,34166,0.20285919587683,0,nan,0.8518518518518519,0.8288049999988785,0.28345390972955314,0.033000056,0.000746752700824463
389,34316,-3.291518229714324,0,nan,0.8866666666666667,0.8280549999988736,0.16539439552915317,0.051811703,0.0007600860806996934
390,34466,-3.475894969849039,0,0.3,0.9266666666666666,0.8273049999988686,0.3927075359904182,0.0612833,0.0007672403384155283
391,34616,-3.368194141599382,0,nan,0.9066666666666666,0.8265549999988637,0.6130846222684246,0.05894268,0.0007809782147523947
392,34618,-0.08805939883501032,0,nan,1.0,0.8265399999988636,0.42144718859625685,0.33208352,0.0007713172090006992
393,34647,0.12079020023544218,0,nan,0.9655172413793104,0.8263949999988627,0.5722653960578508,0.034563344,0.0007912241211482163
394,34797,-3.490452014731436,0,nan,0.9066666666666666,0.8256449999988578,0.3512960684231576,0.052086223,0.0007532323132424305
395,34947,-3.4613094523793495,0,nan,0.8733333333333333,0.8248949999988529,0.7519449795864723,0.054843947,0.0007316622565849684
396,34948,-0.024441186208911253,0,nan,1.0,0.8248849999988528,0.45485422288745625,0.44368312,0.0006495609122794122
397,35098,-3.956781185470562,0,nan,0.92,0.8241349999988479,0.556630336190931,0.066224724,0.0007492177057429217
398,35248,-3.4881159772574417,0,nan,0.8866666666666667,0.823384999998843,0.1425428939015765,0.052267183,0.0008263171910463522
399,35398,-3.567530217731504,0,nan,0.8266666666666667,0.822634999998838,0.5779854645587899,0.053918935,0.000778117587712283
400,35429,0.11513365884166582,0,nan,0.8064516129032258,0.822479999998837,0.6457467617747836,0.04110106,0.0007730995219448701
401,35579,-3.3715533020276736,0,nan,0.8666666666666667,0.8217299999988321,0.39688393667749,0.05454847,0.000778285453755719
402,35729,-3.4131682171946456,0,nan,0.8266666666666667,0.8209799999988272,0.5981389507932676,0.053425565,0.0007569748805447792
403,35879,-3.8437691318938154,0,nan,0.8666666666666667,0.8202299999988223,0.22612808474377286,0.05988535,0.0007920770602261959
404,35907,0.16968445696521184,0,nan,0.9642857142857143,0.8200899999988214,0.37706673967711113,0.03857255,0.0008197877141356003
405,36057,-3.5892979169742536,0,nan,0.8333333333333334,0.8193399999988165,0.463167205572886,0.058819637,0.0007330787173123099
406,36082,0.24472275346855465,0,nan,0.84,0.8192149999988156,0.2971193355973253,0.032936655,0.0007404016092186793
407,36232,-3.635804180574292,0,nan,0.8866666666666667,0.8184649999988107,0.30585359165784837,0.052772693,0.0007386872862116434
408,36382,-4.418341382626257,0,nan,0.8733333333333333,0.8177149999988058,0.5560932391060623,0.07753706,0.0007674270290105293
409,36532,-3.785853711846779,0,nan,0.8466666666666667,0.8169649999988009,0.31465797161447195,0.050972037,0.0007432487422677999
410,36682,-3.575284185658195,0,nan,0.8666666666666667,0.816214999998796,0.6081421030566259,0.053658973,0.0007163562711017828
411,36682,0,0,nan,1.0,0.816209999998796,0.2543589552822265,0.0,0.0
412,36832,-3.313327473080501,0,nan,0.8733333333333333,0.815459999998791,0.28192706279484997,0.073651865,0.0007665891674696468
413,36832,0,0,nan,1.0,0.815454999998791,0.25325024633233467,0.0,0.0
414,36833,-0.042862419512997636,0,nan,2.0,0.8154449999987909,0.4742989641249798,0.48763213,0.0006319351959973574
415,36983,-3.4107263696271968,0,nan,0.8733333333333333,0.814694999998786,0.27278739050336337,0.05701881,0.0007457905976722638
416,37008,0.293422723789325,0,nan,1.0,0.8145699999987852,0.32915161608477794,0.03095123,0.0006999775604344904
417,37158,-3.633610251196809,0,nan,0.8866666666666667,0.8138199999987803,0.44329583056128935,0.051093027,0.000755026548965058
418,37308,-3.4324961808134162,0,nan,0.8866666666666667,0.8130699999987754,0.4053673188078197,0.05025337,0.0007355005166027695
419,37458,-4.553959347760766,0,nan,0.9,0.8123199999987705,0.32661226105391367,0.078809194,0.0007278272512485273
420,37608,-3.5690810332597263,0,0.37,0.8466666666666667,0.8115699999987656,0.38107011936997737,0.051153243,0.0007447197693788136
421,37758,-3.609994214590208,0,nan,0.8333333333333334,0.8108199999987606,0.2671512117098264,0.04972097,0.0007100186934500622
422,37908,-3.405684465620915,0,nan,0.8866666666666667,0.8100699999987557,0.6374809734039705,0.060060278,0.0007125375748728402
423,38058,-3.648826180808367,0,nan,0.84,0.8093199999987508,0.4690100378461565,0.05715229,0.000722792247737137
424,38059,-0.03684482759963706,0,nan,2.0,0.8093099999987508,0.4504475189123806,0.4150075,0.0006405891326721758
425,38089,0.11180654137276735,0,nan,0.9,0.8091599999987498,0.6539461932917009,0.038818844,0.0007711524226275894
426,38239,-3.761060311308205,0,nan,0.88,0.8084099999987449,0.3933133546419054,0.05365299,0.0007440393347254333
427,38265,0.24807434046306798,0,nan,0.8846153846153846,0.808279999998744,0.2731836268776766,0.03554302,0.0007366472670512919
428,38415,-3.6784978437352254,0,nan,0.9,0.8075299999987391,0.554933923654514,0.053910572,0.0007280802679209349
429,38445,0.1445025776995219,0,nan,0.8333333333333334,0.8073799999987381,0.41257600526287463,0.043428175,0.0006997125722894756
430,38474,0.1887599050278781,0,nan,0.9655172413793104,0.8072349999987372,0.5448272345676695,0.03766547,0.000751934022791202
431,38542,-1.025502193111012,0,nan,0.9411764705882353,0.8068949999987349,0.6030506847646886,0.034758955,0.0007341603176267681
432,38692,-3.3772406595604316,0,nan,0.8866666666666667,0.80614499999873,0.2796676953779825,0.05825913,0.0007582775800256059
433,38730,-0.013564526562696022,0,nan,0.8421052631578947,0.8059549999987288,0.6850457437997901,0.04325794,0.0007024940863821508
434,38880,-4.537881842987839,0,nan,0.88,0.8052049999987239,0.28249628263778864,0.057715315,0.0007211745291715488
435,38936,-0.577022514252297,0,nan,0.9107142857142857,0.804924999998722,0.30634266069071414,0.04332089,0.0007988819506863365
436,39021,-1.2902165251232103,0,nan,0.9176470588235294,0.8044999999987192,0.4663919208662519,0.06604813,0.000739712910452748
437,39049,0.20758605352558568,0,nan,0.9285714285714286,0.8043599999987183,0.352710719955899,0.02950423,0.0008105294135540524
438,39078,0.11822613216316236,0,nan,0.8620689655172413,0.8042149999987174,0.5677422840643561,0.04030809,0.0006884368641326075
439,39228,-3.4336109001778876,0,nan,0.86,0.8034649999987125,0.2950051955377971,0.07955982,0.0007049202040070668
440,39378,-3.5082368731282583,0,nan,0.8333333333333334,0.8027149999987075,0.4603873757328106,0.05394492,0.000716041511138125
441,39528,-3.5703408443302203,0,nan,0.8733333333333333,0.8019649999987026,0.3192504810526636,0.059776776,0.0007316649259882979
442,39678,-3.9582924780536755,0,nan,0.8733333333333333,0.8012149999986977,0.2869430947324929,0.059370633,0.0007044014837204789
443,39828,-3.5518241656940512,0,nan,0.9,0.8004649999986928,0.38584165808983706,0.053655613,0.0007582941583435362
444,39926,-1.4875632533644918,0,nan,0.8877551020408163,0.7999749999986896,0.5661914176301613,0.04351169,0.000721808789477313
445,40076,-3.746975500268492,0,nan,0.8866666666666667,0.7992249999986847,0.48804385915583137,0.056199614,0.0007509351816649239
446,40077,-0.048028470459776956,0,nan,1.0,0.7992149999986846,0.2640182514039113,0.6086906,0.0007411658007185906
447,40134,-0.7015844806518655,0,nan,0.8947368421052632,0.7989299999986827,0.46807121314390515,0.03616995,0.0007777532806166595
448,40284,-3.5387807154083974,0,nan,0.8866666666666667,0.7981799999986778,0.5565535842592391,0.05292689,0.000727681962113517
449,40434,-3.768153644302158,0,nan,0.8466666666666667,0.7974299999986729,0.7371975718846921,0.058748905,0.0007131868398088651
450,40460,0.2769042718254454,0,0.55,0.8846153846153846,0.7972999999986721,0.45182583404838295,0.04263347,0.0007869914636383048
451,40610,-3.7501560083044585,0,nan,0.8266666666666667,0.7965499999986672,0.3994470692730957,0.053558167,0.0007765940721340788
452,40760,-4.220437416992116,0,nan,0.92,0.7957999999986622,0.734329133597249,0.05766388,0.0007219369607628323
453,40761,-0.039486727666653454,0,nan,2.0,0.7957899999986622,0.4012239938971475,0.5601748,0.0008131582872010767
454,40800,-0.1902046668381301,0,nan,0.9487179487179487,0.7955949999986609,0.3884606771266783,0.035578404,0.0006905143829778983
455,40898,-1.9318484098231075,0,nan,0.8673469387755102,0.7951049999986577,0.6959178626427955,0.035045158,0.0007121265261215443
456,41048,-3.5943945849791916,0,nan,0.8333333333333334,0.7943549999986528,0.685351271912331,0.07033482,0.000718541909106231
457,41198,-3.5904537778914265,0,nan,0.8666666666666667,0.7936049999986479,0.3803810658024867,0.053775884,0.0007606955186929554
458,41348,-4.498249329736872,0,nan,0.84,0.792854999998643,0.2251644717013154,0.06703291,0.0008214915478796077
459,41498,-3.5093177091306056,0,nan,0.86,0.792104999998638,0.7188856447631865,0.04758656,0.0007811666558457849
460,41520,0.3945821858392504,0,nan,0.8636363636363636,0.7919949999986373,0.13709442635336452,0.03093532,0.0007277747737878764
461,41670,-3.781345460602157,0,nan,0.8333333333333334,0.7912449999986324,0.6468215107428152,0.07512485,0.0007318584692742055
462,41670,0,0,nan,1.0,0.7912399999986324,0.40482902733036463,0.0,0.0
463,41697,0.24362766514025258,0,nan,0.8148148148148148,0.7911049999986315,0.3748803804794022,0.038104028,0.0007882844236317194
464,41734,-0.04117926017245688,0,nan,0.8108108108108109,0.7909199999986303,0.5363812957943274,0.035990387,0.0007877190116748868
465,41765,0.13938450821273918,0,nan,0.8064516129032258,0.7907649999986293,0.5143232589147897,0.033167765,0.0007595426230240733
466,41807,-0.12230958575343742,0,nan,0.9047619047619048,0.7905549999986279,0.6055076152475323,0.04689295,0.0007333516637334556
467,41836,0.16337609219040428,0,nan,0.896551724137931,0.7904099999986269,0.466342973951286,0.033544187,0.0007306459768281864
468,41864,0.21499926167466155,0,nan,0.8928571428571429,0.790269999998626,0.4174873313309561,0.035678573,0.0007673221246347696
469,42014,-4.519772492199964,0,nan,0.8933333333333333,0.7895199999986211,0.6796714268445853,0.06023023,0.0007503295540421581
470,42164,-3.785418829583274,0,nan,0.8466666666666667,0.7887699999986162,0.7196194735246739,0.057331238,0.0007534282854370152
471,42314,-3.730618060590971,0,nan,0.8666666666666667,0.7880199999986113,0.42214049502214307,0.059061736,0.0007461830664154453
472,42315,-0.043824052330127275,0,nan,1.0,0.7880099999986112,0.3156759480356943,0.63902056,0.0009062580938916653
473,42465,-3.410247416691237,0,nan,0.84,0.7872599999986063,0.2860202658934497,0.05391468,0.0008763149632917096
474,42615,-3.7495820758347174,0,nan,0.7933333333333333,0.7865099999986014,0.49795118682584,0.057691555,0.0007555350666128409
475,42662,-0.34618374397892937,0,nan,0.8297872340425532,0.7862749999985998,0.20881785633137315,0.03657745,0.0007586195146011069
476,42812,-3.9591431172625824,0,nan,0.8466666666666667,0.7855249999985949,0.6009726646460115,0.05873798,0.000743738072924316
477,42815,-0.118874440680954,0,nan,1.0,0.7855049999985948,0.5177207490105384,0.37335014,0.0008340121130459011
478,42965,-3.4517186763502874,0,nan,0.8266666666666667,0.7847549999985899,0.4288330697141053,0.052589513,0.000768490380141884
479,43115,-3.5758893139404373,0,nan,0.86,0.784004999998585,0.458381965738254,0.05743045,0.0007258648204151541
480,43142,0.21457268776483507,0,0.33,0.8518518518518519,0.7838699999985841,0.3173255721050104,0.031326942,0.0006949189059755385
481,43292,-3.3549805489780673,0,nan,0.8733333333333333,0.7831199999985792,0.5158226326157009,0.05816764,0.0007385551079642028
482,43442,-3.827562254892914,0,nan,0.8733333333333333,0.7823699999985743,0.3428979687802673,0.124047816,0.0008009601011872291
483,43444,-0.09955713218385788,0,nan,1.0,0.7823549999985742,0.5283576110914483,0.43331903,0.0006039461295586079
484,43594,-3.6274643676468425,0,nan,0.8666666666666667,0.7816049999985692,0.23768000637903414,0.050354972,0.0008180785451744062
485,43744,-3.688448339021398,0,nan,0.84,0.7808549999985643,0.3167521621743181,0.05159405,0.0008080163461272605
486,43894,-3.9447619515801544,0,nan,0.8133333333333334,0.7801049999985594,0.49975640102853297,0.051443655,0.0008118555478480023
487,43894,0,0,nan,1.0,0.7800999999985594,0.33176324484606357,0.0,0.0
488,44044,-3.47572345639296,0,nan,0.8533333333333334,0.7793499999985545,0.2449308984319868,0.05824276,0.0007669105460324015
489,44068,0.3186525087639258,0,nan,0.7916666666666666,0.7792299999985537,0.2539400940639557,0.03265852,0.0007600777153129457
490,44218,-3.649036945265583,0,nan,0.8333333333333334,0.7784799999985488,0.4356971706857961,0.10127673,0.0007630397138806681
491,44259,-0.25888649800936603,0,nan,0.8780487804878049,0.7782749999985474,0.5347403664721029,0.03985126,0.0007601527617136925
492,44409,-3.327822589038586,0,nan,0.86,0.7775249999985425,0.7178409983090422,0.05813221,0.0007581656802600871
493,44409,0,0,nan,1.0,0.7775199999985425,0.2904639679449939,0.0,0.0
494,44559,-3.361973170987172,0,nan,0.8733333333333333,0.7767699999985376,0.6657120482559137,0.053074695,0.0007557008412550204
495,44560,-0.050496741539317144,0,nan,2.0,0.7767599999985375,0.33124137186686575,0.44907638,0.0007698512054048479
496,44710,-3.5477498890760835,0,nan,0.82,0.7760099999985326,0.3065831303065109,0.055962596,0.000760745293518994
497,44860,-3.75410762258879,0,nan,0.7733333333333333,0.7752599999985277,0.5810403464638182,0.06357532,0.0007534232895704917
498,44860,0,0,nan,1.0,0.7752549999985276,0.2835918347462192,0.0,0.0
499,45010,-3.3746621334845233,0,nan,0.82,0.7745049999985227,0.3325535602682234,0.055053946,0.0007535540815054749
500,45160,-3.4075688949642617,0,nan,0.84,0.7737549999985178,0.2929134435262378,0.050363287,0.0007540982732704531
501,45184,0.25466785935256187,0,nan,0.8333333333333334,0.773634999998517,0.09810692479715681,0.027987437,0.0007561027456783146
502,45253,-0.8618042715481972,0,nan,0.8405797101449275,0.7732899999985148,0.2959843723082393,0.049715843,0.0007427748977257263
503,45254,-0.04623621861272935,0,nan,1.0,0.7732799999985147,0.3185159562754009,0.7128578,0.0007722869631834328
504,45282,0.1935093115213532,0,nan,0.9285714285714286,0.7731399999985138,0.36333902870816714,0.0339745,0.0007594846595436268
505,45432,-4.404046557188099,0,nan,0.84,0.7723899999985089,0.19094051707220988,0.07281297,0.0007813206301458801
506,45582,-3.79313403954019,0,nan,0.8866666666666667,0.771639999998504,0.277738410169666,0.09134183,0.000809827151921733
507,45732,-3.575186007236563,0,nan,0.82,0.770889999998499,0.28204457645448844,0.053209227,0.0008391697130476435
508,45771,-0.10690817676830244,0,nan,0.9230769230769231,0.7706949999984978,0.5464906519751587,0.050998304,0.0008557594578283337
509,45811,-0.13575482304458686,0,nan,0.825,0.7704949999984965,0.4486161195066564,0.045224406,0.0009355898502690252
510,45869,-0.6964553167418921,0,0.49,0.9137931034482759,0.7702049999984946,0.4592450382289299,0.04121134,0.0008722891655232725
511,46019,-3.3985376436129084,0,nan,0.8666666666666667,0.7694549999984897,0.6202277885649445,0.05093344,0.0007629631039647696
512,46169,-3.6519783953439973,0,nan,0.8666666666666667,0.7687049999984847,0.482234725172079,0.05391004,0.0007890741194326741
513,46232,-0.7725764704085842,0,nan,0.8888888888888888,0.7683899999984827,0.2500355825496882,0.03552525,0.0007585528990834034
514,46279,-0.3651222350707173,0,nan,0.8936170212765957,0.7681549999984811,0.4519206931647899,0.05135381,0.0008028618925736543
515,46280,-0.03686084732224716,0,nan,2.0,0.7681449999984811,0.3364580596220586,0.68399674,0.0008414531766902655
516,46430,-3.6533863695040707,0,nan,0.86,0.7673949999984762,0.4482297130190614,0.05219958,0.0007821512792725116
517,46580,-3.703179443091489,0,nan,0.76,0.7666449999984712,0.35209103834657846,0.1043216,0.0007724835652819213
518,46610,0.11147091064601344,0,nan,0.8333333333333334,0.7664949999984703,0.42380410112553923,0.03398031,0.0007905185212924456
519,46611,-0.048097540575525906,0,nan,1.0,0.7664849999984702,0.17163817767814302,0.56939167,0.0007243915752042085
520,46761,-3.7047918194817737,0,nan,0.86,0.7657349999984653,0.2186277816314099,0.052935455,0.0008099704165942967
521,46789,0.20071612416342444,0,nan,0.8214285714285714,0.7655949999984644,0.4893431104166689,0.030841256,0.000768543554711089
522,46939,-3.668917656130028,0,nan,0.86,0.7648449999984595,0.6672138608297229,0.05148662,0.0007835445704404265
523,46983,-0.16498480079543942,0,nan,0.9090909090909091,0.764624999998458,0.5189298152086453,0.05068593,0.0007837344541754151
524,47133,-3.3610140325657394,0,nan,0.8533333333333334,0.7638749999984531,0.37725039700988267,0.05620236,0.0007983461725719584
525,47283,-3.3333671654070933,0,nan,0.86,0.7631249999984482,0.6613912590475222,0.05857205,0.0007803731975339664
526,47319,-0.047965407948380556,0,nan,0.8611111111111112,0.762944999998447,0.5648901146823618,0.032113396,0.0007996189540588401
527,47469,-3.8715418908630626,0,nan,0.8533333333333334,0.7621949999984421,0.5454326469535095,0.056538247,0.0007847885569208301
528,47511,-0.12266945530126994,0,nan,0.9047619047619048,0.7619849999984407,0.5127161752824567,0.03926347,0.0007567573806487157
529,47511,0,0,nan,1.0,0.7619799999984407,0.3574584946790469,0.0,0.0
530,47661,-3.4619486173011804,0,nan,0.8533333333333334,0.7612299999984358,0.6581895296253402,0.058885798,0.000752260177784289
531,47811,-3.6438759689883784,0,nan,0.8066666666666666,0.7604799999984309,0.6649259575308863,0.057459947,0.0007964783650822937
532,47961,-4.547881552509477,0,nan,0.8466666666666667,0.7597299999984259,0.23537349199159507,0.056444474,0.0007848898209825469
533,48111,-3.490619243848039,0,nan,0.8933333333333333,0.758979999998421,0.6258843805211264,0.05599818,0.0007818889789632522
534,48144,0.15522515578902563,0,nan,0.8181818181818182,0.75881499999842,0.6094020023199183,0.04017727,0.0007495470781577751
535,48173,0.1252526497943951,0,nan,0.8275862068965517,0.758669999998419,0.43930719431764226,0.036098566,0.0007709524933457503
536,48203,0.10289612174342355,0,nan,0.9333333333333333,0.758519999998418,0.6138089851282958,0.039783202,0.0007995535503141582
537,48353,-3.3867097116275002,0,nan,0.8333333333333334,0.7577699999984131,0.439602574038148,0.05674181,0.0007532464045410355
538,48378,0.254931978884103,0,nan,0.88,0.7576449999984123,0.23497352459313442,0.031199398,0.0007551217294530943
539,48528,-4.027094588399645,0,nan,0.8533333333333334,0.7568949999984074,0.5897190095678262,0.05797127,0.0007627165935506733
540,48549,0.40423703420895485,0,0.45,0.9523809523809523,0.7567899999984067,0.14926459893313418,0.025762944,0.0007331450663817426
541,48699,-3.594033044111874,0,nan,0.8666666666666667,0.7560399999984018,0.5692152373698691,0.05666533,0.0007657620094444913
542,48849,-3.7402344668170704,0,nan,0.8133333333333334,0.7552899999983969,0.40769322918706447,0.08265051,0.0007649693461523081
543,48873,0.31215842570096697,0,nan,0.8333333333333334,0.7551699999983961,0.1471864038224315,0.027530463,0.0007420952812632701
544,48912,-0.11905912304902033,0,nan,0.8461538461538461,0.7549749999983948,0.5579915024754406,0.03356207,0.0007469771371688694
545,49062,-3.8797875969750257,0,nan,0.8466666666666667,0.7542249999983899,0.26300388365329297,0.052182797,0.0007700526619252438
546,49212,-3.619273339464387,0,nan,0.7866666666666666,0.753474999998385,0.5052705415453448,0.05413321,0.0007678997021866962
547,49275,-0.6467364926966789,0,nan,0.7777777777777778,0.7531599999983829,0.6260352904799285,0.060944468,0.0007503503083070326
548,49425,-3.319744224850334,0,nan,0.8266666666666667,0.752409999998378,0.3488261940355018,0.05674168,0.0007791011524386704
549,49575,-3.7642568747848313,0,nan,0.8733333333333333,0.7516599999983731,0.344404074320034,0.07745619,0.0007695143081946299
550,49725,-3.5451273927519806,0,nan,0.8533333333333334,0.7509099999983682,0.576897527089491,0.057084266,0.0007561198212594415
551,49875,-3.7920353799003785,0,nan,0.86,0.7501599999983632,0.4933910069502475,0.11442087,0.0007647102717116165
552,50025,-4.030273398537906,0,nan,0.8466666666666667,0.7494099999983583,0.5136192397402676,0.051828638,0.0007527688691819398
553,50082,-0.6407024208230796,0,nan,0.8070175438596491,0.7491249999983565,0.3301753426994102,0.03499801,0.0008199121356275946
554,50121,-0.023472427033421672,0,nan,0.8974358974358975,0.7489299999983552,0.6732393781539515,0.04584485,0.0007837942028298783
555,50121,0,0,nan,1.0,0.7489249999983552,0.35710471819933587,0.0,0.0
556,50271,-3.610177263220002,0,nan,0.8066666666666666,0.7481749999983502,0.6255820463626749,0.05302508,0.0007712496103097996
557,50311,-0.1446610273052118,0,nan,0.875,0.7479749999983489,0.5102817625773558,0.037543233,0.0007533134259574581
558,50461,-3.717626209541466,0,nan,0.8733333333333333,0.747224999998344,0.3073997792992803,0.05638752,0.0007538202393334359
559,50611,-3.6399986705778695,0,nan,0.82,0.7464749999983391,0.35999393342382513,0.05774856,0.0007482425074946756
560,50761,-3.852047616853194,0,nan,0.78,0.7457249999983342,0.7097246754154346,0.053939406,0.0007842654005313913
561,50761,0,0,nan,1.0,0.7457199999983342,0.47343577418429234,0.0,0.0
562,50786,0.27648445808972233,0,nan,0.96,0.7455949999983333,0.35940367230114006,0.036057416,0.0008363988681230694
563,50923,-2.7429074019699327,0,nan,0.8394160583941606,0.7449099999983289,0.656663012457204,0.04880629,0.0007424276713222387
564,51073,-3.9815924103179814,0,nan,0.82,0.7441599999983239,0.283264087478624,0.05093328,0.0007561101247362482
565,51223,-3.9500001439853096,0,nan,0.8333333333333334,0.743409999998319,0.29853886426484405,0.08738619,0.0007864803278547091
566,51373,-3.667317929029631,0,nan,0.8133333333333334,0.7426599999983141,0.5517718161745584,0.05704715,0.0007383906661804455
567,51523,-3.6867276012321137,0,nan,0.8266666666666667,0.7419099999983092,0.56545091787058,0.054585762,0.0007427282706097079
568,51673,-3.420642352141958,0,nan,0.84,0.7411599999983043,0.42465034760269116,0.05333986,0.000745632177082977
569,51701,0.18842939399798353,0,nan,0.7857142857142857,0.7410199999983034,0.5309303125433288,0.04459784,0.000737626948518612
570,51851,-3.6463862729260885,0,0.47,0.8066666666666666,0.7402699999982985,0.43212716585147126,0.056045264,0.0007602122113651907
571,51908,-0.3837210659226611,0,nan,0.9122807017543859,0.7399849999982966,0.33067940421783804,0.043580804,0.0007061587992275395
572,52058,-3.9253487231612376,0,nan,0.8133333333333334,0.7392349999982917,0.6417524804088345,0.05185217,0.0007426635948165009
573,52121,-0.9109112025099863,0,nan,0.8571428571428571,0.7389199999982896,0.5303829282588891,0.04055914,0.0007317522233481415
574,52211,-1.3151764534943222,0,nan,0.8,0.7384699999982867,0.17102017993783192,0.045650896,0.0008032977210758771
575,52361,-3.781919235440124,0,nan,0.8066666666666666,0.7377199999982818,0.2903156442090743,0.05761052,0.0007675623915080602
576,52361,0,0,nan,1.0,0.7377149999982817,0.42454157806196946,0.0,0.0
577,52405,-0.29289611791104353,0,nan,0.75,0.7374949999982803,0.6631985483241447,0.040706877,0.0007837818156986032
578,52435,0.18136598389850855,0,nan,0.7666666666666667,0.7373449999982793,0.5787656783833147,0.039037976,0.0007883492284842457
579,52585,-3.5561268517872078,0,nan,0.8466666666666667,0.7365949999982744,0.6876059893766086,0.06459669,0.0007445710976996149
580,52735,-3.174441928469754,0,nan,0.8133333333333334,0.7358449999982695,0.4834151707254178,0.052096166,0.0007380110784045731
581,52885,-3.5322486171751053,0,nan,0.8066666666666666,0.7350949999982646,0.20977331603243668,0.052299783,0.0007273487985366956
582,52885,0,0,nan,1.0,0.7350899999982645,0.24489802539079775,0.0,0.0
583,52937,-0.4438744873965683,0,nan,0.8846153846153846,0.7348299999982628,0.6951652029965752,0.04930949,0.0007320894977825587
584,53087,-3.3906012621993513,0,nan,0.8266666666666667,0.7340799999982579,0.6802474683917532,0.05016726,0.0007275242762019236
585,53177,-1.5725246388072396,0,nan,0.8444444444444444,0.733629999998255,0.45823406689822793,0.03815674,0.0007479937818263554
586,53178,-0.03700328073350513,0,nan,2.0,0.7336199999982549,0.3937841102247695,0.6316436,0.0007628510356880724
587,53328,-3.3941126889695177,0,nan,0.8266666666666667,0.73286999999825,0.4704777494332454,0.052563086,0.0007856467594198572
588,53441,-2.0986983472616503,0,nan,0.8141592920353983,0.7323049999982463,0.6168224086413978,0.055001978,0.0007558566072813557
589,53591,-3.37649510790384,0,nan,0.84,0.7315549999982414,0.42400177425962987,0.05779417,0.0007644436938183693
590,53617,0.17750875954851408,0,nan,0.8461538461538461,0.7314249999982405,0.2534464806545128,0.024320755,0.0007225651005193448
591,53767,-3.4217117064949187,0,nan,0.7866666666666666,0.7306749999982356,0.2623468878426308,0.053600077,0.0007267667365764888
592,53917,-3.6306174202099935,0,nan,0.8066666666666666,0.7299249999982307,0.5109851954285162,0.05716296,0.000734879879358535
593,54067,-4.019312602371665,0,nan,0.7666666666666667,0.7291749999982258,0.6044886322797899,0.054920968,0.0007829223877827947
594,54217,-3.626973507850712,0,nan,0.8,0.7284249999982209,0.5933377929662897,0.050571214,0.0007159628765657544
595,54367,-3.634550762695743,0,nan,0.8,0.7276749999982159,0.45714321412189873,0.055293694,0.0007265518429145838
596,54413,-0.3308374516700219,0,nan,0.782608695652174,0.7274449999982144,0.5625011041010802,0.04859706,0.0007302715144444095
597,54451,-0.10739999255662569,0,nan,0.868421052631579,0.7272549999982132,0.5006163799626636,0.046564125,0.0007734402239102086
598,54601,-3.3970465767771114,0,nan,0.84,0.7265049999982083,0.5085440839355033,0.05798661,0.0007414180100507414
599,54751,-3.432123455316334,0,nan,0.7666666666666667,0.7257549999982034,0.4578946426511152,0.054390006,0.0007557423625257798
600,54901,-3.9790256123507057,0,0.64,0.8266666666666667,0.7250049999981985,0.32981284605429323,0.05487765,0.0007619146734941751
601,54902,-0.050497282915038286,0,nan,2.0,0.7249949999981984,0.3391549567189363,0.50361365,0.000605247711064294
602,54929,0.2363677163200999,0,nan,0.9259259259259259,0.7248599999981975,0.24759108900856988,0.034533627,0.0006934670824126375
603,55079,-3.293949183757635,0,nan,0.7933333333333333,0.7241099999981926,0.6384807416340459,0.056308754,0.0007305393437854945
604,55124,-0.1121850735760308,0,nan,0.8,0.7238849999981911,0.5593685220607673,0.052286558,0.0007434635523370363
605,55152,0.27664244037802943,0,nan,0.8571428571428571,0.7237449999981902,0.49701716742661933,0.031078013,0.0007762801157826159
606,55153,-0.036142119001084744,0,nan,2.0,0.7237349999981901,0.4437423383475906,0.40505993,0.000621929852059111
607,55198,-0.3305670356268193,0,nan,0.8444444444444444,0.7235099999981887,0.6514666399005078,0.04031093,0.0007373076397925616
608,55267,-0.9585106394051187,0,nan,0.7536231884057971,0.7231649999981864,0.3697754014884801,0.047472544,0.0007404797783026985
609,55326,-0.6050365384834554,0,nan,0.7627118644067796,0.7228699999981845,0.17792915262628126,0.041167125,0.0007521532783265052
610,55476,-3.5399542820376313,0,nan,0.7733333333333333,0.7221199999981796,0.2988635882936836,0.06948504,0.0007297481037676335
611,55504,0.15736547319400296,0,nan,0.7857142857142857,0.7219799999981786,0.35541374628695216,0.048270214,0.0007120756376285239
612,55654,-3.809410289990996,0,nan,0.84,0.7212299999981737,0.3633445034133703,0.083382055,0.0007880864857967633
613,55655,-0.04785747978737254,0,nan,1.0,0.7212199999981737,0.19903493913018774,0.6823934,0.000929027795791626
614,55741,-1.2318908858465818,0,nan,0.8488372093023255,0.7207899999981708,0.6986300740572954,0.051215548,0.0007759190944895192
615,55891,-3.5782281931529147,0,nan,0.78,0.7200399999981659,0.33919092560296077,0.079665914,0.0007713341651833616
616,55925,0.04936303408455489,0,nan,0.8823529411764706,0.7198699999981648,0.49109619721174425,0.044065397,0.00077584738670232
617,56075,-4.470590561359469,0,nan,0.8266666666666667,0.7191199999981599,0.42709199940425313,0.073371336,0.0007969895537826233
618,56113,-0.07634844114969563,0,nan,0.7368421052631579,0.7189299999981587,0.6607330373974329,0.034143165,0.0007535218342366678
619,56263,-3.5921869546182523,0,nan,0.8,0.7181799999981537,0.491715242490759,0.057832967,0.0007599324028706178
620,56413,-4.5890686130892036,0,nan,0.8466666666666667,0.7174299999981488,0.18647754771102565,0.0628599,0.0007467142226717746
621,56413,0,0,nan,1.0,0.7174249999981488,0.30651398323893403,0.0,0.0
622,56563,-3.676519219180134,0,nan,0.7466666666666667,0.7166749999981439,0.6923263905496511,0.061556242,0.0007309613755205646
623,56563,0,0,nan,1.0,0.7166699999981438,0.37454663330260446,0.0,0.0
624,56644,-1.2528467578286677,0,nan,0.8148148148148148,0.7162649999981412,0.41847224241239295,0.03348549,0.0007176125313609516
625,56794,-3.849267447862606,0,nan,0.7333333333333333,0.7155149999981363,0.30827009981264025,0.055799626,0.0007653981610201299
626,56944,-3.586182742179024,0,nan,0.82,0.7147649999981314,0.6303181926475786,0.05642905,0.0007867568969959393
627,57024,-1.063155039123811,0,nan,0.8625,0.7143649999981287,0.5657168013223665,0.048167534,0.0007646860596651095
628,57174,-3.639362311620576,0,nan,0.8,0.7136149999981238,0.6199726199937463,0.05403059,0.0007475268369307741
629,57310,-2.257902020229586,0,nan,0.8161764705882353,0.7129349999981194,0.17235547389693937,0.047816716,0.0007218209201014628
630,57460,-3.838086175077968,0,0.59,0.8066666666666666,0.7121849999981145,0.3979689656451928,0.07500109,0.0007495095627382398
631,57485,0.24140602788177368,0,nan,0.88,0.7120599999981136,0.24096248935802353,0.02317966,0.0007176371209789067
632,57635,-3.614275479111906,0,nan,0.8133333333333334,0.7113099999981087,0.495076436488782,0.059497744,0.0007492142679984681
633,57635,0,0,nan,1.0,0.7113049999981087,0.3158118976663494,0.0,0.0
634,57635,0,0,nan,1.0,0.7112999999981087,0.2748038953807083,0.0,0.0
635,57785,-3.746045765114958,0,nan,0.7466666666666667,0.7105499999981038,0.38407366473332094,0.059365094,0.00071804307847439
636,57821,-0.047210407937872345,0,nan,0.75,0.7103699999981026,0.48204927893797994,0.039538007,0.0007717495548907513
637,57971,-3.5185918073253033,0,nan,0.84,0.7096199999980977,0.3530682437432173,0.054217003,0.0007453644986768874
638,58121,-3.347662295283658,0,nan,0.78,0.7088699999980927,0.15691584187931668,0.060850587,0.000797330095859555
639,58148,0.24065436317799993,0,nan,0.9259259259259259,0.7087349999980919,0.25850594795952375,0.028504778,0.000720275279255239
640,58298,-3.772454411525579,0,nan,0.86,0.707984999998087,0.47503338587115485,0.059867717,0.0007411987603215191
641,58448,-4.282128986244326,0,nan,0.8,0.707234999998082,0.34682226093955426,0.07654309,0.0007920576598068389
642,58598,-3.7650762659053854,0,nan,0.84,0.7064849999980771,0.4569234472783095,0.09948103,0.0007801752175631312
643,58748,-3.709438491533216,0,nan,0.82,0.7057349999980722,0.36347039290567185,0.05358973,0.0008043791065574623
644,58813,-0.7743653972069936,0,nan,0.8769230769230769,0.7054099999980701,0.29501749298143487,0.052310858,0.000758285972271831
645,58963,-3.635543130035347,0,nan,0.8,0.7046599999980652,0.6513680455835094,0.05453827,0.0007693306601140648
646,59113,-3.944559944211224,0,nan,0.8333333333333334,0.7039099999980603,0.4175451727530952,0.05521438,0.0007872721112410848
647,59263,-3.330288575917593,0,nan,0.8133333333333334,0.7031599999980553,0.3987729655776525,0.05725686,0.0007591131703035595
648,59300,0.04869730595116628,0,nan,0.7837837837837838,0.7029749999980541,0.5691040664207304,0.036539823,0.0007672688134826367
649,59300,0,0,nan,1.0,0.7029699999980541,0.27535296396678355,0.0,0.0
650,59338,-0.1058549213693799,0,nan,0.8947368421052632,0.7027799999980529,0.4404017826116404,0.034982737,0.0007918957271613181
651,59414,-1.0538527224467713,0,nan,0.8157894736842105,0.7023999999980504,0.6120263925201617,0.045316786,0.0008041454260053701
652,59470,-0.6437083268154631,0,nan,0.8571428571428571,0.7021199999980485,0.1917495754798644,0.027794614,0.0007700088907378293
653,59620,-3.485903463817351,0,nan,0.8133333333333334,0.7013699999980436,0.6386748954497359,0.051798735,0.000791747795107464
654,59649,0.1303623394101595,0,nan,0.8275862068965517,0.7012249999980427,0.36061712710230664,0.037027158,0.0007739972332211468
655,59685,-0.08968955204763485,0,nan,0.8333333333333334,0.7010449999980415,0.40356980291558714,0.03205669,0.0007996515863245198
656,59725,-0.16095994131699976,0,nan,0.8,0.7008449999980402,0.46541244976815593,0.03924504,0.0007871913905546535
657,59765,-0.09974402914721159,0,nan,0.85,0.7006449999980389,0.6914680281127525,0.05024568,0.0007877268977608765
658,59803,-0.04145172493306126,0,nan,0.868421052631579,0.7004549999980376,0.4010574796169899,0.038971473,0.000819181859888455
659,59953,-3.3936904512062678,0,nan,0.8466666666666667,0.6997049999980327,0.3042430030522175,0.053979136,0.0007826556917279959
660,59954,-0.05049740092607423,0,0.46,2.0,0.6996949999980326,0.4459615969842945,0.49195057,0.0005341355572454631
661,60104,-3.776156486356966,0,nan,0.76,0.6989449999980277,0.4023710520218121,0.060456492,0.0007459618718712591
662,60254,-3.826055088015811,0,nan,0.8066666666666666,0.6981949999980228,0.592964061224429,0.057432894,0.0007687650761605861
663,60404,-4.07609720367386,0,nan,0.7533333333333333,0.6974449999980179,0.5940262319188769,0.05746396,0.0007610470852038513
664,60554,-3.516185535532627,0,nan,0.7466666666666667,0.696694999998013,0.354886268990157,0.0520718,0.0008145894740785783
665,60704,-4.285097713463365,0,nan,0.8266666666666667,0.6959449999980081,0.45520437585752016,0.0602146,0.0008859875479053396
666,60763,-0.44736680241078675,0,nan,0.7457627118644068,0.6956499999980061,0.618412479173012,0.045439694,0.0007858102935488667
667,60913,-3.4250506790435264,0,nan,0.7333333333333333,0.6948999999980012,0.42955075872534293,0.053165987,0.0007345491523543993
668,61063,-3.3495104946473138,0,nan,0.8333333333333334,0.6941499999979963,0.6623982189672568,0.059619967,0.0007972226849718329
669,61064,-0.05049704394294745,0,nan,2.0,0.6941399999979962,0.44812848392818727,0.6145302,0.0006224025273695588
670,61214,-4.5269060917176285,0,nan,0.84,0.6933899999979913,0.44295527551233926,0.07143248,0.0007720618555322289
671,61364,-3.484864681988325,0,nan,0.74,0.6926399999979864,0.3091477726187458,0.05444603,0.0007584610777363801
672,61393,0.225112644260398,0,nan,0.8275862068965517,0.6924949999979855,0.34311059700562724,0.04487562,0.00080768456622348
673,61543,-4.075621860555314,0,nan,0.7866666666666666,0.6917449999979806,0.28580410951107377,0.07045647,0.0007451385045230078
674,61693,-3.771838702823784,0,nan,0.8066666666666666,0.6909949999979756,0.5924282291175446,0.05537814,0.0008029599520765866
675,61720,0.21481411592417832,0,nan,0.6666666666666666,0.6908599999979748,0.2352038787708568,0.03669755,0.0007387585576873755
676,61721,-0.04330427752952051,0,nan,1.0,0.6908499999979747,0.34036517394505783,0.70510036,0.0005548878398258239
677,61746,0.2774304414235931,0,nan,0.84,0.6907249999979739,0.22632835940062876,0.028875565,0.000801479221554473
678,61896,-3.5760878832150325,0,nan,0.7733333333333333,0.689974999997969,0.346577299475053,0.056306522,0.0008020383993668171
679,61932,0.008839374985679438,0,nan,0.8611111111111112,0.6897949999979678,0.6928594007399469,0.04435592,0.0007219103172246832
680,61990,-0.6529828358375334,0,nan,0.7241379310344828,0.6895049999979659,0.2789671544747908,0.036190115,0.0007148853178007592
681,62031,-0.07564218299301961,0,nan,0.8536585365853658,0.6892999999979645,0.39952834549307986,0.04045779,0.0008813648771426482
682,62181,-3.8470219838923074,0,nan,0.8466666666666667,0.6885499999979596,0.3759980210482182,0.112850025,0.0007837769293109886
683,62220,-0.1999851603191899,0,nan,0.8717948717948718,0.6883549999979584,0.4792519285322686,0.036338564,0.0008028170626717978
684,62370,-4.142010793050536,0,nan,0.7933333333333333,0.6876049999979534,0.2184428785149519,0.05129701,0.0008019416638611195
685,62399,0.1455112073149053,0,nan,0.9655172413793104,0.6874599999979525,0.49498225574896826,0.028160902,0.0007968805986255857
686,62440,-0.19475607745100232,0,nan,0.7560975609756098,0.6872549999979511,0.4035135715357626,0.041845746,0.0007824865947108398
687,62590,-3.4543156357028324,0,nan,0.8066666666666666,0.6865049999979462,0.4027732974395977,0.054309368,0.0007769271975848823
688,62740,-4.163097662524654,0,nan,0.7533333333333333,0.6857549999979413,0.2822978928943001,0.0716621,0.0007895497381105088
689,62747,-0.2295083802539037,0,nan,1.0,0.685714999997941,0.43521200185696884,0.23622474,0.0007953370638590838
690,62748,-0.0504973846995607,0,0.47,2.0,0.685704999997941,0.32933107916946747,0.51246893,0.000853907607961446
691,62780,0.14993424696277557,0,nan,0.78125,0.6855449999979399,0.44736183601365265,0.052291512,0.0007838084020477254
692,62782,-0.07600847011346364,0,nan,1.0,0.6855299999979398,0.39821745110755685,0.43732548,0.0006661809602519497
693,62808,0.3071532450387531,0,nan,0.8846153846153846,0.685399999997939,0.32364942233750527,0.034858648,0.0009116458475965863
694,62810,-0.07573061911030052,0,nan,1.5,0.6853849999979389,0.5597357788616057,0.41660744,0.0009726330608827993
695,62810,0,0,nan,1.0,0.6853799999979389,0.2893926894403358,0.0,0.0
696,62946,-2.5619083253347563,0,nan,0.8014705882352942,0.6846999999979344,0.1724393750434244,0.04761058,0.0008238234967233011
697,62995,-0.4351009639223097,0,nan,0.7959183673469388,0.6844549999979328,0.4160445569118456,0.04228495,0.0008497758918769695
698,63145,-4.365560021492218,0,nan,0.86,0.6837049999979279,0.3109210955050154,0.09869947,0.0008645577062270604
699,63214,-0.9072104428035326,0,nan,0.855072463768116,0.6833599999979256,0.41526441607219633,0.04674755,0.0008466559427662119
700,63243,0.16516384088950742,0,nan,0.7931034482758621,0.6832149999979247,0.3716836316008918,0.040259697,0.0008164161529215373
701,63393,-3.473228093715133,0,nan,0.84,0.6824649999979198,0.6014360738385428,0.053590953,0.000777612552822878
702,63397,-0.1473560041360824,0,nan,1.25,0.6824399999979196,0.3966124509700427,0.3639472,0.0007520112740166951
703,63453,-0.4778525648002848,0,nan,0.75,0.6821599999979178,0.712594845766974,0.054455187,0.0007899059993568309
704,63603,-4.019773737469663,0,nan,0.8066666666666666,0.6814099999979129,0.3534282406883984,0.060282223,0.0008160767035830456
705,63753,-3.9867366143206056,0,nan,0.7266666666666667,0.6806599999979079,0.6582278887944205,0.0658752,0.0008150144445244222
706,63903,-4.055271839489086,0,nan,0.76,0.679909999997903,0.4459141187603684,0.055236626,0.0008409262959806559
707,63939,-0.01234245727618466,0,nan,0.8611111111111112,0.6797299999979018,0.35528406354093317,0.033212118,0.0008352787998673092
708,64089,-4.333831760951913,0,nan,0.7666666666666667,0.6789799999978969,0.16514736258251375,0.07271125,0.0007925503906638672
709,64239,-3.5739812383332383,0,nan,0.7333333333333333,0.678229999997892,0.5539405258712573,0.055210687,0.0008238994535834839
710,64270,0.07772684554816955,0,nan,0.8709677419354839,0.678074999997891,0.46274956781728177,0.039727796,0.0007852198994500682
711,64420,-3.7314285421501947,0,nan,0.8333333333333334,0.6773249999978861,0.5837057234609393,0.056753196,0.0008257238426206944
712,64570,-3.880965863643031,0,nan,0.76,0.6765749999978812,0.4133550206733559,0.051463377,0.0007913287251722068
713,64720,-3.544668571534849,0,nan,0.76,0.6758249999978763,0.579429494108222,0.052157257,0.0007930587418377399
714,64751,0.16005415109374133,0,nan,0.8064516129032258,0.6756699999978752,0.34972894937409676,0.027619803,0.0008138658416893093
715,64901,-3.887643670865631,0,nan,0.8066666666666666,0.6749199999978703,0.5037098056229103,0.058055457,0.0008368999059894122
716,64901,0,0,nan,1.0,0.6749149999978703,0.2450419682927786,0.0,0.0
717,64939,0.0032588703624584214,0,nan,0.7105263157894737,0.6747249999978691,0.6218639654368805,0.041050803,0.0007996887545328048
718,65089,-3.512952168645622,0,nan,0.8133333333333334,0.6739749999978641,0.496418321237338,0.05244431,0.0007760076232564946
719,65117,0.14762476452010675,0,nan,0.8571428571428571,0.6738349999978632,0.3500240920890205,0.026697401,0.0007534662514184934
720,65153,0.020290325220564287,0,0.69,0.8055555555555556,0.673654999997862,0.4987961144984761,0.050202664,0.0007858238746444436
721,65303,-3.6297831767262494,0,nan,0.7866666666666666,0.6729049999978571,0.6072964228120434,0.057302468,0.000835428959010945
722,65330,0.16913264864606203,0,nan,0.8518518518518519,0.6727699999978562,0.3465214002703615,0.03693145,0.0007581174415665575
723,65480,-3.6138263121785386,0,nan,0.7666666666666667,0.6720199999978513,0.5953579706590666,0.056646805,0.0007421403806074522
724,65630,-3.9267328334534404,0,nan,0.72,0.6712699999978464,0.2041482525558381,0.04516592,0.0008010200835027111
725,65780,-3.7576956220180584,0,nan,0.7933333333333333,0.6705199999978415,0.10987495352309058,0.054468352,0.0007968215626897291
726,65814,-0.004798667123499856,0,nan,0.8823529411764706,0.6703499999978404,0.5734269057160558,0.05146987,0.0007458014378618613
727,65964,-3.684835822430741,0,nan,0.8066666666666666,0.6695999999978355,0.3607177702172445,0.057809364,0.0008043930100393482
728,66114,-3.36044914337059,0,nan,0.7333333333333333,0.6688499999978306,0.36471314123540005,0.058037985,0.0007761094040082147
729,66115,-0.0504972460366206,0,nan,2.0,0.6688399999978305,0.4906562096377948,0.4660814,0.0009362115815747529
730,66115,0,0,nan,1.0,0.6688349999978305,0.42435187932574053,0.0,0.0
731,66265,-3.669555169468081,0,nan,0.7733333333333333,0.6680849999978256,0.2898257793804762,0.05423374,0.0008026884048983144
732,66415,-3.522110035889621,0,nan,0.7733333333333333,0.6673349999978206,0.24910237716822692,0.0541598,0.0008168651179100077
733,66565,-3.6650245136451485,0,nan,0.7866666666666666,0.6665849999978157,0.30362504974121834,0.07068045,0.0007886789087206126
734,66715,-3.7777945242078386,0,nan,0.7133333333333334,0.6658349999978108,0.55403388550869,0.0537227,0.0007893466429474453
735,66865,-3.9681939633590675,0,nan,0.7333333333333333,0.6650849999978059,0.48074630334503005,0.08093086,0.0007870700346150745
736,66899,0.014112587535171972,0,nan,0.7352941176470589,0.6649149999978048,0.3860941473484356,0.034832295,0.0008161499341333504
737,66926,0.23985955764826727,0,nan,0.8148148148148148,0.6647799999978039,0.457888673200124,0.035961647,0.0007968095979541195
738,67047,-2.1584954843007162,0,nan,0.7768595041322314,0.6641749999977999,0.3808036139167175,0.049694624,0.0007536979851578478
739,67197,-3.784728549044334,0,nan,0.7666666666666667,0.663424999997795,0.5423466249321867,0.06548434,0.0007813431558315642
740,67347,-3.4402872737126464,0,nan,0.7866666666666666,0.6626749999977901,0.27649235970849995,0.055317465,0.0007932328915921972
741,67497,-4.10050272115215,0,nan,0.7733333333333333,0.6619249999977852,0.17601100947505613,0.050917245,0.0007635708717862144
742,67497,0,0,nan,1.0,0.6619199999977852,0.3549437043811286,0.0,0.0
743,67536,-0.13374274049836632,0,nan,0.8205128205128205,0.6617249999977839,0.43623524205862574,0.03691043,0.0008400739924325488
744,67686,-3.444825995512481,0,nan,0.78,0.660974999997779,0.23639237518505246,0.054872997,0.0007837751750291015
745,67836,-3.6326790028268587,0,nan,0.7866666666666666,0.6602249999977741,0.5307486973626413,0.05534296,0.000754136555090857
746,67986,-3.6298671869735846,0,nan,0.7866666666666666,0.6594749999977692,0.6952945165835103,0.056645438,0.000749548121918148
747,68136,-3.9417114827575475,0,nan,0.8,0.6587249999977642,0.38425716522110326,0.077832535,0.0008397211903744998
748,68137,-0.044333385022768276,0,nan,2.0,0.6587149999977642,0.40133550905086773,0.41099,0.000695568072842434
749,68184,-0.2276026922814829,0,nan,0.851063829787234,0.6584799999977626,0.25395327792540995,0.047496356,0.0008372541868742159
750,68216,0.10756899167391143,0,0.48,0.75,0.6583199999977616,0.44018258318724174,0.045929622,0.0008087533151410753
751,68366,-3.3209175207916863,0,nan,0.7666666666666667,0.6575699999977567,0.3970233490274342,0.056401107,0.0008219102151148642
752,68389,0.3334202472614308,0,nan,0.7391304347826086,0.6574549999977559,0.1644865004158806,0.03086135,0.0007579817990873656
753,68539,-3.786543587699556,0,nan,0.7933333333333333,0.656704999997751,0.19089280699202493,0.088575125,0.0008249271085757452
754,68540,-0.04737108592279193,0,nan,1.0,0.6566949999977509,0.34301282582991677,0.64081687,0.0007455870945705101
755,68690,-3.597883794127755,0,nan,0.7733333333333333,0.655944999997746,0.47413832723873456,0.05969087,0.0008994916530597645
756,68692,-0.04791211017057272,0,nan,1.0,0.6559299999977459,0.43856261399930213,0.415577,0.0007083698583301157
757,68694,-0.0677835725628268,0,nan,0.5,0.6559149999977458,0.4454586600116901,0.44448376,0.0008736068557482213
758,68844,-3.606955401306653,0,nan,0.7333333333333333,0.6551649999977409,0.29739673897078683,0.053506806,0.0008017089604012047
759,68845,-0.05049747468305833,0,nan,1.0,0.6551549999977409,0.3937654877101469,0.5407342,0.0006724543054588139
760,68845,0,0,nan,1.0,0.6551499999977408,0.21699132719497194,0.0,0.0
761,68892,-0.25358613783297723,0,nan,0.6808510638297872,0.6549149999977393,0.5170860483130528,0.045693986,0.0008418117711776273
762,69042,-4.091150467018952,0,nan,0.7866666666666666,0.6541649999977344,0.208168296771375,0.058022156,0.0008426789435907267
763,69192,-3.79449387921649,0,nan,0.7533333333333333,0.6534149999977295,0.5937191324188599,0.05316666,0.0007657409243984148
764,69342,-3.778153333350424,0,nan,0.76,0.6526649999977245,0.4754787273619734,0.056568693,0.0008153478194920657
765,69492,-3.4571369085083377,0,nan,0.7733333333333333,0.6519149999977196,0.6121322460680473,0.059946332,0.0008082422146496053
766,69642,-3.6241713601703243,0,nan,0.7866666666666666,0.6511649999977147,0.5565501969248459,0.06130769,0.0007690879834505419
767,69682,-0.17938020354382467,0,nan,0.7,0.6509649999977134,0.49581800627464206,0.04164622,0.0007792356638674392
768,69832,-3.6817646766063277,0,nan,0.76,0.6502149999977085,0.5801697370916264,0.061057936,0.0008131597905109326
769,69870,-0.17859106272091352,0,nan,0.7894736842105263,0.6500249999977072,0.6597109284866358,0.049954914,0.000819758429363566
770,69898,0.19025591924800245,0,nan,0.8214285714285714,0.6498849999977063,0.37966604354054095,0.030728105,0.0007495833436093692
771,70048,-3.7026616726295325,0,nan,0.7933333333333333,0.6491349999977014,0.57841602395729,0.053015012,0.0007978371193166822
772,70095,-0.28511408924155346,0,nan,0.6808510638297872,0.6488999999976999,0.6032592356409001,0.04826279,0.0007868746847924876
773,70095,0,0,nan,1.0,0.6488949999976998,0.23071035533624532,0.0,0.0
774,70245,-4.506074073000341,0,nan,0.8066666666666666,0.6481449999976949,0.33533671327356546,0.07530033,0.0008132494921058727
775,70395,-4.335513590040953,0,nan,0.7666666666666667,0.64739499999769,0.26215233968923884,0.06127963,0.0007971029518133339
776,70545,-3.757344826399561,0,nan,0.7133333333333334,0.6466449999976851,0.41247962996014226,0.052014645,0.0008174698415677994
777,70585,-0.03520448624249295,0,nan,0.725,0.6464449999976838,0.28479726604064043,0.03833543,0.0008702051360160113
778,70637,-0.30018056652388114,0,nan,0.7884615384615384,0.6461849999976821,0.5025434036916371,0.055345338,0.0008256562009941823
779,70787,-3.639660170992863,0,nan,0.7133333333333334,0.6454349999976772,0.7210577122396805,0.057389334,0.000813711318866505
780,70937,-4.339815569611339,0,0.26,0.78,0.6446849999976723,0.5408439480362041,0.05570287,0.0008099839769420214
781,71087,-4.285551562976897,0,nan,0.7,0.6439349999976673,0.3565799070645885,0.05393908,0.0007951490108583433
782,71237,-3.726578488062439,0,nan,0.7466666666666667,0.6431849999976624,0.681006208077485,0.058005784,0.0008094237000720265
783,71387,-4.071508323101492,0,nan,0.7266666666666667,0.6424349999976575,0.5084133688177934,0.072967246,0.0008442373943398706
784,71537,-4.178950691659566,0,nan,0.8066666666666666,0.6416849999976526,0.3105119809977361,0.07927546,0.0008006598586992671
785,71687,-4.309828829539345,0,nan,0.7,0.6409349999976477,0.3387364070481649,0.05443261,0.000809079695706411
786,71837,-3.5474068522981694,0,nan,0.7466666666666667,0.6401849999976428,0.5555469592282649,0.05839231,0.0007879155456127289
787,71987,-3.7887607153014753,0,nan,0.7133333333333334,0.6394349999976379,0.671665509673989,0.053612456,0.0008648080125567503
788,72137,-3.557406862369369,0,nan,0.7666666666666667,0.638684999997633,0.6027610284706806,0.060048677,0.0008257336230599321
789,72174,-0.0695524593873259,0,nan,0.5675675675675675,0.6384999999976317,0.6292233458950519,0.044376783,0.0008133182048835364
790,72324,-3.6962257959875164,0,nan,0.7066666666666667,0.6377499999976268,0.5761445906296456,0.055017464,0.0007680369790371818
791,72474,-3.704201721604922,0,nan,0.7733333333333333,0.6369999999976219,0.5664652678474,0.05661572,0.0007911994148162194
792,72624,-4.13228361502767,0,nan,0.7533333333333333,0.636249999997617,0.49899743456659235,0.05535966,0.0007744584218986953
793,72650,0.20539906801274632,0,nan,0.8076923076923077,0.6361199999976161,0.22295469313425004,0.026050676,0.0007902265849854582
794,72800,-3.878088167636154,0,nan,0.7333333333333333,0.6353699999976112,0.6838802535356563,0.057090282,0.0007839127836632542
795,72950,-3.6231077765202655,0,nan,0.72,0.6346199999976063,0.21319407800597034,0.055695094,0.0008334941523692881
796,73100,-3.674746096313399,0,nan,0.7,0.6338699999976014,0.5829737359730758,0.056879204,0.0007830642028905762
797,73250,-3.470811055947028,0,nan,0.6866666666666666,0.6331199999975965,0.17489622305118696,0.05141347,0.0007743535829164708
798,73400,-4.21081696163741,0,nan,0.7266666666666667,0.6323699999975916,0.16923274487109788,0.07523474,0.0007839393975640027
799,73550,-3.322629657543284,0,nan,0.7466666666666667,0.6316199999975867,0.15166495641639668,0.05490647,0.0007549666040965045
800,73700,-3.611718769673773,0,nan,0.7733333333333333,0.6308699999975818,0.3489392219379372,0.055410568,0.0007585871431122844
801,73850,-3.953175080152469,0,nan,0.7466666666666667,0.6301199999975768,0.31022352468042674,0.09719007,0.0008045854261339022
802,74000,-4.0090301915259605,0,nan,0.8133333333333334,0.6293699999975719,0.3270271521062435,0.08802652,0.0007774848239690376
803,74045,-0.26363464937227454,0,nan,0.7555555555555555,0.6291449999975705,0.5561979343346104,0.040976953,0.0007284505328344596
804,74195,-3.715514990524108,0,nan,0.7,0.6283949999975655,0.5780998513926483,0.052513894,0.0007863635540707037
805,74345,-3.642698641705491,0,nan,0.7,0.6276449999975606,0.34152395177095507,0.055430252,0.0007962068659253419
806,74495,-3.8004920845458674,0,nan,0.78,0.6268949999975557,0.4961373346768892,0.05526586,0.0007531627056111271
807,74560,-0.945041624592574,0,nan,0.7230769230769231,0.6265699999975536,0.5986468199990995,0.03530937,0.0007749095794189579
808,74588,0.2402053247272481,0,nan,0.8214285714285714,0.6264299999975527,0.5078888935037945,0.034030993,0.0007357104716772613
809,74738,-4.083582262273817,0,nan,0.7266666666666667,0.6256799999975478,0.29432126910121575,0.044614356,0.000776506995219582
810,74888,-3.963257822226232,0,0.26,0.7666666666666667,0.6249299999975428,0.4774247121500975,0.057802632,0.0007768733420137627
811,74920,0.17938232793117692,0,nan,0.75,0.6247699999975418,0.3434081524494253,0.04666371,0.0007731920418336813
812,75070,-3.5885128033622027,0,nan,0.7733333333333333,0.6240199999975369,0.3425354591996306,0.07856554,0.0007777853287795248
813,75220,-3.544570349936709,0,nan,0.72,0.623269999997532,0.7159495468570634,0.052273072,0.0007798758126834097
814,75257,-0.12864805110728594,0,nan,0.8108108108108109,0.6230849999975308,0.3974986035221772,0.044461995,0.0008176099158968223
815,75407,-4.308702698149272,0,nan,0.7266666666666667,0.6223349999975258,0.35380334849833883,0.059303347,0.0007907456411824872
816,75557,-3.4081216752491503,0,nan,0.7466666666666667,0.6215849999975209,0.5676435353503377,0.055176258,0.0007890167540366141
817,75585,0.24025582012083502,0,nan,0.7857142857142857,0.62144499999752,0.4776602616173195,0.02985086,0.0008105218590312038
818,75735,-4.619691266066777,0,nan,0.72,0.6206949999975151,0.3767250805771972,0.058260657,0.000802092887655211
819,75885,-3.6075181994433736,0,nan,0.74,0.6199449999975102,0.648961627036379,0.05730459,0.0007801568452850915
820,75921,-0.07379187183693048,0,nan,0.7777777777777778,0.619764999997509,0.513417482304215,0.03871159,0.0007759986146993469
821,76071,-4.065000520158168,0,nan,0.7133333333333334,0.6190149999975041,0.4562436623079689,0.05793389,0.0008390669266615684
822,76114,-0.3626562638018802,0,nan,0.8604651162790697,0.6187999999975027,0.4435842410952684,0.036302973,0.0007590335454699735
823,76264,-3.5696950721711778,0,nan,0.7733333333333333,0.6180499999974978,0.6341263731632221,0.04910155,0.0007826053451087015
824,76414,-3.9107773158202956,0,nan,0.7133333333333334,0.6172999999974929,0.5428846201593607,0.05696698,0.0007815472344130588
825,76417,-0.08079273821580517,0,nan,1.3333333333333333,0.6172799999974927,0.40382094907088656,0.39262,0.0009478226226444045
826,76455,-0.11845712624878968,0,nan,0.7894736842105263,0.6170899999974915,0.46273872821184536,0.035399362,0.0008341844123175466
827,76455,0,0,nan,1.0,0.6170849999974914,0.3877077703227445,0.0,0.0
828,76605,-3.6174021725582803,0,nan,0.72,0.6163349999974865,0.4906835436358322,0.06497407,0.0007836651567292089
829,76755,-3.730160287281009,0,nan,0.82,0.6155849999974816,0.25006746157280846,0.068044044,0.0008309711296654616
830,76905,-3.5704337208650916,0,nan,0.8066666666666666,0.6148349999974767,0.600448735635652,0.051632356,0.0007640656336055447
831,76935,0.14151040372877333,0,nan,0.8333333333333334,0.6146849999974757,0.5243385269688685,0.03759689,0.000819468630652409
832,77085,-3.9349616814337915,0,nan,0.7266666666666667,0.6139349999974708,0.40240330221046133,0.05874293,0.0008131064949945236
833,77235,-3.644852177924317,0,nan,0.7666666666666667,0.6131849999974659,0.49169387337688997,0.058201384,0.000740018643264193
834,77385,-3.6786506025552126,0,nan,0.7266666666666667,0.612434999997461,0.5925990792808293,0.04885338,0.0007907656400736111
835,77418,0.015614007458597423,0,nan,0.7878787878787878,0.6122699999974599,0.4928465026050109,0.04280267,0.0007642697790729334
836,77568,-4.025515908522628,0,nan,0.6466666666666666,0.611519999997455,0.4126263075487716,0.10380071,0.0008018337776108334
837,77718,-4.2925138733753085,0,nan,0.7,0.6107699999974501,0.38742325040054565,0.049653366,0.000807524260696179
838,77868,-3.5514965370538114,0,nan,0.7333333333333333,0.6100199999974452,0.49612897035378817,0.053003967,0.0007819097449343341
839,78018,-4.29828653370135,0,nan,0.7666666666666667,0.6092699999974402,0.39567992367316374,0.072607085,0.0008421745874996608
840,78168,-3.7233308643969547,0,0.27,0.7066666666666667,0.6085199999974353,0.5858571381278704,0.055689108,0.0008545851028369119
841,78318,-3.7650801305284167,0,nan,0.6866666666666666,0.6077699999974304,0.6115594027172583,0.0625967,0.0007882476171168189
842,78319,-0.050495698639935374,0,nan,1.0,0.6077599999974304,0.39165650647361094,0.72215426,0.0006536874861922115
843,78469,-4.526563682506383,0,nan,0.78,0.6070099999974254,0.6399212044367626,0.071056776,0.0009141628733292843
844,78495,0.23617060216354835,0,nan,0.7692307692307693,0.6068799999974246,0.2696810787932091,0.033625003,0.0007690241260346598
845,78645,-3.735746634321627,0,nan,0.7866666666666666,0.6061299999974197,0.23022201838906584,0.06400198,0.0008802402393970018
846,78683,0.020184145262830966,0,nan,0.7368421052631579,0.6059399999974184,0.3493022921654299,0.039248124,0.0008751211625119476
847,78710,0.1488661198895258,0,nan,0.7037037037037037,0.6058049999974175,0.37607732525614285,0.034275893,0.0007904780289175471
848,78711,-0.05049747468305833,0,nan,0.0,0.6057949999974175,0.42610027280496804,0.681461,0.0011583967716433108
849,78738,0.2314926829761359,0,nan,0.7407407407407407,0.6056599999974166,0.30206132535009694,0.03709024,0.0009785011923802947
850,78840,-1.6719846634926308,0,nan,0.7254901960784313,0.6051499999974133,0.3881697631811193,0.049506463,0.0009133120663190151
851,78898,-0.5981945671171999,0,nan,0.6551724137931034,0.6048599999974114,0.6197621849854941,0.047587626,0.0007778324858197171
852,78960,-0.7039167593036405,0,nan,0.6774193548387096,0.6045499999974093,0.5452394504221346,0.053895522,0.000780982824630149
853,79110,-3.6172087297708333,0,nan,0.7333333333333333,0.6037999999974044,0.2296080416980996,0.059919484,0.0008441880649964636
854,79142,0.07672840770973244,0,nan,0.8125,0.6036399999974034,0.3755296910591332,0.03607358,0.0008121851369651267
855,79188,-0.3518877540416563,0,nan,0.6086956521739131,0.6034099999974019,0.6438767312058974,0.03897746,0.0009851859738220178
856,79338,-3.8063963863814885,0,nan,0.68,0.602659999997397,0.6811835825221191,0.054546673,0.0008595565172921245
857,79391,-0.4537053386794804,0,nan,0.7924528301886793,0.6023949999973952,0.37474628234039004,0.045751784,0.0008241291608736095
858,79541,-3.640599148160865,0,nan,0.7,0.6016449999973903,0.24476456310881914,0.059118837,0.000826680305278084
859,79565,0.30668902737592985,0,nan,0.75,0.6015249999973895,0.21824035667260203,0.028009787,0.0008426018224175399
860,79602,-0.053589377026938556,0,nan,0.8108108108108109,0.6013399999973883,0.491572627655703,0.037368678,0.0007947894466908749
861,79602,0,0,nan,1.0,0.6013349999973883,0.48202886696132824,0.0,0.0
862,79752,-3.8101089633911434,0,nan,0.7333333333333333,0.6005849999973834,0.3805718230495268,0.051315695,0.0008235389104811475
863,79752,0,0,nan,1.0,0.6005799999973833,0.24272876447682537,0.0,0.0
864,79902,-3.9138267592731806,0,nan,0.7066666666666667,0.5998299999973784,0.6365926674013446,0.053312782,0.0008295360092112484
865,80052,-4.0588772844267185,0,nan,0.7,0.5990799999973735,0.43510405259634843,0.0824972,0.000798504060464135
866,80202,-3.9925638256820384,0,nan,0.7266666666666667,0.5983299999973686,0.6709784724323898,0.06503617,0.0008001053574844263
867,80352,-3.728650119298865,0,nan,0.7466666666666667,0.5975799999973637,0.5782224139195874,0.054499593,0.0008446175612819691
868,80353,-0.044960531712590054,0,nan,0.0,0.5975699999973636,0.38411625995311066,0.4694631,0.0008058293315116316
869,80420,-0.9691024998765504,0,nan,0.7611940298507462,0.5972349999973614,0.4959958256969518,0.036324456,0.0008101678078076733
870,80420,0,0,0.31,1.0,0.5972299999973614,0.33633963817885976,0.0,0.0
871,80570,-4.116470238587681,0,nan,0.7266666666666667,0.5964799999973565,0.5247410366543902,0.06030271,0.0008418888600620751
872,80720,-3.77448396174029,0,nan,0.6866666666666666,0.5957299999973515,0.37334392282560797,0.053880557,0.000799127909898137
873,80870,-4.044396869878863,0,nan,0.7333333333333333,0.5949799999973466,0.44526843869938076,0.051816322,0.0007911572208589253
874,81020,-3.834941146065008,0,nan,0.6733333333333333,0.5942299999973417,0.6359883301078426,0.06489827,0.0008034720007951061
875,81050,0.1546360523503808,0,nan,0.8333333333333334,0.5940799999973407,0.6161548444076471,0.039278112,0.0009226146401488222
876,81200,-3.9403641982431594,0,nan,0.7466666666666667,0.5933299999973358,0.7175811483759874,0.057485957,0.0008303909834163884
877,81201,-0.05049717080477514,0,nan,2.0,0.5933199999973358,0.49818786647964725,0.7167575,0.0009834918892011046
878,81304,-1.513587805213997,0,nan,0.7087378640776699,0.5928049999973324,0.697376733092207,0.048398796,0.0008616203252052057
879,81335,0.12388117580546953,0,nan,0.7096774193548387,0.5926499999973314,0.35913536212530434,0.034997575,0.0007919300720283401
880,81375,-0.22263060751310948,0,nan,0.8,0.5924499999973301,0.5885142685753809,0.03138985,0.0008056991391640622
881,81525,-4.1818742764684895,0,nan,0.72,0.5916999999973251,0.24171113988365472,0.07431613,0.0007895968499360606
882,81529,-0.1264455776286278,0,nan,1.0,0.591674999997325,0.3154565410206884,0.28499103,0.0009514375997241586
883,81679,-4.172358260792644,0,nan,0.7266666666666667,0.5909249999973201,0.5874177411258815,0.08934534,0.0008639391693092572
884,81829,-3.930391540507201,0,nan,0.7266666666666667,0.5901749999973152,0.5835049427946305,0.05153043,0.0008541394692535201
885,81863,0.07916845846222842,0,nan,0.9117647058823529,0.590004999997314,0.5854908444619862,0.04003181,0.0008837478068444933
886,81865,-0.06563894036148914,0,nan,1.5,0.5899899999973139,0.3992859729350023,0.45090204,0.0008055310026975349
887,81907,-0.1491006448096115,0,nan,0.8095238095238095,0.5897799999973126,0.4664062732981485,0.04224194,0.0007836898540041321
888,82057,-3.995038367546688,0,nan,0.6666666666666666,0.5890299999973077,0.5868172409940103,0.05209778,0.0008661754959030077
889,82086,0.1044577737068817,0,nan,0.6896551724137931,0.5888849999973067,0.29382063930763236,0.03877101,0.000828856518010384
890,82087,-0.05049740682663363,0,nan,2.0,0.5888749999973066,0.3554754352687329,0.549706,0.0008952778298407793
891,82124,-0.13834262142287956,0,nan,0.8648648648648649,0.5886899999973054,0.6824041299829486,0.035349667,0.000859228237705129
892,82274,-3.878677882030143,0,nan,0.7133333333333334,0.5879399999973005,0.6377112698971843,0.058660183,0.0008674913293604429
893,82424,-4.178856650835615,0,nan,0.7666666666666667,0.5871899999972956,0.4566935259391564,0.0552778,0.0008924343307929424
894,82574,-3.9005670386252276,0,nan,0.6933333333333334,0.5864399999972907,0.2963817665245083,0.053429183,0.0008987768068133543
895,82724,-4.2433012038373095,0,nan,0.7666666666666667,0.5856899999972858,0.3406452986077165,0.052124094,0.0008196125579221795
896,82874,-3.713598985580212,0,nan,0.7266666666666667,0.5849399999972809,0.610008796234527,0.05313803,0.0009083333263212504
897,83024,-3.5163950366864727,0,nan,0.7466666666666667,0.5841899999972759,0.39394549287094394,0.057497088,0.0008202618476934731
898,83058,0.06745031852375172,0,nan,0.7647058823529411,0.5840199999972748,0.3693169731571248,0.038207106,0.0008228673935210442
899,83208,-4.034175223020247,0,nan,0.7333333333333333,0.5832699999972699,0.4338227364142018,0.053550925,0.0008734314746106975
900,83248,-0.17536722917656833,0,0.32,0.7,0.5830699999972686,0.6462174021956126,0.04305797,0.0009659375122282654
901,83249,-0.05049740535149888,0,nan,2.0,0.5830599999972685,0.17225347309780717,0.6876584,0.0007219780818559229
902,83251,-0.05914375258293979,0,nan,1.0,0.5830449999972684,0.22786524958602142,0.38654655,0.0014762774662813172
903,83401,-3.5977220332953608,0,nan,0.74,0.5822949999972635,0.6807492772262146,0.05439338,0.0008183924092251497
904,83401,0,0,nan,0.0,0.5822899999972635,0.36733361836989353,0.0,0.0
905,83429,0.1260707573716311,0,nan,0.6785714285714286,0.5821499999972626,0.3153904515616332,0.032631367,0.000777464235268001
906,83435,-0.20004162870567382,0,nan,0.8333333333333334,0.5821149999972624,0.3722428653902245,0.28766933,0.0009007657693776613
907,83462,0.2808264035756084,0,nan,0.7407407407407407,0.5819799999972615,0.2715414663240449,0.033167932,0.0009026342509228185
908,83612,-3.924759562931009,0,nan,0.7466666666666667,0.5812299999972566,0.5737580960519673,0.0514285,0.0008096572212525643
909,83666,-0.6007803208216735,0,nan,0.7777777777777778,0.5809599999972548,0.1622320187249123,0.036918208,0.0008719031746430253
910,83667,-0.044680927308131196,0,nan,1.0,0.5809499999972547,0.364257259567068,0.50802845,0.0009272124443668872
911,83669,-0.11563273376921464,0,nan,1.5,0.5809349999972546,0.2996882554751131,0.46884537,0.0009080431773327291
912,83670,-0.04979441632111421,0,nan,0.0,0.5809249999972546,0.419654680887156,0.5379115,0.0008209353836718947
913,83820,-3.4958436456874615,0,nan,0.68,0.5801749999972496,0.6184353873901771,0.056376882,0.0009243630385026336
914,83970,-3.8186508182404935,0,nan,0.7266666666666667,0.5794249999972447,0.2837158376342144,0.107482605,0.0009066794984391891
915,84120,-4.732423153419107,0,nan,0.8133333333333334,0.5786749999972398,0.32084484662860274,0.057903588,0.0008779549113630007
916,84149,0.14548517701580121,0,nan,0.7241379310344828,0.5785299999972389,0.5050122291451579,0.036920413,0.0008880062699157359
917,84299,-3.6134617671731437,0,nan,0.7266666666666667,0.577779999997234,0.44887516617453954,0.057145238,0.0009149568290255653
918,84449,-3.6712315647046876,0,nan,0.74,0.577029999997229,0.4767799273282034,0.054840926,0.0008799672351839642
919,84501,-0.33148410830525643,0,nan,0.7307692307692307,0.5767699999972273,0.5264448294978452,0.04792381,0.0008689316816274256
920,84502,-0.05049707049619927,0,nan,2.0,0.5767599999972273,0.3980292160004587,0.46442524,0.0008498397073708475
921,84652,-3.7149239202591864,0,nan,0.7866666666666666,0.5760099999972224,0.6151705625416767,0.054597467,0.0008530431704518075
922,84802,-3.4499498138909725,0,nan,0.7533333333333333,0.5752599999972174,0.4880651094958375,0.050539933,0.0009348422166658566
923,84952,-4.4819725413882745,0,nan,0.6933333333333334,0.5745099999972125,0.4133821309730675,0.06261915,0.0008544204655724267
924,85102,-3.347806790106385,0,nan,0.7333333333333333,0.5737599999972076,0.35819706303408716,0.052773647,0.0008869710637372919
925,85133,0.0907915992499857,0,nan,0.7419354838709677,0.5736049999972066,0.5854517394261143,0.03275262,0.0008349393207144233
926,85163,0.09697479278077525,0,nan,0.7333333333333333,0.5734549999972056,0.5359645479122153,0.038072262,0.0009000493281443293
927,85313,-3.470258036842715,0,nan,0.74,0.5727049999972007,0.30231453672540626,0.052207466,0.000858378198754508
928,85362,-0.37079805183383496,0,nan,0.7142857142857143,0.5724599999971991,0.4403559733049568,0.04740153,0.000888579224511905
929,85512,-3.704820727467849,0,nan,0.6666666666666666,0.5717099999971942,0.6440719772692693,0.056946393,0.0008690945315174758
930,85572,-0.740956511272037,0,0.4,0.8,0.5714099999971922,0.3964116511640433,0.03279405,0.0009285826197204491
931,85573,-0.050497331594637956,0,nan,2.0,0.5713999999971922,0.5092370219663972,0.5478162,0.0008289628312923014
932,85723,-4.027845870169869,0,nan,0.68,0.5706499999971872,0.6777799756075864,0.05838558,0.0008352484629722312
933,85873,-3.5909721613785406,0,nan,0.7133333333333334,0.5698999999971823,0.5956881752928985,0.052292336,0.0008674068809098875
934,85910,-0.034732567844290796,0,nan,0.7837837837837838,0.5697149999971811,0.708518877647668,0.047165036,0.0008993192624640525
935,85911,-0.04434582024102573,0,nan,1.0,0.569704999997181,0.4074912023101627,0.4870292,0.0007516129116993397
936,86061,-3.887446556082237,0,nan,0.68,0.5689549999971761,0.7126926373940353,0.061128482,0.0008833200298249722
937,86211,-3.7100993371750683,0,nan,0.7266666666666667,0.5682049999971712,0.2350931783871398,0.051662773,0.0008317157263324286
938,86361,-3.5081877991956207,0,nan,0.6866666666666666,0.5674549999971663,0.3937015231173639,0.08191342,0.0009179120021872222
939,86511,-3.8294071828350424,0,nan,0.68,0.5667049999971614,0.4431566611334439,0.056755938,0.000895270670298487
940,86566,-0.5334830978606723,0,nan,0.8545454545454545,0.5664299999971596,0.19185262548247453,0.042327728,0.0008292663554047149
941,86716,-3.5715196292759326,0,nan,0.7,0.5656799999971547,0.20865022294488939,0.051047552,0.0008316606533480808
942,86866,-3.4075969992281605,0,nan,0.7666666666666667,0.5649299999971498,0.18951424441879955,0.056977324,0.00082273054101582
943,86892,0.2457001727644762,0,nan,0.6923076923076923,0.5647999999971489,0.2541777359676639,0.03268861,0.0010684962091125692
944,86960,-0.8952083568439019,0,nan,0.75,0.5644599999971467,0.6308646765317555,0.045535658,0.0008894419218396412
945,87110,-3.4542464755918,0,nan,0.72,0.5637099999971418,0.4538700241829774,0.053424824,0.0008116359669171894
946,87260,-3.752029103207325,0,nan,0.6666666666666666,0.5629599999971369,0.6259766849870207,0.06455116,0.0008719136689129906
947,87356,-1.7152087861361518,0,nan,0.7083333333333334,0.5624799999971337,0.6684208029391132,0.054330755,0.0008263780173365376
948,87506,-4.180925273711327,0,nan,0.6666666666666666,0.5617299999971288,0.7621919250877403,0.059590917,0.0008370114266290329
949,87656,-3.4260512384122346,0,nan,0.7,0.5609799999971239,0.5015216399796268,0.05957536,0.0008205586584517732
950,87806,-3.55468992049407,0,nan,0.6666666666666666,0.560229999997119,0.533133200127443,0.060815766,0.0008672848468995653
951,87956,-3.7333388264661003,0,nan,0.7333333333333333,0.5594799999971141,0.3851450262266906,0.048621193,0.0008224520976849211
952,88106,-3.543243632744856,0,nan,0.7266666666666667,0.5587299999971092,0.6613481204765541,0.05499953,0.0008623536106703492
953,88256,-3.5929816285736313,0,nan,0.7133333333333334,0.5579799999971042,0.22357626368086664,0.05487917,0.0008648759739783903
954,88406,-3.8226402160261728,0,nan,0.7066666666666667,0.5572299999970993,0.435671248322178,0.05986653,0.0008895943492340545
955,88435,0.15175821643923115,0,nan,0.8275862068965517,0.5570849999970984,0.4794106776046611,0.03376367,0.0008299718771515222
956,88585,-4.136626292935755,0,nan,0.76,0.5563349999970935,0.22969460877416867,0.07820175,0.0008717035613760042
957,88609,0.24079212022026075,0,nan,0.7916666666666666,0.5562149999970927,0.10900820033601875,0.029712372,0.0008722773236513603
958,88638,0.11566050760910307,0,nan,0.7586206896551724,0.5560699999970917,0.40962537201920796,0.04044876,0.000862024148428363
959,88639,-0.05048923228352832,0,nan,2.0,0.5560599999970917,0.2558734066720056,0.41285586,0.0006701659585814923
960,88681,-0.17981594637918474,0,0.47,0.5952380952380952,0.5558499999970903,0.6649143318911224,0.044896524,0.0009038005241780498
961,88831,-3.7562768508093023,0,nan,0.76,0.5550999999970854,0.37796402264831636,0.057719834,0.0009068194014253094
962,88858,0.1911820588427392,0,nan,0.8518518518518519,0.5549649999970845,0.2674215741501691,0.036131397,0.0009380340494249982
963,89008,-4.0024760552318535,0,nan,0.72,0.5542149999970796,0.590625799455829,0.057066143,0.0008874050013643379
964,89010,-0.058434196469557,0,nan,0.5,0.5541999999970795,0.3673429048669004,0.42849466,0.000998307004920207
965,89052,-0.18909949812191418,0,nan,0.7380952380952381,0.5539899999970781,0.49582905976626174,0.04212269,0.0008502847094426951
966,89202,-4.440615702660855,0,nan,0.64,0.5532399999970732,0.6643364587513908,0.056110077,0.000849182283175954
967,89352,-3.890826778708971,0,nan,0.7266666666666667,0.5524899999970683,0.4725125522893055,0.05355164,0.0009078575361248417
968,89502,-3.4262853311941712,0,nan,0.7066666666666667,0.5517399999970634,0.5202672448080375,0.05626862,0.0008330767505685799
969,89502,0,0,nan,1.0,0.5517349999970633,0.40501712680896307,0.0,0.0
970,89652,-3.8189509469355056,0,nan,0.7333333333333333,0.5509849999970584,0.5553462602012317,0.05176255,0.0008733660893631167
971,89802,-3.9531461567158663,0,nan,0.76,0.5502349999970535,0.2386455521589578,0.053669218,0.0008512478288806354
972,89823,0.3074951129660557,0,nan,0.5714285714285714,0.5501299999970528,0.16075489812826374,0.027488027,0.00102619955127704
973,89826,-0.13078117800041905,0,nan,1.3333333333333333,0.5501099999970527,0.5525816305139393,0.37161624,0.0009938344398202996
974,89826,0,0,nan,1.0,0.5501049999970526,0.21353160915929714,0.0,0.0
975,89860,0.047579073617154743,0,nan,0.7941176470588235,0.5499349999970515,0.43963927021149235,0.029732224,0.0009320097973720883
976,90010,-3.403123508917903,0,nan,0.72,0.5491849999970466,0.6118187602545103,0.059581857,0.0008704763481121821
977,90160,-3.6079703414258564,0,nan,0.72,0.5484349999970417,0.5922033059908989,0.053835366,0.0009149461751803756
978,90160,0,0,nan,1.0,0.5484299999970417,0.47939793419814347,0.0,0.0
979,90160,0,0,nan,1.0,0.5484249999970416,0.3813073927844097,0.0,0.0
980,90185,0.2421698724716559,0,nan,0.8,0.5482999999970408,0.2582776152091843,0.024331775,0.000894717791234143
981,90335,-3.6704876551343633,0,nan,0.7466666666666667,0.5475499999970359,0.49266551762603444,0.06101315,0.0009130761171885145
982,90336,-0.050497402401219485,0,nan,2.0,0.5475399999970358,0.18081480830206137,0.6092463,0.0009338321106042713
983,90486,-3.7365047094847825,0,nan,0.6733333333333333,0.5467899999970309,0.5048203390432023,0.058004197,0.0009343727595599679
984,90636,-4.276995017504616,0,nan,0.6866666666666666,0.546039999997026,0.29853198781618423,0.088870436,0.0009431896508128072
985,90786,-3.674228363745904,0,nan,0.6733333333333333,0.5452899999970211,0.3332591420761198,0.06597608,0.0009084567919489928
986,90787,-0.050497223909844624,0,nan,2.0,0.545279999997021,0.41121375007219735,0.5353211,0.0008364456589333713
987,90937,-3.5033295175509376,0,nan,0.66,0.5445299999970161,0.3754948275522239,0.056521047,0.0008855729889667903
988,91087,-3.8274330670320373,0,nan,0.72,0.5437799999970112,0.6696744928958193,0.052660897,0.0009048463879541183
989,91237,-3.6633380422757313,0,nan,0.6933333333333334,0.5430299999970063,0.28564654687177865,0.051772248,0.0009113379966584034
990,91267,0.08651392303107819,0,0.35,0.7666666666666667,0.5428799999970053,0.3308729653189968,0.041230526,0.0008271915299701505
991,91370,-2.0303048772312686,0,nan,0.7281553398058253,0.5423649999970019,0.5540667290093143,0.0443137,0.0008352301399973989
992,91520,-3.3723118525658076,0,nan,0.6866666666666666,0.541614999996997,0.34960377648816066,0.053288832,0.0009064485128813733
993,91551,0.1413154285663828,0,nan,0.7741935483870968,0.541459999996996,0.3555152887925267,0.027584584,0.0008530470367986709
994,91701,-3.9278946719207304,0,nan,0.6533333333333333,0.5407099999969911,0.6714432807412972,0.053527866,0.0008657817331065113
995,91851,-3.7474064229101334,0,nan,0.6866666666666666,0.5399599999969862,0.36071319607309266,0.053472746,0.0008816074351004014
996,91852,-0.03744747980390717,0,nan,1.0,0.5399499999969861,0.470951582482435,0.4230367,0.0007188187446445227
997,92002,-3.68201254641237,0,nan,0.6733333333333333,0.5391999999969812,0.3102992632597,0.05400716,0.0008789359842194245
998,92041,-0.07881306468536886,0,nan,0.6410256410256411,0.5390049999969799,0.47724000031381053,0.03680174,0.0008741349081855076
999,92104,-0.7624391251150244,0,nan,0.6825396825396826,0.5386899999969779,0.35658503178887446,0.03924282,0.0008672891050255636
1000,92108,-0.17382908043092155,0,nan,1.0,0.5386649999969777,0.33783414549021784,0.34436893,0.0008640876330900937
1001,92258,-3.6553112828274874,0,nan,0.72,0.5379149999969728,0.4658028282136213,0.09050443,0.0009480710640976515
1002,92408,-3.3100656204339205,0,nan,0.7333333333333333,0.5371649999969679,0.5799059893663002,0.06353128,0.0009243466640085292
1003,92558,-3.2913212444480755,0,nan,0.7866666666666666,0.536414999996963,0.6091701452987514,0.058636848,0.0009603631538144934
1004,92585,0.21751776313718885,0,nan,0.8148148148148148,0.5362799999969621,0.3584559541841386,0.037285134,0.0009560344247061208
1005,92735,-3.579848642962692,0,nan,0.74,0.5355299999969572,0.5100790730517977,0.07339827,0.0009323290553099166
1006,92759,0.31027552785917434,0,nan,0.7083333333333334,0.5354099999969564,0.18452163745550157,0.026719129,0.0009474824109929614
1007,92760,-0.04846677858996401,0,nan,0.0,0.5353999999969563,0.4368921358491764,0.7725768,0.0009016218828037381
1008,92820,-0.7168188032069448,0,nan,0.7833333333333333,0.5350999999969543,0.40103182602450244,0.04733168,0.0008300918176246342
1009,92821,-0.050332403331413894,0,nan,1.0,0.5350899999969543,0.1895108958055323,0.5505064,0.0007128824072424322
1010,92971,-4.201025631780569,0,nan,0.6666666666666666,0.5343399999969494,0.10779151128133893,0.0571608,0.0009686634920459861
1011,93004,0.06034102120431528,0,nan,0.7878787878787878,0.5341749999969483,0.4269446302540148,0.034803748,0.0008832082693874272
1012,93034,0.22636665670482214,0,nan,0.6666666666666666,0.5340249999969473,0.46494068102406694,0.04791594,0.0009159720434884851
1013,93184,-4.271536435061792,0,nan,0.72,0.5332749999969424,0.27780219090903413,0.06140916,0.0009162094092850263
1014,93213,0.17006040951656265,0,nan,0.5517241379310345,0.5331299999969414,0.37894811366381664,0.04905891,0.0009153386345133185
1015,93215,-0.06657065662437434,0,nan,1.0,0.5331149999969413,0.4299694298776499,0.36790955,0.0008618607243988663
1016,93217,-0.06568891551721075,0,nan,0.0,0.5330999999969412,0.1997581948032661,0.3791999,0.0011457340442575514
1017,93367,-3.7256343091036,0,nan,0.7,0.5323499999969363,0.3355277168160129,0.048642352,0.0009453379242525746
1018,93396,0.1419798865360422,0,nan,0.6551724137931034,0.5322049999969354,0.522747985847247,0.03785951,0.0009343742783349971
1019,93434,-0.07671582161199075,0,nan,0.6842105263157895,0.5320149999969341,0.4581746706591069,0.029242076,0.0009555898623626778
1020,93434,0,0,0.51,1.0,0.5320099999969341,0.27546540788000734,0.0,0.0
1021,93581,-2.834471179460668,0,nan,0.7687074829931972,0.5312749999969293,0.572021305472196,0.04466567,0.0010224411731901053
1022,93731,-3.908453646183516,0,nan,0.6866666666666666,0.5305249999969244,0.46171339180262483,0.05546371,0.0009675878606503829
1023,93757,0.30116302421219876,0,nan,0.8076923076923077,0.5303949999969235,0.22701677731536715,0.03185049,0.0009415279245541359
1024,93758,-0.04692115007145008,0,nan,2.0,0.5303849999969235,0.5140332789490358,0.5718766,0.0016614802298136055
1025,93908,-3.8433186543513846,0,nan,0.6733333333333333,0.5296349999969185,0.36868631351709574,0.059358876,0.0009523105813423172
1026,94058,-3.421523756189528,0,nan,0.7,0.5288849999969136,0.22301837965160473,0.056354057,0.0009614877339724141
1027,94058,0,0,nan,0.0,0.5288799999969136,0.4336442780288848,0.0,0.0
1028,94208,-4.096178231101857,0,nan,0.66,0.5281299999969087,0.394624760793252,0.067232035,0.0009781619999557733
1029,94358,-3.3276837574127542,0,nan,0.74,0.5273799999969038,0.38416118020572393,0.053717054,0.0009419344365596771
1030,94394,-0.017885497751862656,0,nan,0.6388888888888888,0.5271999999969026,0.5741577988883483,0.04617704,0.0008815530002013677
1031,94544,-3.847101456399231,0,nan,0.6866666666666666,0.5264499999968977,0.682196873389064,0.05858158,0.0009179292908326412
1032,94694,-3.4448438282570044,0,nan,0.7,0.5256999999968928,0.3368150056649448,0.05708791,0.0009634469134228614
1033,94844,-3.415784394150615,0,nan,0.7133333333333334,0.5249499999968879,0.31376198457798193,0.053130705,0.0009910445133573375
1034,94876,0.12615469434674054,0,nan,0.71875,0.5247899999968868,0.27706583126379714,0.033413555,0.0009939133674379264
1035,95026,-3.6830924149615356,0,nan,0.6666666666666666,0.5240399999968819,0.3777669844237947,0.051457286,0.0009235977860710894
1036,95176,-3.6782130013045204,0,nan,0.66,0.523289999996877,0.43062420928291406,0.05148691,0.0009210962621727958
1037,95221,-0.3103804870816087,0,nan,0.8,0.5230649999968755,0.6481411969881746,0.049005486,0.0008792857924062344
1038,95246,0.29805944584029254,0,nan,0.6,0.5229399999968747,0.2257443167033829,0.028700924,0.0009424389066407457
1039,95273,0.1657001387650867,0,nan,0.6296296296296297,0.5228049999968738,0.27122960947157115,0.046349805,0.0009702086961759185
1040,95273,0,0,nan,1.0,0.5227999999968738,0.3190955027396122,0.0,0.0
1041,95301,0.18358403875935236,0,nan,0.6785714285714286,0.5226599999968728,0.4396590256703533,0.037334595,0.0009044539256137796
1042,95451,-3.7208524200690647,0,nan,0.7,0.5219099999968679,0.6475294676397119,0.054349218,0.0009416352073700788
1043,95515,-0.6416114697912179,0,nan,0.703125,0.5215899999968658,0.3636663077168094,0.04585094,0.0009212937691245315
1044,95550,-0.04324808113753287,0,nan,0.8,0.5214149999968647,0.5972215732177255,0.03785713,0.0008716032474434802
1045,95700,-3.652758528759681,0,nan,0.68,0.5206649999968598,0.35213625067177845,0.050923273,0.0008945283846696839
1046,95850,-3.353037708152979,0,nan,0.78,0.5199149999968549,0.5720948648703763,0.05515849,0.000905878159974236
1047,96000,-3.5905259780791297,0,nan,0.6333333333333333,0.51916499999685,0.5920472187522591,0.05805919,0.000920198437718985
1048,96000,0,0,nan,1.0,0.5191599999968499,0.33869329220252686,0.0,0.0
1049,96040,-0.04912618419803205,0,nan,0.8,0.5189599999968486,0.5249784659880434,0.045939606,0.0009076717902644305
1050,96190,-3.497290084039758,0,0.42,0.68,0.5182099999968437,0.5589458500593235,0.05479875,0.0009160956672470395
1051,96340,-3.6332631182042143,0,nan,0.6533333333333333,0.5174599999968388,0.642965508215526,0.05645446,0.0008831629032890002
1052,96490,-3.849208527615889,0,nan,0.7533333333333333,0.5167099999968339,0.25245336827039905,0.051052455,0.0009101696486080376
1053,96529,-0.11193933993183636,0,nan,0.6153846153846154,0.5165149999968326,0.548048608276828,0.031562712,0.0009057027278826213
1054,96557,0.14724035951797054,0,nan,0.8571428571428571,0.5163749999968317,0.3421321067127978,0.04192742,0.0009807024533594294
1055,96707,-3.689669464035641,0,nan,0.7066666666666667,0.5156249999968268,0.544386667384686,0.057078388,0.0008928108963300474
1056,96775,-0.868763015400102,0,nan,0.6764705882352942,0.5152849999968245,0.5067793846834799,0.045746226,0.0009475271718282089
1057,96777,-0.07438150658160891,0,nan,0.5,0.5152699999968244,0.13221735376442845,0.35191333,0.0010640046675689518
1058,96927,-4.0857740249381855,0,nan,0.64,0.5145199999968195,0.4261317799410553,0.06761045,0.0009101888556809475
1059,96974,-0.35020122872735415,0,nan,0.6382978723404256,0.514284999996818,0.740954270092638,0.05058687,0.0009116238051842145
1060,97124,-3.674552227730886,0,nan,0.6733333333333333,0.5135349999968131,0.40883136152985067,0.051683355,0.0010058749770784441
1061,97176,-0.692627670508732,0,nan,0.6923076923076923,0.5132749999968114,0.3076060352395049,0.06029456,0.0008648814940757942
1062,97326,-3.8398673625988216,0,nan,0.7133333333333334,0.5125249999968065,0.5778272144407532,0.05675841,0.0009572836758646494
1063,97352,0.2847134325320476,0,nan,0.6923076923076923,0.5123949999968056,0.2533505019453376,0.037591826,0.0008868499095954646
1064,97381,0.21261299066904304,0,nan,0.7586206896551724,0.5122499999968047,0.24909487337903802,0.028942885,0.001037003310369167
1065,97531,-3.8581108498861867,0,nan,0.6533333333333333,0.5114999999967997,0.4511756294096993,0.05384276,0.000958963682448181
1066,97681,-3.5310495410991853,0,nan,0.6533333333333333,0.5107499999967948,0.6339411685300667,0.06622141,0.0009535236450998733
1067,97711,0.09940824975186868,0,nan,0.6333333333333333,0.5105999999967938,0.24817420176499355,0.037764635,0.0009593866746096561
1068,97782,-0.9658441944529974,0,nan,0.7183098591549296,0.5102449999967915,0.5224323520772274,0.040922754,0.0008669192710084657
1069,97932,-3.733387421797167,0,nan,0.68,0.5094949999967866,0.4231074568948489,0.050266724,0.0008939151033215846
1070,97982,-0.2302552794793391,0,nan,0.66,0.509244999996785,0.389011627472753,0.04238592,0.0009493896347703412
1071,98009,0.22903673714684292,0,nan,0.5555555555555556,0.5091099999967841,0.3020674920238344,0.03430778,0.0009309371698354544
1072,98009,0,0,nan,1.0,0.509104999996784,0.2574843143811973,0.0,0.0
1073,98010,-0.03707406078808222,0,nan,1.0,0.509094999996784,0.5692514625490778,0.53359526,0.0008271355181932449
1074,98160,-4.134034226260867,0,nan,0.7533333333333333,0.5083449999967791,0.4849490297834253,0.09410505,0.0008957298596700032
1075,98310,-3.5939353659315687,0,nan,0.6866666666666666,0.5075949999967742,0.3942919484930228,0.054694492,0.0009328219519617657
1076,98310,0,0,nan,1.0,0.5075899999967741,0.2953969618661612,0.0,0.0
1077,98311,-0.04344470757188835,0,nan,0.0,0.5075799999967741,0.3878983372979439,0.5115505,0.0009760899993125349
1078,98338,0.23713516153548764,0,nan,0.7037037037037037,0.5074449999967732,0.3657392534236575,0.043117475,0.0009186463602991016
1079,98338,0,0,nan,1.0,0.5074399999967731,0.24385979080920078,0.0,0.0
1080,98362,0.31991758133065173,0,0.44,0.7916666666666666,0.5073199999967724,0.16143091491927775,0.03767409,0.000878251284423944
1081,98512,-3.6817667049623437,0,nan,0.66,0.5065699999967674,0.5255544903004734,0.05499059,0.0008985808919533156
1082,98662,-3.453996664639733,0,nan,0.6933333333333334,0.5058199999967625,0.26026040712170373,0.05066424,0.0009036289672561301
1083,98812,-3.6944487271045543,0,nan,0.66,0.5050699999967576,0.6827403990397022,0.052101742,0.000938710793076704
1084,98962,-3.750135300839756,0,nan,0.6866666666666666,0.5043199999967527,0.5624131536082891,0.05292017,0.0009173477006455263
1085,99112,-3.735875937162643,0,nan,0.7066666666666667,0.5035699999967478,0.29725247520576514,0.076776356,0.0009905416118757178
1086,99154,-0.2238753328122438,0,nan,0.6904761904761905,0.5033599999967464,0.7045342005942482,0.044334773,0.0009098716351824502
1087,99304,-3.583914052506409,0,nan,0.6933333333333334,0.5026099999967415,0.4379572000784751,0.054222096,0.0009284849396984403
1088,99454,-3.7481325985129748,0,nan,0.6333333333333333,0.5018599999967366,0.4415892207121109,0.052484248,0.0008758081682026386
1089,99491,-0.11865522890335523,0,nan,0.6486486486486487,0.5016749999967354,0.6724497399295499,0.037898824,0.0008947301610385546
1090,99550,-0.5599142502360547,0,nan,0.6440677966101694,0.5013799999967334,0.2925958215291987,0.04950083,0.0009072919798446661
1091,99700,-3.8246657582052284,0,nan,0.68,0.5006299999967285,0.11772162967522377,0.08997073,0.0008982441451128883
1092,99701,-0.049929862743648544,0,nan,1.0,0.5006199999967285,0.4747185907858974,0.51665384,0.0009609718690626323
1093,99851,-4.470109433309949,0,nan,0.6866666666666666,0.49986999999672505,0.22267621081095706,0.07466405,0.0009569219409604557
1094,99898,-0.2367323119067355,0,nan,0.5531914893617021,0.4996349999967261,0.39965323477211706,0.038339633,0.0009608413266176556
1095,99899,-0.05040313675323774,0,nan,2.0,0.49962499999672616,0.3264533638956025,0.52125645,0.0007282455335371196
1096,99952,-0.5006259897174439,0,nan,0.5849056603773585,0.49935999999672737,0.18840403706907644,0.03638551,0.0008743275994795182
1097,99997,-0.18221790009992578,0,nan,0.7555555555555555,0.4991349999967284,0.1394104468570728,0.035854474,0.0009354941902630445
1098,100037,-0.13606490207628752,0,nan,0.625,0.4989349999967293,0.3718586339036154,0.06969163,0.0009124125237576664
1099,100065,0.15153348477565332,0,nan,0.6071428571428571,0.49879499999672994,0.32786436638016325,0.047548123,0.0009443141555363711
1100,100066,-0.03741196148522029,0,nan,2.0,0.49878499999673,0.2992437408572253,0.42262602,0.0008354773162864149
1101,100216,-3.69050919441377,0,nan,0.6733333333333333,0.4980349999967334,0.401227154625275,0.106756575,0.0009099158343936627
1102,100313,-1.168782085411425,0,nan,0.6701030927835051,0.4975499999967356,0.27578840975222063,0.046196785,0.0009250537814577254
1103,100314,-0.04645677712003161,0,nan,1.0,0.49753999999673565,0.19979905540863208,0.63408196,0.0007099244685377926
1104,100374,-0.6593095396960447,0,nan,0.6833333333333333,0.497239999996737,0.3496627845394353,0.043395154,0.0008981425591628068
1105,100393,0.42504974413782093,0,nan,0.631578947368421,0.49714499999673745,0.07261941263831038,0.024340421,0.000976784718468001
1106,100543,-3.69203633045388,0,nan,0.6866666666666666,0.49639499999674086,0.48038767273028193,0.059828084,0.0009627220249967649
1107,100693,-4.342701731167912,0,nan,0.72,0.4956449999967443,0.35564799305731454,0.08915219,0.0009784919843271686
1108,100843,-3.62886103277813,0,nan,0.6666666666666666,0.4948949999967477,0.32102569713314166,0.05359724,0.0009031887661937314
1109,100861,0.47210684678527315,0,nan,0.6666666666666666,0.4948049999967481,0.09102140144119722,0.014875998,0.0010912931789385362
1110,100895,-0.01637261314907512,0,0.42,0.7058823529411765,0.49463499999674887,0.6434426921846076,0.043976605,0.0010346162863938576
1111,100937,-0.1590993046689564,0,nan,0.6190476190476191,0.4944249999967498,0.6563420067227697,0.04497518,0.0009575319605314039
1112,100943,-0.24282088858007334,0,nan,1.0,0.49438999999675,0.4319270063460417,0.2582824,0.0008945020090322942
1113,101093,-3.784706434316518,0,nan,0.7,0.4936399999967534,0.3153667158849366,0.095937885,0.0010246663157401296
1114,101243,-3.4710257796506307,0,nan,0.7333333333333333,0.4928899999967568,0.27373851543128097,0.055478998,0.001032568429557917
1115,101393,-3.77866917430963,0,nan,0.6266666666666667,0.4921399999967602,0.6922834053102886,0.0560196,0.0009506537094906283
1116,101543,-3.3590297190002674,0,nan,0.6133333333333333,0.49138999999676364,0.42799307723500146,0.051191267,0.0009713594785231786
1117,101693,-3.588439249554963,0,nan,0.72,0.49063999999676705,0.451581006419119,0.05369451,0.0009625378364580684
1118,101693,0,0,nan,1.0,0.4906349999967671,0.2691325956564433,0.0,0.0
1119,101695,-0.10788475298519447,0,nan,0.5,0.49061999999676714,0.41020441145189357,0.3982116,0.0008833571628201753
1120,101697,-0.06563952942417567,0,nan,1.0,0.4906049999967672,0.1822370231594153,0.3881368,0.0008434349583694711
1121,101847,-3.8533754717081057,0,nan,0.6533333333333333,0.4898549999967706,0.577134903311628,0.0573729,0.0009297520862310193
1122,101847,0,0,nan,0.0,0.48984999999677065,0.37130153287313145,0.0,0.0
1123,101920,-0.8194224847116746,0,nan,0.7671232876712328,0.4894849999967723,0.5267981782193787,0.043988377,0.0009611348915774988
1124,102070,-3.7526306490634878,0,nan,0.6866666666666666,0.4887349999967757,0.39900511810022554,0.054907143,0.0009606737381545827
1125,102220,-4.293160922573744,0,nan,0.7466666666666667,0.48798499999677913,0.49944074065045085,0.040563148,0.0009465671238528254
1126,102370,-3.4961708261576065,0,nan,0.7333333333333333,0.48723499999678255,0.24679857020861273,0.05035508,0.0009899174316281762
1127,102443,-0.9220212359160849,0,nan,0.7945205479452054,0.4868699999967842,0.49752017415635813,0.03318946,0.000994697942762087
1128,102467,0.2719530893101665,0,nan,0.75,0.48674999999678475,0.2158020989670067,0.0326717,0.0009754133716342039
1129,102500,0.06275894165220286,0,nan,0.7575757575757576,0.4865849999967855,0.5130725599099413,0.034253813,0.0010077259212266654
1130,102650,-3.493799862249236,0,nan,0.72,0.4858349999967889,0.5310849200982433,0.05613891,0.0009637928698793985
1131,102800,-3.522570809790847,0,nan,0.6133333333333333,0.48508499999679233,0.3608991064659279,0.06855523,0.0009475396869432492
1132,102950,-4.392077531630547,0,nan,0.68,0.48433499999679575,0.2990611508620238,0.090706706,0.0009514690031452725
1133,102989,-0.1643180597038041,0,nan,0.6923076923076923,0.48413999999679663,0.551671154067815,0.03712369,0.0009138038387904182
1134,103139,-3.2771223890792647,0,nan,0.7066666666666667,0.48338999999680005,0.3442588510875398,0.052933395,0.0009878713212674484
1135,103289,-3.605354388586156,0,nan,0.6666666666666666,0.48263999999680346,0.5130099031127735,0.055295978,0.0009567818920671319
1136,103289,0,0,nan,1.0,0.4826349999968035,0.3526643358611859,0.0,0.0
1137,103439,-3.473440931847403,0,nan,0.6466666666666666,0.4818849999968069,0.21747319045514066,0.052738417,0.0008803447801619768
1138,103589,-3.526465918687463,0,nan,0.66,0.4811349999968103,0.64792961000905,0.056019504,0.000915564768947661
1139,103739,-3.359855724809061,0,nan,0.6666666666666666,0.4803849999968137,0.47509432880358254,0.055480424,0.0009198119776556268
1140,103866,-2.1627464969436803,0,0.51,0.6850393700787402,0.4797499999968166,0.4697454664975469,0.04802427,0.0009155675310982523
1141,103896,0.22396900696014677,0,nan,0.7,0.4795999999968173,0.46486916007911855,0.047940496,0.0009732939729777475
1142,103965,-0.999591017258612,0,nan,0.6521739130434783,0.47925499999681886,0.473005797675211,0.037169855,0.0009784307056680268
1143,104010,-0.16920495658363743,0,nan,0.6888888888888889,0.4790299999968199,0.540826363543191,0.057176962,0.0009176513581122789
1144,104011,-0.04561523847371743,0,nan,0.0,0.47901999999681993,0.2522385546090722,0.70778394,0.0007690782949794084
1145,104047,0.02597630811825491,0,nan,0.6944444444444444,0.47883999999682075,0.6439430854609942,0.04228939,0.0010258946826474534
1146,104074,0.2336304745695963,0,nan,0.6666666666666666,0.47870499999682137,0.21484497746975223,0.04610018,0.0010809959284314471
1147,104224,-3.788152681267828,0,nan,0.68,0.4779549999968248,0.6061894297342942,0.05967725,0.0010035452473675832
1148,104256,0.13284326558943782,0,nan,0.6875,0.4777949999968255,0.48061805151891146,0.04720284,0.0008578169044994866
1149,104406,-3.4065346981623246,0,nan,0.7066666666666667,0.4770449999968289,0.6350868775256759,0.057031613,0.0009474817972901898
1150,104556,-3.4359642167362194,0,nan,0.6466666666666666,0.47629499999683234,0.6946632881885269,0.058501728,0.0009526338063490888
1151,104706,-3.3634029848754396,0,nan,0.7533333333333333,0.47554499999683575,0.5781174313188524,0.052642055,0.0009773530793609098
1152,104707,-0.05049676514545448,0,nan,1.0,0.4755349999968358,0.298300111347579,0.43262297,0.0008173676324076951
1153,104857,-3.8044941573343127,0,nan,0.6866666666666666,0.4747849999968392,0.10053451668877043,0.08713909,0.0009314235214454433
1154,104891,0.05699411832049739,0,nan,0.7058823529411765,0.47461499999684,0.4650249113920485,0.030134737,0.0008851194143062457
1155,105041,-3.6048005375621095,0,nan,0.7,0.4738649999968434,0.6483214614799405,0.050310656,0.0009585641828016378
1156,105191,-3.836728731675447,0,nan,0.6466666666666666,0.4731149999968468,0.674923411270081,0.055796806,0.0009601148510895048
1157,105192,-0.0398647524957097,0,nan,1.0,0.47310499999684685,0.4010160362943378,0.608238,0.0017107419553212821
1158,105192,0,0,nan,1.0,0.4730999999968469,0.26279317123229956,0.0,0.0
1159,105246,-0.49690691242705576,0,nan,0.6851851851851852,0.4728299999968481,0.5727401397303601,0.048680287,0.0009548012765460751
1160,105396,-3.694150124454977,0,nan,0.66,0.4720799999968515,0.682018695179986,0.05468153,0.0009649858059128746
1161,105398,-0.06414457159024266,0,nan,0.5,0.4720649999968516,0.46910750047066047,0.3853596,0.0011005843698512763
1162,105399,-0.05049737584869912,0,nan,2.0,0.47205499999685163,0.1424307364547531,0.58532745,0.0007218797400128096
1163,105436,-0.04194371561168575,0,nan,0.7567567567567568,0.4718699999968525,0.4291159254320762,0.04195116,0.001014190140365925
1164,105586,-3.7967462183926886,0,nan,0.6333333333333333,0.4711199999968559,0.4474394550283062,0.060387816,0.0009700285791768693
1165,105586,0,0,nan,1.0,0.4711149999968559,0.3893509748686252,0.0,0.0
1166,105613,0.2257868167199225,0,nan,0.7407407407407407,0.4709799999968565,0.1981629113931654,0.03678559,0.0009568289932320584
1167,105763,-3.3312213416062066,0,nan,0.66,0.47022999999685994,0.5921403488987008,0.05008974,0.0009578349612032374
1168,105791,0.2304834342208062,0,nan,0.75,0.4700899999968606,0.3320480237079459,0.043710552,0.0011173849634360522
1169,105941,-3.9970454197723204,0,nan,0.6533333333333333,0.469339999996864,0.5596993285666254,0.052780826,0.0009649617610072407
1170,106016,-1.14927236847289,0,0.58,0.72,0.4689649999968657,0.43052132054393744,0.04275511,0.0009483941155485809
1171,106045,0.17600591772051166,0,nan,0.8275862068965517,0.46881999999686635,0.410586870766044,0.032575794,0.0009796485708271764
1172,106046,-0.05049747468305833,0,nan,1.0,0.4688099999968664,0.3936977576170636,0.44592288,0.0013123996905051172
1173,106123,-0.9883506145967327,0,nan,0.6493506493506493,0.46842499999686815,0.714606370132099,0.052356187,0.0009281408057212467
1174,106149,0.2154752921619162,0,nan,0.6153846153846154,0.46829499999686874,0.26385680246215415,0.0319312,0.0009605119994375855
1175,106299,-3.310091508073964,0,nan,0.6933333333333334,0.46754499999687216,0.4090111912266604,0.04994171,0.0009563088573243779
1176,106343,-0.24705398007240176,0,nan,0.5909090909090909,0.46732499999687316,0.551036557446539,0.048773233,0.000939917711631014
1177,106490,-2.6354049272528695,0,nan,0.673469387755102,0.4665899999968765,0.438182396904955,0.054742295,0.0009397761234981927
1178,106640,-3.3711796997984913,0,nan,0.7,0.4658399999968799,0.41863899834117996,0.057955086,0.0009353102359455079
1179,106790,-3.591363334792511,0,nan,0.64,0.46508999999688333,0.5281170942958264,0.057360813,0.000897581599613962
1180,106810,0.4270502608745961,0,nan,0.7,0.4649899999968838,0.17015109457415747,0.02499086,0.0009547893583658152
1181,106960,-3.6612740301702953,0,nan,0.6933333333333334,0.4642399999968872,0.41992192330794575,0.056461297,0.000926237324019894
1182,106960,0,0,nan,1.0,0.4642349999968872,0.21727560520663994,0.0,0.0
1183,106995,0.001416685127937689,0,nan,0.6857142857142857,0.464059999996888,0.4772584012239793,0.033504445,0.0009478279967359933
1184,107094,-1.6778817397414914,0,nan,0.6565656565656566,0.46356499999689027,0.3878010646371344,0.077689834,0.0009412050765769726
1185,107244,-3.8721863280121678,0,nan,0.64,0.4628149999968937,0.4656752390191822,0.053530533,0.00096710275344473
1186,107246,-0.06571733213938413,0,nan,1.0,0.46279999999689375,0.228924256375709,0.4286974,0.001101390560506843
1187,107396,-3.49348250371536,0,nan,0.6133333333333333,0.46204999999689716,0.4329279283655126,0.052292272,0.0009260454925242811
1188,107418,0.4476456413014175,0,nan,0.8636363636363636,0.46193999999689767,0.18440161130115273,0.025149811,0.001015973909736865
1189,107568,-3.700811717096713,0,nan,0.6133333333333333,0.4611899999969011,0.5430380221432903,0.059087817,0.000966793560461762
1190,107718,-3.645085061496051,0,nan,0.6733333333333333,0.4604399999969045,0.584881214300999,0.058626488,0.0009278153049914787
1191,107773,-0.42690771774019154,0,nan,0.6909090909090909,0.46016499999690574,0.6115184002905022,0.048049707,0.0008835529675707221
1192,107802,0.25506849811472154,0,nan,0.7586206896551724,0.4600199999969064,0.5353734292427719,0.05115018,0.0009187487393601572
1193,107952,-3.3565070691065575,0,nan,0.66,0.4592699999969098,0.5426116314678924,0.052458167,0.0009528982973036667
1194,108102,-4.1645241196250335,0,nan,0.6266666666666667,0.45851999999691323,0.30128774218690185,0.07756481,0.0009333448212904235
1195,108103,-0.04839387709941585,0,nan,0.0,0.4585099999969133,0.4585570927712447,0.45549732,0.0006999835022725165
1196,108178,-0.8489042167791047,0,nan,0.5866666666666667,0.458134999996915,0.5887438651877721,0.050778005,0.000965475621051155
1197,108216,-0.11280290983221952,0,nan,0.7894736842105263,0.45794499999691585,0.6703438374600541,0.04729309,0.0009228578009673296
1198,108216,0,0,nan,0.0,0.45793999999691587,0.4256971107391528,0.0,0.0
1199,108253,-0.10083384579531884,0,nan,0.5945945945945946,0.4577549999969167,0.3703323265663208,0.04312483,0.0009615150480090666
1200,108403,-3.6963834936826805,0,0.69,0.74,0.4570049999969201,0.6440744586411747,0.050903324,0.0009804030674664924
1201,108553,-3.6947043574300773,0,nan,0.6133333333333333,0.45625499999692354,0.5017783954168695,0.058825504,0.000942439047115234
1202,108589,0.05273675454120097,0,nan,0.6111111111111112,0.45607499999692436,0.2652086442757359,0.045473292,0.0008582234574229611
1203,108619,0.0893600598169011,0,nan,0.6333333333333333,0.45592499999692504,0.6232135341941675,0.037156865,0.000917025626404211
1204,108769,-3.6207902759275883,0,nan,0.6133333333333333,0.45517499999692845,0.6139970951369972,0.053575903,0.000939939949021209
1205,108809,-0.16909533290606948,0,nan,0.8,0.45497499999692936,0.6097913206440035,0.047649704,0.0009249466718756593
1206,108959,-3.533232749263666,0,nan,0.66,0.4542249999969328,0.3084668281899956,0.0535234,0.0008854578305423881
1207,109109,-4.066508511155224,0,nan,0.66,0.4534749999969362,0.4381862367982609,0.07554327,0.0009017648798180744
1208,109113,-0.19574855301955985,0,nan,1.25,0.4534499999969363,0.3159878991700913,0.19914696,0.0009828958645812236
1209,109140,0.22297941181726577,0,nan,0.7407407407407407,0.4533149999969369,0.2654278271763655,0.034246203,0.0008837385394144803
1210,109290,-3.3270184107806697,0,nan,0.7266666666666667,0.45256499999694033,0.20717949439822925,0.05381075,0.0009297109983162954
1211,109440,-3.696194512490325,0,nan,0.6266666666666667,0.45181499999694374,0.42839670871678165,0.05780795,0.0009424067614600063
1212,109590,-3.9055038118302705,0,nan,0.6066666666666667,0.45106499999694716,0.4151978237368904,0.053098604,0.000969418207629739
1213,109740,-3.6710311365801873,0,nan,0.6666666666666666,0.45031499999695057,0.5911068514916346,0.05589871,0.0009887780944700354
1214,109890,-3.6341145287397323,0,nan,0.68,0.449564999996954,0.3543922185639353,0.0732294,0.000921037986020868
1215,110040,-4.016911975470701,0,nan,0.7,0.4488149999969574,0.6188593564837102,0.045355722,0.000945546404691413
1216,110190,-3.816564927201111,0,nan,0.52,0.4480649999969608,0.410528523191621,0.051005516,0.0009599834637871633
1217,110340,-3.463262533319726,0,nan,0.7,0.4473149999969642,0.6472003181773593,0.060058046,0.0009447139243517692
1218,110490,-3.6157591748197917,0,nan,0.6733333333333333,0.44656499999696764,0.3577787293532058,0.06041723,0.0008991499436281932
1219,110640,-3.5386296266031425,0,nan,0.6333333333333333,0.44581499999697105,0.7007378223438606,0.054751173,0.000903897510531048
1220,110790,-3.722540373746925,0,nan,0.5733333333333334,0.44506499999697446,0.5129895702779576,0.058979888,0.0009508143173297867
1221,110828,-0.10799617369490833,0,nan,0.6052631578947368,0.44487499999697533,0.5276696860800183,0.039988797,0.0009266104875438797
1222,110866,-0.05022264144202171,0,nan,0.7631578947368421,0.4446849999969762,0.4921533918890827,0.044599947,0.0009215836341210984
1223,110918,-0.38874695916665225,0,nan,0.6730769230769231,0.4444249999969774,0.488943830633477,0.046773836,0.0009399008474876889
1224,110982,-0.9389700151835102,0,nan,0.578125,0.44410499999697883,0.40008915436831055,0.10946638,0.0009297741924001457
1225,111008,0.27974622237356805,0,nan,0.7307692307692307,0.4439749999969794,0.3465385420238502,0.03180182,0.0009153710606579597
1226,111158,-3.8390806026326367,0,nan,0.64,0.44322499999698284,0.32193126896399643,0.054827765,0.0009200840308524979
1227,111160,-0.10297813522246119,0,nan,0.5,0.4432099999969829,0.4696097895287741,0.37702882,0.0009632704022806138
1228,111231,-0.7348948508806763,0,nan,0.676056338028169,0.4428549999969845,0.6953855336158882,0.04757645,0.0009222482290105815
1229,111259,0.18115199716835917,0,nan,0.6071428571428571,0.44271499999698516,0.27714365235487387,0.032930646,0.001093943607494501
1230,111293,0.05280528446672539,0,0.54,0.6470588235294118,0.44254499999698593,0.487200792231995,0.040806975,0.0010022216678514857
1231,111443,-3.940466560101778,0,nan,0.5466666666666666,0.44179499999698935,0.5300434287479882,0.054683406,0.0010052538143160443
1232,111593,-4.011311432451672,0,nan,0.6,0.44104499999699276,0.49666008972325,0.06139553,0.0008977500326000154
1233,111743,-3.782711137473034,0,nan,0.5933333333333334,0.4402949999969962,0.5503876644181415,0.056412913,0.0009654891184375932
1234,111784,-0.2589203001909657,0,nan,0.7073170731707317,0.4400899999969971,0.5061827144439303,0.034882005,0.0008656455618442922
1235,111822,-0.11062891786424311,0,nan,0.7894736842105263,0.43989999999699797,0.48490755570772026,0.035760783,0.0008489828553712485
1236,111972,-3.687408205560699,0,nan,0.6066666666666667,0.4391499999970014,0.6656493298993458,0.054471232,0.0009209245304615857
1237,111973,-0.046461080935928795,0,nan,1.0,0.43913999999700143,0.4588776624005165,0.64281195,0.0008314774604514241
1238,111973,0,0,nan,0.0,0.43913499999700145,0.25132950395538745,0.0,0.0
1239,111976,-0.08204045596924321,0,nan,1.0,0.43911499999700154,0.34686903950500503,0.31122038,0.0007608360707915077
1240,112017,-0.11809061958481715,0,nan,0.6097560975609756,0.4389099999970025,0.5373303436824035,0.043054435,0.0009229165614048792
1241,112167,-3.633798648920395,0,nan,0.6066666666666667,0.4381599999970059,0.5361507093596675,0.05289341,0.0009689852537121624
1242,112317,-3.50090224733176,0,nan,0.6333333333333333,0.4374099999970093,0.31340184973257235,0.056654796,0.0009348482002193729
1243,112409,-1.593431569832215,0,nan,0.6521739130434783,0.4369499999970114,0.42107205163765254,0.044557784,0.0009080746939339999
1244,112447,-0.08216430232746075,0,nan,0.6842105263157895,0.43675999999701226,0.3394987691808509,0.03630972,0.0009632925403390178
1245,112448,-0.03648824138033141,0,nan,2.0,0.4367499999970123,0.33454787418382853,0.6514368,0.0008515719091519713
1246,112598,-4.1788065608740625,0,nan,0.6333333333333333,0.4359999999970157,0.20471278036761179,0.06683185,0.0009531798043947977
1247,112748,-3.3943059272689884,0,nan,0.6466666666666666,0.43524999999701913,0.3951409497722847,0.05563804,0.0009267566650911855
1248,112898,-3.830360362200799,0,nan,0.7133333333333334,0.43449999999702255,0.30218483204433993,0.048879724,0.0009295658846773828
1249,113048,-3.775769344043001,0,nan,0.6533333333333333,0.43374999999702596,0.6104726970222497,0.055205658,0.0009381338275852613
1250,113048,0,0,nan,0.0,0.433744999997026,0.15560118897021383,0.0,0.0
1251,113198,-3.3817913123812073,0,nan,0.6266666666666667,0.4329949999970294,0.5986347148878389,0.05866309,0.0009375499534265448
1252,113227,0.17038297103187905,0,nan,0.6551724137931034,0.43284999999703005,0.568222520488397,0.036667112,0.0009381479948983881
1253,113263,0.058652470212716135,0,nan,0.6111111111111112,0.4326699999970309,0.4571428756562002,0.031007519,0.0009426467667152691
1254,113413,-3.6277808339088597,0,nan,0.6266666666666667,0.4319199999970343,0.33684514372950164,0.058306597,0.0009678926989242124
1255,113469,-0.47449531849858195,0,nan,0.5892857142857143,0.43163999999703556,0.5800238511710826,0.04510836,0.0010110285420523724
1256,113619,-4.0310275082612534,0,nan,0.5266666666666666,0.430889999997039,0.6997390184696355,0.0592958,0.0009062231055577285
1257,113648,0.1328095709845617,0,nan,0.6551724137931034,0.43074499999703963,0.33394621130168534,0.034305084,0.0008823483939491341
1258,113798,-3.5609404203454202,0,nan,0.68,0.42999499999704305,0.19016799186096042,0.053066276,0.0009484716343771046
1259,113825,0.18261058246967055,0,nan,0.8148148148148148,0.42985999999704366,0.26864230146014634,0.036070626,0.0009885140763664687
1260,113855,0.22428749929554048,0,0.56,0.6,0.42970999999704435,0.5116355955315219,0.027664784,0.001028069191185447
1261,113927,-0.9101586227646377,0,nan,0.6527777777777778,0.429349999997046,0.6410467980708913,0.03724158,0.0010000612318334687
1262,114077,-3.6350842889369175,0,nan,0.6533333333333333,0.4285999999970494,0.46105552032388797,0.052348156,0.0009450415393803268
1263,114078,-0.05049747468305833,0,nan,1.0,0.42858999999704944,0.48979053453369525,0.4505946,0.0009322298574261367
1264,114127,-0.2565311844819179,0,nan,0.5306122448979592,0.42834499999705056,0.5585999329981999,0.048887413,0.0010532671259003406
1265,114172,-0.2546500448903525,0,nan,0.6444444444444445,0.4281199999970516,0.6866702846959657,0.045956075,0.0009881545796007333
1266,114322,-3.902245628872403,0,nan,0.62,0.427369999997055,0.2619201141701154,0.05667636,0.0009284993817952151
1267,114409,-1.1319426817027554,0,nan,0.6551724137931034,0.426934999997057,0.39941008376168724,0.04851903,0.0008986080403241661
1268,114467,-0.6519097612715451,0,nan,0.7068965517241379,0.4266449999970583,0.4261287616114923,0.039492384,0.0009331139143765101
1269,114617,-4.029220430397846,0,nan,0.6266666666666667,0.4258949999970617,0.6438135964441876,0.06606603,0.0009164369788292485
1270,114619,-0.136064991244845,0,nan,1.0,0.4258799999970618,0.4208280667033327,0.39458942,0.0009735164348967373
1271,114769,-3.9297684293478317,0,nan,0.6466666666666666,0.4251299999970652,0.39198887639142826,0.055166595,0.0009223771858766365
1272,114807,-0.10076980228448995,0,nan,0.6052631578947368,0.42493999999706605,0.5408492635816543,0.04143303,0.0009005632838173034
1273,114845,-0.014128521652645887,0,nan,0.6842105263157895,0.4247499999970669,0.29470385166073443,0.042532396,0.0009454996125944154
1274,114871,0.20012220156457017,0,nan,0.7307692307692307,0.4246199999970675,0.19795299666929264,0.024114778,0.0009217856780966171
1275,114871,0,0,nan,1.0,0.42461499999706753,0.41926828258301163,0.0,0.0
1276,114907,-0.011486158348502529,0,nan,0.6944444444444444,0.42443499999706835,0.333370143021262,0.042923775,0.0009589160884691713
1277,115057,-4.480248585230924,0,nan,0.66,0.42368499999707177,0.30434709008649174,0.07190184,0.0009643344520009122
1278,115207,-4.2423143314255904,0,nan,0.6466666666666666,0.4229349999970752,0.5588759720095927,0.07106957,0.0009497164325633397
1279,115357,-3.701804140990716,0,nan,0.56,0.4221849999970786,0.6496855718385834,0.059245378,0.0010110869954223745
1280,115386,0.14784675871807706,0,nan,0.7241379310344828,0.42203999999707925,0.3976872670260706,0.03616336,0.0009059225387694635
1281,115408,0.3786385726705599,0,nan,0.5909090909090909,0.42192999999707975,0.24132433500292308,0.02261763,0.0009453152895069004
1282,115558,-3.2309528292514025,0,nan,0.6,0.42117999999708317,0.17370086570824814,0.053583875,0.0009433793796536823
1283,115605,-0.3522314521516381,0,nan,0.6595744680851063,0.42094499999708423,0.46693305532479773,0.0537673,0.0009586978127852954
1284,115755,-4.424445335851541,0,nan,0.6266666666666667,0.42019499999708765,0.4588585468191103,0.062261485,0.0009698840049289477
1285,115758,-0.08980700749407583,0,nan,0.3333333333333333,0.42017499999708774,0.41792228509344354,0.36140928,0.0010050645699569334
1286,115884,-2.4403346213216106,0,nan,0.6507936507936508,0.4195449999970906,0.6116418353446165,0.049821153,0.0010794636695035955
1287,115913,0.12557468321724818,0,nan,0.5862068965517241,0.41939999999709127,0.42465676748423975,0.041643538,0.0009202372969192421
1288,115981,-0.6722086399224791,0,nan,0.6470588235294118,0.4190599999970928,0.3957716050823901,0.052841514,0.0009380429931779337
1289,116120,-2.7985963990803295,0,nan,0.6546762589928058,0.418364999997096,0.3033617721473039,0.05329131,0.0009100564593020425
1290,116148,0.2945368970338602,0,0.54,0.6428571428571429,0.4182249999970966,0.38751410099726974,0.038622953,0.0009363909360087876
1291,116298,-3.2579917772119864,0,nan,0.66,0.4174749999971,0.5614559643494689,0.062045753,0.0009319714032850849
1292,116389,-1.3771903071899785,0,nan,0.6483516483516484,0.4170199999971021,0.22421642675197923,0.041558348,0.0009166064472602946
1293,116389,0,0,nan,0.0,0.4170149999971021,0.36060622110120444,0.0,0.0
1294,116539,-3.5593079835330226,0,nan,0.5933333333333334,0.41626499999710553,0.5397959563580197,0.057204984,0.0009777197431928167
1295,116689,-3.3667823610168184,0,nan,0.72,0.41551499999710895,0.4225601806056259,0.055232868,0.0009414110940027361
1296,116689,0,0,nan,0.0,0.41550999999710897,0.5068068757242264,0.0,0.0
1297,116839,-3.900816667984544,0,nan,0.5533333333333333,0.4147599999971124,0.27286549484711886,0.059907615,0.0009754698884595806
1298,116870,0.13368244312702637,0,nan,0.7096774193548387,0.4146049999971131,0.31143364118422234,0.051561426,0.000986031519489423
1299,117020,-3.4049943742602196,0,nan,0.68,0.4138549999971165,0.4238127706840103,0.062166575,0.000939396113390103
1300,117047,0.17777076129987202,0,nan,0.5185185185185185,0.4137199999971171,0.33848545389409385,0.027384505,0.000903118009403072
1301,117095,-0.5572449284059744,0,nan,0.5625,0.4134799999971182,0.43401926612910263,0.041713182,0.0009549089048353684
1302,117155,-0.6608234751367369,0,nan,0.6,0.4131799999971196,0.5956243809608175,0.04632865,0.0009163125469058286
1303,117155,0,0,nan,0.0,0.4131749999971196,0.30319501391986015,0.0,0.0
1304,117155,0,0,nan,0.0,0.4131699999971196,0.4170307712344295,0.0,0.0
1305,117197,-0.12618703745297233,0,nan,0.6666666666666666,0.4129599999971206,0.5515427903593443,0.045075662,0.0009278509720128828
1306,117230,0.051756090239799546,0,nan,0.6060606060606061,0.4127949999971213,0.32640587189813,0.07908336,0.0009323831014405711
1307,117259,0.1370244145838181,0,nan,0.6551724137931034,0.412649999997122,0.3069792243430914,0.029726911,0.0009368318905813042
1308,117409,-3.5704440160401254,0,nan,0.62,0.4118999999971254,0.5641447260064578,0.05692363,0.0009552856334873165
1309,117439,0.2069392256085758,0,nan,0.5333333333333333,0.4117499999971261,0.6188598349919653,0.049888693,0.0009451858282166843
1310,117439,0,0,nan,1.0,0.4117449999971261,0.3956250695313168,0.0,0.0
1311,117479,-0.21267552025433434,0,nan,0.575,0.411544999997127,0.5056073798189826,0.034707457,0.000933089001046028
1312,117592,-1.9117789094823396,0,nan,0.6460176991150443,0.4109799999971296,0.3819681322255149,0.04424837,0.0010101986532326194
1313,117592,0,0,nan,1.0,0.4109749999971296,0.34389532474451673,0.0,0.0
1314,117595,-0.08482385390453658,0,nan,0.3333333333333333,0.4109549999971297,0.2786186589249384,0.39271677,0.0009191289039639136
1315,117623,0.279076256465434,0,nan,0.8214285714285714,0.41081499999713034,0.48905960544516425,0.039805323,0.0009518448028497265
1316,117624,-0.04780828997973527,0,nan,1.0,0.4108049999971304,0.47519286532361177,0.6382916,0.000982068886514753
1317,117774,-3.5385941972560637,0,nan,0.62,0.4100549999971338,0.53336058574331,0.066974096,0.000969832237266625
1318,117924,-3.519046109870787,0,nan,0.6266666666666667,0.4093049999971372,0.3477168250652078,0.052600328,0.000971247923152987
1319,118074,-3.795522536267532,0,nan,0.64,0.4085549999971406,0.6631892398160543,0.054049365,0.0009205601531236122
1320,118127,-0.45524503620126966,0,0.38,0.6792452830188679,0.40828999999714183,0.3344089290791115,0.039182127,0.0008944904817189177
1321,118171,-0.3259026376692751,0,nan,0.5909090909090909,0.40806999999714283,0.47445526218738576,0.03739076,0.000992341397663536
1322,118321,-4.09157748856509,0,nan,0.5666666666666667,0.40731999999714624,0.6810923095683038,0.05891175,0.0009782276063924655
1323,118463,-2.542035528508259,0,nan,0.5915492957746479,0.4066099999971495,0.6237275433619903,0.052918125,0.0009409868060840739
1324,118521,-0.5630589836516479,0,nan,0.6724137931034483,0.4063199999971508,0.2718119367447267,0.07276938,0.0009329771630040467
1325,118671,-2.3685005600835702,0,nan,0.6066666666666667,0.4055699999971542,0.6927191947855055,0.054838054,0.0009875755695005258
1326,118705,0.0433918557949603,0,nan,0.6176470588235294,0.405399999997155,0.27809828609748183,0.047302853,0.0009199216857429265
1327,118705,0,0,nan,1.0,0.405394999997155,0.4968146691136693,0.0,0.0
1328,118835,-2.1256860548264864,0,nan,0.5769230769230769,0.40474499999715796,0.37996698053930467,0.047017157,0.0009078639943394452
1329,118985,-3.99505095429566,0,nan,0.6266666666666667,0.4039949999971614,0.3850766649482852,0.094726816,0.0009701003330216432
1330,119135,-4.517772901849919,0,nan,0.5933333333333334,0.4032449999971648,0.3614380193008279,0.05635287,0.0009243686895933933
1331,119136,-0.045882559466443144,0,nan,1.0,0.40323499999716483,0.46930299419219335,0.465076,0.0010058351035695523
1332,119136,0,0,nan,0.0,0.40322999999716486,0.4362470009404414,0.0,0.0
1333,119286,-3.690529059175638,0,nan,0.6533333333333333,0.40247999999716827,0.3638270490676179,0.05015679,0.0010692287050187588
1334,119436,-4.266712013703365,0,nan,0.6666666666666666,0.4017299999971717,0.46383754956902323,0.08487088,0.0009765990351055128
1335,119586,-3.729345493742815,0,nan,0.62,0.4009799999971751,0.5460358047229679,0.057324022,0.0010094082998693922
1336,119736,-3.315080098799457,0,nan,0.6466666666666666,0.4002299999971785,0.2879865456509146,0.055177353,0.0009152467490639538
1337,119808,-1.1606117753958611,0,nan,0.6944444444444444,0.39986999999718015,0.41369973216548767,0.036032423,0.0011165670621267054
1338,119834,0.22079974533010682,0,nan,0.6923076923076923,0.39973999999718074,0.2872888990568922,0.029708069,0.0009864321708356817
1339,119984,-3.6735474421113485,0,nan,0.6066666666666667,0.39898999999718415,0.28788871461666915,0.053314023,0.0009957541192610127
1340,120031,-0.3470723547405805,0,nan,0.6382978723404256,0.3987549999971852,0.593671107693316,0.049843967,0.0009695105161765551
1341,120063,0.1401023437824186,0,nan,0.59375,0.39859499999718595,0.7074396873628094,0.05210091,0.0008843033392622601
1342,120213,-3.6027287672572275,0,nan,0.5866666666666667,0.39784499999718936,0.6344710540456119,0.05207456,0.0009744384505514365
1343,120363,-4.8403052466224885,0,nan,0.6333333333333333,0.3970949999971928,0.5005970430480957,0.052334085,0.0009433282488801827
1344,120513,-3.6110014871803595,0,nan,0.6466666666666666,0.3963449999971962,0.5601462372158922,0.08428965,0.0009927463347169881
1345,120663,-3.806897695451256,0,nan,0.5666666666666667,0.3955949999971996,0.4967460684995113,0.055167206,0.0009836250395164824
1346,120813,-4.006351049847112,0,nan,0.6066666666666667,0.394844999997203,0.6523580676552265,0.05895979,0.0009820547883282417
1347,120814,-0.050496719416430164,0,nan,1.0,0.39483499999720306,0.4388465396846792,0.4625357,0.0007850263500586152
1348,120964,-3.873331290739047,0,nan,0.6533333333333333,0.3940849999972065,0.5920956399035504,0.04761925,0.000965053714462556
1349,121114,-3.6389416196861673,0,nan,0.54,0.3933349999972099,0.1375491328881165,0.056926835,0.0009764394964440725
1350,121264,-3.7068682081798965,0,0.55,0.58,0.3925849999972133,0.611805652859818,0.053094015,0.0010676444991258903
1351,121265,-0.050496532074134015,0,nan,1.0,0.39257499999721335,0.5463626569647894,0.42292494,0.0008388117421418428
1352,121291,0.3151844815455874,0,nan,0.5384615384615384,0.39244499999721394,0.2878044022555498,0.03282712,0.000938867010588113
1353,121441,-3.34401630861041,0,nan,0.6533333333333333,0.39169499999721735,0.6204184769003438,0.057190374,0.0009664611239956381
1354,121535,-1.394378768995363,0,nan,0.648936170212766,0.3912249999972195,0.5502592462944433,0.058073733,0.0009642494396564174
1355,121566,0.13711921823004125,0,nan,0.7096774193548387,0.3910699999972202,0.43002666925000144,0.048074003,0.0010023416365466773
1356,121716,-4.4464495460176225,0,nan,0.64,0.3903199999972236,0.722576956026563,0.06495157,0.0009606007785381128
1357,121866,-4.566413690897433,0,nan,0.5866666666666667,0.389569999997227,0.5638045901910078,0.08287217,0.0009333752305246889
1358,122016,-3.4781943023548747,0,nan,0.6266666666666667,0.38881999999723044,0.45050389903216753,0.08306511,0.0010197146447414223
1359,122166,-3.595732385633126,0,nan,0.64,0.38806999999723385,0.5133940744439641,0.05208697,0.0010394775995519012
1360,122316,-3.599547846553531,0,nan,0.66,0.38731999999723726,0.17825174517317727,0.050896373,0.0009566082011830682
1361,122411,-1.5498542072664079,0,nan,0.5789473684210527,0.3868449999972394,0.4198059791602407,0.056642406,0.0011376099633420573
1362,122561,-3.743887503305124,0,nan,0.5733333333333334,0.38609499999724284,0.4538371902068315,0.09627974,0.0009560960818392535
1363,122606,-0.28463665109073666,0,nan,0.6,0.38586999999724386,0.6358037693463373,0.04508394,0.0009557626591736658
1364,122636,0.17194138737202302,0,nan,0.5,0.38571999999724454,0.614631653092564,0.03865453,0.0009587752700705702
1365,122662,0.25339152070059345,0,nan,0.5769230769230769,0.38558999999724514,0.28113901536544994,0.03864657,0.0009950652926748332
1366,122689,0.20938269736644577,0,nan,0.6296296296296297,0.38545499999724575,0.3447608480558833,0.045106336,0.0009683946964624165
1367,122766,-0.7777824107586595,0,nan,0.6623376623376623,0.3850699999972475,0.36339814600771614,0.04819658,0.0010517520741967774
1368,122808,-0.22992136622104486,0,nan,0.5476190476190477,0.38485999999724846,0.6288558439344663,0.045546442,0.0009758333444118588
1369,122958,-3.603183134778737,0,nan,0.58,0.38410999999725187,0.41261377306976005,0.05289235,0.0009927434928249568
1370,122986,0.14370849977960565,0,nan,0.6071428571428571,0.3839699999972525,0.5338402802679459,0.03719788,0.0010487217244060179
1371,123013,0.19086996753098184,0,nan,0.4444444444444444,0.3838349999972531,0.32040146761465743,0.039116044,0.001097485855333852
1372,123163,-3.8168803705937187,0,nan,0.6066666666666667,0.38308499999725654,0.6188830151503072,0.07880632,0.000984390742960386
1373,123164,-0.040021268901766785,0,nan,1.0,0.3830749999972566,0.550807089720713,0.45541146,0.0009486625785939395
1374,123314,-3.54774353671863,0,nan,0.6066666666666667,0.38232499999726,0.5576832488396962,0.057482686,0.0010652236231059457
1375,123464,-3.439363699806362,0,nan,0.62,0.3815749999972634,0.7494989350545566,0.05608841,0.000981598292904285
1376,123614,-4.01538039582228,0,nan,0.56,0.3808249999972668,0.5040117358102589,0.057585366,0.0009746285491079713
1377,123643,0.0983616742455371,0,nan,0.5862068965517241,0.3806799999972675,0.5236038229807405,0.037350968,0.0010063890979930374
1378,123669,0.25157929078340113,0,nan,0.8076923076923077,0.3805499999972681,0.22510140854148444,0.03688132,0.0009229843730841262
1379,123711,-0.20344771955262309,0,nan,0.6428571428571429,0.38033999999726903,0.49855566609877366,0.029397694,0.0009331379724677564
1380,123861,-4.299516431053704,0,0.39,0.5533333333333333,0.37958999999727244,0.5343471796347837,0.062436435,0.0010003656862924495
1381,124011,-3.548208070975608,0,nan,0.6266666666666667,0.37883999999727586,0.5891434936610606,0.050423197,0.0010106695103847111
1382,124161,-3.6133264153470024,0,nan,0.5466666666666666,0.37808999999727927,0.5389641672240902,0.05568746,0.0010031548071613846
1383,124162,-0.047473172318382745,0,nan,1.0,0.3780799999972793,0.3245042555439255,0.5661821,0.0006756074435543269
1384,124312,-4.092069289820189,0,nan,0.64,0.37732999999728273,0.26370699861665486,0.08018804,0.0010612370719900355
1385,124355,-0.24183993560563577,0,nan,0.6976744186046512,0.3771149999972837,0.5323813143347775,0.032156933,0.0009476963307459427
1386,124355,0,0,nan,0.0,0.37710999999728373,0.2802203591036308,0.0,0.0
1387,124505,-4.034258037754824,0,nan,0.5266666666666666,0.37635999999728714,0.5819441145831207,0.060200702,0.0009649247174578098
1388,124551,-0.3857267629005343,0,nan,0.5869565217391305,0.3761299999972882,0.6119401795098286,0.035218164,0.0009349607603128433
1389,124572,0.37806728168322956,0,nan,0.8095238095238095,0.37602499999728867,0.2127511235827559,0.030148052,0.0009820951548005854
1390,124609,0.039674731624320114,0,nan,0.7027027027027027,0.3758399999972895,0.29101628535802926,0.041582387,0.0009251168427196004
1391,124609,0,0,nan,1.0,0.37583499999728953,0.39599519944388384,0.0,0.0
1392,124611,-0.06563959268034855,0,nan,0.5,0.3758199999972896,0.30818096036308473,0.34580988,0.0008751398709136993
1393,124651,-0.1617841928835757,0,nan,0.7,0.3756199999972905,0.5333530393366571,0.032593396,0.0010876032443775329
1394,124801,-3.614099039630854,0,nan,0.62,0.3748699999972939,0.47048106137813833,0.052539054,0.0010304397643388558
1395,124951,-3.8808763132179833,0,nan,0.5733333333333334,0.37411999999729734,0.45970723882617154,0.058818817,0.0009768762298820852
1396,125101,-3.734161139538673,0,nan,0.5466666666666666,0.37336999999730075,0.6641133062932738,0.057431392,0.0009906937546717623
1397,125242,-3.024857592990032,0,nan,0.6028368794326241,0.37266499999730396,0.32547414245970996,0.07855385,0.0009707198571166063
1398,125392,-3.8551266140760037,0,nan,0.6,0.37191499999730737,0.27410464119068384,0.11308231,0.000962722881231457
1399,125542,-3.94214821447445,0,nan,0.56,0.3711649999973108,0.5128842316582641,0.052919436,0.0010364168515661731
1400,125570,0.09288728022184567,0,nan,0.5,0.3710249999973114,0.32887559350328804,0.0330332,0.0012164241603126616
1401,125720,-4.201263954671471,0,nan,0.5866666666666667,0.37027499999731484,0.638512380535098,0.05579612,0.0010807574304635636
1402,125870,-3.5146112171237442,0,nan,0.64,0.36952499999731825,0.4720847205386878,0.05223876,0.0010390605377809455
1403,125871,-0.046125117836675944,0,nan,0.0,0.3695149999973183,0.466681916516134,0.5201615,0.001071709324605763
1404,125972,-1.4113886770015767,0,nan,0.6336633663366337,0.3690099999973206,0.5300718647860629,0.054348305,0.0010412457438835892
1405,126002,0.14308531993418383,0,nan,0.6,0.3688599999973213,0.26175384085542447,0.041677117,0.001027783498284407
1406,126003,-0.03645163704961657,0,nan,2.0,0.3688499999973213,0.38440480783562503,0.7117553,0.0008203214092645794
1407,126028,0.2505977827089919,0,nan,0.68,0.3687249999973219,0.27063495237873314,0.032108143,0.0010052852088119834
1408,126178,-3.5546198350129403,0,nan,0.6133333333333333,0.3679749999973253,0.5343124029150513,0.054392546,0.0010392845097036722
1409,126328,-3.4485337389064683,0,nan,0.56,0.3672249999973287,0.3253614496312986,0.055584196,0.0010500189109006897
1410,126478,-3.704009689964605,0,0.53,0.5066666666666667,0.36647499999733213,0.37445543623484767,0.10304195,0.0010158336187790459
1411,126509,0.12220397470313016,0,nan,0.6451612903225806,0.36631999999733283,0.649596914482085,0.039301578,0.0009349460456325042
1412,126510,-0.04740580948861595,0,nan,0.0,0.3663099999973329,0.4658838595649414,0.6629982,0.0006307301227934659
1413,126559,-0.2597722126252572,0,nan,0.673469387755102,0.366064999997334,0.1657166953558939,0.03241695,0.0012825731608579506
1414,126709,-3.54868803293016,0,nan,0.56,0.3653149999973374,0.5173594172149514,0.05499865,0.000998638677992858
1415,126792,-1.2512886736017101,0,nan,0.43373493975903615,0.3648999999973393,0.6954629291698045,0.04022315,0.001024005150545882
1416,126828,-0.04783998970969461,0,nan,0.5,0.3647199999973401,0.6977396896007974,0.043501005,0.0009385069606651086
1417,126978,-4.046457775566523,0,nan,0.5533333333333333,0.36396999999734353,0.44446221619806686,0.056991693,0.0010558469087118283
1418,127128,-3.6422988992353296,0,nan,0.5466666666666666,0.36321999999734694,0.38260513204674096,0.059368707,0.0009832387102263359
1419,127158,0.21429140829634807,0,nan,0.5,0.3630699999973476,0.6642486344299277,0.043150563,0.0010662755676700423
1420,127159,-0.030355886889044677,0,nan,0.0,0.36305999999734767,0.4096700453397614,0.48841304,0.0017578076804056764
1421,127244,-1.353247519064056,0,nan,0.6,0.3626349999973496,0.36196456139744004,0.05279836,0.001070041100234341
1422,127394,-3.487960894205479,0,nan,0.6533333333333333,0.361884999997353,0.6460503000576031,0.059643745,0.0009573362544567014
1423,127544,-3.994137830839941,0,nan,0.6133333333333333,0.36113499999735643,0.5303224833361121,0.056658935,0.0009875282147550025
1424,127575,0.09915954756131173,0,nan,0.5806451612903226,0.36097999999735714,0.451658875005465,0.035581134,0.0009015067527446174
1425,127725,-3.341360757797936,0,nan,0.6266666666666667,0.36022999999736055,0.39063970916541046,0.058106396,0.0009859573769305523
1426,127875,-3.5900980046726905,0,nan,0.58,0.35947999999736396,0.45314638424984083,0.05766696,0.0010035446552016463
1427,127901,0.19436461634672475,0,nan,0.6538461538461539,0.35934999999736456,0.17781693069343113,0.027978987,0.000967691077116447
1428,128051,-3.845411617639475,0,nan,0.6,0.35859999999736797,0.5119849692597088,0.053540986,0.0010255412089948852
1429,128051,0,0,nan,1.0,0.358594999997368,0.4676114321573106,0.0,0.0
1430,128201,-4.401151387438173,0,nan,0.5133333333333333,0.3578449999973714,0.39805819851383273,0.08217252,0.0010225990641629322
1431,128203,-0.06540888895299785,0,nan,1.0,0.3578299999973715,0.27115177706790583,0.43060735,0.0008947804890340194
1432,128258,-0.5127750560582776,0,nan,0.6181818181818182,0.3575549999973727,0.4935223268129215,0.03834598,0.0010833177890162914
1433,128408,-3.4919448025972004,0,nan,0.5333333333333333,0.35680499999737614,0.5123640362288291,0.055033397,0.0010481952407280914
1434,128558,-3.5173221680655793,0,nan,0.54,0.35605499999737955,0.42983124051853555,0.068380184,0.000991034689747418
1435,128587,0.11554670400423206,0,nan,0.6206896551724138,0.3559099999973802,0.38805284544041535,0.047069583,0.0010254557308708799
1436,128587,0,0,nan,1.0,0.35590499999738023,0.3862839667373734,0.0,0.0
1437,128657,-0.9558338462554052,0,nan,0.6857142857142857,0.3555549999973818,0.4094224118196168,0.04420922,0.0009768195812024975
1438,128699,-0.20732126920937133,0,nan,0.5,0.3553449999973828,0.5716848521718528,0.040530458,0.000906909242205854
1439,128849,-3.4008610256255953,0,nan,0.5933333333333334,0.3545949999973862,0.5630405485432028,0.0558956,0.0010275168600492178
1440,128999,-3.885657966752289,0,0.5,0.6133333333333333,0.3538449999973896,0.3604129612558052,0.05938125,0.0009769717790186405
1441,129050,-0.5177700630686274,0,nan,0.5490196078431373,0.35358999999739077,0.2906657481933686,0.047780503,0.0011739750870950886
1442,129200,-3.8419944070486207,0,nan,0.56,0.3528399999973942,0.5045375384824392,0.051983282,0.001054635635324909
1443,129242,-0.19829781686587378,0,nan,0.5714285714285714,0.35262999999739514,0.5262898581215463,0.033232644,0.0009325111320885341
1444,129290,-0.26333866307638476,0,nan,0.7083333333333334,0.35238999999739623,0.4574240644421767,0.041350927,0.0010862480885407422
1445,129440,-4.410563419475564,0,nan,0.6733333333333333,0.35163999999739964,0.49775699142460134,0.061062012,0.0010242074923977878
1446,129469,0.21133102650425561,0,nan,0.6551724137931034,0.3514949999974003,0.1943387675087167,0.036018778,0.0009989234767372496
1447,129536,-0.7027634503089921,0,nan,0.6417910447761194,0.35115999999740183,0.6191196870421326,0.052528422,0.001008557353373756
1448,129686,-3.7828892275242567,0,nan,0.6066666666666667,0.35040999999740524,0.6429632120651685,0.053936552,0.0009426356867576639
1449,129836,-3.4624224629727736,0,nan,0.5266666666666666,0.34965999999740865,0.3886449761144371,0.05486581,0.0009594659938981446
1450,129986,-3.9557743484506935,0,nan,0.54,0.34890999999741207,0.3995496856351677,0.05336585,0.0010335410461993887
1451,130136,-4.528049344663048,0,nan,0.58,0.3481599999974155,0.34019738927417925,0.07981391,0.0010542706100386567
1452,130165,0.21402841806473782,0,nan,0.6206896551724138,0.34801499999741614,0.518543429391248,0.030253524,0.0009908132176798094
1453,130193,0.19441266334592944,0,nan,0.6071428571428571,0.3478749999974168,0.3423888320732971,0.047252465,0.0008750554074400238
1454,130225,0.06583925670349844,0,nan,0.71875,0.3477149999974175,0.3063338698626922,0.038311325,0.0010063205386359186
1455,130261,-0.056566853680963036,0,nan,0.7222222222222222,0.3475349999974183,0.49854566137599104,0.03315134,0.0010928051011028907
1456,130411,-3.507802524293226,0,nan,0.6066666666666667,0.34678499999742174,0.42826589744692,0.055196915,0.0009744264426990412
1457,130561,-3.8348747922979043,0,nan,0.5533333333333333,0.34603499999742515,0.4399717154887659,0.054767907,0.000987477225717157
1458,130587,0.24534592900879593,0,nan,0.6153846153846154,0.34590499999742574,0.20075963404798722,0.034919668,0.0010926002175368082
1459,130737,-3.5568367536486547,0,nan,0.5066666666666667,0.34515499999742916,0.5220226015575423,0.058779374,0.0009353336635588978
1460,130887,-3.8576493078785092,0,nan,0.5533333333333333,0.34440499999743257,0.5831176080439957,0.055075277,0.0009932099614525214
1461,130911,0.28804214201318745,0,nan,0.6666666666666666,0.3442849999974331,0.17663238614180446,0.03531709,0.000948594353152051
1462,130959,-0.3435739669907776,0,nan,0.625,0.3440449999974342,0.5128825084876898,0.042099148,0.0009386627383112985
1463,130960,-0.049550823924605525,0,nan,1.0,0.34403499999743425,0.3945555250466946,0.7264514,0.0014903256087563932
1464,131110,-3.5503125357393603,0,nan,0.52,0.34328499999743767,0.23930413080475368,0.052878387,0.0009679451005649753
1465,131260,-3.5361411400763907,0,nan,0.5466666666666666,0.3425349999974411,0.7048446414434437,0.05847364,0.0010124170753988437
1466,131399,-2.3767664673078066,0,nan,0.60431654676259,0.34183999999744424,0.30314312075297944,0.0908455,0.001013937128708604
1467,131467,-0.7929916488746017,0,nan,0.6470588235294118,0.3414999999974458,0.5870287974043045,0.037054602,0.0009843433465849718
1468,131523,-0.4786216087239563,0,nan,0.5,0.34121999999744707,0.2902878106716316,0.046910655,0.0010305165020067111
1469,131525,-0.0652667293445758,0,nan,1.0,0.34120499999744713,0.39071340699628543,0.41532767,0.0009467605268582702
1470,131675,-3.573716612397836,0,0.49,0.6333333333333333,0.34045499999745055,0.6420682662451779,0.056420244,0.0009717867441941053
1471,131825,-3.8396424125191935,0,nan,0.5133333333333333,0.33970499999745396,0.331994091421263,0.08671248,0.000984886201719443
1472,131975,-3.7768157033072915,0,nan,0.49333333333333335,0.3389549999974574,0.46619723124012524,0.056470815,0.0009837178645345072
1473,132026,-0.2992872623472216,0,nan,0.6274509803921569,0.33869999999745853,0.5576363396353263,0.04836459,0.0009851486909468019
1474,132176,-4.038037050991783,0,nan,0.62,0.33794999999746195,0.3066005744802362,0.05049745,0.0010093647379350538
1475,132201,0.2635655529775919,0,nan,0.6,0.3378249999974625,0.3256317258441853,0.032385275,0.0010118967585731299
1476,132250,-0.32529621141863707,0,nan,0.6326530612244898,0.33757999999746363,0.3739829362005074,0.045644235,0.0011470849359674113
1477,132400,-3.76772507104939,0,nan,0.5666666666666667,0.33682999999746704,0.4016237372198993,0.06716915,0.0009745601211519291
1478,132550,-3.5661043872104212,0,nan,0.5733333333333334,0.33607999999747046,0.360026236030525,0.049438294,0.0009627432921358074
1479,132700,-3.8696868553979122,0,nan,0.5533333333333333,0.33532999999747387,0.3740005119882971,0.08769273,0.0009809387264734445
1480,132725,0.25078273663432327,0,nan,0.56,0.33520499999747444,0.2167707012099782,0.027895844,0.0008924543135799467
1481,132875,-3.7418106446807617,0,nan,0.5533333333333333,0.33445499999747785,0.6539638632929552,0.05952945,0.0009682736504085672
1482,132927,-0.43837733086948383,0,nan,0.5961538461538461,0.33419499999747904,0.5504268475929233,0.044513103,0.001074971428561884
1483,132927,0,0,nan,1.0,0.33418999999747906,0.304958475336404,0.0,0.0
1484,132966,-0.056588864382106197,0,nan,0.6153846153846154,0.33399499999747995,0.43202211123567363,0.032112963,0.0011136730183632327
1485,133116,-3.553402589559211,0,nan,0.6133333333333333,0.33324499999748336,0.5775914514490046,0.052855108,0.0010043190819366524
1486,133158,-0.1789945078616938,0,nan,0.8333333333333334,0.3330349999974843,0.49386348981040046,0.03576867,0.0010463924478417972
1487,133308,-3.6042099190297208,0,nan,0.5733333333333334,0.33228499999748773,0.7201358983130404,0.055027008,0.0009601488856909176
1488,133412,-1.584989962587351,0,nan,0.5769230769230769,0.3317649999974901,0.46728118240049843,0.050224677,0.0009772958566407817
1489,133414,-0.1274819510804665,0,nan,1.0,0.33174999999749016,0.39372931896042923,0.4087957,0.0008537285029888153
1490,133466,-0.3762420940510762,0,nan,0.5769230769230769,0.33148999999749135,0.2102084630355603,0.029974338,0.0009688822857032602
1491,133616,-3.438738505001326,0,nan,0.5733333333333334,0.33073999999749476,0.6755426060665232,0.061894193,0.0010638582000198464
1492,133618,-0.09900556846283788,0,nan,0.5,0.33072499999749483,0.41693703589951825,0.39329278,0.0010048414405900985
1493,133619,-0.05049727701461454,0,nan,1.0,0.3307149999974949,0.30204351816659986,0.58765095,0.0009542280749883503
1494,133769,-3.6905247680807314,0,nan,0.5866666666666667,0.3299649999974983,0.4091244418104468,0.048622005,0.0009786931988977207
1495,133799,0.19991707040580897,0,nan,0.7666666666666667,0.32981499999749897,0.28874725680060526,0.04280641,0.0010393231369865438
1496,133949,-3.482741543626544,0,nan,0.62,0.3290649999975024,0.5363461587207777,0.051248692,0.0010653068588968987
1497,134099,-3.514008554710649,0,nan,0.6333333333333333,0.3283149999975058,0.21603758382620208,0.057327505,0.0009302146001330887
1498,134249,-3.987631620905784,0,nan,0.6133333333333333,0.3275649999975092,0.45414111603681295,0.046241373,0.0010169343791009548
1499,134399,-3.337843928822413,0,nan,0.5066666666666667,0.3268149999975126,0.3931156005630364,0.051671397,0.0010182760417228565
1500,134549,-3.933539522189371,0,0.39,0.5066666666666667,0.32606499999751604,0.6092563203921899,0.052659556,0.0009559808283423385
1501,134699,-3.8236308751506622,0,nan,0.4866666666666667,0.32531499999751945,0.6049359718820406,0.05630345,0.0009807502782981222
1502,134849,-3.8167489942486825,0,nan,0.5933333333333334,0.32456499999752286,0.5098140806644829,0.05356603,0.000977160987094976
1503,134976,-2.2184251920577194,0,nan,0.5669291338582677,0.32392999999752575,0.5703560589306184,0.052975025,0.000930536112117427
1504,135004,0.18735031363532895,0,nan,0.4642857142857143,0.3237899999975264,0.4779076802426654,0.029873954,0.0009446849061142919
1505,135154,-3.6854274706225962,0,nan,0.5333333333333333,0.3230399999975298,0.7493934702370365,0.0580058,0.000965942179124492
1506,135179,0.285688220812101,0,nan,0.6,0.32291499999753037,0.16666931457663145,0.027403442,0.0009017876395955682
1507,135329,-3.3054831465367576,0,nan,0.5666666666666667,0.3221649999975338,0.6712977693370131,0.061182473,0.0009419764764606953
1508,135479,-3.2495255878117466,0,nan,0.6066666666666667,0.3214149999975372,0.7023656239838028,0.06810581,0.0009751465117248396
1509,135629,-3.6551376451151967,0,nan,0.5466666666666666,0.3206649999975406,0.5140380507809358,0.0529633,0.0010125784404226579
1510,135682,-0.5265658356252783,0,nan,0.6037735849056604,0.3203999999975418,0.5832720448515925,0.101601176,0.00093424174207579
1511,135683,-0.050497406826644886,0,nan,1.0,0.32038999999754186,0.42396306242306375,0.68133986,0.0010240121628157794
1512,135833,-3.6843018927229103,0,nan,0.54,0.3196399999975453,0.6189364706459274,0.054735597,0.0009805167957286662
1513,135983,-3.47205389782761,0,nan,0.5466666666666666,0.3188899999975487,0.2365799544362957,0.07640516,0.0009166032205879068
1514,136064,-1.117340840961786,0,nan,0.5802469135802469,0.31848499999755053,0.39624250338921463,0.044684514,0.0009191225120800628
1515,136064,0,0,nan,0.0,0.31847999999755056,0.28542293489272247,0.0,0.0
1516,136214,-3.7095824370378336,0,nan,0.52,0.31772999999755397,0.5395055147536837,0.055021305,0.000972820424164335
1517,136270,-0.4467619221975555,0,nan,0.625,0.31744999999755524,0.2880675799465062,0.033615377,0.0009991472174338664
1518,136420,-3.4827069992404454,0,nan,0.5266666666666666,0.31669999999755866,0.4242684222276808,0.05614475,0.0009321741885893668
1519,136468,-0.410941462322868,0,nan,0.5,0.31645999999755975,0.3712206739376368,0.04239036,0.0010215305986397045
1520,136497,0.19013977850731922,0,nan,0.4827586206896552,0.3163149999975604,0.4988440482191588,0.0443068,0.00095101769266907
1521,136498,-0.05043129819046682,0,nan,1.0,0.31630499999756045,0.3253928075131089,0.6862436,0.0011684720520861447
1522,136648,-3.9785934383211337,0,nan,0.6333333333333333,0.31555499999756387,0.3162863540774138,0.05169212,0.001003502499467383
1523,136648,0,0,nan,0.0,0.3155499999975639,0.24541116557059797,0.0,0.0
1524,136694,-0.29632988497826984,0,nan,0.6521739130434783,0.31531999999756494,0.5022892854581937,0.047538523,0.0009046939572410496
1525,136777,-1.3585116317168544,0,nan,0.5542168674698795,0.3149049999975668,0.5079578364018733,0.046625644,0.000979554103070264
1526,136927,-4.014084215703695,0,nan,0.4866666666666667,0.31415499999757024,0.4695203957583262,0.055444375,0.0009141912418029582
1527,136964,-0.0034276248953637456,0,nan,0.7567567567567568,0.3139699999975711,0.6723481505168794,0.058193915,0.001014936255995889
1528,137114,-3.620197281636372,0,nan,0.5933333333333334,0.3132199999975745,0.2273607613447642,0.080837816,0.0009723525197478011
1529,137264,-3.645687120802,0,nan,0.5666666666666667,0.3124699999975779,0.44401148121405853,0.051259834,0.0010330344560012842
1530,137264,0,0,0.42,0.0,0.31246499999757793,0.4985688665616455,0.0,0.0
1531,137292,0.18886976823298196,0,nan,0.7142857142857143,0.31232499999757857,0.3398694848613909,0.03373919,0.001047219849299706
1532,137292,0,0,nan,0.0,0.3123199999975786,0.4041316572867579,0.0,0.0
1533,137329,-0.033260330245450276,0,nan,0.40540540540540543,0.31213499999757943,0.4811739866402548,0.034833416,0.0010466750284870835
1534,137366,-0.11941630328604991,0,nan,0.7297297297297297,0.3119499999975803,0.4830610753486985,0.033332337,0.0009994990234829587
1535,137516,-3.803542695696027,0,nan,0.5,0.3111999999975837,0.5738274376743393,0.054153074,0.0009691465336557788
1536,137666,-3.9696240955175273,0,nan,0.5466666666666666,0.3104499999975871,0.5803753029946355,0.054966807,0.0011116542288800702
1537,137816,-3.4465016401848074,0,nan,0.5066666666666667,0.3096999999975905,0.735914137639117,0.061013095,0.0009955054473054284
1538,137816,0,0,nan,1.0,0.30969499999759054,0.3105600687158023,0.0,0.0
1539,137966,-3.733872868078996,0,nan,0.4533333333333333,0.30894499999759395,0.25525395202057233,0.05291741,0.0010540240789608409
1540,138116,-3.937564800093246,0,nan,0.5866666666666667,0.30819499999759736,0.423972020888107,0.06802603,0.0009533246658975259
1541,138266,-3.499557037766134,0,nan,0.5733333333333334,0.3074449999976008,0.5188660151490825,0.054010615,0.0009577651112340391
1542,138416,-3.442434247245339,0,nan,0.5933333333333334,0.3066949999976042,0.6967582937303881,0.059537888,0.0009735104158365478
1543,138566,-3.4779419053954794,0,nan,0.5733333333333334,0.3059449999976076,0.6408005699647514,0.057360638,0.0009641418696264737
1544,138716,-4.006532323529388,0,nan,0.5066666666666667,0.305194999997611,0.3363047850389418,0.050347343,0.0009671544868615456
1545,138755,-0.07066923173438144,0,nan,0.5128205128205128,0.3049999999976119,0.42863374425441947,0.041807443,0.0009785892071727759
1546,138905,-3.871739325014663,0,nan,0.5933333333333334,0.3042499999976153,0.46940392114572943,0.053782146,0.0009606241915995876
1547,139055,-3.5174223112861083,0,nan,0.56,0.30349999999761873,0.4297997817728598,0.05542085,0.0009343785231855388
1548,139205,-3.558086048640887,0,nan,0.5266666666666666,0.30274999999762214,0.42601917872126494,0.049800523,0.000905359458993189
1549,139240,0.1195537133567579,0,nan,0.4857142857142857,0.30257499999762294,0.5090452184550853,0.05867123,0.0010295695433991828
1550,139263,0.3637749558057912,0,nan,0.5217391304347826,0.30245999999762346,0.25777471886494724,0.022076104,0.0009627100864789733
1551,139287,0.3280723081844148,0,nan,0.6666666666666666,0.302339999997624,0.25928760915551824,0.026277618,0.0011218922118132468
1552,139314,0.18556263840575082,0,nan,0.5185185185185185,0.3022049999976246,0.3012298986067643,0.026622368,0.0009173433936666697
1553,139464,-3.849027284974962,0,nan,0.5466666666666666,0.30145499999762804,0.5921836360784369,0.0585011,0.0009759901906363666
1554,139533,-1.004755914014994,0,nan,0.5797101449275363,0.3011099999976296,0.308046746431084,0.03819072,0.0009470006646723419
1555,139534,-0.04527845842409466,0,nan,0.0,0.30109999999762965,0.5804363017759426,0.4312047,0.0005680578178726137
1556,139566,0.07793385938061781,0,nan,0.6875,0.3009399999976304,0.5880801850087264,0.032855783,0.0010123515830855467
1557,139630,-0.5350915936309986,0,nan,0.6875,0.30061999999763184,0.3855052270383672,0.043186523,0.0009069994780475099
1558,139631,-0.05049740977691303,0,nan,2.0,0.3006099999976319,0.2600759494844325,0.7240924,0.001900097995530814
1559,139666,0.06447676519017154,0,nan,0.6285714285714286,0.3004349999976327,0.38875194358199355,0.040978145,0.0010075793227380407
1560,139667,-0.05049738469953942,0,0.54,2.0,0.3004249999976327,0.1960351390857292,0.64038265,0.0008035108330659568
1561,139694,0.20592584050863338,0,nan,0.5185185185185185,0.30028999999763334,0.4261614051132167,0.028943567,0.0009600909586340465
1562,139724,0.13580424948021175,0,nan,0.5333333333333333,0.300139999997634,0.5269234841492851,0.039588433,0.0009172326797852292
1563,139730,-0.2177796444547772,0,nan,0.3333333333333333,0.3001049999976342,0.45275010884179645,0.217188,0.0009972619057710592
1564,139731,-0.048893240452541106,0,nan,0.0,0.3000949999976342,0.3800012238504882,0.61047316,0.001204854459501803
1565,139784,-0.5446341674132604,0,nan,0.5471698113207547,0.29982999999763543,0.3941206358059196,0.049592342,0.0010052249423131558
1566,139934,-3.958349357714127,0,nan,0.56,0.29907999999763885,0.26376292027652415,0.06953655,0.0010249799821758644
1567,139962,0.16977974383980177,0,nan,0.5,0.2989399999976395,0.21557605449269565,0.036385838,0.00094466917133624
1568,140112,-3.4808980242800236,0,nan,0.4533333333333333,0.2981899999976429,0.5438230192718814,0.056321368,0.0010244448908876317
1569,140144,0.11291836553244994,0,nan,0.5625,0.2980299999976436,0.3170663544832454,0.035538375,0.0009583854762240662
1570,140294,-3.638736686480878,0,nan,0.5666666666666667,0.29727999999764704,0.519696088083513,0.05375478,0.000955157670735692
1571,140388,-1.5246606971991594,0,nan,0.5106382978723404,0.2968099999976492,0.2349609432531529,0.03751781,0.0010026954374513885
1572,140413,0.29277756610242156,0,nan,0.48,0.29668499999764975,0.29212852925520844,0.029517168,0.0010086335800588131
1573,140413,0,0,nan,0.0,0.29667999999764977,0.16498406691331036,0.0,0.0
1574,140464,-0.38621776390704365,0,nan,0.5882352941176471,0.29642499999765093,0.27419907912901864,0.042494237,0.0009932125577310502
1575,140465,-0.04627938041683227,0,nan,1.0,0.296414999997651,0.3111787786229556,0.54615027,0.0009220266656484455
1576,140467,-0.07763434983288534,0,nan,1.0,0.29639999999765104,0.2878929061243378,0.40130898,0.0009841831342782825
1577,140617,-4.191451545258299,0,nan,0.6333333333333333,0.29564999999765446,0.14281893714150706,0.0427074,0.0010715638351393865
1578,140644,0.24975293579967084,0,nan,0.5185185185185185,0.29551499999765507,0.4134761094695961,0.03341985,0.0009666218786690108
1579,140671,0.18560467983883544,0,nan,0.48148148148148145,0.2953799999976557,0.3742321939955272,0.03163028,0.0009175158877581082
1580,140821,-4.379036534283676,0,nan,0.5933333333333334,0.2946299999976591,0.44243282326970246,0.08249701,0.0010038153891218826
1581,140890,-0.9207330233933557,0,nan,0.4927536231884058,0.29428499999766067,0.4210022798147571,0.047179848,0.0009550230490698384
1582,141040,-3.5565610427473566,0,nan,0.5066666666666667,0.2935349999976641,0.28505838815651485,0.051395033,0.0010589485540792036
1583,141069,0.13468719211150026,0,nan,0.6551724137931034,0.29338999999766474,0.5430761735536282,0.04282377,0.0009701069733449098
1584,141219,-4.141581842831458,0,nan,0.6133333333333333,0.29263999999766815,0.6123507701454304,0.04986329,0.0010236502724001184
1585,141369,-3.7852129457967427,0,nan,0.4866666666666667,0.29188999999767157,0.40993950767432835,0.05817552,0.0009293170098681003
1586,141369,0,0,nan,0.0,0.2918849999976716,0.34595074153155736,0.0,0.0
1587,141395,0.25477388095493714,0,nan,0.6153846153846154,0.2917549999976722,0.236077235200064,0.04914353,0.0010734103136481
1588,141396,-0.036060303565569454,0,nan,2.0,0.2917449999976722,0.33839106674063296,0.71343887,0.0008218432776629925
1589,141423,0.20603451166076225,0,nan,0.5925925925925926,0.29160999999767284,0.29764098654741483,0.04539556,0.000930100822760896
1590,141573,-3.8520965530882507,0,0.52,0.5,0.29085999999767626,0.44726419294612096,0.053956833,0.0009570799455589925
1591,141631,-0.7424033656218435,0,nan,0.5862068965517241,0.2905699999976776,0.31320722051932215,0.03959885,0.0010740476066310857
1592,141662,0.11627675370274093,0,nan,0.5483870967741935,0.2904149999976783,0.695239710610284,0.03869849,0.0009718165984527479
1593,141812,-4.047188471497093,0,nan,0.56,0.2896649999976817,0.5132944426348643,0.053327672,0.0009991388024839882
1594,141962,-4.008812135949097,0,nan,0.5266666666666666,0.2889149999976851,0.3587437561320721,0.054413654,0.00099653377973785
1595,141986,0.29591970714649074,0,nan,0.7083333333333334,0.28879499999768565,0.18140334672660402,0.02611994,0.0009877890224743169
1596,142136,-4.130323271890552,0,nan,0.6066666666666667,0.28804499999768907,0.12414935585677142,0.0496543,0.001006349393671068
1597,142137,-0.019454775004730786,0,nan,2.0,0.2880349999976891,0.4437524625302859,0.41081348,0.0009750848985277116
1598,142166,0.15036861549189195,0,nan,0.6551724137931034,0.28788999999768977,0.4106046757968452,0.044856574,0.0011155772532721788
1599,142212,-0.3142058835641972,0,nan,0.5,0.2876599999976908,0.4388869206259092,0.04122286,0.0009827038286501825
1600,142275,-0.7680451491883344,0,nan,0.5238095238095238,0.28734499999769225,0.6955795051025222,0.04909239,0.0010707397013902664
1601,142425,-3.496211850074053,0,nan,0.5066666666666667,0.28659499999769567,0.22647962589620377,0.054771684,0.0009714916724866876
1602,142471,-0.28825941171626,0,nan,0.5,0.2863649999976967,0.701629159329169,0.053159382,0.0010167517485451358
1603,142502,0.13571305366222486,0,nan,0.6451612903225806,0.2862099999976974,0.44875873944421907,0.0343299,0.000929530724064417
1604,142652,-3.75298507639267,0,nan,0.6133333333333333,0.28545999999770083,0.6021220473755501,0.05429842,0.0009746257268125191
1605,142802,-3.9179317138170844,0,nan,0.49333333333333335,0.28470999999770424,0.38493562393438735,0.0537955,0.0009795007474410037
1606,142952,-3.6914129840803898,0,nan,0.46,0.28395999999770766,0.26688419205631014,0.061281025,0.0011057529848767444
1607,143041,-1.4000083545295936,0,nan,0.4606741573033708,0.2835149999977097,0.3111902069393045,0.042349685,0.0010019931579244145
1608,143191,-3.533088017489187,0,nan,0.5866666666666667,0.2827649999977131,0.6808222067408718,0.05675404,0.00101712945625574
1609,143341,-3.716204416269018,0,nan,0.56,0.2820149999977165,0.5502173933024875,0.058315277,0.000978686303133145
1610,143381,-0.16723196191668688,0,nan,0.7,0.2818149999977174,0.4589377597033202,0.041845214,0.0009459872817387804
1611,143384,-0.08755571577615555,0,nan,0.0,0.2817949999977175,0.19142040348654307,0.37744808,0.0008677422495869299
1612,143404,0.460516396378049,0,nan,0.5,0.28169499999771797,0.19576051755187746,0.023040451,0.0009427667042473331
1613,143554,-3.4041462058021215,0,nan,0.4866666666666667,0.2809449999977214,0.3960023560871433,0.05602816,0.0009945812460500747
1614,143578,0.27382998060844077,0,nan,0.625,0.2808249999977219,0.2435248512383148,0.043998733,0.0010637187563891832
1615,143608,0.16828267962056087,0,nan,0.5666666666666667,0.2806749999977226,0.36316887172846957,0.037447926,0.000953433297884961
1616,143758,-4.10567058625183,0,nan,0.5466666666666666,0.279924999997726,0.45523931695145153,0.051226866,0.001070659161293103
1617,143758,0,0,nan,0.0,0.27991999999772604,0.26897205865649204,0.0,0.0
1618,143788,0.22033932565069314,0,nan,0.5666666666666667,0.2797699999977267,0.5159424758630778,0.049074695,0.0010170811243976157
1619,143865,-1.174714207687508,0,nan,0.5454545454545454,0.2793849999977285,0.1616070721780096,0.123228,0.0010305123166302098
1620,144015,-3.735829518168714,0,0.61,0.5666666666666667,0.2786349999977319,0.6383764072606023,0.06030258,0.0010934681020444259
1621,144060,-0.1817640527881217,0,nan,0.6,0.2784099999977329,0.24055301703783707,0.03825311,0.0010290882482271021
1622,144210,-3.552622045984316,0,nan,0.5733333333333334,0.27765999999773633,0.2671899001521347,0.08307572,0.0010586199129465968
1623,144236,0.31977486483576745,0,nan,0.34615384615384615,0.2775299999977369,0.3791143073538699,0.036286175,0.0009754523377453622
1624,144237,-0.050497377323840464,0,nan,2.0,0.27751999999773697,0.22125451893184878,0.583363,0.0010860524198506027
1625,144267,0.1208048617607872,0,nan,0.43333333333333335,0.27736999999773765,0.4591755381751981,0.03680925,0.0009984745061956345
1626,144268,-0.04760314732306989,0,nan,0.0,0.2773599999977377,0.42381342771692077,0.7278887,0.0012757271178998053
1627,144342,-1.0179395949242522,0,nan,0.6216216216216216,0.2769899999977394,0.2277237097804459,0.04087859,0.0009863232840576234
1628,144384,-0.29955725991213766,0,nan,0.5238095238095238,0.27677999999774033,0.5596228753739527,0.041129977,0.0010923974069079296
1629,144392,-0.2435001726826695,0,nan,0.5,0.27673499999774054,0.3392861652159434,0.17840599,0.0011522552922542673
1630,144460,-0.9150063144973725,0,nan,0.7647058823529411,0.2763949999977421,0.6386819268398458,0.04339072,0.0009843486327821773
1631,144514,-0.577125378856899,0,nan,0.5555555555555556,0.2761249999977433,0.4041775898193692,0.03672454,0.000944049009208188
1632,144664,-3.5524881817733904,0,nan,0.5266666666666666,0.27537499999774673,0.45624914178164233,0.052443624,0.001051489076538322
1633,144814,-4.098443577404978,0,nan,0.54,0.27462499999775014,0.3119613257129296,0.07155379,0.0009999656727692732
1634,144964,-3.5880627950810493,0,nan,0.58,0.27387499999775355,0.517550319096534,0.055088896,0.0009545449351814265
1635,145020,-0.5990040166742091,0,nan,0.6428571428571429,0.27359499999775483,0.4058871693271097,0.03656682,0.0010880262707360089
1636,145049,0.0991478058661932,0,nan,0.6551724137931034,0.2734499999977555,0.35439316329230736,0.036856376,0.0009531501132657688
1637,145049,0,0,nan,1.0,0.2734449999977555,0.2753134721448326,0.0,0.0
1638,145199,-3.7384107505666484,0,nan,0.56,0.2726949999977589,0.24025332023985338,0.05189403,0.0010112186555246202
1639,145258,-0.6173843655562844,0,nan,0.559322033898305,0.27239999999776027,0.36132997884123197,0.04370928,0.0010085796455900043
1640,145408,-3.669653520030634,0,nan,0.56,0.2716499999977637,0.32690898435355165,0.055017803,0.0009637634694809094
1641,145409,-0.036028159597777165,0,nan,1.0,0.2716399999977637,0.41993290811348166,0.4754955,0.0014152105432003736
1642,145559,-3.7478353626161764,0,nan,0.48,0.27088999999776714,0.3085191264169414,0.053435903,0.0010170952076441607
1643,145586,0.26551959958323723,0,nan,0.4074074074074074,0.27075499999776775,0.47113712648521705,0.043892495,0.0009862951723065365
1644,145587,-0.050044679295793044,0,nan,0.0,0.2707449999977678,0.29400389921400377,0.58358866,0.0009340780088678002
1645,145737,-3.347047725158461,0,nan,0.54,0.2699949999977712,0.4075456519732792,0.05777333,0.0010373322769495037
1646,145774,-0.016131135652566853,0,nan,0.4864864864864865,0.26980999999777205,0.48436171068076017,0.041795634,0.0009980788658926817
1647,145799,0.2378121984296443,0,nan,0.52,0.2696849999977726,0.3028677525743399,0.023364661,0.0010246704367455094
1648,145826,0.277528548089059,0,nan,0.5925925925925926,0.26954999999777324,0.4131689770763912,0.045775674,0.0009807577664981148
1649,145852,0.3055523068736412,0,nan,0.6538461538461539,0.26941999999777383,0.31777899329062803,0.028684327,0.0010157336857026587
1650,146002,-4.225491235307449,0,0.47,0.5866666666666667,0.26866999999777724,0.3632950309749462,0.06267029,0.0009795773731699833
1651,146152,-3.866929145974069,0,nan,0.5333333333333333,0.26791999999778066,0.4162593335663337,0.05412493,0.0010089381191452655
1652,146153,-0.05049747468305833,0,nan,1.0,0.2679099999977807,0.4420568687019103,0.53042644,0.0012194300070405006
1653,146303,-3.8736773690351822,0,nan,0.5466666666666666,0.2671599999977841,0.6371154736645102,0.054657467,0.0010483830169929812
1654,146453,-3.8267685812472423,0,nan,0.5533333333333333,0.2664099999977875,0.7308804272549819,0.06544601,0.0010543813895977413
1655,146603,-4.125094941741375,0,nan,0.5266666666666666,0.26565999999779094,0.4086282872345505,0.056438778,0.001012524367736963
1656,146603,0,0,nan,1.0,0.26565499999779096,0.49569645806281687,0.0,0.0
1657,146661,-1.7609391041313975,0,nan,0.6206896551724138,0.2653599999977923,0.5483521777004577,0.062294602,0.0010023741764096736
1658,146811,-3.7639467538622418,0,nan,0.5666666666666667,0.2646099999977957,0.4658904410428203,0.052129097,0.0010547578741291848
1659,146961,-3.5772794896601336,0,nan,0.5866666666666667,0.26385999999779913,0.6189237373836567,0.0530799,0.0010432595261954702
1660,146996,-0.018585113204838577,0,nan,0.5428571428571428,0.26368499999779993,0.5832755590932606,0.0404183,0.0010016640307315226
1661,147022,0.18071818097319903,0,nan,0.6153846153846154,0.2635549999978005,0.12481261998100825,0.027008085,0.0009535228276105884
1662,147172,-3.5547599018409852,0,nan,0.5,0.26280499999780393,0.49391838066509725,0.050679248,0.0010248372859011094
1663,147174,-0.10661536677318853,0,nan,1.0,0.262789999997804,0.4380400134517924,0.35514235,0.0008568981429561973
1664,147324,-3.6325635561003833,0,nan,0.4666666666666667,0.2620399999978074,0.2885922304897335,0.055632584,0.0010032760809796553
1665,147359,0.0355902220667742,0,nan,0.6285714285714286,0.2618649999978082,0.46751846207025394,0.03456688,0.0010055132542869875
1666,147360,-0.047381800626252996,0,nan,0.0,0.26185499999780826,0.38355902733814573,0.5021595,0.0007892826397437602
1667,147389,0.20697844372983998,0,nan,0.7586206896551724,0.2617099999978089,0.28654335811119475,0.043034203,0.0010658072654944684
1668,147452,-0.8631892755993458,0,nan,0.5238095238095238,0.26139499999781035,0.3147189567937258,0.039753366,0.0010013864070753612
1669,147602,-3.66184322918131,0,nan,0.54,0.26064499999781376,0.6006830483671813,0.051199924,0.001010137497796677
1670,147698,-1.3739973187165808,0,nan,0.5208333333333334,0.26016499999781595,0.5843720576811314,0.045903742,0.00100779801656851
1671,147848,-3.405816895985666,0,nan,0.5266666666666666,0.25941499999781936,0.42751998815934106,0.05893306,0.0011009940460401898
1672,147849,-0.04825844675304739,0,nan,0.0,0.2594049999978194,0.28626943857699655,0.44419336,0.0009928203071467578
1673,147889,-0.26089173368924734,0,nan,0.675,0.2592049999978203,0.6104678489056061,0.04487231,0.0009634616028051824
1674,148003,-1.887184263773355,0,nan,0.5087719298245614,0.2586349999978229,0.5956729029517855,0.045189694,0.001005534308078176
1675,148080,-1.1501546951838417,0,nan,0.5974025974025974,0.25824999999782466,0.5490886405173779,0.051113028,0.0010001699564156014
1676,148230,-4.068206884313618,0,nan,0.54,0.2574999999978281,0.561140774316763,0.07247628,0.0010755349486134946
1677,148285,-0.5736975310405625,0,nan,0.45454545454545453,0.25722499999782933,0.24112691004191106,0.03378,0.0009546799870969897
1678,148435,-3.745306850192698,0,nan,0.4866666666666667,0.25647499999783274,0.34233938619635734,0.07694514,0.0010045019821457875
1679,148465,0.17020506070019792,0,nan,0.6,0.2563249999978334,0.6429852866329708,0.035727095,0.0010135659715160728
1680,148492,0.19224978435951046,0,0.5,0.6666666666666666,0.25618999999783404,0.29487314408004694,0.03680536,0.001067476220972215
1681,148642,-3.4987244886388043,0,nan,0.5666666666666667,0.25543999999783745,0.21407850053174834,0.053181704,0.0010122641333146021
1682,148755,-1.9554736938627593,0,nan,0.49557522123893805,0.25487499999784,0.6755460329421885,0.050945707,0.0011062714872898253
1683,148798,-0.14774251314446496,0,nan,0.5581395348837209,0.254659999997841,0.6945569959597586,0.0474532,0.0010665743327483016
1684,148849,-0.28714841691456694,0,nan,0.5490196078431373,0.25440499999784216,0.10179645179394292,0.03767712,0.0009990769036698575
1685,148877,0.1858569664925065,0,nan,0.5357142857142857,0.2542649999978428,0.3404863836261071,0.044139475,0.0009607830423712065
1686,148904,0.27070363234844363,0,nan,0.5555555555555556,0.2541299999978434,0.2858152478293802,0.037044052,0.0010287449145430906
1687,149000,-1.5614914314931616,0,nan,0.5,0.2536499999978456,0.40949374146704987,0.05207397,0.001180955186252201
1688,149150,-4.461514064032553,0,nan,0.5933333333333334,0.252899999997849,0.5110800052206421,0.061471302,0.0009992083583104734
1689,149300,-3.8967602529024488,0,nan,0.5466666666666666,0.2521499999978524,0.4918113184200621,0.051445153,0.000988136536422341
1690,149363,-0.9037923753310826,0,nan,0.6190476190476191,0.25183499999785386,0.19743957154168082,0.037003644,0.0009655042982009786
1691,149419,-0.4067031216439234,0,nan,0.4642857142857143,0.25155499999785513,0.19332335405021567,0.039352737,0.0010980263926155334
1692,149453,0.03654379694134613,0,nan,0.6176470588235294,0.2513849999978559,0.4254917870037639,0.02942278,0.0011798863680964773
1693,149486,-0.015217593199562507,0,nan,0.6666666666666666,0.25121999999785666,0.5522561527853569,0.03657083,0.0010534436115642275
1694,149636,-3.564665046468264,0,nan,0.41333333333333333,0.25046999999786007,0.2983156343000632,0.055146337,0.0010094390585436487
1695,149663,0.2712626802794219,0,nan,0.6666666666666666,0.2503349999978607,0.31238337340171074,0.04018067,0.001082690095278883
1696,149806,-3.121070094024204,0,nan,0.5524475524475524,0.2496199999978618,0.45805359088270015,0.04817927,0.001031459802501164
1697,149842,0.01219794400085683,0,nan,0.5,0.24943999999786162,0.46596116303442137,0.050712306,0.0010352460885769688
1698,149849,-0.23837872854319,0,nan,0.5714285714285714,0.24939999999786158,0.3290215821797801,0.17366716,0.001035355991916731
1699,149928,-1.107230626258867,0,nan,0.6329113924050633,0.2490049999978612,0.6341941061394741,0.04392463,0.001056456469040647
1700,150078,-4.197814661230237,0,nan,0.4866666666666667,0.24825499999786044,0.4501994572498608,0.05342983,0.0009783371391434532
1701,150121,-0.2534430356585664,0,nan,0.5348837209302325,0.24803999999786022,0.4615458264947816,0.038367033,0.0010075147160827074
1702,150158,-0.028973871542613217,0,nan,0.6486486486486487,0.24785499999786004,0.66722848053768,0.04315345,0.0010156713105970994
1703,150308,-4.2380609890319665,0,nan,0.5466666666666666,0.2471049999978593,0.3283591168068118,0.058893345,0.000978867430627967
1704,150458,-4.035050270076561,0,nan,0.56,0.24635499999785854,0.3292731202307287,0.0780843,0.0010556465511520703
1705,150608,-3.6987205331093316,0,nan,0.4533333333333333,0.2456049999978578,0.3632721500678715,0.051961947,0.001039903981727548
1706,150732,-2.350132685099331,0,nan,0.5806451612903226,0.24498499999785717,0.535577378741272,0.053217217,0.0010741626345759047
1707,150768,0.016199886396762397,0,nan,0.6666666666666666,0.244804999997857,0.6386644062757707,0.04641012,0.0009936617764954765
1708,150796,0.18451315162972548,0,nan,0.5,0.24466499999785685,0.38048239913384985,0.038432334,0.0010668966923341422
1709,150825,0.10397101820590704,0,nan,0.5517241379310345,0.2445199999978567,0.35761611500360097,0.03882015,0.0010372701679067366
1710,150877,-0.40561092197201176,0,0.56,0.40384615384615385,0.24425999999785644,0.2560634114610509,0.04135677,0.0010388385019793462
1711,151027,-4.023715617410232,0,nan,0.42,0.2435099999978557,0.5575446681965863,0.055643894,0.000983421655643421
1712,151177,-3.398761178603127,0,nan,0.4266666666666667,0.24275999999785494,0.38366085214577494,0.053033374,0.0010170715938632687
1713,151327,-3.58518434685269,0,nan,0.5133333333333333,0.2420099999978542,0.5807497228321431,0.054707725,0.001000080501641302
1714,151361,-0.010975669562936163,0,nan,0.6176470588235294,0.24183999999785402,0.5293130408271401,0.03831127,0.001010438015595462
1715,151389,0.066386419756571,0,nan,0.5714285714285714,0.24169999999785388,0.4024118201969897,0.035630498,0.0009772344035029943
1716,151539,-3.6489368817066734,0,nan,0.49333333333333335,0.24094999999785313,0.5879989273656806,0.05745876,0.0010019701820177336
1717,151689,-3.8903147324344998,0,nan,0.4666666666666667,0.24019999999785238,0.46339914469352195,0.058292765,0.0010202858826960438
1718,151839,-3.518204065803409,0,nan,0.48,0.23944999999785163,0.521958461586378,0.057757072,0.0009684480139791655
1719,151989,-3.6868273967822334,0,nan,0.4866666666666667,0.23869999999785088,0.6069966114705231,0.060091197,0.0009964902004382262
1720,152139,-3.8216760905767337,0,nan,0.5533333333333333,0.23794999999785013,0.4098064166188659,0.059742246,0.0010043787939745623
1721,152289,-3.2482985007536866,0,nan,0.49333333333333335,0.23719999999784938,0.6471449774049726,0.05868646,0.0010098712505229438
1722,152439,-3.437948775865786,0,nan,0.56,0.23644999999784863,0.39974667170265066,0.05446855,0.0009741514319709191
1723,152439,0,0,nan,0.0,0.23644499999784863,0.2083210862982455,0.0,0.0
1724,152466,0.21876815978232478,0,nan,0.6666666666666666,0.2363099999978485,0.2702034106436816,0.027165739,0.0009977642351899434
1725,152502,0.08544762499264025,0,nan,0.4722222222222222,0.2361299999978483,0.2665617844266363,0.04647035,0.0009117499268743106
1726,152504,-0.0961286002088825,0,nan,1.0,0.2361149999978483,0.4276716775626777,0.42388785,0.000963420607149601
1727,152654,-3.5891683903333464,0,nan,0.5133333333333333,0.23536499999784755,0.6005005344456114,0.056386005,0.0009557537084522968
1728,152804,-3.4826511800515974,0,nan,0.56,0.2346149999978468,0.6623000238545413,0.05902258,0.0009738842454195644
1729,152954,-3.5718390184469024,0,nan,0.5066666666666667,0.23386499999784605,0.45251812572061295,0.057682343,0.0010238487211366495
1730,152958,-0.14583331356506007,0,nan,0.75,0.23383999999784602,0.2613423763057998,0.3328136,0.0009938223302015103
1731,153108,-3.5340221163739134,0,nan,0.52,0.23308999999784527,0.47566675493142285,0.05833765,0.0010126067156670615
1732,153171,-0.7816482316686958,0,nan,0.5714285714285714,0.23277499999784496,0.28324127106564906,0.04478143,0.001007303697637297
1733,153171,0,0,nan,0.0,0.23276999999784495,0.4202609547687488,0.0,0.0
1734,153204,0.016784861477236457,0,nan,0.5151515151515151,0.23260499999784479,0.31862223354510705,0.056458823,0.001029480009685468
1735,153229,0.23758734830287975,0,nan,0.56,0.23247999999784466,0.16335257515323526,0.034834716,0.0009707603603601456
1736,153379,-3.5555641402421037,0,nan,0.5266666666666666,0.2317299999978439,0.409050423364595,0.053781085,0.0010125333354032288
1737,153529,-4.3368327510114915,0,nan,0.43333333333333335,0.23097999999784316,0.428399647595981,0.07863122,0.000999515914299991
1738,153529,0,0,nan,0.0,0.23097499999784316,0.24749921859029017,0.0,0.0
1739,153555,0.24819536794298847,0,nan,0.5,0.23084499999784303,0.23114656856729135,0.036808815,0.0008771408387334445
1740,153587,0.2328528976233708,0,0.53,0.5625,0.23068499999784287,0.31404598826917274,0.045438617,0.0009755928758750088
1741,153663,-1.1546175481669634,0,nan,0.5921052631578947,0.23030499999784249,0.33212417557878515,0.040604766,0.0009517531262214394
1742,153689,0.21430921488330312,0,nan,0.38461538461538464,0.23017499999784236,0.24581955017097235,0.02843043,0.0012883327458089648
1743,153839,-3.874868220742925,0,nan,0.6,0.2294249999978416,0.3818317891293726,0.05589702,0.0009892364995903336
1744,153989,-3.4966695429794563,0,nan,0.5866666666666667,0.22867499999784086,0.5610996214865352,0.052759223,0.0010620426916284488
1745,154071,-1.0275303198001673,0,nan,0.524390243902439,0.22826499999784045,0.30764874077575577,0.04314413,0.0010404508360718355
1746,154102,0.1289357975154245,0,nan,0.5483870967741935,0.2281099999978403,0.3430273612952001,0.030912148,0.00102086822998019
1747,154127,0.2636597586459054,0,nan,0.72,0.22798499999784017,0.2317087541398267,0.02506817,0.0010225174180231989
1748,154256,-2.051578809559391,0,nan,0.5193798449612403,0.22733999999783952,0.3659983867609279,0.049971275,0.001007473698858706
1749,154287,0.1309621235670123,0,nan,0.45161290322580644,0.22718499999783937,0.4338634689883401,0.044793967,0.0009560605817128935
1750,154288,-0.05049728439004102,0,nan,2.0,0.22717499999783936,0.37264953019249475,0.6492092,0.001045705343130976
1751,154291,-0.10855003812138239,0,nan,0.6666666666666666,0.22715499999783934,0.6062084231081432,0.37827742,0.0009315265924669802
1752,154291,0,0,nan,0.0,0.22714999999783933,0.23812080089459944,0.0,0.0
1753,154347,-0.6868859122905016,0,nan,0.6607142857142857,0.22686999999783905,0.15530608508846855,0.03735804,0.0009595981796987221
1754,154497,-3.4471824243078504,0,nan,0.5533333333333333,0.2261199999978383,0.3877493026791609,0.05295503,0.00104764249913084
1755,154647,-3.653531721427117,0,nan,0.5333333333333333,0.22536999999783755,0.36874591856286626,0.049477343,0.0009848990302998573
1756,154797,-4.281420185756728,0,nan,0.47333333333333333,0.2246199999978368,0.3042302137970023,0.091273226,0.0010157848188343149
1757,154947,-3.3797022752432624,0,nan,0.48,0.22386999999783605,0.6263491739112222,0.057703476,0.000973135804621658
1758,155097,-4.053561454790894,0,nan,0.42,0.2231199999978353,0.25823433806839485,0.05760487,0.0009854687023713874
1759,155247,-3.69417833821626,0,nan,0.43333333333333335,0.22236999999783455,0.5652367593080394,0.06324467,0.0010101498572233443
1760,155397,-3.191355131911737,0,nan,0.5733333333333334,0.2216199999978338,0.4534429686671582,0.08107848,0.0010051932661250854
1761,155440,-0.16269777083536408,0,nan,0.4418604651162791,0.22140499999783358,0.6392745706781893,0.04363904,0.0009597057285772767
1762,155467,0.18143529178722395,0,nan,0.8148148148148148,0.22126999999783345,0.3356275717956962,0.03319266,0.0009239375390785022
1763,155617,-3.851169522896177,0,nan,0.58,0.2205199999978327,0.3301536668242461,0.04771795,0.0010232699245292071
1764,155767,-3.453383367794051,0,nan,0.43333333333333335,0.21976999999783195,0.49092316024377053,0.057985123,0.0010350655937024081
1765,155828,-0.5245981743012913,0,nan,0.5245901639344263,0.21946499999783164,0.5921324414518587,0.044894088,0.001006630507439039
1766,155909,-1.2876363166440647,0,nan,0.5061728395061729,0.21905999999783124,0.24880116970626934,0.037924644,0.001046520263678107
1767,155909,0,0,nan,0.0,0.21905499999783123,0.2851617291131271,0.0,0.0
1768,155934,0.29927423401991793,0,nan,0.52,0.2189299999978311,0.24328677440005866,0.031673197,0.001116030435077846
1769,156084,-3.6794346278734653,0,nan,0.54,0.21817999999783036,0.4286707113071812,0.054221082,0.0010318365976369629
1770,156172,-1.2375797310893288,0,0.41,0.4659090909090909,0.21773999999782992,0.5989309011969295,0.04520063,0.0010472832364030182
1771,156197,0.32245274673357327,0,nan,0.76,0.2176149999978298,0.16929519245579036,0.043448154,0.0011681878834497183
1772,156224,0.2503545055639069,0,nan,0.7037037037037037,0.21747999999782966,0.2867186033310662,0.042463373,0.0009753652891420104
1773,156226,-0.06564155452566915,0,nan,1.0,0.21746499999782964,0.3182532552931758,0.5414007,0.001105014409404248
1774,156376,-4.178189919998733,0,nan,0.6066666666666667,0.2167149999978289,0.5899196575456194,0.053880665,0.0010828245862891587
1775,156405,0.15838244404073176,0,nan,0.3448275862068966,0.21656999999782875,0.3773142477056671,0.041719075,0.0009821892408894953
1776,156555,-3.786568123506607,0,nan,0.5133333333333333,0.215819999997828,0.5103151697299577,0.053555373,0.0009977306891232728
1777,156651,-1.6509851913530156,0,nan,0.5104166666666666,0.21533999999782752,0.2968688518204487,0.105802126,0.001067196923637918
1778,156801,-3.6369962169482477,0,nan,0.5333333333333333,0.21458999999782677,0.23774297452079265,0.05272858,0.0010253158083651215
1779,156951,-3.7103431034913643,0,nan,0.5066666666666667,0.21383999999782602,0.18633889067023984,0.0566475,0.0010456647236909097
1780,156990,-0.09815061806998271,0,nan,0.48717948717948717,0.21364499999782582,0.4265565026055359,0.041239735,0.0009763006185097859
1781,157039,-0.3825737995898736,0,nan,0.5510204081632653,0.21339999999782558,0.22162817281192682,0.07924327,0.0010095910099097432
1782,157039,0,0,nan,0.0,0.21339499999782557,0.3467096224155134,0.0,0.0
1783,157040,-0.05049747468305833,0,nan,0.0,0.21338499999782556,0.2317278135161177,0.40918466,0.0008924347348511219
1784,157190,-3.986020949236882,0,nan,0.49333333333333335,0.21263499999782481,0.244864682227892,0.053704713,0.0010579162247207326
1785,157340,-3.8623062890402418,0,nan,0.49333333333333335,0.21188499999782406,0.39983377128776254,0.082021035,0.0010558444376996096
1786,157490,-3.5872428212118996,0,nan,0.49333333333333335,0.2111349999978233,0.4030104204709573,0.05268369,0.001047977169509977
1787,157515,0.31299842334058037,0,nan,0.4,0.2110099999978232,0.2657534363011313,0.029726805,0.0010537007509265094
1788,157665,-4.001690121234889,0,nan,0.5533333333333333,0.21025999999782244,0.1496236172043568,0.050487157,0.0010539090334593009
1789,157815,-3.7927644082289067,0,nan,0.5666666666666667,0.2095099999978217,0.49142976853085263,0.07479627,0.0009691442019538954
1790,157856,-0.1446612087858411,0,nan,0.5121951219512195,0.20930499999782148,0.5776456843491677,0.04567414,0.0010267502696412365
1791,157884,0.245796657649753,0,nan,0.35714285714285715,0.20916499999782134,0.3535419747419822,0.04458245,0.0010166494404464693
1792,158034,-3.5218859377802403,0,nan,0.5266666666666666,0.2084149999978206,0.35790824132978866,0.05241406,0.0010397143320490917
1793,158035,-0.05049744075485497,0,nan,1.0,0.20840499999782058,0.5681929836898442,0.55870676,0.0008623294124845415
1794,158036,-0.04673125293216792,0,nan,0.0,0.20839499999782057,0.3681894803676415,0.6372319,0.0008989009074866772
1795,158065,0.21634333775848957,0,nan,0.5862068965517241,0.20824999999782043,0.39236490156368076,0.04646651,0.0009944826336416963
1796,158215,-3.9964753100382913,0,nan,0.49333333333333335,0.20749999999781968,0.6191314912284855,0.057178676,0.001012396522370788
1797,158216,-0.05049747468305833,0,nan,0.0,0.20748999999781967,0.22234215338545865,0.41462314,0.0009172901336569339
1798,158366,-3.6620101777611693,0,nan,0.54,0.20673999999781892,0.33310857196677435,0.08979016,0.0010175313239839548
1799,158367,-0.04552700557618644,0,nan,1.0,0.2067299999978189,0.2995407079918784,0.6994064,0.0007875508454162627
1800,158369,-0.05779824796994583,0,0.62,0.5,0.2067149999978189,0.505107284886746,0.39366636,0.001040468763676472
1801,158519,-3.529406903445591,0,nan,0.5133333333333333,0.20596499999781814,0.26294360842298947,0.049064863,0.001048905582477649
1802,158669,-3.419126669278287,0,nan,0.4866666666666667,0.2052149999978174,0.760990262064106,0.050995186,0.001023157510596017
1803,158819,-3.809918861970567,0,nan,0.5133333333333333,0.20446499999781664,0.6447020828584681,0.062956825,0.0010402876130926112
1804,158969,-4.447742433172524,0,nan,0.5666666666666667,0.2037149999978159,0.5250057104411935,0.061957233,0.001095143201916168
1805,159065,-1.4597991480250814,0,nan,0.4270833333333333,0.2032349999978154,0.5069967632247255,0.050884873,0.0009944742144701497
1806,159120,-0.5068070543100137,0,nan,0.4909090909090909,0.20295999999781514,0.30685832654963496,0.037481185,0.0010084221949165856
1807,159121,-0.05049726521331698,0,nan,1.0,0.20294999999781513,0.3421092905711793,0.5700825,0.0009321981051471084
1808,159271,-3.5442794476599304,0,nan,0.52,0.20219999999781438,0.6203021226118497,0.056303438,0.0010208442743169144
1809,159308,-0.015501944239776355,0,nan,0.5405405405405406,0.2020149999978142,0.4692839432455879,0.031729043,0.001096684531296125
1810,159458,-3.965288914445162,0,nan,0.49333333333333335,0.20126499999781344,0.39686075483392014,0.061052207,0.0009995882550720126
1811,159608,-3.299940766763468,0,nan,0.4533333333333333,0.2005149999978127,0.4853206139215718,0.05604133,0.0010568373704639574
1812,159710,-1.8165211627134232,0,nan,0.5686274509803921,0.20000499999781218,0.42936124965252304,0.042784907,0.0009666214435699158
1813,159760,-0.346708899209891,0,nan,0.54,0.19975499999781193,0.5556991463278247,0.048081845,0.0010273759879055433
1814,159910,-3.635407461000911,0,nan,0.44,0.19900499999781118,0.3411473139456343,0.05113248,0.0010734690768488993
1815,159910,0,0,nan,0.0,0.19899999999781118,0.27171041169559784,0.0,0.0
1816,159912,-0.0656384809781425,0,nan,1.0,0.19898499999781116,0.4073039079267479,0.38014373,0.0009296716889366508
1817,159938,0.20891054100618223,0,nan,0.6153846153846154,0.19885499999781103,0.23932385535233403,0.03648273,0.001044191483882829
1818,160088,-3.7080356348712593,0,nan,0.52,0.19810499999781028,0.460229872400592,0.052619558,0.0010200457515505453
1819,160238,-3.6554732196400495,0,nan,0.5733333333333334,0.19735499999780953,0.3869663210328507,0.053090148,0.0010619787821390977
1820,160388,-3.7253804956731704,0,nan,0.5,0.19660499999780878,0.3077186371415335,0.056982435,0.001001753242065509
1821,160412,0.2849311379793362,0,nan,0.6666666666666666,0.19648499999780866,0.16647264292942518,0.023472866,0.0009772884247164864
1822,160447,0.03947708802042493,0,nan,0.6285714285714286,0.1963099999978085,0.15350797523377968,0.025483487,0.0009475768947075786
1823,160448,-0.05049738174930187,0,nan,1.0,0.19629999999780848,0.21124350574345208,0.6262045,0.0012101128813810647
1824,160474,0.25441913811724304,0,nan,0.6538461538461539,0.19616999999780835,0.27725994611652066,0.036767285,0.001002734062449935
1825,160624,-3.707265732852462,0,nan,0.47333333333333333,0.1954199999978076,0.2734924302875354,0.049965076,0.0010055451930384152
1826,160774,-3.581847448450876,0,nan,0.48,0.19466999999780685,0.6360161050985983,0.056774974,0.0009791538064018823
1827,160798,0.294364629101335,0,nan,0.4583333333333333,0.19454999999780673,0.17140293318073455,0.03483561,0.0009242019975014651
1828,160948,-3.7051964235943498,0,nan,0.54,0.19379999999780598,0.3983983034055934,0.047738597,0.0009926141848942886
1829,161098,-3.636009447910355,0,nan,0.5133333333333333,0.19304999999780523,0.18256142276198928,0.05581451,0.000966020256067471
1830,161099,-0.008435269753877126,0,0.51,0.0,0.19303999999780522,0.37251697030692266,0.5931949,0.0010466428066138178
1831,161140,-0.1679912506010094,0,nan,0.4634146341463415,0.192834999997805,0.6071263256046047,0.046347454,0.0010797537837699965
1832,161141,-0.04819963899453944,0,nan,0.0,0.192824999997805,0.4622836329233351,0.5918631,0.0008466111612506211
1833,161166,0.22916393870934004,0,nan,0.64,0.19269999999780488,0.19060448115741804,0.036123883,0.0010460354015231132
1834,161316,-3.7202038574988365,0,nan,0.5333333333333333,0.19194999999780413,0.5330918952596831,0.06342967,0.0011046613273598875
1835,161371,-0.5526106824089472,0,nan,0.41818181818181815,0.19167499999780385,0.5638743836675143,0.04227079,0.0010517649749420923
1836,161521,-3.6917095635067176,0,nan,0.48,0.1909249999978031,0.3563550655861355,0.054543115,0.001018636624988479
1837,161523,-0.11030545502219817,0,nan,1.0,0.1909099999978031,0.2501265685484586,0.4240741,0.0008671601244714111
1838,161673,-3.6345923833290796,0,nan,0.5066666666666667,0.19015999999780234,0.248861711133104,0.054688454,0.0010550824138529909
1839,161700,0.16064394679149963,0,nan,0.5185185185185185,0.1900249999978022,0.21324613595900288,0.043248612,0.0010043148682194038
1840,161850,-3.7910563272021056,0,nan,0.47333333333333333,0.18927499999780145,0.6447211942258682,0.05117145,0.0010338156247356285
1841,162000,-3.7479151710486063,0,nan,0.49333333333333335,0.1885249999978007,0.33254166199634533,0.052341074,0.0010840740425434585
1842,162030,0.06541023199658225,0,nan,0.4666666666666667,0.18837499999780055,0.4711656167928338,0.028643668,0.0010992246728468065
1843,162180,-3.4991135614243345,0,nan,0.42,0.1876249999977998,0.34100233371646455,0.055664245,0.001049837537672526
1844,162215,-0.0025457529793654343,0,nan,0.4857142857142857,0.18744999999779963,0.5095178952829533,0.04112169,0.0010455536506404834
1845,162244,0.21608348404028954,0,nan,0.5517241379310345,0.18730499999779948,0.5724552264552272,0.05231698,0.0011225584693702645
1846,162394,-4.1183639942518875,0,nan,0.4533333333333333,0.18655499999779873,0.5283860982482287,0.05611491,0.0010220142171601765
1847,162419,0.21286147285315293,0,nan,0.52,0.1864299999977986,0.19677526653806796,0.031644545,0.0010619619616772978
1848,162450,0.14651304826177702,0,nan,0.5483870967741935,0.18627499999779845,0.6063329944806963,0.05261378,0.00099413106856387
1849,162600,-3.947063521664127,0,nan,0.5066666666666667,0.1855249999977977,0.7170681607783015,0.048497748,0.0010387443042903517
1850,162626,0.2632840275639926,0,nan,0.2692307692307692,0.18539499999779757,0.2549864722532508,0.0324358,0.0010184658699122688
1851,162776,-3.500929252324099,0,nan,0.47333333333333333,0.18464499999779682,0.5464970951185281,0.052803114,0.0009981896578877543
1852,162804,0.2019092021680502,0,nan,0.4642857142857143,0.18450499999779668,0.4214245689801717,0.030771224,0.0010147366992896423
1853,162804,0,0,nan,0.0,0.18449999999779668,0.2521596000875036,0.0,0.0
1854,162912,-1.9870851158752556,0,nan,0.4537037037037037,0.18395999999779614,0.7045814924876798,0.045034174,0.0009883693005745212
1855,162913,-0.05010253847111611,0,nan,0.0,0.18394999999779613,0.4846026421522622,0.42814696,0.0010332431411370635
1856,163063,-3.5493279936735918,0,nan,0.44666666666666666,0.18319999999779538,0.703643388131894,0.0670504,0.0010305575950769709
1857,163213,-3.626470609825263,0,nan,0.5133333333333333,0.18244999999779463,0.6439586648971516,0.062298298,0.0009518079061914856
1858,163363,-3.751850974842119,0,nan,0.44666666666666666,0.18169999999779388,0.6389632675761102,0.054423153,0.0010384197946405038
1859,163513,-3.783879784342212,0,nan,0.47333333333333333,0.18094999999779313,0.6170719729018724,0.056457724,0.0009906343179560888
1860,163554,-0.03817483921681708,0,0.4,0.5853658536585366,0.18074499999779292,0.5907672082683988,0.04252237,0.0010490588383839988
1861,163556,-0.0656395293896029,0,nan,1.0,0.1807299999977929,0.3781930115352678,0.3653563,0.0011880678648594767
1862,163672,-1.91853030733364,0,nan,0.47413793103448276,0.18014999999779233,0.500886168974356,0.05613858,0.001044014853662169
1863,163822,-3.85606349715561,0,nan,0.4266666666666667,0.17939999999779158,0.3801346614090828,0.049122956,0.0010430519674749423
1864,163856,-0.02215616666054876,0,nan,0.6470588235294118,0.1792299999977914,0.39183721184787895,0.03166264,0.001072260838768938
1865,163966,-2.0010041364974285,0,nan,0.5454545454545454,0.17867999999779086,0.3783587893717647,0.043152895,0.0010323110594816338
1866,164006,-0.12587228919169013,0,nan,0.65,0.17847999999779066,0.7170519821324972,0.036262207,0.0010232119049760513
1867,164156,-3.6740660855601104,0,nan,0.56,0.1777299999977899,0.4869438793631413,0.05216994,0.001033232618550149
1868,164306,-3.505805148314545,0,nan,0.5333333333333333,0.17697999999778916,0.7081977770371007,0.057791628,0.0010027242804062553
1869,164308,-0.11563696692501964,0,nan,0.5,0.17696499999778914,0.351269072226483,0.48255515,0.0011647500505205244
1870,164336,0.25521465977582314,0,nan,0.39285714285714285,0.176824999997789,0.4683363248189947,0.039607525,0.001059070995584729
1871,164337,-0.05049747468305833,0,nan,0.0,0.176814999997789,0.2849332166737376,0.655322,0.0011750445701181889
1872,164487,-3.6500272854790343,0,nan,0.5266666666666666,0.17606499999778824,0.3335110931263465,0.049493082,0.001038707040133886
1873,164551,-0.776769824079853,0,nan,0.53125,0.17574499999778792,0.6669937911763064,0.04522397,0.0009664483550295699
1874,164701,-3.5678118117849054,0,nan,0.44,0.17499499999778717,0.6678389903367844,0.057979457,0.001008794788698045
1875,164851,-3.509725957580827,0,nan,0.54,0.17424499999778642,0.3467681146246843,0.05435535,0.001022920660325326
1876,165001,-3.5298139515614055,0,nan,0.47333333333333333,0.17349499999778567,0.35591818157419564,0.051961727,0.0010278615695036328
1877,165151,-3.4101589992255357,0,nan,0.43333333333333335,0.17274499999778492,0.45621782870367505,0.05338576,0.0010349393830013773
1878,165152,-0.05049747468305833,0,nan,0.0,0.1727349999977849,0.27904312893578226,0.5376216,0.0015284004621207714
1879,165302,-3.6219710441915933,0,nan,0.5133333333333333,0.17198499999778416,0.5355474990049965,0.055127107,0.0010367835693371793
1880,165452,-3.8188412808713568,0,nan,0.48,0.1712349999977834,0.3570938429713407,0.058864046,0.0010449343116488308
1881,165602,-4.088085419464524,0,nan,0.48,0.17048499999778266,0.2713339121159255,0.07257143,0.0010585845824486267
1882,165752,-4.041319059019122,0,nan,0.44666666666666666,0.1697349999977819,0.28614230187267276,0.054910857,0.0010346475792660688
1883,165902,-3.7447621891506384,0,nan,0.47333333333333333,0.16898499999778116,0.5914885622147026,0.053283475,0.001028693134818847
1884,165902,0,0,nan,0.0,0.16897999999778116,0.3142817226609734,0.0,0.0
1885,166052,-3.4254184607035345,0,nan,0.5,0.1682299999977804,0.45992398272236346,0.057100475,0.0010134555378075068
1886,166202,-3.6063879725849217,0,nan,0.4533333333333333,0.16747999999777965,0.36119848017122785,0.05673648,0.0010044646837438147
1887,166352,-3.5805842848300684,0,nan,0.5133333333333333,0.1667299999977789,0.4340947670228625,0.056103624,0.0010430899287651603
1888,166502,-3.591715584020599,0,nan,0.49333333333333335,0.16597999999777815,0.3310893584669317,0.050111994,0.0010109841227919484
1889,166652,-4.248983447390895,0,nan,0.54,0.1652299999977774,0.43742683786843073,0.039480414,0.0010413577160215937
1890,166698,-0.3071132047861832,0,0.36,0.391304347826087,0.16499999999777717,0.5446897120250525,0.053099874,0.0009946624897724098
1891,166848,-4.091012167621166,0,nan,0.47333333333333333,0.16424999999777642,0.4768818648685105,0.054512642,0.001028720867082787
1892,166998,-4.1884719973116,0,nan,0.5066666666666667,0.16349999999777567,0.22080597023482357,0.04753287,0.001028583497585108
1893,167073,-1.0918772152333343,0,nan,0.4666666666666667,0.1631249999977753,0.5627628282900715,0.037846867,0.0010397134212932239
1894,167223,-3.727728616073949,0,nan,0.5,0.16237499999777455,0.5590503158473413,0.064204596,0.0010337527884015192
1895,167373,-3.701913026843634,0,nan,0.4533333333333333,0.1616249999977738,0.6821886787194538,0.052509796,0.0010570374206872657
1896,167425,-0.5981988683515952,0,nan,0.4423076923076923,0.16136499999777354,0.3455290072719508,0.0393643,0.0010796700270685295
1897,167456,0.09816659002683403,0,nan,0.6774193548387096,0.16120999999777338,0.48554142910366593,0.032910466,0.001057124904154109
1898,167516,-0.9012286462527254,0,nan,0.4666666666666667,0.16090999999777308,0.4327642050291291,0.033449378,0.0009842357006467257
1899,167516,0,0,nan,0.0,0.16090499999777308,0.2661849373639874,0.0,0.0
1900,167566,-0.4322482003118898,0,nan,0.48,0.16065499999777283,0.4774353673614057,0.05112633,0.0010691477125510573
1901,167641,-0.9348532460626335,0,nan,0.4266666666666667,0.16027999999777245,0.46565356563472543,0.045476034,0.0010192497699366262
1902,167791,-3.6945061537803023,0,nan,0.4866666666666667,0.1595299999977717,0.2458139991457256,0.045397624,0.001038955218779544
1903,167825,0.0053493737317521495,0,nan,0.5294117647058824,0.15935999999777153,0.6153838495206307,0.04261501,0.0010101126227870256
1904,167975,-3.8158852229767017,0,nan,0.41333333333333333,0.15860999999777078,0.4466761093026139,0.054446176,0.000999272055438875
1905,168055,-1.045908649291086,0,nan,0.425,0.15820999999777038,0.6464152949264004,0.05210349,0.0010021875274105695
1906,168056,-0.050271705042100115,0,nan,0.0,0.15819999999777037,0.12652883833226722,0.5242519,0.000991527020232752
1907,168202,-2.3717169734868064,0,nan,0.541095890410959,0.15746999999776964,0.6749488371478939,0.049339104,0.0009833869834475167
1908,168352,-3.719376532819052,0,nan,0.4066666666666667,0.1567199999977689,0.6146171327335838,0.050518826,0.0009926571933707843
1909,168502,-3.968494548398168,0,nan,0.4266666666666667,0.15596999999776814,0.3734341895808662,0.055589683,0.001015877010844027
1910,168503,-0.05048526051916885,0,nan,1.0,0.15595999999776813,0.20772694211227233,0.5113549,0.0010840694012586027
1911,168504,-0.05049712360027879,0,nan,1.0,0.15594999999776812,0.2786487089482312,0.61715853,0.0010942363005597144
1912,168654,-3.7829576848995012,0,nan,0.5266666666666666,0.15519999999776737,0.3460292584371035,0.054647043,0.0009992542713492488
1913,168787,-2.450248347588568,0,nan,0.45112781954887216,0.1545349999977667,0.45669739036880586,0.056306258,0.0010205385547842046
1914,168787,0,0,nan,0.0,0.1545299999977667,0.5386984602789983,0.0,0.0
1915,168822,-0.05576059006322309,0,nan,0.6,0.15435499999776653,0.6320779758137453,0.0447256,0.0010056993782719863
1916,168872,-0.3945871903990752,0,nan,0.3,0.15410499999776628,0.45873566558569073,0.052072268,0.0010775373748037964
1917,169022,-4.044321012104908,0,nan,0.43333333333333335,0.15335499999776553,0.548722479365047,0.05740808,0.0009844526421511545
1918,169053,0.1508743674907096,0,nan,0.5806451612903226,0.15319999999776537,0.5896752934193823,0.05592559,0.001004418088761609
1919,169106,-0.45068185212096856,0,nan,0.37735849056603776,0.1529349999977651,0.4197408251146249,0.03942704,0.0010342518634268276
1920,169168,-0.71124160742612,0,0.55,0.46774193548387094,0.1526249999977648,0.62816258482321,0.0562188,0.0009721454402859954
1921,169213,-0.23963696710380644,0,nan,0.5555555555555556,0.15239999999776457,0.4437442778171775,0.04151377,0.0010440406143768794
1922,169363,-4.01112948333121,0,nan,0.47333333333333333,0.15164999999776382,0.22130630815800467,0.05160676,0.0010542609448505875
1923,169387,0.3186655195312028,0,nan,0.75,0.1515299999977637,0.23573835490407402,0.038289234,0.001201738613114382
1924,169388,-0.05049747468305833,0,nan,1.0,0.1515199999977637,0.5247250714512706,0.60927224,0.0008716819284018129
1925,169415,0.1842102589090443,0,nan,0.5185185185185185,0.15138499999776356,0.3466221095654254,0.035651963,0.000930683239992639
1926,169565,-3.974601937551661,0,nan,0.36,0.1506349999977628,0.5768851131685939,0.049927916,0.0010268767608795316
1927,169715,-3.605041229932882,0,nan,0.4866666666666667,0.14988499999776206,0.3205618794385914,0.053588264,0.0010085713248311852
1928,169715,0,0,nan,1.0,0.14987999999776205,0.33416516223580006,0.0,0.0
1929,169745,0.1406667734764483,0,nan,0.5,0.1497299999977619,0.5748384392197596,0.03336868,0.0009886234426327671
1930,169745,0,0,nan,0.0,0.1497249999977619,0.30070990881655646,0.0,0.0
1931,169776,0.05312661498813043,0,nan,0.6451612903225806,0.14956999999776174,0.5295366117328154,0.038262088,0.0010034394227043395
1932,169816,-0.17973119177812125,0,nan,0.425,0.14936999999776154,0.6720301404159337,0.038453773,0.0009227576170815155
1933,169949,-2.2787297272185754,0,nan,0.47368421052631576,0.14870499999776088,0.5207471288350275,0.061830126,0.000968864278957997
1934,170099,-4.066631047916602,0,nan,0.42,0.14795499999776013,0.3945279411785791,0.066252284,0.0010119825279495368
1935,170249,-4.187016607139381,0,nan,0.41333333333333333,0.14720499999775938,0.39791756726326954,0.06718615,0.0010467793012503535
1936,170295,-0.32241049746358963,0,nan,0.41304347826086957,0.14697499999775915,0.624042228629121,0.04119383,0.001086124191794585
1937,170445,-3.4564164461986513,0,nan,0.4666666666666667,0.1462249999977584,0.2984815383042973,0.056027826,0.0010385134955868125
1938,170481,-0.014784791392772445,0,nan,0.5277777777777778,0.14604499999775822,0.6010939110553241,0.04293421,0.0010345639271286523
1939,170631,-4.014194198158979,0,nan,0.35333333333333333,0.14529499999775747,0.42090278938243975,0.052091613,0.0010109902693269154
1940,170781,-3.4725610693451037,0,nan,0.54,0.14454499999775672,0.5790096810262657,0.057143796,0.0009755865221571488
1941,170931,-3.47072546648439,0,nan,0.44666666666666666,0.14379499999775597,0.6456137111912206,0.058057975,0.0010088102507870645
1942,171081,-3.8700434498202005,0,nan,0.48,0.14304499999775522,0.48703854999981394,0.053393517,0.0010119948447875988
1943,171101,0.34627305176746925,0,nan,0.6,0.14294499999775512,0.11721142556695867,0.030858824,0.0009408971425727941
1944,171142,-0.1508038792231594,0,nan,0.5121951219512195,0.1427399999977549,0.3241102254443554,0.04218196,0.0009724940112990713
1945,171142,0,0,nan,1.0,0.1427349999977549,0.3194093098455969,0.0,0.0
1946,171292,-3.7159366942090197,0,nan,0.49333333333333335,0.14198499999775416,0.28117421202481757,0.04868249,0.0010429202953431134
1947,171292,0,0,nan,0.0,0.14197999999775415,0.4253048391131224,0.0,0.0
1948,171332,-0.15637867821989082,0,nan,0.75,0.14177999999775395,0.5732706653158042,0.038705837,0.0009991607548727188
1949,171482,-4.054393737062297,0,nan,0.4666666666666667,0.1410299999977532,0.4066315518252565,0.055420063,0.0009845426461348931
1950,171632,-3.975237774597478,0,0.42,0.42,0.14027999999775245,0.2638812687992585,0.06299286,0.0010042560478905217
1951,171633,-0.048397192697901124,0,nan,1.0,0.14026999999775244,0.550702025523088,0.4435931,0.0009250695875380188
1952,171666,0.1440012129597682,0,nan,0.5151515151515151,0.14010499999775228,0.6097165552241589,0.03636853,0.0010141509331085465
1953,171785,-1.935108377286701,0,nan,0.42016806722689076,0.13950999999775168,0.545006753193142,0.05346336,0.0009678830805982017
1954,171814,0.15797711012698323,0,nan,0.3793103448275862,0.13936499999775154,0.5085653103021294,0.028892979,0.0009615826054179141
1955,171964,-4.061495218594253,0,nan,0.3933333333333333,0.1386149999977508,0.2429463636684167,0.05531796,0.0010078363462040821
1956,172114,-3.7197198192976666,0,nan,0.5466666666666666,0.13786499999775004,0.3070481574435945,0.051611044,0.0009983615775126964
1957,172264,-4.150421209435455,0,nan,0.52,0.1371149999977493,0.6452863513846131,0.06741726,0.0010367227299138903
1958,172296,0.11054197405136057,0,nan,0.375,0.13695499999774913,0.45041584159337,0.04538104,0.0009764566848389222
1959,172326,0.13350293824452275,0,nan,0.4666666666666667,0.13680499999774898,0.41399002827629006,0.035568688,0.0010132298271249359
1960,172476,-3.4180552976324208,0,nan,0.44666666666666666,0.13605499999774823,0.37907972801014356,0.0634978,0.0010260216669606356
1961,172601,-2.295654722416062,0,nan,0.432,0.1354299999977476,0.48501478221949856,0.051396675,0.0010094120685243979
1962,172624,0.29386062239597766,0,nan,0.5217391304347826,0.1353149999977475,0.14688661407153952,0.023456618,0.0009852657347674603
1963,172674,-0.4016286922736323,0,nan,0.5,0.13506499999774724,0.31874472492189204,0.040835638,0.000991864936077036
1964,172749,-1.1720415454845,0,nan,0.41333333333333333,0.13468999999774686,0.4924792782869113,0.045353208,0.0009714328998234123
1965,172823,-1.06882319169932,0,nan,0.4594594594594595,0.1343199999977465,0.667196973592047,0.04048299,0.0010102035366061672
1966,172879,-0.5517519079814547,0,nan,0.39285714285714285,0.1340399999977462,0.4883218442370506,0.042178955,0.0010091204042380144
1967,172879,0,0,nan,1.0,0.1340349999977462,0.2638860119945287,0.0,0.0
1968,172880,-0.04422284121559177,0,nan,1.0,0.1340249999977462,0.46378801788664475,0.4260284,0.0009892574744299054
1969,172931,-0.43779736479812814,0,nan,0.49019607843137253,0.13376999999774594,0.33176006872811103,0.03819082,0.0009960132361704704
1970,173081,-3.952569398218837,0,nan,0.4666666666666667,0.1330199999977452,0.5643630696020407,0.06776346,0.0010174000366047645
1971,173231,-4.0260724354127095,0,nan,0.36,0.13226999999774444,0.2756661747470162,0.06045482,0.001015774185943883
1972,173232,-0.043020067613124116,0,nan,0.0,0.13225999999774443,0.5396755513108284,0.5796517,0.0010641986737027764
1973,173296,-0.8094417293464673,0,nan,0.53125,0.1319399999977441,0.29836046974936664,0.035863217,0.0010170927391754958
1974,173446,-3.7841616162521214,0,nan,0.44666666666666666,0.13118999999774336,0.509171113436544,0.051500317,0.0009736899575606609
1975,173596,-3.7196462955245537,0,nan,0.4266666666666667,0.1304399999977426,0.49894579882781276,0.053375434,0.0010165477090049535
1976,173720,-2.5362967429253267,0,nan,0.47580645161290325,0.129819999997742,0.30381096012046516,0.08592255,0.0010483349577689002
1977,173870,-3.6886793429634213,0,nan,0.37333333333333335,0.12906999999774124,0.46466831439305634,0.052371085,0.0010160648692787314
1978,173870,0,0,nan,1.0,0.12906499999774124,0.5082637477684767,0.0,0.0
1979,174020,-3.7108194710693,0,nan,0.44666666666666666,0.1283149999977405,0.3105070469009574,0.05049608,0.001052161422558129
1980,174170,-4.088655461388051,0,0.57,0.5066666666666667,0.12756499999773974,0.5669855393023148,0.05440064,0.0010343328894426426
1981,174170,0,0,nan,1.0,0.12755999999773973,0.35331212389582134,0.0,0.0
1982,174217,-0.39570954268492275,0,nan,0.425531914893617,0.1273249999977395,0.40251051950684896,0.04340866,0.000975946433213044
1983,174246,0.19744717342804996,0,nan,0.4482758620689655,0.12717999999773935,0.26990570247345674,0.028406937,0.0009342381913327323
1984,174248,-0.10345140919641493,0,nan,1.0,0.12716499999773934,0.3340619107122246,0.41723433,0.001384258284815587
1985,174300,-0.4252729661507193,0,nan,0.40384615384615385,0.12690499999773908,0.6422606544353338,0.05560212,0.0010804631682941152
1986,174450,-4.007660910672798,0,nan,0.4666666666666667,0.12615499999773833,0.2946459090833688,0.053103782,0.001031355411784413
1987,174483,0.038926831601990175,0,nan,0.3333333333333333,0.12598999999773816,0.4836385133849563,0.03882073,0.0010651221276599574
1988,174633,-3.888396763493064,0,nan,0.38,0.1252399999977374,0.3786848453808262,0.054011166,0.0010074105792834112
1989,174717,-1.2824437631591326,0,nan,0.5476190476190477,0.12481999999773699,0.3038694501518251,0.046317007,0.0009694368557012197
1990,174867,-3.7197463972991316,0,nan,0.38666666666666666,0.12406999999773624,0.3795459076461119,0.053650822,0.0009960902843158693
1991,174894,0.18697326929974878,0,nan,0.48148148148148145,0.1239349999977361,0.2836787124104471,0.039470244,0.0010578613491142514
1992,174921,0.19988732653742824,0,nan,0.5555555555555556,0.12379999999773597,0.40013076005742304,0.030843783,0.001080321795867618
1993,175071,-4.4334261546760985,0,nan,0.4266666666666667,0.12304999999773522,0.5605617993725494,0.036488824,0.0010595890813662361
1994,175071,0,0,nan,1.0,0.12304499999773522,0.268566816021759,0.0,0.0
1995,175072,-0.03600090745136672,0,nan,2.0,0.1230349999977352,0.541627237268748,0.44409612,0.001139997853897512
1996,175222,-4.147443175626767,0,nan,0.4,0.12228499999773446,0.6612495237850714,0.056862302,0.0010429827651629844
1997,175222,0,0,nan,1.0,0.12227999999773445,0.3769294968947269,0.0,0.0
1998,175250,0.11185353132074194,0,nan,0.35714285714285715,0.12213999999773431,0.3852575822712794,0.03315719,0.0009795658739416727
1999,175400,-3.6234203363532376,0,nan,0.49333333333333335,0.12138999999773356,0.2554387855696729,0.055140737,0.0010598275616454582
2000,175550,-4.105459878707169,0,nan,0.46,0.12063999999773281,0.38812059448031494,0.055547453,0.0010267186698426183
2001,175700,-3.9258711211539747,0,nan,0.5,0.11988999999773206,0.3767999525780744,0.080795676,0.0010628796075858797
2002,175728,0.2175720290718971,0,nan,0.4642857142857143,0.11974999999773192,0.4082710823311407,0.04456811,0.0010597416933576045
2003,175729,-0.04909493436211772,0,nan,0.0,0.11973999999773191,0.33500954831031104,0.606613,0.0008606802439317107
2004,175771,-0.24500958145281093,0,nan,0.42857142857142855,0.1195299999977317,0.5927272792246384,0.03838741,0.0010600666268839546
2005,175921,-3.564284464414831,0,nan,0.5,0.11877999999773095,0.48060388715272995,0.05370435,0.0009933428196624542
2006,176016,-1.667821278154915,0,nan,0.42105263157894735,0.11830499999773048,0.5771468096324653,0.05862412,0.0010154120639383204
2007,176019,-0.1593841951377121,0,nan,1.0,0.11828499999773046,0.38313841749393607,0.3670996,0.00107074566767551
2008,176019,0,0,nan,1.0,0.11827999999773045,0.3637982988109586,0.0,0.0
2009,176116,-1.8918420487963457,0,nan,0.4639175257731959,0.11779499999772997,0.2887891204639589,0.042973146,0.0010329214621997754
2010,176266,-3.902066624546001,0,0.66,0.38,0.11704499999772922,0.5464731869556096,0.062480424,0.001028402554608571
2011,176307,-0.21280320789333051,0,nan,0.5365853658536586,0.11683999999772901,0.45439267711867654,0.037009805,0.0010087682358727494
2012,176356,-0.2693220133107107,0,nan,0.4897959183673469,0.11659499999772877,0.39517192499789744,0.050497912,0.0010184058699785371
2013,176506,-4.185077819873019,0,nan,0.44666666666666666,0.11584499999772802,0.3081498336989036,0.052278187,0.0010441501182504
2014,176543,-0.09574218933677736,0,nan,0.43243243243243246,0.11565999999772783,0.5140890823208976,0.046954725,0.0010633546995892618
2015,176693,-4.144529462899451,0,nan,0.42,0.11490999999772708,0.2466331530389741,0.052738674,0.0009958876832388342
2016,176843,-3.867822858218831,0,nan,0.38,0.11415999999772633,0.2190202019751221,0.0561244,0.0010199713446975996
2017,176993,-3.5667990797430775,0,nan,0.41333333333333333,0.11340999999772558,0.6591091727571895,0.051351015,0.001043571515668494
2018,177024,0.08410508729349553,0,nan,0.4838709677419355,0.11325499999772543,0.5136117413141226,0.035542373,0.0010979599563495045
2019,177174,-3.6519253837073573,0,nan,0.43333333333333335,0.11250499999772468,0.3918842403009216,0.05745058,0.001134348861911955
2020,177324,-3.3982206355284537,0,nan,0.48,0.11175499999772393,0.5281361441171593,0.057609793,0.001046098911901936
2021,177370,-0.2155338848752727,0,nan,0.5217391304347826,0.1115249999977237,0.5849782482144867,0.06718909,0.00098892608050095
2022,177520,-4.282322953408906,0,nan,0.38,0.11077499999772294,0.3107257100343388,0.06747187,0.0010041233522739882
2023,177520,0,0,nan,0.0,0.11076999999772294,0.29931990282678433,0.0,0.0
2024,177608,-1.2424485790310724,0,nan,0.4772727272727273,0.1103299999977225,0.5381683540611288,0.051933262,0.0010373223019335207
2025,177758,-3.610926646763399,0,nan,0.46,0.10957999999772175,0.4420890427093048,0.055705234,0.0009707624936709181
2026,177908,-3.6392789035289335,0,nan,0.46,0.108829999997721,0.34645633024315314,0.04999509,0.00100292618231227
2027,178058,-3.7700430743207325,0,nan,0.5,0.10807999999772025,0.4198582490138656,0.0583889,0.0010446343675721437
2028,178132,-1.0587170444907599,0,nan,0.3918918918918919,0.10770999999771988,0.7023531307561025,0.045546014,0.0009945458929192879
2029,178282,-3.614460714524655,0,nan,0.3933333333333333,0.10695999999771913,0.36365361884855535,0.052020818,0.0010255514704234276
2030,178432,-4.008828781297095,0,nan,0.4666666666666667,0.10620999999771838,0.4408402644984758,0.054253787,0.0010341998245955134
2031,178484,-0.3586361096300583,0,nan,0.40384615384615385,0.10594999999771812,0.3184943062618022,0.039382223,0.001017663967594182
2032,178511,0.18310510985487982,0,nan,0.4074074074074074,0.10581499999771798,0.3499455969254447,0.027281301,0.001016663927455536
2033,178554,-0.20100340132964023,0,nan,0.5116279069767442,0.10559999999771777,0.6465998833521328,0.059447166,0.001020089269691515
2034,178608,-0.4718010670226167,0,nan,0.46296296296296297,0.1053299999977175,0.7671010833676665,0.054894567,0.0010247708420070853
2035,178680,-1.1080338594433479,0,nan,0.4861111111111111,0.10496999999771714,0.2442167496184452,0.036661126,0.0010009551159681804
2036,178830,-3.5557934588681173,0,nan,0.48,0.10421999999771639,0.2825247283123481,0.055973917,0.0010221271655367066
2037,178980,-4.149090660779978,0,nan,0.44666666666666666,0.10346999999771564,0.516595789300278,0.062184583,0.0010590348476155972
2038,179011,0.1202688246287914,0,nan,0.45161290322580644,0.10331499999771548,0.11957179330724382,0.04407545,0.0011036343395619864
2039,179117,-2.06497150552839,0,nan,0.5094339622641509,0.10278499999771495,0.39191535431097285,0.09225239,0.0010479280188622586
2040,179118,-0.050497375848719696,0,0.39,1.0,0.10277499999771494,0.21861702680540457,0.7162657,0.0007112242456059903
2041,179118,0,0,nan,1.0,0.10276999999771494,0.26961090328329407,0.0,0.0
2042,179268,-3.8136712475197534,0,nan,0.31333333333333335,0.10201999999771419,0.4620185967176833,0.056893222,0.0010063786770721588
2043,179269,-0.039185720893459744,0,nan,2.0,0.10200999999771418,0.2832422513421908,0.6290866,0.0011184742324985564
2044,179419,-4.024521177176365,0,nan,0.42,0.10125999999771343,0.1678728119280362,0.075087026,0.0010473776271101088
2045,179569,-4.711676385880344,0,nan,0.48,0.10050999999771268,0.3095774848783632,0.06612721,0.0010534588292163485
2046,179627,-0.5996065706378754,0,nan,0.46551724137931033,0.10021999999771239,0.435838474930354,0.10661402,0.0010346262183859303
2047,179777,-3.6184409623587372,0,nan,0.4,0.1,0.3725689018755009,0.051719222,0.001029476635546113
2048,179855,-1.139170862231372,0,nan,0.3717948717948718,0.1,0.4775244343492232,0.04899315,0.0010064812444257908
2049,179905,-0.45015267603043174,0,nan,0.42,0.1,0.6201062978809835,0.0418411,0.0010476954991463572
2050,179906,-0.04444534245910024,0,nan,1.0,0.1,0.456135580742416,0.45494714,0.0010074293822981417
2051,180056,-4.352082878214597,0,nan,0.5066666666666667,0.1,0.14485998356680269,0.03292557,0.0010981154362283026
2052,180206,-3.7694507675003734,0,nan,0.4266666666666667,0.1,0.3102607408525077,0.05053577,0.0010687472071731464
2053,180274,-0.8725817472975989,0,nan,0.45588235294117646,0.1,0.5958327279249966,0.04204314,0.0010207550748258225
2054,180337,-0.6394209842969439,0,nan,0.47619047619047616,0.1,0.48903342298531965,0.032319635,0.0010709175031580445
2055,180374,-0.07626979820186885,0,nan,0.5675675675675675,0.1,0.3681998260623123,0.0422763,0.0010520348032760259
2056,180374,0,0,nan,1.0,0.1,0.38535930548043473,0.0,0.0
2057,180524,-4.089161879708,0,nan,0.4266666666666667,0.1,0.35152389710738224,0.08482441,0.0010591067144802462
2058,180553,0.16380569106676235,0,nan,0.3448275862068966,0.1,0.4595567131629954,0.033375062,0.0010561600180969027
2059,180558,-0.18177069473318164,0,nan,0.8,0.1,0.3711179318241595,0.2615835,0.0010404470085632056
2060,180708,-3.957428840044014,0,nan,0.44,0.1,0.6368203866239452,0.052220453,0.0010936189180938527
2061,180786,-1.0943675072311134,0,nan,0.41025641025641024,0.1,0.5823764307231792,0.053024538,0.001070096878743826
2062,180903,-2.3151280646946315,0,nan,0.5384615384615384,0.1,0.45325724905079795,0.08210383,0.001071180751782038
2063,180934,0.21909260686364684,0,nan,0.3548387096774194,0.1,0.36716224701395633,0.045557227,0.001096739778257606
2064,181084,-3.9158650887047783,0,nan,0.41333333333333333,0.1,0.5291224039330732,0.055077408,0.0010560000000987202
2065,181234,-3.6951427055504387,0,nan,0.44,0.1,0.6652959630304615,0.047632918,0.0010885027881401281
2066,181384,-3.720429230989918,0,nan,0.43333333333333335,0.1,0.1822479070685876,0.05505669,0.0010645072563784197
2067,181440,-0.6006101758407333,0,nan,0.5714285714285714,0.1,0.2800408089628407,0.029126832,0.0010477338135907693
2068,181590,-4.176473169164005,0,nan,0.4666666666666667,0.1,0.46388289552566975,0.031982478,0.0010847699405470241
2069,181740,-3.8754214013468427,0,nan,0.4066666666666667,0.1,0.3913130657589904,0.053583145,0.0010417556815082206
2070,181890,-3.733301301724938,0,0.5,0.4666666666666667,0.1,0.5627752670020822,0.053974446,0.001000869852141477
2071,182040,-3.5773594267433197,0,nan,0.47333333333333333,0.1,0.4798037607044828,0.054226354,0.0010041253563637534
2072,182190,-4.184914817540082,0,nan,0.36,0.1,0.4491471072159586,0.0551599,0.0010541789905012895
2073,182226,0.07235336394694503,0,nan,0.4722222222222222,0.1,0.3604296311290539,0.044040274,0.0010014932607494604
2074,182226,0,0,nan,1.0,0.1,0.46244987798815007,0.0,0.0
2075,182376,-3.71682889440991,0,nan,0.44666666666666666,0.1,0.34972944516137455,0.063461594,0.0010270878032315523
2076,182377,-0.03900391527910502,0,nan,0.0,0.1,0.4073549906844511,0.6482769,0.0009561183687765151
2077,182427,-0.4694464791383104,0,nan,0.34,0.1,0.6434690673397511,0.047871895,0.001167330162716098
2078,182469,-0.22855174649518162,0,nan,0.5952380952380952,0.1,0.5191794593437288,0.03529195,0.0010481865243664721
2079,182619,-3.738152937752537,0,nan,0.5066666666666667,0.1,0.472070681213002,0.05404443,0.0010622076022749145
2080,182769,-3.699578390693263,0,nan,0.43333333333333335,0.1,0.3604201734989156,0.077729985,0.001015129828786788
2081,182770,-0.04905676024139263,0,nan,0.0,0.1,0.41839146109380143,0.6556704,0.0011936698574572802
2082,182920,-3.7067320464844737,0,nan,0.4066666666666667,0.1,0.18422289613167767,0.052040473,0.0010076040700854113
2083,183070,-4.063445907208984,0,nan,0.44,0.1,0.5419742868177618,0.04988124,0.0010432263849846398
2084,183071,-0.04375007002927993,0,nan,1.0,0.1,0.5024834300610912,0.47893292,0.0008387226553168148
2085,183100,0.2799814295007451,0,nan,0.4482758620689655,0.1,0.585934770047229,0.047920868,0.0011251190364168122
2086,183120,0.3873189746199589,0,nan,0.6,0.1,0.17909252340078777,0.016915794,0.0011651442968286575
2087,183270,-4.19727648537529,0,nan,0.3466666666666667,0.1,0.21847202838326618,0.054752845,0.0010348960483679548
2088,183270,0,0,nan,0.0,0.1,0.22281504794660728,0.0,0.0
2089,183294,0.3089128195665708,0,nan,0.4583333333333333,0.1,0.19087632933423204,0.037253458,0.0009149204342975281
2090,183353,-0.7561131526678944,0,nan,0.4915254237288136,0.1,0.2847955448883768,0.04179347,0.001013154694731584
2091,183503,-3.481139525291706,0,nan,0.49333333333333335,0.1,0.49932743648325895,0.05463977,0.0010932168905856089
2092,183552,-0.2683201749224011,0,nan,0.40816326530612246,0.1,0.594925825813558,0.044503048,0.0010026395053612258
2093,183630,-1.2752965198730055,0,nan,0.5,0.1,0.7101600238677137,0.039643064,0.0010917209061191012
2094,183780,-4.065839434379184,0,nan,0.44,0.1,0.5471814949331943,0.06885089,0.0011082076613092794
2095,183781,-0.036564967476445824,0,nan,2.0,0.1,0.40036945811827857,0.68719524,0.001034371933201328
2096,183822,-0.22925779226198217,0,nan,0.3170731707317073,0.1,0.6554678600414737,0.03821163,0.001032476483776075
2097,183972,-3.9832601353374075,0,nan,0.44666666666666666,0.1,0.5320126030559217,0.058928672,0.0010238571818141887
2098,183973,-0.04964267084961295,0,nan,0.0,0.1,0.47413525091809067,0.5983969,0.0010156554635614157
2099,184123,-3.4659089720588194,0,nan,0.52,0.1,0.6589687617237007,0.055352688,0.0010571201966376976
2100,184198,-0.9072058719031975,0,0.6,0.37333333333333335,0.1,0.22346918812824407,0.044726815,0.0010016108626344552
2101,184285,-1.4038219870199524,0,nan,0.4827586206896552,0.1,0.3671965706064179,0.038662784,0.000994378134498544
2102,184312,0.27219716798638294,0,nan,0.4444444444444444,0.1,0.25000865340582895,0.037503235,0.0010626473382149856
2103,184312,0,0,nan,0.0,0.1,0.39484757665322734,0.0,0.0
2104,184462,-3.686574809686249,0,nan,0.42,0.1,0.506583338078931,0.05490849,0.0010301986338648323
2105,184462,0,0,nan,0.0,0.1,0.3281734560690058,0.0,0.0
2106,184464,-0.13308974107643162,0,nan,0.0,0.1,0.4420045194067533,0.4686735,0.0008807202102616429
2107,184489,0.22581876179819194,0,nan,0.56,0.1,0.18136559541629357,0.031728912,0.00102341603836976
2108,184533,-0.3057906504759216,0,nan,0.4772727272727273,0.1,0.5365827554814198,0.04214218,0.0010092987239741806
2109,184683,-3.613504350455298,0,nan,0.5133333333333333,0.1,0.5194068272065941,0.05367137,0.0010970649383186051
2110,184833,-3.6248695223755427,0,nan,0.38666666666666666,0.1,0.5659565137746743,0.061147835,0.0011199582940510785
2111,184872,-0.16821465830724824,0,nan,0.48717948717948717,0.1,0.6253905445322732,0.039547455,0.0010745594627223909
2112,185022,-3.787437405369259,0,nan,0.4666666666666667,0.1,0.4335339650378484,0.103413925,0.0011009256842468556
2113,185172,-3.675904023526192,0,nan,0.4533333333333333,0.1,0.5622745153166135,0.05178911,0.0010233580019363823
2114,185322,-3.9356986232933266,0,nan,0.4,0.1,0.3784333695822632,0.053085864,0.0010491463642877837
2115,185460,-2.2031867041187496,0,nan,0.38405797101449274,0.1,0.49539580142651823,0.058770105,0.0010860267011330639
2116,185494,0.007994518784410265,0,nan,0.5588235294117647,0.1,0.43246262282770953,0.035790827,0.00111404834965737
2117,185644,-3.964448448044953,0,nan,0.44666666666666666,0.1,0.4118628222324262,0.055539563,0.0010598901699025495
2118,185794,-3.863887672855509,0,nan,0.46,0.1,0.2567559958097264,0.067152,0.001091397050768137
2119,185822,0.17747077776466924,0,nan,0.42857142857142855,0.1,0.5108374245638304,0.033660345,0.0010555445847525594
2120,185949,-2.525987999332943,0,nan,0.48031496062992124,0.1,0.4214451015265722,0.05091499,0.0010212962845648369
2121,185975,0.21291511495780435,0,nan,0.2692307692307692,0.1,0.23999500593157727,0.031147055,0.001157556462343424
2122,186125,-3.801762543479212,0,nan,0.5266666666666666,0.1,0.2236483989810316,0.051585577,0.0010426935660264765
2123,186127,-0.0656544939810917,0,nan,0.5,0.1,0.3188432898055205,0.4215046,0.000962883495958522
2124,186169,-0.10666977489648377,0,nan,0.4523809523809524,0.1,0.5266637109302715,0.041658584,0.0010702910797027428
2125,186319,-4.038636338713299,0,nan,0.4866666666666667,0.1,0.39031860174753946,0.069084704,0.0010484749649185686
2126,186320,-0.04905650079136478,0,nan,0.0,0.1,0.34900662020161666,0.4979852,0.0012725830310955644
2127,186440,-1.9569064887352543,0,nan,0.475,0.1,0.44061623793470606,0.050655223,0.0010425718670982558
2128,186590,-3.798453099283351,0,nan,0.5466666666666666,0.1,0.6049638705951997,0.056744415,0.0010508128020834799
2129,186624,0.00861446669200605,0,nan,0.4117647058823529,0.1,0.5190427449596168,0.03337489,0.001062470382962869
2130,186670,-0.3535509322167174,0,0.62,0.34782608695652173,0.1,0.36864038462599463,0.037620917,0.0010366996518670298
2131,186820,-4.885473089225974,0,nan,0.44,0.1,0.5002377500229678,0.06515611,0.0011061079887440429
2132,186821,-0.05049747468305833,0,nan,0.0,0.1,0.32553872289935326,0.5777244,0.0010261533607263118
2133,186849,0.21598924506882933,0,nan,0.5357142857142857,0.1,0.2951225179665101,0.051144123,0.0012266799697369737
2134,186999,-4.182903775071218,0,nan,0.44,0.1,0.4839799773346106,0.054569192,0.0011286875039028625
2135,187000,-0.046589368852535076,0,nan,0.0,0.1,0.18751457906925928,0.7091689,0.0011980959679931402
2136,187150,-4.0764980559844854,0,nan,0.42,0.1,0.5214713055037695,0.056811836,0.0011046021326910705
2137,187300,-3.5465389910282545,0,nan,0.5,0.1,0.5454249322357656,0.054689083,0.00108495783652567
2138,187300,0,0,nan,1.0,0.1,0.30313642006656866,0.0,0.0
2139,187410,-1.9809271526827312,0,nan,0.4727272727272727,0.1,0.3923993213886128,0.051853042,0.0010623957168056884
2140,187560,-3.929507814062948,0,nan,0.41333333333333333,0.1,0.32053620827614054,0.05163544,0.0010601966022901858
2141,187710,-3.872619657946469,0,nan,0.41333333333333333,0.1,0.25628956841299333,0.054183573,0.0010806314724807937
2142,187860,-3.5556816763608867,0,nan,0.38666666666666666,0.1,0.5840773252169925,0.05992023,0.0010277285401631767
2143,187887,0.22229150889068194,0,nan,0.37037037037037035,0.1,0.3238048901170674,0.03012745,0.0011273927186805479
2144,187889,-0.06563964558843302,0,nan,0.5,0.1,0.37668218874612536,0.40642667,0.001085572861484252
2145,188039,-3.6990133814673154,0,nan,0.44666666666666666,0.1,0.5635746215741273,0.058637053,0.0010585150596064826
2146,188071,0.09269647092679356,0,nan,0.40625,0.1,0.6516025188726161,0.042355753,0.0011100384526798734
2147,188143,-1.0591675786886314,0,nan,0.5277777777777778,0.1,0.38806619487637223,0.0400794,0.001046261990268249
2148,188144,-0.04657150819823444,0,nan,1.0,0.1,0.34352372482887666,0.45184696,0.0008890240569598973
2149,188144,0,0,nan,0.0,0.1,0.35561103322296866,0.0,0.0
2150,188203,-0.7595178640523479,0,nan,0.5932203389830508,0.1,0.27909141101613016,0.118661314,0.0010754868187902147
2151,188244,-0.22869573118276298,0,nan,0.5609756097560976,0.1,0.36966064231014334,0.040217344,0.0011225913611535982
2152,188250,-0.19705231656963929,0,nan,0.6666666666666666,0.1,0.3372627760870535,0.25310877,0.0010231764220710222
2153,188400,-4.28387086999655,0,nan,0.44666666666666666,0.1,0.46491249960408754,0.05451341,0.0010798863129457459
2154,188550,-3.8427127298386052,0,nan,0.49333333333333335,0.1,0.5596306989080359,0.055227548,0.0010511453837777178
2155,188700,-3.5030700205519874,0,nan,0.42,0.1,0.6616990189661176,0.05047557,0.0010586980788502842
2156,188762,-0.6626278454076203,0,nan,0.5483870967741935,0.1,0.5827441301589029,0.045226272,0.0010708623829545573
2157,188819,-0.6495599874711943,0,nan,0.47368421052631576,0.1,0.47671672494501566,0.045078177,0.0010334037202451248
2158,188864,-0.19253579846822744,0,nan,0.4,0.1,0.36014086847942073,0.051006693,0.0011496416099059084
2159,188899,0.0028524500508276818,0,nan,0.34285714285714286,0.1,0.40993532359404156,0.039527174,0.0011132944865883993
2160,188899,0,0,0.42,0.0,0.1,0.4574189347355149,0.0,0.0
2161,188929,0.12758943824996494,0,nan,0.5333333333333333,0.1,0.526060277738336,0.04442449,0.0011296718381345271
2162,189079,-3.6866712314199206,0,nan,0.44666666666666666,0.1,0.3042504145648919,0.050908506,0.0010837659026340892
2163,189080,-0.05049747468305833,0,nan,1.0,0.1,0.4110862775683758,0.6274474,0.0008320039487443864
2164,189230,-3.6394707361204586,0,nan,0.44666666666666666,0.1,0.38815326439574666,0.051945303,0.0011043964547570795
2165,189331,-1.7116160405116572,0,nan,0.39603960396039606,0.1,0.7251254333242647,0.057809442,0.0010596321363204925
2166,189359,0.14129755528150878,0,nan,0.39285714285714285,0.1,0.35658139272893297,0.033163603,0.0010087450292693184
2167,189433,-1.0276795100168075,0,nan,0.47297297297297297,0.1,0.4418939864274512,0.0445848,0.0011230377437911826
2168,189583,-3.662273908353595,0,nan,0.4,0.1,0.5835777506695025,0.053902924,0.0011026237293845042
2169,189733,-3.86178320370157,0,nan,0.48,0.1,0.5583171359047635,0.05367442,0.0010610016626499904
2170,189883,-3.8388189773363117,0,nan,0.44666666666666666,0.1,0.5100090122752778,0.05500803,0.0010666013543959706
2171,190033,-3.783766149083954,0,nan,0.4533333333333333,0.1,0.3945925969690205,0.08599527,0.0010521408032703524
2172,190183,-4.408230337802354,0,nan,0.5133333333333333,0.1,0.557855704850262,0.06717918,0.0010914143931586295
2173,190333,-3.9502389273364242,0,nan,0.35333333333333333,0.1,0.5786563204573317,0.05386995,0.0010737276882476483
2174,190483,-3.7861774963631305,0,nan,0.43333333333333335,0.1,0.5591978592739705,0.057950784,0.0010745975791360252
2175,190483,0,0,nan,0.0,0.1,0.4825324780245805,0.0,0.0
2176,190614,-2.5363970066778743,0,nan,0.4122137404580153,0.1,0.3390683029604062,0.055721838,0.001088843212368763
2177,190691,-1.221688068725628,0,nan,0.5064935064935064,0.1,0.48994249109789073,0.04388201,0.001059545467111778
2178,190841,-3.4796792710370155,0,nan,0.47333333333333333,0.1,0.4378178018406549,0.05261291,0.001056440037015515
2179,190991,-3.806418853025231,0,nan,0.38,0.1,0.4440594186753972,0.0896069,0.0010786793421721085
2180,191141,-3.97931364215488,0,nan,0.4,0.1,0.6312427289102291,0.053655338,0.001053996403546383
2181,191166,0.3035601413048068,0,nan,0.48,0.1,0.26219981813098453,0.029445432,0.0010458347329404204
2182,191211,-0.3007047645506917,0,nan,0.4222222222222222,0.1,0.4032059005082605,0.07277098,0.0011286739052997696
2183,191333,-1.9567848724064607,0,nan,0.39344262295081966,0.1,0.440885505390456,0.058304355,0.001083862763108136
2184,191483,-3.638067387012606,0,nan,0.36666666666666664,0.1,0.6252638819698452,0.05696619,0.0010211175284348427
2185,191633,-3.8455557769150137,0,nan,0.44,0.1,0.37728178417219627,0.07365434,0.0010456133837578817
2186,191783,-3.697722580075417,0,nan,0.38,0.1,0.6386919563800133,0.056961853,0.001045339541742578
2187,191825,-0.020749719987873227,0,nan,0.4523809523809524,0.1,0.5735387564805623,0.03519066,0.001036132887488098
2188,191975,-3.615652934646564,0,nan,0.43333333333333335,0.1,0.4937225239159625,0.053487886,0.0010411841051730637
2189,192125,-4.121321880825608,0,nan,0.4,0.1,0.4933836654121033,0.05334256,0.0010788584287123133
2190,192275,-4.0532796375727935,0,0.4,0.4866666666666667,0.1,0.31921422489361423,0.054168843,0.0010530553531134502
2191,192276,-0.04998478465629187,0,nan,1.0,0.1,0.4056664977833282,0.6063581,0.0012397686368785799
2192,192277,-0.049630969668638156,0,nan,2.0,0.1,0.218306036933557,0.48172894,0.0011336285970173776
2193,192427,-3.7720864425732272,0,nan,0.41333333333333333,0.1,0.4428904642505549,0.051776126,0.0010758806850450734
2194,192534,-1.9809146702310194,0,nan,0.4766355140186916,0.1,0.5487091275513384,0.04362469,0.0010775417371252638
2195,192684,-3.879684200998195,0,nan,0.48,0.1,0.4824024848116927,0.09742133,0.0010420059129440536
2196,192750,-0.9853159774895427,0,nan,0.5303030303030303,0.1,0.24910048883591449,0.029359728,0.0010010624352038246
2197,192900,-4.229405691910342,0,nan,0.43333333333333335,0.1,0.47467798360880503,0.07114021,0.0010246459791475597
2198,192964,-0.6491001627409907,0,nan,0.25,0.1,0.3457449056625097,0.05125494,0.0010148288629352464
2199,193114,-4.123643341855223,0,nan,0.3333333333333333,0.1,0.6026223955385894,0.05712402,0.0010294306885528688
2200,193264,-3.6503536303838264,0,nan,0.42,0.1,0.19337336290143609,0.050966974,0.0010224411482340657
2201,193414,-3.971552355695709,0,nan,0.46,0.1,0.42882287189139134,0.05191933,0.001012359624534535
2202,193414,0,0,nan,0.0,0.1,0.4384193587703349,0.0,0.0
2203,193416,-0.11110107496697541,0,nan,0.5,0.1,0.3343563440318807,0.44227624,0.0014845683617750183
2204,193419,-0.1330125722257615,0,nan,0.6666666666666666,0.1,0.408880116361738,0.37386918,0.0010072586107222985
2205,193448,0.21992474871725098,0,nan,0.5172413793103449,0.1,0.5305019178754051,0.042850967,0.0009661320584890401
2206,193598,-3.4610271781516984,0,nan,0.41333333333333333,0.1,0.3653484842383171,0.059589107,0.0010436786499728138
2207,193700,-1.6063252713842098,0,nan,0.4803921568627451,0.1,0.47796112527699186,0.042279147,0.0010530942684044038
2208,193850,-3.7790691131178042,0,nan,0.4266666666666667,0.1,0.38427589363534853,0.058411337,0.001021152794904386
2209,194000,-3.578299431615207,0,nan,0.5066666666666667,0.1,0.6844532426044729,0.051897094,0.0010008095039908463
2210,194057,-0.6149436522729853,0,nan,0.42105263157894735,0.1,0.34140161144775244,0.037034504,0.0010772630977730284
2211,194112,-0.5767064911165432,0,nan,0.41818181818181815,0.1,0.5150686474378955,0.043838054,0.0009915077323305675
2212,194158,-0.35513679649540786,0,nan,0.45652173913043476,0.1,0.5952409068502165,0.045103535,0.0010226397799155877
2213,194308,-3.8900858906678994,0,nan,0.41333333333333333,0.1,0.6063329930049473,0.058417372,0.001045273123891093
2214,194309,-0.04341537139675655,0,nan,1.0,0.1,0.5274174230002295,0.6887248,0.0010620499379001558
2215,194310,-0.048681669564992425,0,nan,0.0,0.1,0.3220332684079983,0.6586697,0.0009190842101816088
2216,194312,-0.07201116270790123,0,nan,1.0,0.1,0.33150066085839913,0.4307074,0.0009125054784817621
2217,194462,-4.335707609804102,0,nan,0.38,0.1,0.5494791230057987,0.058273334,0.001045561869783948
2218,194493,0.09240680640985155,0,nan,0.45161290322580644,0.1,0.4686776101071189,0.026312953,0.0009909240527063488
2219,194523,0.0693251522561118,0,nan,0.4,0.1,0.5229622080543275,0.033887036,0.0010192563146119936
2220,194673,-4.199746824945919,0,0.22,0.38666666666666666,0.1,0.3270424303151715,0.062077988,0.00103070059674792
2221,194823,-4.159608944866197,0,nan,0.4533333333333333,0.1,0.5028376912647026,0.05754341,0.0010331976419547572
2222,194861,-0.10788379304532414,0,nan,0.47368421052631576,0.1,0.6293383882853303,0.041877735,0.0010259578871467199
2223,195011,-3.795540333989732,0,nan,0.4,0.1,0.5876565120958624,0.051496137,0.0010233777141547761
2224,195161,-3.8800882002976205,0,nan,0.36,0.1,0.46733189065955505,0.08904178,0.0010276674966250236
2225,195163,-0.06567966259731545,0,nan,1.0,0.1,0.3419054446427228,0.36981955,0.0008687629160704091
2226,195191,0.20657011304704775,0,nan,0.35714285714285715,0.1,0.35471669850323395,0.03422558,0.0010124717872323735
2227,195222,0.06916917851437954,0,nan,0.5483870967741935,0.1,0.6063162623525465,0.03891638,0.000947730174483431
2228,195303,-1.1184436212396245,0,nan,0.48148148148148145,0.1,0.6978440515006531,0.056910556,0.0009798848660904223
2229,195394,-1.4513438059227286,0,nan,0.4945054945054945,0.1,0.5735441612145413,0.03600716,0.0010373705769709956
2230,195446,-0.4965162963812988,0,nan,0.5769230769230769,0.1,0.5892556530632634,0.04331193,0.0009980655981612822
2231,195596,-4.168695355111323,0,nan,0.47333333333333333,0.1,0.2631735533341691,0.091304556,0.0010593127647492413
2232,195622,0.2729721854679774,0,nan,0.38461538461538464,0.1,0.2346021444688563,0.038731016,0.0010670889280915547
2233,195650,0.21738840257197056,0,nan,0.6071428571428571,0.1,0.41929159943261574,0.04306046,0.0011161747565243527
2234,195800,-3.985029753540606,0,nan,0.38,0.1,0.5474832386154682,0.05756414,0.0010313146142289043
2235,195950,-3.7957909459002175,0,nan,0.44,0.1,0.6112512122059683,0.057797693,0.0010059862742976596
2236,195974,0.3077809188013163,0,nan,0.5416666666666666,0.1,0.2087308733335127,0.03912573,0.0010440531696076505
2237,196124,-3.8172357080956982,0,nan,0.37333333333333335,0.1,0.2523198477223563,0.065161936,0.0010716261462463687
2238,196274,-4.446017349133995,0,nan,0.4533333333333333,0.1,0.6678110907551673,0.056131292,0.0009884607679365824
2239,196424,-4.299671300635774,0,nan,0.38,0.1,0.659187882948159,0.057597518,0.0010559522544887538
2240,196451,0.21555158883033343,0,nan,0.5925925925925926,0.1,0.4491944395196098,0.045207277,0.001078870221843115
2241,196601,-3.8876871506366366,0,nan,0.4,0.1,0.4739428966079373,0.05742748,0.001040299524902366
2242,196751,-4.479374984120611,0,nan,0.5266666666666666,0.1,0.29043032983108463,0.09743887,0.0010219289579739173
2243,196752,-0.05049697018679056,0,nan,1.0,0.1,0.30272812512159986,0.4678474,0.0010999557562172413
2244,196902,-3.4991564010807745,0,nan,0.32666666666666666,0.1,0.23243645282031275,0.05473252,0.001038030450193522
2245,197052,-3.3570981716011423,0,nan,0.38666666666666666,0.1,0.5357865054767019,0.059718527,0.0010380911165460323
2246,197083,0.15880581411738048,0,nan,0.6774193548387096,0.1,0.6253522615818489,0.04270975,0.0009960798948492494
2247,197115,0.13852715483886913,0,nan,0.53125,0.1,0.6239840017536576,0.050462995,0.0009714989364510984
2248,197217,-1.7119675372469225,0,nan,0.4215686274509804,0.1,0.46617446314985184,0.053758495,0.0010442089882346016
2249,197245,0.30285041977034877,0,nan,0.4642857142857143,0.1,0.41980211196181627,0.043626506,0.0010299540434581494
2250,197305,-0.6038666479950218,0,0.35,0.26666666666666666,0.1,0.5915841040884902,0.03768922,0.0010695265931038496
2251,197307,-0.1072215698587552,0,nan,0.0,0.1,0.33399002734378797,0.32192877,0.0007670573104405776
2252,197336,0.21841028199856782,0,nan,0.3103448275862069,0.1,0.6482727027604669,0.047499724,0.0010444278856899974
2253,197380,-0.2644824819052002,0,nan,0.45454545454545453,0.1,0.697964680925246,0.03766139,0.0009727142486636611
2254,197402,0.35898271657080894,0,nan,0.45454545454545453,0.1,0.20941308546469625,0.024223661,0.00101145827581852
2255,197453,-0.42244814620593696,0,nan,0.5098039215686274,0.1,0.5907736594704114,0.053604204,0.0010329317803695506
2256,197603,-3.6381392181340844,0,nan,0.48,0.1,0.18384547828527364,0.057562772,0.0010633738238054018
2257,197753,-3.5985158994757307,0,nan,0.4666666666666667,0.1,0.538247545194296,0.05283412,0.0010028662726593515
2258,197859,-1.7804819100817006,0,nan,0.4528301886792453,0.1,0.5520167022444273,0.04467759,0.0009818342053067852
2259,198009,-3.803329521052747,0,nan,0.4266666666666667,0.1,0.42332574659543487,0.05630629,0.0010438314951413
2260,198159,-3.7916723634943965,0,nan,0.4666666666666667,0.1,0.40294206410896827,0.08219972,0.0010341181706947586
2261,198309,-3.995074820168608,0,nan,0.4666666666666667,0.1,0.6922443927480043,0.054935183,0.0010318380118890975
2262,198361,-0.40659115917078936,0,nan,0.5192307692307693,0.1,0.5830699732204624,0.045476817,0.0009967911962751085
2263,198511,-3.97019626213868,0,nan,0.5266666666666666,0.1,0.4765365904469719,0.05163885,0.0010174377119013419
2264,198661,-3.6171500769063063,0,nan,0.44,0.1,0.5804942250172704,0.057630196,0.0010506399485166185
2265,198811,-3.4054613373774223,0,nan,0.41333333333333333,0.1,0.44033059233215044,0.059481595,0.000970201546442695
2266,198812,-0.05049747468305833,0,nan,0.0,0.1,0.44537617715018785,0.44514772,0.0009866071632131934
2267,198962,-3.7454930586097555,0,nan,0.37333333333333335,0.1,0.533762481782739,0.06841694,0.0010011480197620888
2268,199112,-3.503259740432122,0,nan,0.47333333333333333,0.1,0.5544101430235047,0.050974898,0.0010513649438507855
2269,199262,-3.6123744831696105,0,nan,0.44666666666666666,0.1,0.588837495284184,0.062897995,0.0010423759164405056
2270,199262,0,0,nan,0.0,0.1,0.4428941055790605,0.0,0.0
2271,199412,-3.7784318722360606,0,nan,0.4266666666666667,0.1,0.4238368082118225,0.061746933,0.001059281651978381
2272,199412,0,0,nan,1.0,0.1,0.40017614242585575,0.0,0.0
2273,199441,0.1444480176591595,0,nan,0.3793103448275862,0.1,0.47483966600400784,0.0411677,0.000991309873542973
2274,199591,-3.818045513292692,0,nan,0.4666666666666667,0.1,0.5394001908152047,0.03109979,0.0010272436034089575
2275,199629,-0.041785621077060964,0,nan,0.3684210526315789,0.1,0.6952540172634456,0.043552425,0.0009684969761445629
2276,199779,-3.708642358748667,0,nan,0.4066666666666667,0.1,0.2841866548740713,0.053804193,0.0010246236540842801
2277,199929,-3.6164532853714935,0,nan,0.4266666666666667,0.1,0.35687238064532967,0.05950183,0.0010007548809517176
2278,200079,-3.330044807085991,0,nan,0.44666666666666666,0.1,0.4428599345393296,0.054238174,0.0010475893559244772
