episode,frames,train_return,train_success,test_success_rate,ratio,epsilon,init_dist,avg_swing
1,32,0.23465099281709811,0,nan,1.0,0.999839999999999,0.3629945107795945,0.03679069
2,182,-3.2477927912450344,0,nan,1.0,0.999089999999994,0.3381754710393129,0.067159645
3,332,-3.3454941569435697,0,nan,1.0,0.9983399999999891,0.3439209374672519,0.05321417
4,364,0.2440208730032979,0,nan,1.0,0.9981799999999881,0.40054837387686093,0.03691698
5,514,-3.37615420140643,0,nan,1.0,0.9974299999999832,0.5263320097216236,0.05523847
6,664,-3.2340960888912322,0,nan,1.0,0.9966799999999783,0.3817548609660487,0.05068663
7,700,0.08695945448996112,0,nan,1.0,0.9964999999999771,0.4521872405135014,0.038510755
8,758,-0.28386978511856786,0,nan,1.0,0.9962099999999752,0.4739053443485572,0.035829846
9,817,-0.32618572673501056,0,nan,1.0,0.9959149999999732,0.423888217617385,0.032732405
10,967,-3.3205713335564213,0,nan,1.0,0.9951649999999683,0.48449092170539776,0.050187826
11,1020,-0.2434261533442239,0,nan,1.0,0.9948999999999666,0.3432780815425328,0.03103811
12,1170,-3.2207658483900343,0,nan,0.9933333333333333,0.9941499999999617,0.5113939803326478,0.054576237
13,1234,-0.4436270542268561,0,nan,1.0,0.9938299999999596,0.4572139434808543,0.03433093
14,1384,-3.3095666764963063,0,nan,1.0,0.9930799999999547,0.3590105054382836,0.07585999
15,1416,0.18786606267435813,0,nan,1.0,0.9929199999999536,0.27584795762965375,0.043621786
16,1566,-3.2724767893442914,0,nan,1.0,0.9921699999999487,0.36891542436093977,0.051687773
17,1716,-3.075053683254929,0,nan,1.0,0.9914199999999438,0.4638251923162594,0.05380051
18,1748,0.21169846816853044,0,nan,1.0,0.9912599999999427,0.3160796154002679,0.041628323
19,1898,-3.415746158138207,0,nan,0.9933333333333333,0.9905099999999378,0.5458579315182863,0.069675975
20,1930,0.16298849169898222,0,nan,0.96875,0.9903499999999368,0.3897671443120105,0.04158401
21,2080,-3.8176041850045737,0,nan,0.9866666666666667,0.9895999999999319,0.49948144644161047,0.07249121
22,2108,0.35387804338549234,0,nan,1.0,0.989459999999931,0.39204355510521394,0.031381767
23,2258,-3.1161605677908364,0,nan,1.0,0.988709999999926,0.3593967011048251,0.05077993
24,2408,-3.0493045578527322,0,nan,0.9866666666666667,0.9879599999999211,0.3682513335091709,0.078095295
25,2503,-1.0599680175814727,0,nan,1.0,0.987484999999918,0.4125165911919278,0.03533548
26,2653,-3.246367893377762,0,nan,1.0,0.9867349999999131,0.386550563828436,0.04863392
27,2803,-3.6607339734224724,0,nan,0.9866666666666667,0.9859849999999082,0.4004752101333156,0.077126525
28,2833,0.2944885708166599,0,nan,0.9666666666666667,0.9858349999999072,0.486847619629953,0.032198388
29,2983,-3.261938917820944,0,nan,0.9733333333333334,0.9850849999999023,0.4861809225363461,0.055530638
30,3032,-0.21100424561474096,0,0.0,0.9795918367346939,0.9848399999999007,0.4177824000628356,0.04454624
31,3182,-3.27371219834246,0,nan,0.9733333333333334,0.9840899999998958,0.37654962118406465,0.053328227
32,3332,-3.257831906421706,0,nan,0.9866666666666667,0.9833399999998909,0.41425136240278754,0.052679766
33,3369,0.10031440890516119,0,nan,1.0,0.9831549999998896,0.44193526278536105,0.038234916
34,3519,-3.5718245678541893,0,nan,0.9666666666666667,0.9824049999998847,0.42499149977296113,0.053318318
35,3669,-3.3066327013954386,0,nan,0.98,0.9816549999998798,0.5317614951897831,0.0477523
36,3819,-3.2291034433471504,0,nan,0.9733333333333334,0.9809049999998749,0.5038843415034393,0.05055781
37,3879,-0.3678327359735878,0,nan,0.9833333333333333,0.9806049999998729,0.34332708037231485,0.036500994
38,4029,-3.3192641551115436,0,nan,0.9933333333333333,0.979854999999868,0.3427505640189792,0.055608585
39,4179,-3.2757103470773297,0,nan,0.98,0.9791049999998631,0.4537086327383556,0.053969625
40,4213,0.2010652377453448,0,nan,1.0,0.978934999999862,0.44216674433269243,0.038294878
41,4241,0.3787367160415218,0,nan,0.9285714285714286,0.9787949999998611,0.29096448918456663,0.027766598
42,4271,0.28299512158511475,0,nan,1.0,0.9786449999998601,0.522581343576837,0.030131234
43,4421,-3.3858071027269876,0,nan,0.9733333333333334,0.9778949999998552,0.44780496128259456,0.060717072
44,4449,0.338284257847977,0,nan,0.9642857142857143,0.9777549999998543,0.381557197491313,0.03435435
45,4599,-3.3519673187482892,0,nan,0.9733333333333334,0.9770049999998494,0.47515334405472287,0.054727025
46,4633,0.17877382221716176,0,nan,0.9411764705882353,0.9768349999998482,0.3898538858172099,0.036188774
47,4783,-3.2656377742538814,0,nan,0.9333333333333333,0.9760849999998433,0.4946168022970293,0.054905225
48,4816,0.23789016882147285,0,nan,1.0,0.9759199999998422,0.3980045064788458,0.035077907
49,4845,0.29833116036261564,0,nan,1.0,0.9757749999998413,0.40250130202487006,0.029841341
50,4995,-3.2120454839220165,0,nan,0.98,0.9750249999998364,0.3601265934841984,0.06375166
51,5145,-3.278938339238442,0,nan,0.9733333333333334,0.9742749999998315,0.3648674927662591,0.05368609
52,5180,0.1359203335296959,0,nan,0.9714285714285714,0.9740999999998303,0.43748913240702614,0.038936507
53,5212,0.22730115564509124,0,nan,0.96875,0.9739399999998293,0.36537584692345093,0.04023957
54,5362,-3.792905136007792,0,nan,0.9666666666666667,0.9731899999998244,0.33366044594684047,0.05779569
55,5397,0.19694247007386956,0,nan,0.9428571428571428,0.9730149999998232,0.3666543190484645,0.033309538
56,5431,0.2241791137729635,0,nan,0.9411764705882353,0.9728449999998221,0.2868579071451319,0.031880047
57,5481,-0.1902982473596494,0,nan,0.98,0.9725949999998205,0.31024975249243636,0.03385786
58,5548,-0.5152497693573699,0,nan,0.9701492537313433,0.9722599999998183,0.3202803694259258,0.033164717
59,5698,-3.2195823484449217,0,nan,0.9733333333333334,0.9715099999998134,0.42523373601460424,0.055547263
60,5848,-3.127002906115905,0,0.16,0.98,0.9707599999998084,0.2610508708806072,0.057764594
61,5998,-3.1424724548421157,0,nan,0.98,0.9700099999998035,0.3000461447239821,0.054256186
62,6148,-3.1858824344935353,0,nan,0.9533333333333334,0.9692599999997986,0.42334539714994135,0.055800438
63,6177,0.29714670752253325,0,nan,0.9310344827586207,0.9691149999997977,0.40895237535170303,0.038230583
64,6206,0.24915643426229317,0,nan,0.9655172413793104,0.9689699999997967,0.40510016809112687,0.046881206
65,6233,0.3469852208550125,0,nan,0.9629629629629629,0.9688349999997958,0.3081634165713548,0.03459019
66,6262,0.31559999823006313,0,nan,1.0,0.9686899999997949,0.4237929591864079,0.034987375
67,6412,-3.38689781753007,0,nan,0.98,0.96793999999979,0.49535852826355986,0.056819
68,6562,-3.2302039071236357,0,nan,0.9866666666666667,0.967189999999785,0.3557729970592731,0.054877497
69,6589,0.35574172817323213,0,nan,1.0,0.9670549999997842,0.4127591502903379,0.035360407
70,6739,-3.2662401987598013,0,nan,0.98,0.9663049999997793,0.44590344389693676,0.05510236
71,6889,-3.445793236402016,0,nan,0.96,0.9655549999997743,0.4194475346621107,0.052340087
72,7039,-3.2261992506752697,0,nan,0.9733333333333334,0.9648049999997694,0.4219705388016446,0.052897114
73,7075,0.1529255324158204,0,nan,1.0,0.9646249999997683,0.3810924135108958,0.032480106
74,7225,-3.0651563059586637,0,nan,0.9733333333333334,0.9638749999997633,0.30499276051603,0.056893628
75,7254,0.3039719859135309,0,nan,1.0,0.9637299999997624,0.4225506845062519,0.03428708
76,7404,-3.253502700082239,0,nan,0.94,0.9629799999997575,0.4159632526501845,0.053826388
77,7446,0.025192585143036572,0,nan,1.0,0.9627699999997561,0.5552961802361545,0.035013843
78,7596,-3.274615025555044,0,nan,0.9733333333333334,0.9620199999997512,0.3715724788770331,0.0527156
79,7746,-3.2753728241311255,0,nan,0.9933333333333333,0.9612699999997463,0.35686536865275653,0.054607023
80,7896,-3.7449969564757457,0,nan,0.9666666666666667,0.9605199999997414,0.4310297336771264,0.056887303
81,8046,-3.184400917562787,0,nan,0.98,0.9597699999997364,0.462297790659522,0.05784168
82,8196,-3.254180088175205,0,nan,0.9533333333333334,0.9590199999997315,0.5323786418202248,0.060648467
83,8346,-3.223690134698369,0,nan,0.96,0.9582699999997266,0.5110449002821627,0.060610402
84,8375,0.47351040643865283,0,nan,1.0,0.9581249999997257,0.3203774791954694,0.028751943
85,8410,0.21925381444479064,0,nan,0.9714285714285714,0.9579499999997245,0.4736848196468927,0.027260475
86,8560,-3.4413477380529796,0,nan,0.98,0.9571999999997196,0.44218138788926914,0.0728114
87,8591,0.2478909929268317,0,nan,1.0,0.9570449999997186,0.35059077165042873,0.042200953
88,8741,-3.2665498834244184,0,nan,0.9466666666666667,0.9562949999997137,0.43407907513160926,0.054513868
89,8784,-0.022878713042242982,0,nan,0.9767441860465116,0.9560799999997123,0.4354999423185222,0.041920666
90,8812,0.33736256616744353,0,0.17,1.0,0.9559399999997114,0.31275566597227655,0.028766898
91,8962,-3.0903709986741874,0,nan,0.98,0.9551899999997064,0.43578609428920134,0.054876696
92,8993,0.2334754714876488,0,nan,0.9354838709677419,0.9550349999997054,0.5241352848458154,0.040936414
93,9143,-3.493781985788268,0,nan,0.9933333333333333,0.9542849999997005,0.37570531915676253,0.059368145
94,9176,0.20873735245624103,0,nan,0.9393939393939394,0.9541199999996994,0.3413485571873984,0.038659874
95,9326,-3.1433314412823243,0,nan,0.98,0.9533699999996945,0.5465912272789686,0.05415957
96,9365,0.04424408710335814,0,nan,0.9743589743589743,0.9531749999996932,0.5021039616188686,0.0348129
97,9430,-0.435623233951853,0,nan,0.9692307692307692,0.9528499999996911,0.45805228408144527,0.035628717
98,9468,0.06442017257626798,0,nan,1.0,0.9526599999996899,0.4474823470927079,0.03715405
99,9618,-3.333314066663485,0,nan,0.98,0.951909999999685,0.3547436410985986,0.048260484
100,9768,-3.3123388733653414,0,nan,0.9733333333333334,0.95115999999968,0.4682268883464643,0.053719565
101,9817,-0.1981818661920176,0,nan,0.9795918367346939,0.9509149999996784,0.47144566522377007,0.035853293
102,9879,-0.4270646891916965,0,nan,0.9193548387096774,0.9506049999996764,0.5327042095412126,0.043883584
103,10029,-3.2881932584447355,0,nan,0.98,0.9498549999996715,0.3470463010270713,0.072473496
104,10087,-0.47305847541610624,0,nan,0.9655172413793104,0.9495649999996696,0.3517679804066455,0.042189293
105,10237,-3.3178893035209174,0,nan,0.9666666666666667,0.9488149999996647,0.46460883573830963,0.055982105
106,10270,0.29123324922032656,0,nan,0.9696969696969697,0.9486499999996636,0.4079430087175164,0.031314906
107,10299,0.3279261084854943,0,nan,1.0,0.9485049999996626,0.36380436763114826,0.028486079
108,10367,-0.4632627667609328,0,nan,0.9705882352941176,0.9481649999996604,0.4644058834193605,0.0300874
109,10412,-0.1213256362291808,0,nan,0.9777777777777777,0.9479399999996589,0.42583686448364905,0.037589274
110,10443,0.2749211859322549,0,nan,0.967741935483871,0.9477849999996579,0.4283634166624271,0.032100406
111,10485,0.01628446395715144,0,nan,1.0,0.9475749999996566,0.3728954701591328,0.03951203
112,10532,-0.1962203061945944,0,nan,1.0,0.947339999999655,0.4254109093848125,0.045487266
113,10682,-3.197287248111108,0,nan,0.9666666666666667,0.9465899999996501,0.37350398018362213,0.05352115
114,10712,0.2358372408387741,0,nan,0.9333333333333333,0.9464399999996491,0.4193297466986159,0.038591906
115,10862,-3.3567601794417485,0,nan,0.9266666666666666,0.9456899999996442,0.4912285351393357,0.05653087
116,11012,-3.2198188027545562,0,nan,0.9666666666666667,0.9449399999996393,0.4731553637504319,0.055830576
117,11039,0.34414927346870716,0,nan,0.9259259259259259,0.9448049999996384,0.2866859828236911,0.03541747
118,11189,-3.3413000968486894,0,nan,0.9666666666666667,0.9440549999996335,0.4284674788267515,0.05260518
119,11339,-3.294894644179502,0,nan,0.9333333333333333,0.9433049999996286,0.40979813487512756,0.05560587
120,11489,-3.1399216703251027,0,0.56,0.94,0.9425549999996237,0.30845204737652937,0.048625797
121,11545,-0.2483839345594716,0,nan,0.9821428571428571,0.9422749999996218,0.42868454691546665,0.026881248
122,11695,-3.3497826926481435,0,nan,0.9533333333333334,0.9415249999996169,0.5356881846991831,0.052716095
123,11724,0.3285676927900323,0,nan,0.896551724137931,0.941379999999616,0.42570227965014756,0.03444808
124,11767,0.07128138686637608,0,nan,1.0,0.9411649999996146,0.3865697248229858,0.043372516
125,11807,0.03658000657982585,0,nan,1.0,0.9409649999996132,0.4311520096940016,0.03828322
126,11957,-3.074386683998382,0,nan,0.92,0.9402149999996083,0.46537408577001194,0.052903887
127,12107,-3.397749325272135,0,nan,0.94,0.9394649999996034,0.37352710676788575,0.07027218
128,12257,-3.1675076474231587,0,nan,0.9466666666666667,0.9387149999995985,0.3508112995103071,0.056909706
129,12287,0.24735114726123686,0,nan,0.9,0.9385649999995975,0.4372623569783435,0.040002942
130,12437,-3.1574493353003326,0,nan,0.9866666666666667,0.9378149999995926,0.28042172447812747,0.05411793
131,12465,0.33320449438925004,0,nan,0.9642857142857143,0.9376749999995917,0.4505553919797336,0.03757342
132,12525,-0.4412587747329081,0,nan,0.9333333333333333,0.9373749999995897,0.352502147431953,0.03974227
133,12675,-3.2415882856815994,0,nan,0.9266666666666666,0.9366249999995848,0.47929708273307786,0.06295258
134,12718,-0.02958684611680462,0,nan,1.0,0.9364099999995834,0.5243516572784837,0.04428283
135,12778,-0.31283386066660335,0,nan,0.95,0.9361099999995814,0.29016531879237073,0.029962357
136,12928,-3.2418710875798973,0,nan,0.9133333333333333,0.9353599999995765,0.3731799025938579,0.05771853
137,13078,-3.2922559568261276,0,nan,0.9733333333333334,0.9346099999995716,0.49116760915960767,0.055737108
138,13110,0.2152727149295699,0,nan,0.96875,0.9344499999995706,0.4791126705999562,0.040758353
139,13260,-3.3471260712667044,0,nan,0.9466666666666667,0.9336999999995657,0.45740500265605954,0.049636308
140,13289,0.32975386749341606,0,nan,0.9655172413793104,0.9335549999995647,0.402710403740637,0.033956714
141,13439,-3.2906018204876197,0,nan,0.92,0.9328049999995598,0.3549161351277671,0.04514588
142,13467,0.3236992856450258,0,nan,0.9642857142857143,0.9326649999995589,0.3058211051087158,0.038570944
143,13617,-3.1297252607118278,0,nan,0.9733333333333334,0.931914999999554,0.4749457634619565,0.054519042
144,13767,-3.1517629069013835,0,nan,0.9266666666666666,0.931164999999549,0.46287506167251574,0.05827778
145,13795,0.3034624441948398,0,nan,1.0,0.9310249999995481,0.2858482538320898,0.03758796
146,13889,-2.014075432597225,0,nan,0.9148936170212766,0.930549999999545,0.4211079785374087,0.04834944
147,13918,0.27526641650133865,0,nan,0.9655172413793104,0.9304049999995441,0.3586716350365905,0.042639002
148,14068,-3.1888116718190416,0,nan,0.9333333333333333,0.9296549999995392,0.4736613233611595,0.05349906
149,14218,-3.235059324974535,0,nan,0.96,0.9289049999995342,0.5498021413434614,0.05872996
150,14368,-3.223361854462414,0,0.3,0.98,0.9281549999995293,0.32229333412713496,0.057194375
151,14397,0.2870740867646425,0,nan,0.9655172413793104,0.9280099999995284,0.31488460601464735,0.040329143
152,14547,-3.396392491871079,0,nan,0.96,0.9272599999995235,0.35222528793145186,0.04961989
153,14697,-3.368894020618873,0,nan,0.9466666666666667,0.9265099999995186,0.3452900312687783,0.0637342
154,14765,-0.5508708976532714,0,nan,0.9852941176470589,0.9261699999995163,0.4059036583291417,0.035849165
155,14801,0.17691743102961244,0,nan,1.0,0.9259899999995151,0.4451690527309915,0.03232711
156,14835,0.1951930567360749,0,nan,0.9705882352941176,0.925819999999514,0.4667891349128181,0.04014276
157,14985,-3.253488322452855,0,nan,0.9733333333333334,0.9250699999995091,0.35085638299838984,0.05618907
158,15046,-0.44146515069335157,0,nan,0.9672131147540983,0.9247649999995071,0.49171833201623266,0.03187662
159,15196,-3.394406570241873,0,nan,0.96,0.9240149999995022,0.3785504858086633,0.056762796
160,15346,-3.2388210603458214,0,nan,0.9533333333333334,0.9232649999994973,0.5140143495387487,0.048601363
161,15372,0.44143792178256736,0,nan,1.0,0.9231349999994964,0.34371546031793976,0.031414226
162,15522,-3.1661873027739493,0,nan,0.92,0.9223849999994915,0.41166633716302237,0.055414703
163,15672,-3.1976234544508126,0,nan,0.92,0.9216349999994866,0.2921078048327691,0.04982013
164,15822,-3.065668031097556,0,nan,0.9333333333333333,0.9208849999994817,0.4117008230094857,0.053588282
165,15972,-3.3738561505051257,0,nan,0.9466666666666667,0.9201349999994768,0.46813583352148697,0.05762873
166,16000,0.2746111512747291,0,nan,0.9285714285714286,0.9199949999994759,0.2603491673484555,0.048013844
167,16150,-3.122300912697376,0,nan,0.92,0.919244999999471,0.3609453544520907,0.054721076
168,16179,0.3760319026024055,0,nan,0.896551724137931,0.91909999999947,0.3077597934786002,0.030340217
169,16212,0.1599772700262415,0,nan,1.0,0.9189349999994689,0.349822017496805,0.043365
170,16362,-3.496830891367589,0,nan,0.92,0.918184999999464,0.47138265642677835,0.049125183
171,16512,-3.337506480781094,0,nan,0.9466666666666667,0.9174349999994591,0.358171306842896,0.056865748
172,16662,-3.1990637196207263,0,nan,0.96,0.9166849999994542,0.453781423544993,0.054656472
173,16708,-0.1516490432114208,0,nan,0.9347826086956522,0.9164549999994527,0.38182639466802526,0.037012625
174,16749,0.043348624723198115,0,nan,0.9512195121951219,0.9162499999994513,0.42383208868381794,0.045146737
175,16781,0.19715798312819,0,nan,1.0,0.9160899999994503,0.4385876508367627,0.04061253
176,16807,0.3886804954467299,0,nan,0.8846153846153846,0.9159599999994494,0.2695371332627141,0.03237065
177,16957,-3.2594930726864133,0,nan,0.9133333333333333,0.9152099999994445,0.4387237639923981,0.057804737
178,17002,-0.03709392759900576,0,nan,0.9333333333333333,0.914984999999443,0.3728771862111784,0.043890763
179,17152,-3.18898841518997,0,nan,0.9466666666666667,0.9142349999994381,0.4463737617415248,0.056824397
180,17302,-3.296982417015702,0,0.71,0.9266666666666666,0.9134849999994332,0.2919519219886919,0.04933149
181,17396,-1.0530019257489975,0,nan,0.8936170212765957,0.9130149999994301,0.45982039005313535,0.05485324
182,17546,-3.181895054499755,0,nan,0.9066666666666666,0.9122649999994252,0.4609610194368315,0.05491756
183,17696,-3.2450940168328475,0,nan,0.9333333333333333,0.9115149999994203,0.3075637063373939,0.053461954
184,17726,0.3403484218070817,0,nan,0.9666666666666667,0.9113649999994193,0.3415765989215124,0.032701965
185,17876,-3.2502070597079826,0,nan,0.9066666666666666,0.9106149999994144,0.3988585204883216,0.056995355
186,17910,0.1295925953643151,0,nan,1.0,0.9104449999994133,0.45531022839732793,0.046806585
187,17955,-0.13251689775859954,0,nan,0.9333333333333333,0.9102199999994118,0.3706019402919912,0.04448405
188,18105,-3.2342498302824367,0,nan,0.9133333333333333,0.9094699999994069,0.3002803292196,0.056664135
189,18134,0.2738659497606205,0,nan,0.9310344827586207,0.909324999999406,0.355390395257977,0.042279135
190,18196,-0.3370603628588972,0,nan,0.9516129032258065,0.9090149999994039,0.37601439233077755,0.03435177
191,18346,-3.127882037750805,0,nan,0.96,0.908264999999399,0.393547746868247,0.040445186
192,18496,-3.2627329391016713,0,nan,0.9333333333333333,0.9075149999993941,0.4634425316970704,0.049945626
193,18646,-3.9241294496469235,0,nan,0.9333333333333333,0.9067649999993892,0.5374890259318578,0.06719721
194,18796,-3.3455632022890995,0,nan,0.94,0.9060149999993843,0.4522815937145884,0.056833707
195,18825,0.3412231095271506,0,nan,0.9655172413793104,0.9058699999993833,0.3278589769093635,0.029623792
196,18853,0.297412115676681,0,nan,0.8571428571428571,0.9057299999993824,0.27707427600869433,0.032992788
197,18898,-0.07597559389159847,0,nan,0.8666666666666667,0.9055049999993809,0.46131436556579036,0.038254496
198,19048,-3.3769529376602474,0,nan,0.92,0.904754999999376,0.40993284809266767,0.060345568
199,19198,-3.1627211713748977,0,nan,0.9266666666666666,0.9040049999993711,0.4499888226868502,0.05502559
200,19348,-3.2255720027117496,0,nan,0.9333333333333333,0.9032549999993662,0.4274879281921455,0.052050944
201,19498,-3.4043394371655378,0,nan,0.9,0.9025049999993613,0.4234582405131613,0.05473665
202,19558,-0.3583659971457144,0,nan,0.95,0.9022049999993593,0.26126853631077307,0.030699342
203,19708,-3.323568714827494,0,nan,0.9466666666666667,0.9014549999993544,0.39681242492081165,0.056316413
204,19738,0.25294303615377767,0,nan,0.8666666666666667,0.9013049999993534,0.44792496124991754,0.03793266
205,19765,0.36415956521647197,0,nan,1.0,0.9011699999993525,0.35559910973757763,0.026055537
206,19915,-3.280142140950594,0,nan,0.92,0.9004199999993476,0.4831037462752186,0.05405472
207,20065,-3.2505358681718435,0,nan,0.9066666666666666,0.8996699999993427,0.33683829502281804,0.054573383
208,20125,-0.42230562590855114,0,nan,0.95,0.8993699999993408,0.28331071175247785,0.043742046
209,20157,0.2579519007343204,0,nan,1.0,0.8992099999993397,0.4334119373181271,0.031222152
210,20307,-3.4444205186060493,0,0.21,0.9466666666666667,0.8984599999993348,0.36599239187919297,0.05581862
211,20457,-3.3327439016197333,0,nan,0.9133333333333333,0.8977099999993299,0.47321833348958925,0.06076686
212,20607,-3.3368912974930853,0,nan,0.8733333333333333,0.896959999999325,0.4598760292361639,0.057172082
213,20757,-3.220849394437876,0,nan,0.96,0.89620999999932,0.3827640534244926,0.054516755
214,20907,-3.3077502908571916,0,nan,0.9,0.8954599999993151,0.39172520938145633,0.05497461
215,20972,-0.5579885601934139,0,nan,0.8769230769230769,0.895134999999313,0.3013447210856086,0.03611953
216,21122,-3.3366214100023446,0,nan,0.92,0.8943849999993081,0.464866895491324,0.0555513
217,21155,0.24952450731094,0,nan,0.8181818181818182,0.894219999999307,0.5316664677182077,0.033543743
218,21184,0.3072109203168989,0,nan,0.9310344827586207,0.8940749999993061,0.38707333682808814,0.028691284
219,21334,-3.697074324581184,0,nan,0.9133333333333333,0.8933249999993012,0.4809889380555036,0.052334182
220,21367,0.18864237076745227,0,nan,1.0,0.8931599999993001,0.34427392505350657,0.036577713
221,21517,-3.249401140366937,0,nan,0.9066666666666666,0.8924099999992952,0.3991142401584936,0.052986838
222,21667,-3.246508662247716,0,nan,0.9466666666666667,0.8916599999992902,0.44030323831323986,0.056994952
223,21817,-3.3725626907941835,0,nan,0.9466666666666667,0.8909099999992853,0.4949170351649065,0.05635139
224,21967,-3.417523660037104,0,nan,0.9266666666666666,0.8901599999992804,0.4475132417301309,0.055390593
225,22117,-3.144553045793742,0,nan,0.88,0.8894099999992755,0.45737617572888534,0.050950043
226,22147,0.2927832429834121,0,nan,0.9666666666666667,0.8892599999992745,0.3855368542116806,0.02637131
227,22297,-3.296632118543656,0,nan,0.8933333333333333,0.8885099999992696,0.35336566894570237,0.05335577
228,22325,0.3184627428829272,0,nan,0.9285714285714286,0.8883699999992687,0.3723737664482837,0.037913498
229,22475,-3.3171285434060325,0,nan,0.9066666666666666,0.8876199999992638,0.49001274653220367,0.05837949
230,22502,0.3429690475935968,0,nan,0.9629629629629629,0.8874849999992629,0.3159066092090967,0.03181289
231,22544,-0.006545772209888057,0,nan,0.9761904761904762,0.8872749999992615,0.4528541551927447,0.030399272
232,22694,-3.7401624865176055,0,nan,0.9066666666666666,0.8865249999992566,0.40436310425849686,0.05951177
233,22723,0.3004032984814158,0,nan,0.9655172413793104,0.8863799999992557,0.345595349168223,0.033998825
234,22797,-0.7684394427699102,0,nan,0.8918918918918919,0.8860099999992532,0.4137365613580139,0.0363508
235,22947,-3.3423500310051764,0,nan,0.8733333333333333,0.8852599999992483,0.4412686619515936,0.05530362
236,23097,-3.338270056720308,0,nan,0.9133333333333333,0.8845099999992434,0.505555085557054,0.051158234
237,23247,-3.4317261499717344,0,nan,0.9,0.8837599999992385,0.428220269828647,0.05691254
238,23397,-3.487205605971512,0,nan,0.9466666666666667,0.8830099999992336,0.4940599004997896,0.056439806
239,23494,-1.2049987115993348,0,nan,0.9072164948453608,0.8825249999992304,0.4385607236780926,0.03607712
240,23644,-3.3767107642097294,0,0.11,0.92,0.8817749999992255,0.44627100260428315,0.055390216
241,23685,0.07142046702688054,0,nan,0.9512195121951219,0.8815699999992241,0.4681234266364882,0.024397912
242,23715,0.28175488372419144,0,nan,0.9666666666666667,0.8814199999992232,0.4398451279824216,0.036751363
243,23744,0.3380480596033081,0,nan,0.9655172413793104,0.8812749999992222,0.44332781429451373,0.02724159
244,23894,-3.322291650774743,0,nan,0.8733333333333333,0.8805249999992173,0.453258282269456,0.05602188
245,24044,-3.3453562158275734,0,nan,0.9133333333333333,0.8797749999992124,0.4335209561735287,0.07142317
246,24194,-3.383106413098045,0,nan,0.9066666666666666,0.8790249999992075,0.33585204464912416,0.057270996
247,24344,-3.6637938119234548,0,nan,0.96,0.8782749999992026,0.4150247463754677,0.054707106
248,24371,0.35575369728562156,0,nan,0.9259259259259259,0.8781399999992017,0.33055782754709356,0.034435965
249,24521,-3.367583885027108,0,nan,0.8866666666666667,0.8773899999991968,0.32049754093373023,0.05732099
250,24553,0.22194436704367637,0,nan,0.90625,0.8772299999991957,0.4239004017054917,0.03707135
251,24583,0.27590015833261206,0,nan,0.9333333333333333,0.8770799999991947,0.5248902864102997,0.036376934
252,24733,-3.328679085156859,0,nan,0.9066666666666666,0.8763299999991898,0.30257290774520135,0.058460534
253,24883,-3.410043795180127,0,nan,0.9266666666666666,0.8755799999991849,0.31826396296328224,0.05523842
254,24921,0.13673391491336961,0,nan,0.9736842105263158,0.8753899999991837,0.39770732153129656,0.034052674
255,25013,-1.1062495580493357,0,nan,0.9347826086956522,0.8749299999991806,0.31157043074649843,0.03817585
256,25051,0.08626308795946447,0,nan,0.9210526315789473,0.8747399999991794,0.40584014409943947,0.03794081
257,25119,-0.621290989198573,0,nan,0.9411764705882353,0.8743999999991772,0.43148462958405837,0.037508614
258,25155,0.07428432978792221,0,nan,0.8611111111111112,0.874219999999176,0.48988015890155556,0.043826893
259,25185,0.2699804491229211,0,nan,0.8666666666666667,0.874069999999175,0.41126678614455364,0.036596216
260,25335,-3.310453624575982,0,nan,0.8733333333333333,0.8733199999991701,0.3490805303442545,0.055226408
261,25369,0.22056954173139975,0,nan,0.9117647058823529,0.873149999999169,0.36060260750536055,0.04098255
262,25519,-3.2896087501539744,0,nan,0.9466666666666667,0.8723999999991641,0.3320386788397775,0.05606832
263,25558,0.06768244137464141,0,nan,0.8717948717948718,0.8722049999991628,0.45032968387349465,0.03490999
264,25708,-3.255122482711394,0,nan,0.8466666666666667,0.8714549999991579,0.4237239758660366,0.05578121
265,25858,-3.353627650945907,0,nan,0.8933333333333333,0.870704999999153,0.5311657228812021,0.05453244
266,25889,0.22805069862261207,0,nan,0.9354838709677419,0.870549999999152,0.34269153335353575,0.038917027
267,25919,0.2695057667332966,0,nan,0.9333333333333333,0.870399999999151,0.478206090565243,0.034610428
268,26069,-3.2591228999179966,0,nan,0.9266666666666666,0.869649999999146,0.3829356036135723,0.053801853
269,26219,-3.7560019760349173,0,nan,0.92,0.8688999999991411,0.36295345657716527,0.05831285
270,26369,-3.2349096425662016,0,0.23,0.9066666666666666,0.8681499999991362,0.45129474646068785,0.059813417
271,26519,-3.373761901277565,0,nan,0.92,0.8673999999991313,0.43805068082456083,0.055218022
272,26669,-3.32051402610355,0,nan,0.8733333333333333,0.8666499999991264,0.4254634054671387,0.059195615
273,26819,-3.2619077489984134,0,nan,0.8466666666666667,0.8658999999991215,0.36267307762917667,0.06328073
274,26969,-3.424790812163312,0,nan,0.8933333333333333,0.8651499999991166,0.4737171931759059,0.056975644
275,26997,0.3159577617960935,0,nan,0.8214285714285714,0.8650099999991157,0.3574674581911436,0.036508735
276,27029,0.24468934720769675,0,nan,0.875,0.8648499999991146,0.3537562738467839,0.03345214
277,27060,0.2593039008237429,0,nan,0.8709677419354839,0.8646949999991136,0.4732028484869277,0.03648298
278,27210,-3.3068919722362207,0,nan,0.8933333333333333,0.8639449999991087,0.3842658203863548,0.050465647
279,27360,-3.1763274402218333,0,nan,0.8933333333333333,0.8631949999991038,0.5155396913125598,0.061634395
280,27432,-0.735289326663464,0,nan,0.875,0.8628349999991014,0.3788279368640302,0.045135424
281,27582,-3.1840934166564447,0,nan,0.9066666666666666,0.8620849999990965,0.39746002090430305,0.056118824
282,27732,-3.5082294449222133,0,nan,0.96,0.8613349999990916,0.3601507326457461,0.05610339
283,27775,0.03452117740043126,0,nan,0.9302325581395349,0.8611199999990902,0.4468931384848964,0.03501742
284,27805,0.29236463686225267,0,nan,0.9333333333333333,0.8609699999990892,0.4812887840974874,0.034211207
285,27955,-3.3354634512423433,0,nan,0.9133333333333333,0.8602199999990843,0.41290047069149366,0.05561725
286,27985,0.32284721262479366,0,nan,0.8666666666666667,0.8600699999990833,0.33954381530695754,0.027383514
287,28135,-3.251390303708279,0,nan,0.9066666666666666,0.8593199999990784,0.4506549218281967,0.060198624
288,28169,0.1642531257483113,0,nan,0.9411764705882353,0.8591499999990773,0.42819346467647157,0.041579217
289,28319,-3.033669474629084,0,nan,0.9333333333333333,0.8583999999990723,0.26397535808485584,0.04725875
290,28469,-3.1422829026575285,0,nan,0.86,0.8576499999990674,0.500798309290883,0.055188295
291,28619,-3.2933051301319556,0,nan,0.86,0.8568999999990625,0.48142900530435256,0.057004046
292,28650,0.23910717708043494,0,nan,0.967741935483871,0.8567449999990615,0.3545524806576156,0.036078487
293,28684,0.18754124487919466,0,nan,0.8823529411764706,0.8565749999990604,0.43674946295280387,0.038312066
294,28834,-3.1882098880291303,0,nan,0.88,0.8558249999990555,0.37836456447112643,0.06189396
295,28984,-3.3372536427916843,0,nan,0.8733333333333333,0.8550749999990506,0.4306975092825137,0.05598844
296,29134,-3.271281547932862,0,nan,0.8933333333333333,0.8543249999990457,0.39232402541554856,0.05581586
297,29284,-3.5504459577127916,0,nan,0.92,0.8535749999990407,0.32570512673017865,0.056997236
298,29434,-3.30981273347272,0,nan,0.8266666666666667,0.8528249999990358,0.3941499167616098,0.051122364
299,29462,0.3748575630633736,0,nan,0.8928571428571429,0.8526849999990349,0.3584876820971267,0.027360031
300,29612,-3.3126156354335015,0,0.27,0.8866666666666667,0.85193499999903,0.44718821076686266,0.054055464
301,29762,-3.3465298327587694,0,nan,0.8866666666666667,0.8511849999990251,0.48205657482673464,0.051033515
302,29830,-0.5603186451789505,0,nan,0.9852941176470589,0.8508449999990229,0.3709868813793485,0.035990268
303,29891,-0.2544304427776898,0,nan,0.9180327868852459,0.8505399999990209,0.39616035658237386,0.029671429
304,30041,-3.359439883865474,0,nan,0.8933333333333333,0.8497899999990159,0.4036792818225788,0.052172754
305,30073,0.22221752007645634,0,nan,0.90625,0.8496299999990149,0.419289945710878,0.038541365
306,30223,-3.26593346200338,0,nan,0.8733333333333333,0.84887999999901,0.35044683159211176,0.055155136
307,30253,0.2675945405443889,0,nan,0.9333333333333333,0.848729999999009,0.2706579288724759,0.034576945
308,30403,-3.5896560501561905,0,nan,0.92,0.8479799999990041,0.3652485225751095,0.0618569
309,30553,-3.4184739763204486,0,nan,0.8866666666666667,0.8472299999989992,0.32088723072917646,0.056399822
310,30583,0.2428110765669298,0,nan,0.8666666666666667,0.8470799999989982,0.3756670505339529,0.0428008
311,30612,0.31607871572471746,0,nan,1.0,0.8469349999989972,0.38518447022925006,0.035456706
312,30649,0.09278118249601763,0,nan,0.8918918918918919,0.846749999998996,0.4067841270494242,0.040603045
313,30799,-3.3754976645114287,0,nan,0.9066666666666666,0.8459999999989911,0.45156644107325666,0.053822085
314,30949,-3.470811506885813,0,nan,0.9133333333333333,0.8452499999989862,0.34913195883657283,0.04699373
315,31099,-3.40220421324847,0,nan,0.9133333333333333,0.8444999999989813,0.41752188025809783,0.06820256
316,31169,-0.63475207290378,0,nan,0.8714285714285714,0.844149999998979,0.346791941315073,0.035268515
317,31207,0.025444024015711664,0,nan,0.7894736842105263,0.8439599999989778,0.36914434939758806,0.04768084
318,31357,-3.33527837813159,0,nan,0.8733333333333333,0.8432099999989728,0.4295982049370116,0.052620847
319,31507,-3.5119884689634744,0,nan,0.9066666666666666,0.8424599999989679,0.2871461501204638,0.042293053
320,31657,-3.3321519827991843,0,nan,0.86,0.841709999998963,0.37131430523177117,0.05128871
321,31807,-3.3233624922785308,0,nan,0.8666666666666667,0.8409599999989581,0.37737298001568204,0.05156113
322,31957,-3.383842682484743,0,nan,0.8866666666666667,0.8402099999989532,0.3993373234895214,0.05555935
323,31987,0.27601320929533013,0,nan,0.9,0.8400599999989522,0.3885104028683216,0.03342991
324,32021,0.13955973274170208,0,nan,0.8529411764705882,0.8398899999989511,0.383766591809569,0.044167172
325,32171,-3.2762738852426354,0,nan,0.8133333333333334,0.8391399999989462,0.5065344850150043,0.055362098
326,32321,-3.4355679271902035,0,nan,0.86,0.8383899999989413,0.39975520989815033,0.056044057
327,32471,-3.2821201628581282,0,nan,0.8733333333333333,0.8376399999989363,0.39013534891125246,0.052904017
328,32621,-3.3054908374661114,0,nan,0.8866666666666667,0.8368899999989314,0.45002514024818163,0.056659825
329,32650,0.31130908148792247,0,nan,1.0,0.8367449999989305,0.3564839117158161,0.027409833
330,32800,-3.5693087352815045,0,0.49,0.8866666666666667,0.8359949999989256,0.3958081121595166,0.084275
331,32950,-3.184223679623022,0,nan,0.9066666666666666,0.8352449999989207,0.3300063432603222,0.05362731
332,33100,-3.258404120133741,0,nan,0.9466666666666667,0.8344949999989157,0.34009661728498236,0.05873016
333,33137,0.12878605027171275,0,nan,0.8918918918918919,0.8343099999989145,0.4255386428643928,0.032596365
334,33287,-3.1986980898308652,0,nan,0.8933333333333333,0.8335599999989096,0.4587213471603296,0.085289836
335,33437,-3.172091778229135,0,nan,0.86,0.8328099999989047,0.4171227312693593,0.053584818
336,33465,0.33245801001887365,0,nan,0.9642857142857143,0.8326699999989038,0.4335109382938968,0.032550845
337,33495,0.26707307470286856,0,nan,0.8,0.8325199999989028,0.38461771026584674,0.03717197
338,33645,-3.4150693704690345,0,nan,0.8666666666666667,0.8317699999988979,0.41943140529874784,0.054292366
339,33671,0.36562496187451987,0,nan,0.8846153846153846,0.831639999998897,0.29115434620419073,0.029756032
340,33706,0.22242754793151853,0,nan,0.8285714285714286,0.8314649999988959,0.3597129517161506,0.032205846
341,33733,0.42749080692360364,0,nan,0.9629629629629629,0.831329999998895,0.390348938980474,0.0321856
342,33883,-3.471603893200408,0,nan,0.8133333333333334,0.8305799999988901,0.43348539341112485,0.053225208
343,34033,-3.5389738144835117,0,nan,0.8533333333333334,0.8298299999988852,0.4110647084213573,0.05955625
344,34183,-3.436319627011564,0,nan,0.9066666666666666,0.8290799999988803,0.4682517629504026,0.051511128
345,34241,-0.3605656181924507,0,nan,0.8793103448275862,0.8287899999988784,0.26876863162149256,0.0356243
346,34271,0.29732211202739944,0,nan,0.9666666666666667,0.8286399999988774,0.4554490112489117,0.034657482
347,34299,0.36952543166682006,0,nan,0.8214285714285714,0.8284999999988765,0.35721708706659455,0.032584775
348,34449,-3.4526952230019194,0,nan,0.88,0.8277499999988716,0.2926639259306798,0.055852935
349,34486,0.1132016862959726,0,nan,0.8918918918918919,0.8275649999988703,0.5127739190096584,0.03881436
350,34636,-3.3186078413797175,0,nan,0.86,0.8268149999988654,0.4342752731162985,0.0610726
351,34677,-0.006010443516564212,0,nan,0.8292682926829268,0.8266099999988641,0.45095012991003064,0.042756055
352,34705,0.33707016565564174,0,nan,0.9285714285714286,0.8264699999988632,0.3476583660519399,0.037226338
353,34855,-3.4733116720000243,0,nan,0.8333333333333334,0.8257199999988583,0.45073987271209154,0.06503784
354,34956,-1.3578450573062781,0,nan,0.8613861386138614,0.825214999998855,0.4887406163389014,0.039648917
355,34985,0.3071271382483949,0,nan,0.8620689655172413,0.825069999998854,0.4241534274451253,0.03670852
356,35051,-0.4569695112543799,0,nan,0.9545454545454546,0.8247399999988518,0.3527562534825067,0.0352628
357,35201,-3.511221124245277,0,nan,0.8266666666666667,0.8239899999988469,0.3912355382639601,0.060347557
358,35230,0.3329775901926705,0,nan,0.896551724137931,0.823844999998846,0.33382275005895606,0.029275853
359,35261,0.31509175655719524,0,nan,0.9032258064516129,0.823689999998845,0.4632177034004156,0.029358974
360,35300,0.07137662018152557,0,0.33,0.8461538461538461,0.8234949999988437,0.5257493706347273,0.033964857
361,35328,0.2982918949385279,0,nan,0.8571428571428571,0.8233549999988428,0.31327224626957767,0.0414284
362,35478,-3.3096801046121227,0,nan,0.88,0.8226049999988378,0.3768749314154032,0.056444835
363,35516,0.06751091168135559,0,nan,0.8947368421052632,0.8224149999988366,0.4155785775425878,0.04451741
364,35666,-3.410627993002171,0,nan,0.8466666666666667,0.8216649999988317,0.48462037300931227,0.05155249
365,35699,0.24371317715808793,0,nan,0.8484848484848485,0.8214999999988306,0.33175194141054765,0.028565964
366,35849,-3.38734533390199,0,nan,0.8466666666666667,0.8207499999988257,0.41328700203170354,0.05466069
367,35886,0.1366760882314937,0,nan,0.8918918918918919,0.8205649999988245,0.364922679979508,0.034041215
368,35943,-0.25180912445758685,0,nan,0.8947368421052632,0.8202799999988226,0.3122324792024674,0.028627597
369,36093,-3.204642576395652,0,nan,0.8666666666666667,0.8195299999988177,0.3424521660444849,0.054927055
370,36243,-3.3045805023694923,0,nan,0.8666666666666667,0.8187799999988128,0.31064626896838987,0.054892216
371,36393,-3.2165941647009184,0,nan,0.9,0.8180299999988079,0.3111763988752909,0.054683845
372,36430,0.050250107722952686,0,nan,0.918918918918919,0.8178449999988067,0.5418223051531074,0.043726902
373,36462,0.23611039520879984,0,nan,0.90625,0.8176849999988056,0.4669411661270273,0.029685875
374,36492,0.22586747014052855,0,nan,0.8666666666666667,0.8175349999988046,0.47903811733038604,0.045666385
375,36642,-3.2435473287467445,0,nan,0.9266666666666666,0.8167849999987997,0.49425664323510177,0.06031629
376,36674,0.23126324270933085,0,nan,0.84375,0.8166249999987987,0.48526756401965804,0.034935806
377,36824,-3.335480532104662,0,nan,0.88,0.8158749999987938,0.41427060031515944,0.053049125
378,36974,-3.3605920974301084,0,nan,0.8533333333333334,0.8151249999987888,0.4042559091239252,0.054558907
379,37008,0.23404269236186193,0,nan,0.9705882352941176,0.8149549999987877,0.39388385951892396,0.039303754
380,37158,-3.5548756873354854,0,nan,0.8666666666666667,0.8142049999987828,0.4472002547258639,0.053139023
381,37187,0.31859976646272037,0,nan,0.8620689655172413,0.8140599999987819,0.3496994086480814,0.0336346
382,37249,-0.31566380478386213,0,nan,0.8548387096774194,0.8137499999987798,0.334603946668636,0.03387696
383,37275,0.3886400906274262,0,nan,0.8076923076923077,0.813619999998779,0.30339101031145993,0.034791205
384,37425,-3.5130131287605946,0,nan,0.86,0.8128699999987741,0.431013361760777,0.05712007
385,37575,-3.5987873240387462,0,nan,0.8866666666666667,0.8121199999987692,0.3769683821336371,0.05945257
386,37725,-3.471401607385365,0,nan,0.7866666666666666,0.8113699999987642,0.4015911995263177,0.054576516
387,37875,-3.8044363213333243,0,nan,0.8733333333333333,0.8106199999987593,0.3738934757249599,0.07564007
388,37902,0.3980826083456922,0,nan,0.9629629629629629,0.8104849999987584,0.3321805584111884,0.031434543
389,38052,-3.442360450130809,0,nan,0.84,0.8097349999987535,0.3597394663233012,0.06123005
390,38202,-3.8935096347369273,0,0.26,0.9066666666666666,0.8089849999987486,0.3208238790655573,0.069855966
391,38232,0.23653503173549406,0,nan,0.9666666666666667,0.8088349999987476,0.3719730633658649,0.03797186
392,38263,0.28744983435105764,0,nan,0.9032258064516129,0.8086799999987466,0.3645043174011714,0.03550593
393,38413,-3.4253056843043455,0,nan,0.8133333333333334,0.8079299999987417,0.3315114338665688,0.056361567
394,38563,-3.4202401136494136,0,nan,0.8733333333333333,0.8071799999987368,0.4711208408025526,0.053252913
395,38713,-3.6306005181158634,0,nan,0.86,0.8064299999987319,0.4824315685856679,0.067707345
396,38863,-3.502466284485246,0,nan,0.86,0.805679999998727,0.41493825485188873,0.060525976
397,39013,-3.5342332922888215,0,nan,0.8466666666666667,0.8049299999987221,0.33634137571634104,0.07678189
398,39051,0.11814645556960512,0,nan,0.7894736842105263,0.8047399999987208,0.4591756212022898,0.033981275
399,39201,-3.387892118984548,0,nan,0.86,0.8039899999987159,0.3744057080453422,0.057573155
400,39351,-3.4079513764753786,0,nan,0.8733333333333333,0.803239999998711,0.363030741138166,0.053808607
401,39379,0.32224269495169144,0,nan,0.8928571428571429,0.8030999999987101,0.34728597975675596,0.040010788
402,39412,0.15645335286441642,0,nan,0.8787878787878788,0.802934999998709,0.3601867830855436,0.045994267
403,39562,-3.5427584247043096,0,nan,0.8466666666666667,0.8021849999987041,0.4385704075407335,0.07084858
404,39604,-0.003775518767514363,0,nan,0.9047619047619048,0.8019749999987027,0.42223826677632065,0.033044335
405,39754,-3.39838535135687,0,nan,0.8333333333333334,0.8012249999986978,0.368611090868954,0.05439986
406,39813,-0.2713858523730257,0,nan,0.9322033898305084,0.8009299999986959,0.4108859551929628,0.03046793
407,39963,-3.484342137484149,0,nan,0.8666666666666667,0.8001799999986909,0.5170782536880618,0.05641152
408,39996,0.1632207453496033,0,nan,0.8787878787878788,0.8000149999986899,0.4280872453562557,0.038633578
409,40146,-3.4345910972376466,0,nan,0.7666666666666667,0.7992649999986849,0.44387926912789166,0.052481644
410,40174,0.4312192167782317,0,nan,0.7857142857142857,0.799124999998684,0.3008925296995104,0.029401688
411,40207,0.2551423424440874,0,nan,0.8787878787878788,0.798959999998683,0.4933134802885897,0.030155031
412,40239,0.20971115965766973,0,nan,0.90625,0.7987999999986819,0.3271698670870755,0.03665486
413,40389,-3.357094650341081,0,nan,0.8533333333333334,0.798049999998677,0.3141978451129218,0.05608771
414,40539,-3.226860493475942,0,nan,0.8933333333333333,0.7972999999986721,0.4281546887071199,0.047787033
415,40568,0.28835828366403327,0,nan,0.8620689655172413,0.7971549999986711,0.3580563253780094,0.037306204
416,40718,-3.429078465676438,0,nan,0.82,0.7964049999986662,0.4962034565268066,0.06233911
417,40868,-3.5587442480977822,0,nan,0.8733333333333333,0.7956549999986613,0.3617510666927029,0.075723134
418,40902,0.19730963851740835,0,nan,0.9411764705882353,0.7954849999986602,0.4353304534764605,0.032554895
419,41052,-3.3021506051050395,0,nan,0.84,0.7947349999986553,0.42034356120165867,0.051303145
420,41094,-0.016780555574805844,0,0.5,0.7857142857142857,0.7945249999986539,0.5242032297221152,0.035898536
421,41123,0.3088642356345157,0,nan,0.9310344827586207,0.7943799999986529,0.3820169254774762,0.0345634
422,41273,-3.747372576318687,0,nan,0.82,0.793629999998648,0.4342115048865739,0.053797625
423,41423,-3.5405795367228774,0,nan,0.84,0.7928799999986431,0.34373796899145925,0.056070767
424,41573,-3.477834238406359,0,nan,0.84,0.7921299999986382,0.44719648021314384,0.05365414
425,41723,-3.3577637610193802,0,nan,0.82,0.7913799999986333,0.4577081497713316,0.052744523
426,41873,-3.3467776221511873,0,nan,0.84,0.7906299999986284,0.3717740363131446,0.055823922
427,41906,0.27513992446242364,0,nan,0.8484848484848485,0.7904649999986273,0.40715239301595296,0.04130001
428,41955,-0.2533377761802944,0,nan,0.8367346938775511,0.7902199999986257,0.34481037942364084,0.043441787
429,42056,-1.2854369099758878,0,nan,0.8712871287128713,0.7897149999986224,0.43888001577563596,0.041697394
430,42206,-3.3580469169931333,0,nan,0.7733333333333333,0.7889649999986175,0.43933084946053874,0.057018038
431,42356,-3.2197800446626195,0,nan,0.9066666666666666,0.7882149999986126,0.32392004533230845,0.057592552
432,42506,-3.3738918026104936,0,nan,0.8533333333333334,0.7874649999986076,0.36441518743215745,0.045760877
433,42535,0.31738084454929405,0,nan,0.7931034482758621,0.7873199999986067,0.40640647495563953,0.029455405
434,42565,0.26011176110820866,0,nan,0.8333333333333334,0.7871699999986057,0.37148201249096163,0.03427704
435,42715,-3.4332738219878944,0,nan,0.82,0.7864199999986008,0.38906222240279653,0.056380767
436,42865,-3.4296675022543384,0,nan,0.8266666666666667,0.7856699999985959,0.4314999639335338,0.050981905
437,43015,-3.5097018027568416,0,nan,0.8066666666666666,0.784919999998591,0.41519022984347714,0.053911433
438,43055,-0.01539130958475421,0,nan,0.85,0.7847199999985897,0.4761814927186113,0.044528708
439,43092,0.19014197619813122,0,nan,0.918918918918919,0.7845349999985884,0.4564137139134539,0.033415686
440,43242,-3.4439107966703335,0,nan,0.8466666666666667,0.7837849999985835,0.4695986482267526,0.052657485
441,43392,-3.5421820310419427,0,nan,0.8866666666666667,0.7830349999985786,0.42937275964569693,0.05536822
442,43423,0.2958755057625573,0,nan,0.8064516129032258,0.7828799999985776,0.42593013001071345,0.0258855
443,43573,-3.3420225253900684,0,nan,0.82,0.7821299999985727,0.43647192407658386,0.053115293
444,43723,-3.211180199754634,0,nan,0.8866666666666667,0.7813799999985678,0.41378919151353233,0.052816827
445,43873,-3.33543635546745,0,nan,0.82,0.7806299999985629,0.4180731834919733,0.056338545
446,43904,0.28446546395016137,0,nan,0.7741935483870968,0.7804749999985618,0.3592852616549713,0.027437666
447,43944,0.04436203088179158,0,nan,0.825,0.7802749999985605,0.3791921547325613,0.027476106
448,44001,-0.33599851981985107,0,nan,0.7719298245614035,0.7799899999985587,0.4330036596831072,0.036092427
449,44151,-3.380097448821827,0,nan,0.7666666666666667,0.7792399999985538,0.3617396430702538,0.05365595
450,44210,-0.34581448588951824,0,0.35,0.7966101694915254,0.7789449999985518,0.3905152033969391,0.033275794
451,44360,-3.5306735371274285,0,nan,0.8266666666666667,0.7781949999985469,0.26081712391728445,0.072549164
452,44415,-1.171374975086062,0,nan,0.8545454545454545,0.7779149999985451,0.2852224951455629,0.053123552
453,44472,-0.21802558047626264,0,nan,0.7719298245614035,0.7776299999985432,0.3335495500496476,0.027952962
454,44622,-3.3414236078502237,0,nan,0.8133333333333334,0.7768799999985383,0.4679120050422649,0.05243004
455,44772,-3.448245501649992,0,nan,0.8333333333333334,0.7761299999985334,0.44303746476458195,0.0636305
456,44803,0.25219203647065414,0,nan,0.8709677419354839,0.7759749999985324,0.35036965607357806,0.03702457
457,44953,-3.3843577549828194,0,nan,0.88,0.7752249999985275,0.269627840950534,0.03770428
458,44985,0.2599267633961908,0,nan,0.8125,0.7750649999985264,0.37126824513443907,0.02961169
459,45135,-3.428989258235386,0,nan,0.82,0.7743149999985215,0.47763141413003524,0.050254602
460,45285,-3.159210950347417,0,nan,0.84,0.7735649999985166,0.46815333616077737,0.05777475
461,45435,-3.343052586792936,0,nan,0.8333333333333334,0.7728149999985117,0.443417387325866,0.0596106
462,45585,-3.22923013650185,0,nan,0.86,0.7720649999985068,0.37777278559181154,0.056354344
463,45735,-3.4416044660818432,0,nan,0.8133333333333334,0.7713149999985018,0.44751837165399866,0.05191722
464,45885,-3.3068831654857225,0,nan,0.82,0.7705649999984969,0.33402346492804985,0.0595585
465,46035,-3.3009907193597154,0,nan,0.8333333333333334,0.769814999998492,0.48429220608858525,0.058200613
466,46185,-3.2101408015091804,0,nan,0.8666666666666667,0.7690649999984871,0.3366551108061739,0.056333855
467,46222,0.11326429724234388,0,nan,0.8918918918918919,0.7688799999984859,0.44937625550257754,0.032365046
468,46372,-3.432319747632593,0,nan,0.8133333333333334,0.768129999998481,0.4949347855912242,0.054075725
469,46522,-3.2805920659056165,0,nan,0.8066666666666666,0.7673799999984761,0.37021231351371414,0.05640971
470,46672,-3.2802289300846783,0,nan,0.7666666666666667,0.7666299999984711,0.42251179787330645,0.05031687
471,46822,-3.3934049726684665,0,nan,0.8666666666666667,0.7658799999984662,0.3479679693694207,0.052505225
472,46851,0.32628859053699844,0,nan,0.8620689655172413,0.7657349999984653,0.4025238202048099,0.029749485
473,47001,-3.2281614305475137,0,nan,0.8,0.7649849999984604,0.43491930514028526,0.04608476
474,47037,0.12624872040179203,0,nan,0.8055555555555556,0.7648049999984592,0.40153741458173536,0.04005532
475,47067,0.2790715013330394,0,nan,0.8333333333333334,0.7646549999984582,0.4247650039195901,0.03032351
476,47108,-0.009975598295768329,0,nan,0.9024390243902439,0.7644499999984569,0.46830990952797985,0.04406459
477,47258,-3.347693989240092,0,nan,0.8066666666666666,0.763699999998452,0.5029362721909355,0.055588685
478,47292,0.17068404824917793,0,nan,0.8235294117647058,0.7635299999984508,0.3579372152006918,0.038253397
479,47326,0.16321162071003037,0,nan,0.8235294117647058,0.7633599999984497,0.38159705359923185,0.03541961
480,47476,-3.1725268055608695,0,0.45,0.8333333333333334,0.7626099999984448,0.38511315328346885,0.05308911
481,47539,-0.3962450973397804,0,nan,0.8253968253968254,0.7622949999984427,0.3741278563409213,0.03273051
482,47689,-3.4292670457193295,0,nan,0.8266666666666667,0.7615449999984378,0.42810000963561995,0.05856888
483,47691,-0.0585682617970599,0,nan,1.0,0.7615299999984377,0.4606842748310785,0.3003602
484,47789,-1.3567885024001132,0,nan,0.8775510204081632,0.7610399999984345,0.4505674727951113,0.04442127
485,47939,-3.184400315106078,0,nan,0.82,0.7602899999984296,0.4271187334131523,0.05780981
486,48089,-3.1591464290531595,0,nan,0.78,0.7595399999984247,0.3333070913837268,0.061385956
487,48239,-3.4276237796282816,0,nan,0.86,0.7587899999984198,0.39084604037096854,0.055275712
488,48389,-3.3708540975800414,0,nan,0.8266666666666667,0.7580399999984149,0.4264457798884257,0.055480883
489,48426,0.13684124933944064,0,nan,0.8918918918918919,0.7578549999984137,0.507050592270018,0.035207115
490,48576,-3.344452937273129,0,nan,0.82,0.7571049999984087,0.3334021763362429,0.05083502
491,48605,0.335678314972616,0,nan,0.7931034482758621,0.7569599999984078,0.3858466915962523,0.029599853
492,48633,0.33054326307078585,0,nan,0.8571428571428571,0.7568199999984069,0.3434575706040015,0.037051547
493,48674,-0.00590646966190933,0,nan,0.8780487804878049,0.7566149999984055,0.49804874997382176,0.03676617
494,48824,-3.3545131140172133,0,nan,0.7866666666666666,0.7558649999984006,0.5203194326820143,0.052938353
495,48974,-3.2427228810925914,0,nan,0.7533333333333333,0.7551149999983957,0.2792593032267906,0.054341927
496,49124,-3.3120107114170567,0,nan,0.84,0.7543649999983908,0.44996272688919603,0.057930242
497,49274,-3.284043767795558,0,nan,0.8533333333333334,0.7536149999983859,0.4108904481154282,0.053881086
498,49424,-3.3141862537669513,0,nan,0.8,0.752864999998381,0.5289178093427048,0.052774217
499,49574,-3.2122003204178715,0,nan,0.8133333333333334,0.752114999998376,0.38438769963825803,0.057954267
500,49724,-3.3287114432313456,0,nan,0.8333333333333334,0.7513649999983711,0.3444743737445231,0.05507964
501,49764,0.04248893404312071,0,nan,0.775,0.7511649999983698,0.522918110551267,0.034066416
502,49914,-3.3391515428119725,0,nan,0.8066666666666666,0.7504149999983649,0.32850613655267674,0.055127017
503,49945,0.2639660229409069,0,nan,0.9032258064516129,0.7502599999983639,0.297306807178666,0.033309713
504,50095,-3.2202505015178065,0,nan,0.8533333333333334,0.749509999998359,0.40928536062190146,0.051386483
505,50245,-3.2488124545915706,0,nan,0.8333333333333334,0.7487599999983541,0.4237005096505105,0.048866022
506,50281,0.15405751099838827,0,nan,0.9166666666666666,0.7485799999983529,0.4227215040217698,0.034337632
507,50305,0.5513341854085347,1,nan,0.7083333333333334,0.7484599999983521,0.29533160812242154,0.02693055
508,50455,-3.2984160841354564,0,nan,0.8,0.7477099999983472,0.516457584854306,0.05741417
509,50485,0.27505835861251293,0,nan,0.8,0.7475599999983462,0.34951190227243273,0.031739946
510,50515,0.27004051433177334,0,0.65,0.9333333333333333,0.7474099999983452,0.36833697276943994,0.032036103
511,50547,0.21647798277366137,0,nan,0.96875,0.7472499999983442,0.44711609764687776,0.036112946
512,50579,0.25055312565216303,0,nan,0.8125,0.7470899999983431,0.29597662605247893,0.03966559
513,50650,-0.5915021810157155,0,nan,0.8591549295774648,0.7467349999983408,0.46803716902426523,0.036329187
514,50682,0.27457686169661655,0,nan,0.71875,0.7465749999983398,0.3642593819539455,0.04391928
515,50832,-3.58071572152651,0,nan,0.8133333333333334,0.7458249999983348,0.5166859859008371,0.057614014
516,50861,0.3082953044942247,0,nan,0.8275862068965517,0.7456799999983339,0.3327055732459104,0.034886193
517,51011,-3.4170173211676698,0,nan,0.8066666666666666,0.744929999998329,0.5148167369975408,0.06077422
518,51039,0.27009126863034827,0,nan,0.9285714285714286,0.7447899999983281,0.3205917458938725,0.04070452
519,51071,0.1848179984219248,0,nan,0.96875,0.744629999998327,0.41262680155645765,0.044083852
520,51221,-3.3936800128840776,0,nan,0.8133333333333334,0.7438799999983221,0.39860891042321855,0.054908022
521,51371,-3.4496288098740364,0,nan,0.7666666666666667,0.7431299999983172,0.4474502501981666,0.067346334
522,51401,0.2772134602103614,0,nan,0.7666666666666667,0.7429799999983162,0.29022217152683094,0.04526984
523,51551,-3.435318733513678,0,nan,0.8,0.7422299999983113,0.35852831809741637,0.052180637
524,51617,-0.5165348886008355,0,nan,0.8636363636363636,0.7418999999983091,0.3661472707739072,0.02926715
525,51649,0.2323924000151556,0,nan,0.8125,0.7417399999983081,0.4171939044051023,0.035446454
526,51799,-3.267683240403157,0,nan,0.7333333333333333,0.7409899999983032,0.42393825862255685,0.058431715
527,51949,-3.206624232938805,0,nan,0.82,0.7402399999982983,0.4670822384237333,0.047354788
528,52099,-3.258621505300488,0,nan,0.84,0.7394899999982933,0.3595836287958652,0.07568268
529,52128,0.3484967588992839,0,nan,0.8620689655172413,0.7393449999982924,0.3701212286858817,0.03279968
530,52278,-3.3193540218010313,0,nan,0.8,0.7385949999982875,0.3635323966733678,0.056491643
531,52428,-3.3576432056077135,0,nan,0.8466666666666667,0.7378449999982826,0.4904169578504192,0.060340848
532,52578,-3.4034732710857294,0,nan,0.8333333333333334,0.7370949999982777,0.507934383470388,0.05806916
533,52728,-3.475153837634433,0,nan,0.8066666666666666,0.7363449999982727,0.472542852911533,0.059179362
534,52769,0.04087424821123542,0,nan,0.8780487804878049,0.7361399999982714,0.46885424577362805,0.032525104
535,52800,0.24977706080887374,0,nan,0.8387096774193549,0.7359849999982704,0.30753618226165225,0.032247033
536,52876,-0.8412192072211441,0,nan,0.8026315789473685,0.7356049999982679,0.4804100841564671,0.04121075
537,53026,-3.4011857879014458,0,nan,0.82,0.734854999998263,0.3743981824571523,0.08257179
538,53053,0.3742264678743352,0,nan,0.8148148148148148,0.7347199999982621,0.28575938759487346,0.031206837
539,53128,-0.8461713297581605,0,nan,0.8533333333333334,0.7343449999982596,0.504904086365629,0.040910475
540,53158,0.2948755573663525,0,0.71,0.8333333333333334,0.7341949999982587,0.4044855985214354,0.039119296
541,53308,-3.2241152034330036,0,nan,0.7466666666666667,0.7334449999982537,0.36028394520015117,0.05971888
542,53458,-3.1512263776771907,0,nan,0.78,0.7326949999982488,0.3456225432465982,0.061753713
543,53490,0.27282572176443753,0,nan,0.90625,0.7325349999982478,0.5047477994574534,0.031200739
544,53640,-3.357645764971781,0,nan,0.78,0.7317849999982429,0.342813216497001,0.05364654
545,53671,0.23796442218487346,0,nan,0.8709677419354839,0.7316299999982419,0.5053668564046286,0.038263492
546,53698,0.3656529740482548,0,nan,0.8518518518518519,0.731494999998241,0.3008752415865262,0.04032402
547,53848,-3.367930406638323,0,nan,0.84,0.7307449999982361,0.39554890628168954,0.05509648
548,53998,-3.4082902980314578,0,nan,0.7733333333333333,0.7299949999982311,0.44215013904874007,0.057464644
549,54148,-3.1949246043871953,0,nan,0.8466666666666667,0.7292449999982262,0.28521453800905006,0.054516263
550,54298,-3.1993545994409893,0,nan,0.8066666666666666,0.7284949999982213,0.32830067025396165,0.04589774
551,54448,-3.5723363483306687,0,nan,0.84,0.7277449999982164,0.37526076903567335,0.07027212
552,54598,-3.4121418915289143,0,nan,0.8266666666666667,0.7269949999982115,0.3679068477544455,0.04879647
553,54629,0.2645915409133852,0,nan,0.8709677419354839,0.7268399999982105,0.47777049162417196,0.032276973
554,54779,-3.538258835112587,0,nan,0.7933333333333333,0.7260899999982056,0.4860526818390527,0.05819183
555,54929,-3.379880978062575,0,nan,0.8266666666666667,0.7253399999982006,0.4775484178037687,0.05679797
556,54958,0.3209948504323571,0,nan,0.7931034482758621,0.7251949999981997,0.36111001417436234,0.03199954
557,55108,-3.3398934403062626,0,nan,0.76,0.7244449999981948,0.5144049270253481,0.060925942
558,55140,0.19435770058598512,0,nan,0.96875,0.7242849999981937,0.37612797012032395,0.040118277
559,55142,-0.0561237616657807,0,nan,1.0,0.7242699999981936,0.34429406361988546,0.44724783
560,55174,0.2411463732980036,0,nan,0.78125,0.7241099999981926,0.5294056671084723,0.032584276
561,55249,-0.7984576607890946,0,nan,0.8533333333333334,0.7237349999981901,0.4572277901882362,0.04061971
562,55399,-3.3191745188652395,0,nan,0.78,0.7229849999981852,0.4498440498987903,0.050070453
563,55549,-3.461984672996906,0,nan,0.78,0.7222349999981803,0.3305033055447599,0.047725786
564,55699,-3.4844562313850664,0,nan,0.8,0.7214849999981754,0.4279307492152343,0.060663816
565,55730,0.24858733546077316,0,nan,0.9354838709677419,0.7213299999981744,0.3834913485824264,0.036783982
566,55880,-3.2079374649873804,0,nan,0.8133333333333334,0.7205799999981695,0.3705630559115134,0.056160506
567,56030,-3.2666014082365673,0,nan,0.8066666666666666,0.7198299999981645,0.4523597955530313,0.05579694
568,56180,-3.4139062908018905,0,nan,0.84,0.7190799999981596,0.5515584652376029,0.07130319
569,56330,-3.3268779725859563,0,nan,0.7933333333333333,0.7183299999981547,0.5493331224886,0.049046494
570,56418,-0.9546002432212268,0,0.56,0.8409090909090909,0.7178899999981518,0.3456534723147417,0.03492861
571,56452,0.18487236427822706,0,nan,0.9411764705882353,0.7177199999981507,0.33501311445537413,0.036330115
572,56480,0.41458438238108397,0,nan,0.8214285714285714,0.7175799999981498,0.404312318617062,0.027883494
573,56630,-3.2146647325018294,0,nan,0.84,0.7168299999981449,0.3178015508987147,0.054329395
574,56660,0.28908442532490375,0,nan,0.8666666666666667,0.7166799999981439,0.4275630315148691,0.034739576
575,56810,-3.45621877422452,0,nan,0.8333333333333334,0.715929999998139,0.5035276405749382,0.051592864
576,56930,-2.8405135350551576,0,nan,0.825,0.715324999998135,0.3762661279579214,0.054342017
577,56993,-0.5097866608349771,0,nan,0.7936507936507936,0.715009999998133,0.47428708147915044,0.04030092
578,57143,-3.2945953980311544,0,nan,0.74,0.7142599999981281,0.33496317517028523,0.050736934
579,57293,-3.3970807507007246,0,nan,0.78,0.7135099999981231,0.48116744600823125,0.055134594
580,57443,-3.329080150836831,0,nan,0.8333333333333334,0.7127599999981182,0.4553736893170422,0.053490542
581,57480,0.10822685341842331,0,nan,0.918918918918919,0.712574999998117,0.43033511149727727,0.034294154
582,57630,-3.5968451013485647,0,nan,0.8266666666666667,0.7118249999981121,0.4968755211609886,0.059078597
583,57780,-3.2067760287416642,0,nan,0.78,0.7110749999981072,0.36585801410962654,0.057573758
584,57835,-1.3922470586430569,0,nan,0.9272727272727272,0.7107949999981054,0.4605332365629712,0.06050881
585,57985,-3.328403068557789,0,nan,0.8266666666666667,0.7100449999981004,0.4411554494142212,0.05949669
586,58017,0.28146987616149377,0,nan,0.71875,0.7098849999980994,0.4249078175685953,0.032729242
587,58167,-3.1523060729701355,0,nan,0.7266666666666667,0.7091349999980945,0.34913175401340313,0.053869177
588,58218,-0.18717550060603927,0,nan,0.8823529411764706,0.7088799999980928,0.4055348538874842,0.04393649
589,58368,-3.691409968855655,0,nan,0.7666666666666667,0.7081299999980879,0.4514138375681362,0.06122341
590,58518,-3.1768548305989612,0,nan,0.8133333333333334,0.707379999998083,0.434313575584415,0.050768454
591,58668,-3.242829186464858,0,nan,0.72,0.7066299999980781,0.3794264693697146,0.054821078
592,58818,-3.237956750333283,0,nan,0.8733333333333333,0.7058799999980732,0.45097606285880104,0.047918946
593,58848,0.30211752536495684,0,nan,0.7333333333333333,0.7057299999980722,0.3318807607295536,0.03380517
594,58879,0.2296813688735727,0,nan,0.8064516129032258,0.7055749999980712,0.4056994780312224,0.039503716
595,58941,-0.505603705001176,0,nan,0.9032258064516129,0.7052649999980691,0.4290566934169326,0.040067237
596,58971,0.28480000690918594,0,nan,0.8,0.7051149999980681,0.4612505724660634,0.032260474
597,59121,-3.172228828103502,0,nan,0.78,0.7043649999980632,0.4182689559333659,0.056313463
598,59271,-3.1512656157798955,0,nan,0.86,0.7036149999980583,0.3605681612443898,0.051362243
599,59344,-0.7774991510360568,0,nan,0.8493150684931506,0.7032499999980559,0.4227012984532787,0.044162326
600,59379,0.14430988706992898,0,0.42,0.8857142857142857,0.7030749999980548,0.37145109996385994,0.041525584
601,59529,-3.2432766592695055,0,nan,0.7266666666666667,0.7023249999980499,0.408634871427747,0.059873052
602,59562,0.2238333919190355,0,nan,0.8181818181818182,0.7021599999980488,0.3277098970394718,0.034544162
603,59712,-3.3184364635090877,0,nan,0.7733333333333333,0.7014099999980439,0.36543666989535717,0.05163431
604,59750,0.11097612486545405,0,nan,0.9210526315789473,0.7012199999980426,0.39916106529857304,0.035659567
605,59798,-0.1420926917252373,0,nan,0.7708333333333334,0.7009799999980411,0.5161472072290437,0.04175976
606,59948,-3.219338457234143,0,nan,0.7866666666666666,0.7002299999980361,0.44910795006335974,0.060074233
607,60096,-2.3640112423772495,0,nan,0.7837837837837838,0.6994899999980313,0.3272438411670277,0.040116966
608,60246,-3.2546989265180124,0,nan,0.7733333333333333,0.6987399999980264,0.39276580685523393,0.058802173
609,60396,-3.7244929118965056,0,nan,0.7666666666666667,0.6979899999980215,0.3436542525950085,0.10555132
610,60546,-3.170427236285218,0,nan,0.7733333333333333,0.6972399999980166,0.2798666826837344,0.059308548
611,60576,0.3107686258503216,0,nan,0.8333333333333334,0.6970899999980156,0.41924741167287993,0.031692896
612,60726,-3.328187212448312,0,nan,0.82,0.6963399999980107,0.4105933031750913,0.052852098
613,60876,-3.333125221458454,0,nan,0.8066666666666666,0.6955899999980057,0.4772340007239463,0.055789713
614,60907,0.26367728656013023,0,nan,0.8709677419354839,0.6954349999980047,0.5171533055017992,0.035455767
615,61057,-3.3499072889691606,0,nan,0.7333333333333333,0.6946849999979998,0.42746702768123634,0.054039136
616,61207,-3.3212864200680134,0,nan,0.7866666666666666,0.6939349999979949,0.47673628575688953,0.062242605
617,61357,-3.719479521209564,0,nan,0.8533333333333334,0.69318499999799,0.3668064504451787,0.062209282
618,61507,-3.35765823027181,0,nan,0.8,0.6924349999979851,0.438049286089565,0.050888665
619,61657,-3.216519408833555,0,nan,0.78,0.6916849999979802,0.33851472957454426,0.059026275
620,61689,0.2322857630439178,0,nan,0.8125,0.6915249999979791,0.4448598756539479,0.03622638
621,61839,-3.252469352632993,0,nan,0.8066666666666666,0.6907749999979742,0.34391707600209986,0.053048316
622,61989,-3.2796424675829003,0,nan,0.7733333333333333,0.6900249999979693,0.4489447246603864,0.053634122
623,62139,-3.2978021009526532,0,nan,0.84,0.6892749999979644,0.5293264803101765,0.05918511
624,62171,0.2924087018560697,0,nan,0.8125,0.6891149999979633,0.46535226512173644,0.031926602
625,62200,0.31616006893206083,0,nan,0.7931034482758621,0.6889699999979624,0.38571234649496283,0.040430997
626,62350,-3.540794770851164,0,nan,0.74,0.6882199999979575,0.42846568457038864,0.050340123
627,62381,0.292926024980511,0,nan,0.8709677419354839,0.6880649999979565,0.4270223013551384,0.031900924
628,62416,0.1583069120019558,0,nan,0.7428571428571429,0.6878899999979553,0.45792327837277363,0.0433994
629,62566,-3.2304577602580786,0,nan,0.7666666666666667,0.6871399999979504,0.37006524684571596,0.052999426
630,62716,-3.4530014574053585,0,0.62,0.7733333333333333,0.6863899999979455,0.5112544654316766,0.062166926
631,62747,0.24399179194567033,0,nan,0.8709677419354839,0.6862349999979445,0.3315404951925831,0.036095064
632,62897,-3.3012956364439656,0,nan,0.78,0.6854849999979395,0.5010281235947821,0.059582528
633,63047,-3.4716815959538048,0,nan,0.7533333333333333,0.6847349999979346,0.4099251072271836,0.045509983
634,63197,-3.2899184423959293,0,nan,0.7733333333333333,0.6839849999979297,0.47472497803170305,0.057455953
635,63226,0.3002188864416814,0,nan,0.7931034482758621,0.6838399999979288,0.35287284619236536,0.036417235
636,63255,0.29572171847397,0,nan,0.7586206896551724,0.6836949999979278,0.4693969334487154,0.036495876
637,63405,-3.452179381555357,0,nan,0.76,0.6829449999979229,0.3394094837123103,0.053249825
638,63555,-3.4214873781667623,0,nan,0.8266666666666667,0.682194999997918,0.31787842016855344,0.05527745
639,63705,-3.428898621192176,0,nan,0.7266666666666667,0.6814449999979131,0.4378493825208048,0.050083015
640,63855,-3.2605016841193657,0,nan,0.76,0.6806949999979082,0.29646783589429415,0.054888617
641,64005,-3.3077093834799527,0,nan,0.7933333333333333,0.6799449999979033,0.4433304740012651,0.0546167
642,64155,-3.34626772002704,0,nan,0.8066666666666666,0.6791949999978983,0.4314636837819303,0.05777529
643,64192,0.07945985904768949,0,nan,0.8648648648648649,0.6790099999978971,0.3818593911581287,0.040179584
644,64226,0.1662603817871523,0,nan,0.9117647058823529,0.678839999997896,0.42049921570797544,0.036540665
645,64254,0.3347345816413352,0,nan,0.9285714285714286,0.6786999999978951,0.2921704609918354,0.03624788
646,64286,0.19992946940236433,0,nan,0.8125,0.678539999997894,0.45494697661467826,0.035746403
647,64436,-3.5259423714134903,0,nan,0.7533333333333333,0.6777899999978891,0.4455645061208598,0.053852156
648,64467,0.2642681018028049,0,nan,0.8064516129032258,0.6776349999978881,0.3822454420227243,0.02982957
649,64537,-1.601740525297165,0,nan,0.7857142857142857,0.6772799999978858,0.3537402383116692,0.05289415
650,64572,0.2582272775497728,0,nan,0.8285714285714286,0.6771049999978846,0.38590099080778645,0.046092164
651,64601,0.36430669118029013,0,nan,0.8620689655172413,0.6769599999978837,0.33767246698518133,0.028485147
652,64751,-3.4628901965444285,0,nan,0.7266666666666667,0.6762099999978788,0.38380977897241847,0.0574417
653,64901,-3.6227160284912143,0,nan,0.7733333333333333,0.6754599999978739,0.49042894062552667,0.07401918
654,64932,0.30101084621814955,0,nan,0.8709677419354839,0.6753049999978729,0.42472100724632955,0.02827591
655,64972,0.048536965343958904,0,nan,0.825,0.6751049999978715,0.4553047790036998,0.034992196
656,65004,0.20729936894888046,0,nan,0.875,0.6749449999978705,0.43345192816119993,0.03841807
657,65034,0.3815094952705531,0,nan,0.7,0.6747949999978695,0.49571062717790404,0.03362288
658,65184,-3.5512527524525748,0,nan,0.86,0.6740449999978646,0.3709778768210241,0.07990627
659,65334,-3.354106862587994,0,nan,0.7466666666666667,0.6732949999978597,0.4906952539843781,0.052828822
660,65397,-0.5266577366134606,0,0.62,0.7936507936507936,0.6729799999978576,0.3068062275336196,0.039973497
661,65547,-3.406360686511614,0,nan,0.72,0.6722299999978527,0.29849772989511314,0.05468983
662,65575,0.3502336473065073,0,nan,0.8214285714285714,0.6720899999978518,0.36212902268615077,0.031280555
663,65725,-3.5457105744447475,0,nan,0.8133333333333334,0.6713399999978469,0.4156854889910704,0.054805856
664,65875,-3.4397164495213794,0,nan,0.74,0.670589999997842,0.4055449215972354,0.071975164
665,66025,-3.3828677817440034,0,nan,0.78,0.669839999997837,0.502424537191612,0.057274
666,66175,-3.7069246269646707,0,nan,0.8,0.6690899999978321,0.48129222910793656,0.0737919
667,66202,0.3754808694882952,0,nan,0.9629629629629629,0.6689549999978313,0.35564642938273505,0.034477457
668,66352,-3.542330465662497,0,nan,0.7866666666666666,0.6682049999978263,0.5075685170167753,0.064141326
669,66502,-3.284814115806187,0,nan,0.7533333333333333,0.6674549999978214,0.33577725222219873,0.054988824
670,66652,-3.303150875373238,0,nan,0.7866666666666666,0.6667049999978165,0.2814546159436114,0.051089685
671,66708,-0.29205767900001434,0,nan,0.7678571428571429,0.6664249999978147,0.30595704907217236,0.03710481
672,66858,-3.2823041614557806,0,nan,0.7466666666666667,0.6656749999978098,0.31512937858514156,0.05421372
673,67008,-3.4001327192010082,0,nan,0.7866666666666666,0.6649249999978049,0.38384076579622045,0.05006074
674,67039,0.23280729424013424,0,nan,0.8709677419354839,0.6647699999978038,0.4127253543282931,0.033077773
675,67066,0.37010587809532947,0,nan,0.7777777777777778,0.664634999997803,0.39250665309115396,0.031269133
676,67125,-0.3467585288769863,0,nan,0.864406779661017,0.664339999997801,0.38471102007898483,0.033018578
677,67157,0.3044985555372034,0,nan,0.78125,0.6641799999978,0.36096745988635054,0.031085845
678,67238,-0.8475938065463904,0,nan,0.7901234567901234,0.6637749999977973,0.3943075783146305,0.041219488
679,67388,-3.4466288997816235,0,nan,0.76,0.6630249999977924,0.3595259060635206,0.05334398
680,67418,0.31994124594783135,0,nan,0.8,0.6628749999977914,0.5301754995203064,0.035554994
681,67465,-1.093967028428659,0,nan,0.7872340425531915,0.6626349999977899,0.33780077728316454,0.068452105
682,67615,-3.3660398104463924,0,nan,0.76,0.6618849999977849,0.4341951054659494,0.058314838
683,67765,-3.4435442006878803,0,nan,0.7533333333333333,0.66113499999778,0.4536816113635073,0.055749513
684,67915,-3.2940163833932234,0,nan,0.76,0.6603849999977751,0.4211044898661097,0.056125768
685,68065,-3.7017271568257057,0,nan,0.8333333333333334,0.6596349999977702,0.4702926429097881,0.054013
686,68102,0.1220915147438204,0,nan,0.7297297297297297,0.659449999997769,0.2834859326998695,0.033852667
687,68252,-3.455896765498069,0,nan,0.74,0.6586999999977641,0.36572465166327234,0.05493445
688,68402,-3.4145565478084947,0,nan,0.72,0.6579499999977592,0.48626610902842865,0.054605115
689,68435,0.19200051231284032,0,nan,0.8787878787878788,0.6577849999977581,0.35783249662954253,0.03969735
690,68585,-3.35506838748919,0,0.58,0.7466666666666667,0.6570349999977532,0.4468716824821434,0.050883546
691,68669,-0.9170917385324886,0,nan,0.7380952380952381,0.6566149999977504,0.38687205490977383,0.034385186
692,68819,-3.3727343458456347,0,nan,0.7,0.6558649999977455,0.4654513881033522,0.055517357
693,68969,-3.5470298410705507,0,nan,0.78,0.6551149999977406,0.4286413312048842,0.066443056
694,69008,0.07058112434096542,0,nan,0.8205128205128205,0.6549199999977393,0.35849730895730486,0.04118449
695,69039,0.24473968661194956,0,nan,0.7419354838709677,0.6547649999977383,0.3034639652457044,0.035150204
696,69072,0.22316152579792348,0,nan,0.8181818181818182,0.6545999999977372,0.3409350032038856,0.04310302
697,69222,-3.4895678813382913,0,nan,0.8,0.6538499999977323,0.3693499422306369,0.050719775
698,69267,-0.11478415745763282,0,nan,0.6888888888888889,0.6536249999977308,0.5202652136172723,0.03827119
699,69324,-0.3797651934407077,0,nan,0.7192982456140351,0.653339999997729,0.44965783889619865,0.040782146
700,69474,-3.2232666210784475,0,nan,0.6866666666666666,0.652589999997724,0.3482310584800908,0.055679377
701,69624,-3.5858335430605943,0,nan,0.78,0.6518399999977191,0.4286378840056125,0.072035186
702,69774,-3.3302996915835417,0,nan,0.8066666666666666,0.6510899999977142,0.40122974886017376,0.055004813
703,69813,0.09782523196094628,0,nan,0.8461538461538461,0.6508949999977129,0.36879776550234394,0.03947906
704,69963,-3.246699014147429,0,nan,0.7333333333333333,0.650144999997708,0.42494495721017,0.05655543
705,70113,-3.1702111365968406,0,nan,0.7666666666666667,0.6493949999977031,0.36146623843639797,0.048208814
706,70263,-3.568398281265686,0,nan,0.7533333333333333,0.6486449999976982,0.5304448314694356,0.10221729
707,70292,0.36296477307148045,0,nan,0.6896551724137931,0.6484999999976973,0.3960283919639244,0.03011703
708,70344,-0.1605109337624523,0,nan,0.6730769230769231,0.6482399999976955,0.46123011727749774,0.026963135
709,70383,0.06485585796448756,0,nan,0.7948717948717948,0.6480449999976943,0.35053924883930687,0.03279721
710,70533,-3.3852765067179904,0,nan,0.76,0.6472949999976894,0.4545210673648111,0.06030433
711,70683,-3.4681841657796113,0,nan,0.74,0.6465449999976844,0.4887842063622933,0.058455963
712,70833,-3.49088970577911,0,nan,0.6933333333333334,0.6457949999976795,0.4552212261954088,0.05512744
713,70983,-3.3231615692561385,0,nan,0.78,0.6450449999976746,0.5109915060770837,0.05555475
714,71133,-3.500244849036536,0,nan,0.7133333333333334,0.6442949999976697,0.5032129434802289,0.057030562
715,71205,-0.6527884504943332,0,nan,0.8472222222222222,0.6439349999976673,0.49274212456671945,0.031516243
716,71355,-3.397375744877148,0,nan,0.8266666666666667,0.6431849999976624,0.5072088443517596,0.057789315
717,71505,-3.5158209895251264,0,nan,0.7533333333333333,0.6424349999976575,0.3670272261486483,0.05341383
718,71655,-3.1752272745137637,0,nan,0.7533333333333333,0.6416849999976526,0.2693890763839399,0.05135657
719,71685,0.36960632434728735,0,nan,0.8,0.6415349999976516,0.3114860104181459,0.03312548
720,71722,0.08550566165536633,0,0.59,0.7837837837837838,0.6413499999976504,0.529371638424566,0.04017532
721,71754,0.22909060685094396,0,nan,0.9375,0.6411899999976494,0.4036496399679289,0.0314545
722,71904,-3.4559386809145463,0,nan,0.7333333333333333,0.6404399999976444,0.49371304941893085,0.073866196
723,72054,-3.5136161202907776,0,nan,0.74,0.6396899999976395,0.39088281176674283,0.053313058
724,72204,-3.45768801281294,0,nan,0.7466666666666667,0.6389399999976346,0.3996278801413522,0.055970248
725,72354,-3.523733025601581,0,nan,0.72,0.6381899999976297,0.5109234683170548,0.059479203
726,72386,0.20103343612754254,0,nan,0.6875,0.6380299999976287,0.3382877951871859,0.046599925
727,72536,-3.456529641398244,0,nan,0.7133333333333334,0.6372799999976237,0.38811568704602895,0.051183857
728,72566,0.3238890556621272,0,nan,0.8333333333333334,0.6371299999976228,0.3782772337693012,0.035930496
729,72567,-0.029284230786487335,0,nan,2.0,0.6371199999976227,0.39823567925214853,0.52952886
730,72717,-3.4839076425777713,0,nan,0.72,0.6363699999976178,0.38447983082139514,0.050049987
731,72747,0.3642962688795346,0,nan,0.7333333333333333,0.6362199999976168,0.3410596138389168,0.030691931
732,72897,-3.3686962764725656,0,nan,0.7266666666666667,0.6354699999976119,0.3234261062974866,0.05739293
733,73047,-3.717188227534065,0,nan,0.72,0.634719999997607,0.3540185959254881,0.061837267
734,73197,-3.5560463511902185,0,nan,0.68,0.6339699999976021,0.4454043725899942,0.06169471
735,73347,-3.736162236764982,0,nan,0.7666666666666667,0.6332199999975971,0.47655319859195805,0.067901805
736,73377,0.2976063456374928,0,nan,0.7,0.6330699999975962,0.4621907925862556,0.033381905
737,73527,-3.44944687448777,0,nan,0.6866666666666666,0.6323199999975913,0.4327640164650416,0.054853052
738,73557,0.28445357970791907,0,nan,0.9333333333333333,0.6321699999975903,0.4157176015825546,0.036595777
739,73707,-3.8168686789527184,0,nan,0.8066666666666666,0.6314199999975854,0.33104799445651034,0.082238086
740,73734,0.36244708202110343,0,nan,0.9259259259259259,0.6312849999975845,0.27470867826810835,0.03453267
741,73884,-3.49539786862079,0,nan,0.72,0.6305349999975796,0.3889392441219109,0.05173912
742,74034,-3.2938390322216806,0,nan,0.7666666666666667,0.6297849999975746,0.2807632770702647,0.04955974
743,74064,0.27714329847360886,0,nan,0.8,0.6296349999975737,0.391958238885403,0.033639494
744,74124,-0.3955183809561652,0,nan,0.6666666666666666,0.6293349999975717,0.4810059172479994,0.037191525
745,74153,0.33763195204166785,0,nan,0.6896551724137931,0.6291899999975707,0.37588699115246843,0.03307049
746,74303,-3.4455246766487533,0,nan,0.8,0.6284399999975658,0.4956438239427325,0.053983014
747,74333,0.28978537787514613,0,nan,0.7666666666666667,0.6282899999975649,0.5265587829655455,0.03730827
748,74483,-3.3875827143986035,0,nan,0.7066666666666667,0.6275399999975599,0.3201413497682155,0.054165546
749,74512,0.2698374760390335,0,nan,0.7931034482758621,0.627394999997559,0.2661925080229376,0.04142983
750,74568,-0.31418760658079115,0,0.44,0.8035714285714286,0.6271149999975572,0.4201952609418638,0.036008988
751,74598,0.32726747526892563,0,nan,0.8,0.6269649999975562,0.360535898296402,0.033825137
752,74748,-3.431811502471169,0,nan,0.7333333333333333,0.6262149999975513,0.4170089046257539,0.05258752
753,74898,-3.3108055021647163,0,nan,0.78,0.6254649999975463,0.4492847625128532,0.05641306
754,75048,-3.3507062625604855,0,nan,0.7133333333333334,0.6247149999975414,0.3759073448196126,0.05770593
755,75083,0.16203248379146373,0,nan,0.7428571428571429,0.6245399999975403,0.38641953890600655,0.031850345
756,75233,-3.3401996603597186,0,nan,0.7066666666666667,0.6237899999975354,0.43374489879759437,0.054872632
757,75383,-3.468622445320806,0,nan,0.76,0.6230399999975305,0.41441599353279673,0.058768004
758,75533,-3.2302027598749836,0,nan,0.74,0.6222899999975255,0.34590358712429253,0.052812856
759,75567,0.19975992327591163,0,nan,0.7941176470588235,0.6221199999975244,0.3340107770793174,0.036763165
760,75717,-3.4929953580201305,0,nan,0.7,0.6213699999975195,0.5575215474190864,0.0468428
761,75867,-3.358276500414358,0,nan,0.68,0.6206199999975146,0.3562068660743955,0.052638356
762,75910,0.007155987964065136,0,nan,0.7674418604651163,0.6204049999975132,0.4639076702699517,0.03532516
763,76060,-3.3041580520337814,0,nan,0.7933333333333333,0.6196549999975083,0.3590023754637784,0.052204497
764,76210,-3.1753753670479337,0,nan,0.7133333333333334,0.6189049999975034,0.5181115683828169,0.056018505
765,76360,-3.2468444210475185,0,nan,0.72,0.6181549999974985,0.3158721110145821,0.054459058
766,76387,0.37134916748344615,0,nan,0.8148148148148148,0.6180199999974976,0.2777839831277948,0.042508647
767,76537,-3.248656067151976,0,nan,0.82,0.6172699999974927,0.4108197020040298,0.06211542
768,76568,0.2342244614936606,0,nan,0.8387096774193549,0.6171149999974916,0.45257245828763465,0.039978255
769,76601,0.24109330903691562,0,nan,0.8787878787878788,0.6169499999974906,0.3918279755535917,0.037788033
770,76630,0.3449731417181069,0,nan,0.6206896551724138,0.6168049999974896,0.5062038460069326,0.03263388
771,76666,0.19722518183417004,0,nan,0.8055555555555556,0.6166249999974884,0.4080186141855513,0.044158876
772,76693,0.3502045163795724,0,nan,0.8148148148148148,0.6164899999974875,0.3270098182149146,0.02324488
773,76737,-0.06381180457442126,0,nan,0.7727272727272727,0.6162699999974861,0.5427686768999888,0.03989398
774,76768,0.25891770983056683,0,nan,0.8387096774193549,0.6161149999974851,0.38744147180978017,0.035683535
775,76796,0.32085088054363886,0,nan,0.7857142857142857,0.6159749999974842,0.25991147033779866,0.038257103
776,76946,-3.276855500448795,0,nan,0.7133333333333334,0.6152249999974793,0.42207234137921057,0.059314415
777,77096,-3.4360962858237087,0,nan,0.6933333333333334,0.6144749999974743,0.44935550375728034,0.07354162
778,77125,0.3102802811570009,0,nan,0.7241379310344828,0.6143299999974734,0.441797783277782,0.038118277
779,77275,-3.4045190310675215,0,nan,0.78,0.6135799999974685,0.38811895485273396,0.047911763
780,77425,-3.1747203372595227,0,0.4,0.7066666666666667,0.6128299999974636,0.5192371798458418,0.06601873
781,77458,0.2013193185792408,0,nan,0.6666666666666666,0.6126649999974625,0.38272750333954403,0.0406411
782,77608,-3.394560054511342,0,nan,0.7866666666666666,0.6119149999974576,0.41291621130924877,0.05510537
783,77758,-3.1845187425275983,0,nan,0.64,0.6111649999974527,0.33071315252408584,0.0541801
784,77908,-3.411984481388706,0,nan,0.7066666666666667,0.6104149999974477,0.34831195767450457,0.054553844
785,78058,-3.3649535811238227,0,nan,0.7066666666666667,0.6096649999974428,0.44210757792007455,0.054271463
786,78092,0.19645337693302434,0,nan,0.6764705882352942,0.6094949999974417,0.448750346756204,0.037537124
787,78123,0.3276643418712164,0,nan,0.7741935483870968,0.6093399999974407,0.44821336378741394,0.030418245
788,78273,-3.5063288059887032,0,nan,0.7133333333333334,0.6085899999974358,0.29070961298642234,0.054407477
789,78303,0.2648457533934091,0,nan,0.8666666666666667,0.6084399999974348,0.4257545610888309,0.04039936
790,78453,-3.691372427830833,0,nan,0.7666666666666667,0.6076899999974299,0.5341295833571315,0.05814562
791,78603,-3.307913656706097,0,nan,0.7266666666666667,0.606939999997425,0.5332896997196939,0.058318183
792,78665,-0.4620648903397726,0,nan,0.7258064516129032,0.606629999997423,0.4608838219581061,0.037628952
793,78815,-3.2565586885216975,0,nan,0.7266666666666667,0.605879999997418,0.42696718750007506,0.06000286
794,78845,0.2657475718195268,0,nan,0.8,0.6057299999974171,0.38405339640885133,0.042070024
795,78886,0.02910564120487824,0,nan,0.7317073170731707,0.6055249999974157,0.3837480663096856,0.03761922
796,78924,0.10594052690059641,0,nan,0.8421052631578947,0.6053349999974145,0.44537882120072364,0.03393232
797,78951,0.3695541478865255,0,nan,0.5555555555555556,0.6051999999974136,0.3297462825931686,0.03219733
798,79012,-0.39911621465591685,0,nan,0.7540983606557377,0.6048949999974116,0.48044798020052865,0.038688205
799,79162,-3.4323908506130905,0,nan,0.7266666666666667,0.6041449999974067,0.4872462242716346,0.05051041
800,79312,-3.5559308632569393,0,nan,0.74,0.6033949999974018,0.2900391025253573,0.050773475
801,79462,-3.22725679690197,0,nan,0.7666666666666667,0.6026449999973968,0.49070974582281024,0.055408657
802,79612,-3.648519050447387,0,nan,0.7066666666666667,0.6018949999973919,0.4005157096601829,0.065135054
803,79640,0.3384141057964948,0,nan,0.8571428571428571,0.601754999997391,0.3669295026170256,0.031069981
804,79670,0.24559553441438764,0,nan,0.7,0.60160499999739,0.4685745181740248,0.0441094
805,79820,-3.3828848499301793,0,nan,0.7266666666666667,0.6008549999973851,0.49887301946275503,0.06206471
806,79970,-3.7174664711644736,0,nan,0.7466666666666667,0.6001049999973802,0.43640316766730386,0.060904037
807,80000,0.269418248484223,0,nan,0.8666666666666667,0.5999549999973792,0.3988154548176446,0.037625752
808,80150,-3.5038331330911725,0,nan,0.68,0.5992049999973743,0.3934125988788224,0.05563228
809,80180,0.3152167822754983,0,nan,0.7666666666666667,0.5990549999973733,0.46652000468027377,0.029925795
810,80212,0.2653952756876966,0,0.46,0.65625,0.5988949999973723,0.4345095549150761,0.033938356
811,80244,0.25143423210830496,0,nan,0.875,0.5987349999973712,0.30802644770639886,0.03032348
812,80278,0.21935532351646836,0,nan,0.7941176470588235,0.5985649999973701,0.3385307785269428,0.029299244
813,80428,-3.511051639304254,0,nan,0.7,0.5978149999973652,0.3769655582883084,0.055561624
814,80458,0.2466898419131892,0,nan,0.7333333333333333,0.5976649999973642,0.37877473757073343,0.040863913
815,80484,0.41186761178926223,0,nan,0.6923076923076923,0.5975349999973634,0.36092156489981636,0.039509483
816,80518,0.17537893069962807,0,nan,0.9117647058823529,0.5973649999973623,0.4119315971910924,0.041108128
817,80549,0.2543692032505993,0,nan,0.8064516129032258,0.5972099999973612,0.4182484100865074,0.0325255
818,80699,-3.3392265506919276,0,nan,0.74,0.5964599999973563,0.31655535017394015,0.052783344
819,80849,-3.345569692623503,0,nan,0.6666666666666666,0.5957099999973514,0.4495380530157128,0.05445884
820,80906,-0.20180113083786244,0,nan,0.6140350877192983,0.5954249999973495,0.312134103137187,0.034529597
821,81056,-3.515920537569193,0,nan,0.6466666666666666,0.5946749999973446,0.39423497682065795,0.06602338
822,81098,0.004424913784571216,0,nan,0.7619047619047619,0.5944649999973433,0.472269803948427,0.033812307
823,81160,-0.41635986656676927,0,nan,0.7903225806451613,0.5941549999973412,0.32827559935238665,0.040284686
824,81190,0.34214780071334017,0,nan,0.7666666666666667,0.5940049999973402,0.38273447462859966,0.034045245
825,81249,-0.32429984586367977,0,nan,0.6949152542372882,0.5937099999973383,0.24888968156857885,0.03098299
826,81399,-3.2354541504578207,0,nan,0.7466666666666667,0.5929599999973334,0.460993810775703,0.061261952
827,81433,0.18352537533439095,0,nan,0.7352941176470589,0.5927899999973323,0.46674767140557694,0.032956883
828,81583,-3.435814184814413,0,nan,0.74,0.5920399999973274,0.4223084405501402,0.05565658
829,81733,-3.4629034338235254,0,nan,0.6333333333333333,0.5912899999973225,0.44431373889295067,0.055923525
830,81761,0.4498507176380607,0,nan,0.6071428571428571,0.5911499999973215,0.3786374483046882,0.032976132
831,81911,-3.2540767471268706,0,nan,0.7133333333333334,0.5903999999973166,0.3000334682036889,0.054922003
832,82061,-3.1825702086828938,0,nan,0.68,0.5896499999973117,0.34704175502949414,0.046960786
833,82109,-0.05864781874874392,0,nan,0.5416666666666666,0.5894099999973101,0.43399147163687346,0.032721985
834,82180,-0.6587587492449931,0,nan,0.7183098591549296,0.5890549999973078,0.45524736083255996,0.038235553
835,82330,-3.52113197973421,0,nan,0.7,0.5883049999973029,0.40359220561142695,0.060565654
836,82480,-3.501868530714532,0,nan,0.7666666666666667,0.587554999997298,0.42178345980174375,0.06379117
837,82630,-3.4062225039606453,0,nan,0.7266666666666667,0.5868049999972931,0.4223027308611268,0.055993162
838,82780,-3.3937269209654777,0,nan,0.7133333333333334,0.5860549999972882,0.5083128908639397,0.056406617
839,82930,-3.411762304989396,0,nan,0.7,0.5853049999972832,0.3886948790736852,0.059115067
840,83080,-3.4624130069145513,0,0.45,0.6466666666666666,0.5845549999972783,0.4253754803723933,0.059086718
841,83146,-0.4481856409377323,0,nan,0.7424242424242424,0.5842249999972762,0.43430471844697854,0.028105216
842,83170,0.49416482958306035,0,nan,0.875,0.5841049999972754,0.24332231666001863,0.02515054
843,83201,0.291642823668794,0,nan,0.7741935483870968,0.5839499999972744,0.3391362161148725,0.033948325
844,83351,-3.4510054043686282,0,nan,0.68,0.5831999999972695,0.3750239210463059,0.053156253
845,83501,-3.370242779398626,0,nan,0.68,0.5824499999972645,0.43497757225807016,0.05717701
846,83651,-3.49273470918104,0,nan,0.68,0.5816999999972596,0.4935892195693467,0.055715885
847,83801,-3.434028974503429,0,nan,0.7133333333333334,0.5809499999972547,0.48116180544482046,0.048921447
848,83839,0.09290854623958777,0,nan,0.7105263157894737,0.5807599999972535,0.4346433476289289,0.040511873
849,83989,-3.2979319924280643,0,nan,0.72,0.5800099999972486,0.45272448714283503,0.07552916
850,84023,0.21832482125406116,0,nan,0.7352941176470589,0.5798399999972474,0.4290639248470181,0.035450373
851,84173,-3.361205765160129,0,nan,0.68,0.5790899999972425,0.4583465485935298,0.05790914
852,84207,0.22331570735449924,0,nan,0.8529411764705882,0.5789199999972414,0.3437940385803402,0.039304115
853,84357,-3.47556327866119,0,nan,0.7666666666666667,0.5781699999972365,0.33460649349427746,0.055389825
854,84507,-3.236673874917906,0,nan,0.7066666666666667,0.5774199999972316,0.40584170343616227,0.059003957
855,84657,-3.552980393423692,0,nan,0.6933333333333334,0.5766699999972267,0.33148820438946003,0.055797532
856,84807,-3.5103716432316934,0,nan,0.7866666666666666,0.5759199999972218,0.2591909832749027,0.046372272
857,84846,0.07022377500571353,0,nan,0.6410256410256411,0.5757249999972205,0.3299435248236861,0.035050984
858,84996,-3.4724998943218583,0,nan,0.68,0.5749749999972156,0.3185024962534723,0.052771654
859,85146,-3.4317264564899057,0,nan,0.68,0.5742249999972107,0.5163497669753022,0.05266316
860,85296,-3.3569840583318413,0,nan,0.66,0.5734749999972057,0.4487319766293027,0.0555012
861,85329,0.19785987552640882,0,nan,0.8484848484848485,0.5733099999972047,0.4202865876686752,0.04321753
862,85388,-0.45504085486516077,0,nan,0.7288135593220338,0.5730149999972027,0.4503344536084531,0.046287455
863,85417,0.3553864273552384,0,nan,0.7931034482758621,0.5728699999972018,0.4436676609622605,0.031063525
864,85452,0.1464706160772491,0,nan,0.7142857142857143,0.5726949999972006,0.4130223329627821,0.037393328
865,85602,-3.4048318638374537,0,nan,0.6933333333333334,0.5719449999971957,0.32924332980145676,0.055916697
866,85636,0.16324153699232247,0,nan,0.8235294117647058,0.5717749999971946,0.3758066619733004,0.04045137
867,85679,-0.006243124898840935,0,nan,0.6976744186046512,0.5715599999971932,0.349303743763546,0.0413715
868,85829,-3.2260719286807564,0,nan,0.76,0.5708099999971883,0.5266649723819831,0.055292238
869,85859,0.28687279489981254,0,nan,0.6333333333333333,0.5706599999971873,0.3663031957093409,0.036585864
870,85889,0.3827803393004401,0,0.59,0.5333333333333333,0.5705099999971863,0.46937382529939253,0.03145614
871,86039,-3.2835901585210534,0,nan,0.6666666666666666,0.5697599999971814,0.4087756854962881,0.053630143
872,86066,0.4073511972743705,0,nan,0.7037037037037037,0.5696249999971805,0.39307201201587216,0.03438512
873,86216,-3.4698795391543538,0,nan,0.7133333333333334,0.5688749999971756,0.4778336274964814,0.07318735
874,86248,0.23050235132709496,0,nan,0.75,0.5687149999971746,0.38712666066301094,0.03860608
875,86398,-3.5168491462151326,0,nan,0.78,0.5679649999971697,0.3567992090560226,0.05499918
876,86428,0.3354226758591061,0,nan,0.7333333333333333,0.5678149999971687,0.31899403267867266,0.030766021
877,86578,-3.4113141100621798,0,nan,0.66,0.5670649999971638,0.4544354781598344,0.05983078
878,86607,0.29689326893166934,0,nan,0.7931034482758621,0.5669199999971628,0.3426558816946149,0.033687577
879,86757,-3.3398830857332156,0,nan,0.6466666666666666,0.5661699999971579,0.5341529168788696,0.065621965
880,86785,0.3144324799671465,0,nan,0.75,0.566029999997157,0.2651858634133556,0.03895534
881,86814,0.2734873982390127,0,nan,0.6896551724137931,0.565884999997156,0.43248643689971195,0.04189908
882,86964,-3.3688181717267054,0,nan,0.72,0.5651349999971511,0.44884711581462505,0.057431534
883,86993,0.3168280379221998,0,nan,0.7931034482758621,0.5649899999971502,0.3955622242064522,0.036009543
884,87143,-3.3514672875580063,0,nan,0.6733333333333333,0.5642399999971452,0.32074067960235836,0.054270394
885,87293,-3.438890324111982,0,nan,0.7133333333333334,0.5634899999971403,0.41812406126980617,0.05415669
886,87322,0.4632040271490544,0,nan,0.6206896551724138,0.5633449999971394,0.324856146994926,0.03350678
887,87383,-0.34971315312466933,0,nan,0.7540983606557377,0.5630399999971374,0.35919466629059527,0.028937792
888,87413,0.29216898273837877,0,nan,0.8,0.5628899999971364,0.390440360383274,0.029616673
889,87443,0.302906149534212,0,nan,0.7333333333333333,0.5627399999971354,0.3690960910150398,0.033740185
890,87513,-0.6407880070321229,0,nan,0.7571428571428571,0.5623899999971331,0.46829169397877857,0.042442515
891,87663,-3.3929874903560777,0,nan,0.66,0.5616399999971282,0.35388694864516623,0.057201717
892,87695,0.23779050190115092,0,nan,0.6875,0.5614799999971272,0.4332556470009332,0.037033357
893,87730,0.20912860867005723,0,nan,0.6285714285714286,0.561304999997126,0.491131963880901,0.032649368
894,87764,0.20489846597467776,0,nan,0.7352941176470589,0.5611349999971249,0.38034217900539086,0.03489582
895,87798,0.21378553233137532,0,nan,0.8235294117647058,0.5609649999971238,0.4709185213140477,0.036286086
896,87826,0.316581543507646,0,nan,0.5714285714285714,0.5608249999971229,0.33370485356861024,0.037735645
897,87976,-3.435310655322709,0,nan,0.76,0.560074999997118,0.41219614196555726,0.08608911
898,88126,-3.3350774011421396,0,nan,0.7133333333333334,0.559324999997113,0.3816566976019812,0.044820707
899,88153,0.42830523824077527,0,nan,0.7777777777777778,0.5591899999971122,0.3775123578598599,0.03130936
900,88303,-3.5017072493121657,0,0.43,0.6733333333333333,0.5584399999971073,0.4745522792060339,0.06015548
901,88453,-3.446936834159052,0,nan,0.68,0.5576899999971023,0.4079624295947851,0.057254933
902,88493,0.05131310546435974,0,nan,0.7,0.557489999997101,0.49761882338972596,0.035432678
903,88521,0.32747283116903525,0,nan,0.6785714285714286,0.5573499999971001,0.4184744370884713,0.035026964
904,88549,0.32094561708153113,0,nan,0.7857142857142857,0.5572099999970992,0.3608938394384423,0.036352836
905,88680,-1.9219395722053956,0,nan,0.7175572519083969,0.5565549999970949,0.3096770182518379,0.048248824
906,88830,-3.461155484747445,0,nan,0.6866666666666666,0.55580499999709,0.4038102884949153,0.056778233
907,88862,0.2892883574231434,0,nan,0.84375,0.5556449999970889,0.394305058254421,0.035659708
908,88891,0.30245033846770186,0,nan,0.7241379310344828,0.555499999997088,0.5340362570557887,0.042810477
909,89041,-3.3760569153674855,0,nan,0.72,0.5547499999970831,0.49992511418576385,0.052740507
910,89191,-3.5101452532294397,0,nan,0.68,0.5539999999970782,0.35417825604908804,0.053811308
911,89341,-3.446021831288885,0,nan,0.7133333333333334,0.5532499999970732,0.34994590821851196,0.051219337
912,89368,0.3888239902037255,0,nan,0.7777777777777778,0.5531149999970724,0.2822620289259864,0.026592433
913,89518,-3.3575101728645604,0,nan,0.6533333333333333,0.5523649999970675,0.47979896047762177,0.055657875
914,89668,-3.4286141307765616,0,nan,0.6466666666666666,0.5516149999970625,0.4510375067493163,0.06535196
915,89818,-3.352417548992911,0,nan,0.7,0.5508649999970576,0.4114612817590982,0.07732457
916,89850,0.26467949029080795,0,nan,0.71875,0.5507049999970566,0.47811107086059756,0.03286868
917,89911,-0.4468712608619134,0,nan,0.7704918032786885,0.5503999999970546,0.26675263119684556,0.036674727
918,90061,-3.658277370384944,0,nan,0.7133333333333334,0.5496499999970497,0.3104419763320936,0.0647295
919,90211,-3.2412167790903412,0,nan,0.7533333333333333,0.5488999999970448,0.4590227058897116,0.047743205
920,90241,0.2539284929407457,0,nan,0.7333333333333333,0.5487499999970438,0.4389858702385975,0.044077832
921,90273,0.2623992114949001,0,nan,0.65625,0.5485899999970427,0.34574482804429807,0.03717138
922,90423,-3.567937232032014,0,nan,0.6533333333333333,0.5478399999970378,0.3187878747157162,0.05836644
923,90573,-3.337004813009017,0,nan,0.6066666666666667,0.5470899999970329,0.36582767451888903,0.058383446
924,90723,-3.471560851218824,0,nan,0.6733333333333333,0.546339999997028,0.47988362011505037,0.059877764
925,90873,-3.2321710101200587,0,nan,0.6933333333333334,0.5455899999970231,0.4171172284139199,0.059163768
926,90908,0.10904240442174029,0,nan,0.7714285714285715,0.5454149999970219,0.4473666413718321,0.04701869
927,91058,-3.4977926879773418,0,nan,0.6866666666666666,0.544664999997017,0.3159927337152711,0.05959556
928,91208,-3.2143885454522367,0,nan,0.7066666666666667,0.5439149999970121,0.5303887174635684,0.062283598
929,91358,-3.420972074777911,0,nan,0.72,0.5431649999970072,0.5357745588928222,0.048772976
930,91387,0.34640005788150163,0,0.6,0.8275862068965517,0.5430199999970062,0.3227295574157629,0.03025755
931,91537,-3.2301525595395035,0,nan,0.7266666666666667,0.5422699999970013,0.4522895146043246,0.07283064
932,91565,0.36585940832027786,0,nan,0.6785714285714286,0.5421299999970004,0.41108586053188256,0.035666917
933,91645,-0.7824518597005483,0,nan,0.7125,0.5417299999969978,0.516624709999721,0.04097401
934,91795,-3.400404491107782,0,nan,0.6933333333333334,0.5409799999969929,0.3247300824630764,0.05991668
935,91896,-1.2945780701965401,0,nan,0.6039603960396039,0.5404749999969896,0.40475071913080873,0.033048622
936,92046,-3.292241655021877,0,nan,0.7066666666666667,0.5397249999969846,0.39674962598432384,0.051990796
937,92196,-3.46144191117746,0,nan,0.6866666666666666,0.5389749999969797,0.4162965243129715,0.052015476
938,92346,-3.2429651145347553,0,nan,0.6466666666666666,0.5382249999969748,0.44055968519561184,0.05372294
939,92496,-3.4275550422923056,0,nan,0.7066666666666667,0.5374749999969699,0.4957309509630555,0.062672175
940,92527,0.29074110667198416,0,nan,0.6774193548387096,0.5373199999969689,0.3716710282322762,0.03983622
941,92552,0.44376302795384404,0,nan,0.76,0.5371949999969681,0.28282162823917467,0.03299858
942,92582,0.24070531577691023,0,nan,0.7666666666666667,0.5370449999969671,0.38083248940246,0.045871682
943,92616,0.20569331625218645,0,nan,0.6470588235294118,0.536874999996966,0.3374129971514545,0.039193805
944,92646,0.3281431245308907,0,nan,0.6333333333333333,0.536724999996965,0.3809993964913271,0.033568572
945,92681,0.22683133279542744,0,nan,0.8571428571428571,0.5365499999969638,0.47052407232307447,0.032036763
946,92710,0.3802166730867087,0,nan,0.6896551724137931,0.5364049999969629,0.45281130884662674,0.03272833
947,92860,-3.3966050072998897,0,nan,0.6133333333333333,0.535654999996958,0.37442599164718565,0.051798787
948,92894,0.2321426710359874,0,nan,0.7647058823529411,0.5354849999969569,0.34269552941603953,0.038513746
949,92921,0.38723174700164353,0,nan,0.5925925925925926,0.535349999996956,0.322652528482462,0.028963538
950,92924,-0.08408758912834843,0,nan,0.6666666666666666,0.5353299999969559,0.46424811153887335,0.36749673
951,92960,0.16780671756350962,0,nan,0.6388888888888888,0.5351499999969547,0.5183761009698359,0.03533174
952,92990,0.28991855372892505,0,nan,0.6333333333333333,0.5349999999969537,0.30080584659340126,0.036070876
953,93140,-3.408809356034432,0,nan,0.7333333333333333,0.5342499999969488,0.26055710879913474,0.049600545
954,93290,-3.2495986773097747,0,nan,0.6533333333333333,0.5334999999969439,0.5312356905804952,0.057997487
955,93317,0.3735047983769163,0,nan,0.7777777777777778,0.533364999996943,0.41548916963681176,0.031491406
956,93467,-3.273116132431504,0,nan,0.6866666666666666,0.5326149999969381,0.4843214208613171,0.060167365
957,93617,-3.3073666423197956,0,nan,0.6866666666666666,0.5318649999969332,0.4246637911530136,0.05927447
958,93767,-3.3353230746462748,0,nan,0.6866666666666666,0.5311149999969282,0.35445743470536667,0.051456466
959,93917,-3.1505711512824144,0,nan,0.6266666666666667,0.5303649999969233,0.40101163478909474,0.058797397
960,94067,-3.288090589850973,0,0.55,0.72,0.5296149999969184,0.4399748270202935,0.05364694
961,94096,0.31870608409235346,0,nan,0.7241379310344828,0.5294699999969175,0.43719817550112927,0.03448012
962,94148,-0.2843216762572909,0,nan,0.6923076923076923,0.5292099999969158,0.38717787964059147,0.044045325
963,94298,-3.5174942066838653,0,nan,0.7066666666666667,0.5284599999969108,0.35805806812081564,0.053256545
964,94448,-3.472716290372346,0,nan,0.64,0.5277099999969059,0.3346107256956472,0.054851696
965,94598,-3.485200254898069,0,nan,0.6333333333333333,0.526959999996901,0.4274683445430301,0.056865767
966,94748,-3.2841852904173754,0,nan,0.6333333333333333,0.5262099999968961,0.2907730007991907,0.05352506
967,94898,-3.538208967924786,0,nan,0.72,0.5254599999968912,0.426761855517374,0.051252756
968,95048,-3.454830719621649,0,nan,0.6333333333333333,0.5247099999968863,0.3157924899013637,0.05799665
969,95198,-3.34665429405893,0,nan,0.6533333333333333,0.5239599999968814,0.5137435804174709,0.055791587
970,95228,0.23445432717249104,0,nan,0.7666666666666667,0.5238099999968804,0.4052522837405664,0.03819273
971,95378,-3.347890904255333,0,nan,0.6133333333333333,0.5230599999968755,0.2649912245822561,0.054953173
972,95528,-3.3536207880246156,0,nan,0.66,0.5223099999968706,0.3498064695925919,0.054216925
973,95678,-3.4915404004263384,0,nan,0.7266666666666667,0.5215599999968656,0.3272392860593251,0.055765647
974,95828,-3.5107311008238,0,nan,0.6333333333333333,0.5208099999968607,0.28918891541324176,0.053014334
975,95858,0.2694099341187194,0,nan,0.7333333333333333,0.5206599999968597,0.39856544926598786,0.03888999
976,95887,0.356320418996634,0,nan,0.5517241379310345,0.5205149999968588,0.41799675495771205,0.028809441
977,95920,0.2920550741571717,0,nan,0.6363636363636364,0.5203499999968577,0.5025204972480126,0.030589668
978,96070,-3.3421853963181034,0,nan,0.66,0.5195999999968528,0.5345182180055372,0.06002632
979,96098,0.3336461924530152,0,nan,0.7142857142857143,0.5194599999968519,0.36321018933989935,0.031827237
980,96248,-3.4904177885227248,0,nan,0.68,0.518709999996847,0.44517547991449896,0.05479192
981,96275,0.43243065111921375,0,nan,0.7037037037037037,0.5185749999968461,0.294749835254096,0.021033121
982,96425,-3.3597485378935987,0,nan,0.66,0.5178249999968412,0.3883753798046137,0.062648445
983,96451,0.4338734401764901,0,nan,0.6923076923076923,0.5176949999968403,0.33955619877495413,0.03195075
984,96601,-3.6139526625343055,0,nan,0.68,0.5169449999968354,0.3938099476471128,0.058135446
985,96629,0.36394374654175365,0,nan,0.6071428571428571,0.5168049999968345,0.4189964655712114,0.032037772
986,96779,-3.7092574631557396,0,nan,0.6866666666666666,0.5160549999968296,0.3485405740895671,0.07084684
987,96929,-3.3444526009883893,0,nan,0.6733333333333333,0.5153049999968247,0.2812079550941989,0.05236273
988,96970,0.013424867826001607,0,nan,0.7560975609756098,0.5150999999968233,0.4116706325916125,0.041296374
989,97120,-3.5945686852064007,0,nan,0.66,0.5143499999968184,0.32544921869963483,0.05445081
990,97149,0.3393565897636759,0,0.5,0.6896551724137931,0.5142049999968175,0.3530109666170314,0.032560278
991,97179,0.26223419533391557,0,nan,0.8,0.5140549999968165,0.3854708581765843,0.035711534
992,97215,0.1857479773715437,0,nan,0.5,0.5138749999968153,0.40764984331527415,0.03162121
993,97244,0.38336733212394347,0,nan,0.7241379310344828,0.5137299999968143,0.42815518898619875,0.031916883
994,97316,-0.7006653044312038,0,nan,0.7083333333333334,0.513369999996812,0.507612618874716,0.049834326
995,97466,-3.4974645440487366,0,nan,0.6533333333333333,0.5126199999968071,0.47506184564360815,0.062238432
996,97504,0.11358581041914839,0,nan,0.8421052631578947,0.5124299999968058,0.3124682439047119,0.042993862
997,97654,-3.3494132355605064,0,nan,0.6733333333333333,0.5116799999968009,0.3678333284196312,0.055415012
998,97694,0.08427114037148242,0,nan,0.775,0.5114799999967996,0.5040633677508333,0.03352908
999,97844,-3.251925343076203,0,nan,0.66,0.5107299999967947,0.41072842987469305,0.058224972
1000,97875,0.28091780340180716,0,nan,0.7419354838709677,0.5105749999967937,0.3641655923758084,0.037854735
1001,97942,-0.5073570184458996,0,nan,0.7164179104477612,0.5102399999967915,0.4700571430925533,0.03847233
1002,98092,-3.4277046113562624,0,nan,0.66,0.5094899999967866,0.3430742205440242,0.059253648
1003,98242,-3.193348454807406,0,nan,0.62,0.5087399999967817,0.475893088147025,0.053389173
1004,98272,0.3230954429420164,0,nan,0.6666666666666666,0.5085899999967807,0.4502856076222079,0.03062299
1005,98422,-3.444692728434413,0,nan,0.6,0.5078399999967758,0.4298576709040585,0.05479807
1006,98460,0.12238027537520779,0,nan,0.6052631578947368,0.5076499999967745,0.39792664741027645,0.03817591
1007,98610,-3.244422488987949,0,nan,0.68,0.5068999999967696,0.3986958962259999,0.053713843
1008,98641,0.2873321508010104,0,nan,0.6451612903225806,0.5067449999967686,0.37789149419369555,0.03561924
1009,98791,-3.279824431516221,0,nan,0.7266666666666667,0.5059949999967637,0.551059012016057,0.057960287
1010,98941,-3.319667259722742,0,nan,0.6466666666666666,0.5052449999967588,0.5293460783716261,0.05817729
1011,99091,-3.591771152960335,0,nan,0.6666666666666666,0.5044949999967538,0.36643265899707556,0.07233618
1012,99241,-3.3132493596052064,0,nan,0.7,0.5037449999967489,0.41531757424082333,0.058103524
1013,99391,-3.610548701533074,0,nan,0.6533333333333333,0.502994999996744,0.45793886826496044,0.06232378
1014,99541,-3.367824085150534,0,nan,0.6733333333333333,0.5022449999967391,0.47521667248702004,0.057914615
1015,99573,0.286555866322837,0,nan,0.71875,0.5020849999967381,0.47393643667126245,0.033946905
1016,99662,-0.9785490222673584,0,nan,0.6966292134831461,0.5016399999967351,0.4418793122657348,0.036282502
1017,99812,-3.3152359591301823,0,nan,0.7066666666666667,0.5008899999967302,0.4155688716284816,0.054908015
1018,99962,-3.4574792475671394,0,nan,0.64,0.5001399999967253,0.4579791127899664,0.055196214
1019,100112,-3.601246254102972,0,nan,0.6666666666666666,0.49938999999672723,0.2640470201198483,0.055049077
1020,100262,-3.2009361557347162,0,0.59,0.6866666666666666,0.49863999999673064,0.49087797090385876,0.06051438
1021,100412,-3.2670039515041918,0,nan,0.64,0.49788999999673406,0.40534360436447325,0.058444526
1022,100562,-3.538454711318596,0,nan,0.68,0.49713999999673747,0.46855343290774165,0.049981736
1023,100712,-3.473035483013067,0,nan,0.6866666666666666,0.4963899999967409,0.5165613973932571,0.069678195
1024,100740,0.3061819206738262,0,nan,0.6428571428571429,0.4962499999967415,0.4292161941087191,0.03665654
1025,100767,0.3349395881827306,0,nan,0.6296296296296297,0.49611499999674213,0.33390955914512016,0.040735222
1026,100917,-3.3351371881590923,0,nan,0.6,0.49536499999674555,0.2669285244662162,0.053760365
1027,100950,0.18631349461449487,0,nan,0.7272727272727273,0.4951999999967463,0.42435294632427745,0.041844875
1028,100979,0.329916368214456,0,nan,0.7241379310344828,0.49505499999674696,0.38353406973496246,0.03328475
1029,101129,-3.397243564563692,0,nan,0.58,0.49430499999675037,0.3541655331310328,0.050122645
1030,101163,0.2479970139221076,0,nan,0.5882352941176471,0.49413499999675115,0.4445161978031777,0.03229503
1031,101240,-0.7805740501406064,0,nan,0.6233766233766234,0.4937499999967529,0.4596098707719397,0.03544426
1032,101275,0.10681134669842496,0,nan,0.7142857142857143,0.4935749999967537,0.4161672264158339,0.044664945
1033,101305,0.28113500813818926,0,nan,0.7333333333333333,0.4934249999967544,0.4892945758915585,0.037566736
1034,101333,0.338182348671346,0,nan,0.7142857142857143,0.493284999996755,0.4062242059644156,0.035256132
1035,101362,0.3391353356420206,0,nan,0.7586206896551724,0.4931399999967557,0.4578246265515737,0.03189396
1036,101512,-3.5095514032892616,0,nan,0.62,0.4923899999967591,0.5524447814241612,0.059137262
1037,101544,0.22964609372921785,0,nan,0.75,0.4922299999967598,0.37188657219148136,0.036013994
1038,101604,-0.28201778334162153,0,nan,0.5833333333333334,0.4919299999967612,0.37782523354023323,0.031352304
1039,101754,-3.387323555052971,0,nan,0.64,0.4911799999967646,0.5505958391588665,0.055793483
1040,101904,-3.4733318725091458,0,nan,0.6333333333333333,0.490429999996768,0.43622003096287737,0.0560277
1041,102054,-3.476726466688899,0,nan,0.64,0.4896799999967714,0.37194528406919714,0.058009636
1042,102084,0.24876989818683104,0,nan,0.6666666666666666,0.4895299999967721,0.3637533365005242,0.042643428
1043,102234,-3.556156503690116,0,nan,0.7,0.4887799999967755,0.31221254831640294,0.07008411
1044,102264,0.2976085105901116,0,nan,0.7333333333333333,0.4886299999967762,0.48713412985594184,0.04097111
1045,102414,-3.6005880984372394,0,nan,0.7133333333333334,0.4878799999967796,0.49209468542075535,0.05551759
1046,102472,-0.36804136251797803,0,nan,0.6551724137931034,0.48758999999678093,0.3392015459796655,0.040254127
1047,102500,0.35249855726023227,0,nan,0.6428571428571429,0.48744999999678157,0.35350130165159205,0.03178501
1048,102534,0.2780752661300048,0,nan,0.5588235294117647,0.48727999999678234,0.37329810819613946,0.029092573
1049,102684,-3.4885439721848717,0,nan,0.58,0.48652999999678576,0.48895423856966336,0.056758035
1050,102710,0.416345785801035,0,0.49,0.6538461538461539,0.48639999999678635,0.3751814680039497,0.034410067
1051,102860,-3.6156918327246914,0,nan,0.6666666666666666,0.48564999999678976,0.34090042177608254,0.06731361
1052,102889,0.31995519522006366,0,nan,0.6551724137931034,0.4855049999967904,0.41538369320588936,0.03587323
1053,102917,0.3259786206272759,0,nan,0.7857142857142857,0.48536499999679106,0.4417189382078992,0.04078629
1054,102946,0.3595838457178968,0,nan,0.6896551724137931,0.4852199999967917,0.3696093372721332,0.034296207
1055,102976,0.264512381911975,0,nan,0.7333333333333333,0.4850699999967924,0.3739651146753139,0.035419635
1056,103126,-3.363183912671783,0,nan,0.6666666666666666,0.4843199999967958,0.4756538047028059,0.056739185
1057,103156,0.28726664914834266,0,nan,0.8333333333333334,0.4841699999967965,0.38291554798478333,0.036703255
1058,103189,0.2159975967013964,0,nan,0.6363636363636364,0.48400499999679725,0.5352917501137884,0.034038343
1059,103339,-3.3143289292000326,0,nan,0.66,0.48325499999680066,0.3432491266781036,0.05479044
1060,103367,0.3651522962382294,0,nan,0.5714285714285714,0.4831149999968013,0.2658717699840355,0.029568855
1061,103397,0.28819168167166553,0,nan,0.4666666666666667,0.482964999996802,0.32923465315792966,0.035101097
1062,103547,-3.62326325010919,0,nan,0.6066666666666667,0.4822149999968054,0.46085650340539885,0.063994646
1063,103577,0.2588569294441817,0,nan,0.8666666666666667,0.4820649999968061,0.44267434766604263,0.039812442
1064,103727,-3.37097159904197,0,nan,0.6866666666666666,0.4813149999968095,0.42488343691737446,0.054956965
1065,103877,-3.3204413935823096,0,nan,0.6533333333333333,0.4805649999968129,0.5111931823790152,0.056553174
1066,104027,-3.5605352536861514,0,nan,0.6866666666666666,0.4798149999968163,0.46464247498382405,0.061277166
1067,104062,0.1723477413832698,0,nan,0.5714285714285714,0.4796399999968171,0.46576432843844434,0.037824135
1068,104212,-3.2717267540581023,0,nan,0.7666666666666667,0.4788899999968205,0.38431375713168525,0.055440113
1069,104241,0.38041945474412053,0,nan,0.6896551724137931,0.4787449999968212,0.39836295539952987,0.032317728
1070,104274,0.21421316846789362,0,nan,0.6060606060606061,0.47857999999682194,0.3390781864673628,0.036078
1071,104303,0.30034041798558975,0,nan,0.4482758620689655,0.4784349999968226,0.3493856672037601,0.041567486
1072,104453,-3.2626697185333526,0,nan,0.5666666666666667,0.477684999996826,0.5334847110718655,0.06964132
1073,104603,-3.1640977547752813,0,nan,0.64,0.4769349999968294,0.28901130808206926,0.061332997
1074,104634,0.2869733213845761,0,nan,0.6774193548387096,0.47677999999683013,0.41258322860568925,0.034850586
1075,104784,-3.3883631188028005,0,nan,0.6466666666666666,0.47602999999683354,0.553160203439926,0.056465626
1076,104934,-3.4094844248637832,0,nan,0.6733333333333333,0.47527999999683695,0.41228346059935694,0.052416936
1077,105084,-3.4242873628165365,0,nan,0.6533333333333333,0.47452999999684037,0.3372857358116947,0.05557331
1078,105234,-3.436367188248713,0,nan,0.6333333333333333,0.4737799999968438,0.39830773860235574,0.053053107
1079,105384,-3.325172213872388,0,nan,0.6933333333333334,0.4730299999968472,0.45141822082027266,0.05378741
1080,105433,-0.22126419736474956,0,0.56,0.6122448979591837,0.4727849999968483,0.4557086196794708,0.04431947
1081,105460,0.3628503986829711,0,nan,0.5185185185185185,0.4726499999968489,0.33042360873590754,0.038444493
1082,105610,-3.229688297310832,0,nan,0.64,0.47189999999685234,0.4493699828081503,0.054667264
1083,105760,-3.368140918565763,0,nan,0.5666666666666667,0.47114999999685575,0.4901475557012594,0.06345098
1084,105786,0.41835103248370153,0,nan,0.5,0.47101999999685634,0.2502977968154642,0.030660132
1085,105936,-3.4365882894792845,0,nan,0.6866666666666666,0.47026999999685976,0.4274408538499612,0.060785618
1086,106086,-3.509591452408587,0,nan,0.62,0.46951999999686317,0.4299225548444024,0.0575019
1087,106236,-3.6883393338208323,0,nan,0.6466666666666666,0.4687699999968666,0.39462969067259734,0.05265999
1088,106386,-3.686044527940662,0,nan,0.72,0.46801999999687,0.3571935983220644,0.05296305
1089,106416,0.3237045768153225,0,nan,0.7,0.4678699999968707,0.3584125339096129,0.029356217
1090,106456,0.09363742051416624,0,nan,0.725,0.4676699999968716,0.42393610229343826,0.03043116
1091,106606,-3.38619630255234,0,nan,0.6133333333333333,0.466919999996875,0.3395554438385866,0.057212956
1092,106756,-3.582983723149776,0,nan,0.68,0.4661699999968784,0.45492022438413343,0.065410614
1093,106795,0.11810938467073029,0,nan,0.5641025641025641,0.4659749999968793,0.4564865044701243,0.037802864
1094,106945,-3.5026512375447205,0,nan,0.6133333333333333,0.4652249999968827,0.4228346394099649,0.055523407
1095,106983,0.08832976559496475,0,nan,0.5789473684210527,0.4650349999968836,0.4882699897765421,0.036885556
1096,107133,-3.460312554864586,0,nan,0.6,0.464284999996887,0.4409151776476059,0.0655207
1097,107162,0.35158345546684044,0,nan,0.5517241379310345,0.46413999999688765,0.3739222543617994,0.03372468
1098,107312,-3.4577366499219937,0,nan,0.5066666666666667,0.46338999999689107,0.3787284082522863,0.057135645
1099,107462,-3.2993796501404233,0,nan,0.6466666666666666,0.4626399999968945,0.3255740978676133,0.063088454
1100,107500,0.056434012372636566,0,nan,0.7894736842105263,0.46244999999689534,0.5106475062477993,0.040971898
1101,107650,-3.605389675234328,0,nan,0.5733333333333334,0.46169999999689876,0.4621738662470614,0.057474513
1102,107800,-3.5477460002738423,0,nan,0.6733333333333333,0.46094999999690217,0.3338993207495612,0.05674903
1103,107871,-0.5973607022971522,0,nan,0.5915492957746479,0.4605949999969038,0.47734537637476204,0.035067108
1104,108021,-3.4837780162233303,0,nan,0.6133333333333333,0.4598449999969072,0.46085676966665995,0.06043443
1105,108171,-3.4646904331678607,0,nan,0.6,0.4590949999969106,0.5030113080009199,0.060272396
1106,108201,0.2845685005271511,0,nan,0.6,0.4589449999969113,0.32632694907587123,0.035621535
1107,108229,0.33995149553462345,0,nan,0.4642857142857143,0.45880499999691193,0.4517837937265656,0.036775347
1108,108379,-3.5006510832500233,0,nan,0.6,0.45805499999691535,0.4613984225853255,0.055354606
1109,108413,0.2023770393255292,0,nan,0.5882352941176471,0.4578849999969161,0.38248270365496323,0.037093695
1110,108563,-3.4665959980134615,0,0.49,0.5933333333333334,0.45713499999691953,0.44770383144127346,0.05589983
1111,108713,-3.3459125383989035,0,nan,0.66,0.45638499999692295,0.3830187476080403,0.05412556
1112,108751,0.09366657444861481,0,nan,0.5789473684210527,0.4561949999969238,0.38997373838154076,0.036974084
1113,108901,-3.435978683179811,0,nan,0.62,0.4554449999969272,0.3533313861065802,0.058052458
1114,109051,-3.5669727199699293,0,nan,0.6466666666666666,0.45469499999693064,0.5309946968930722,0.062067196
1115,109081,0.23576341956713343,0,nan,0.6333333333333333,0.4545449999969313,0.3887822075300731,0.04461292
1116,109111,0.3082516115470073,0,nan,0.7,0.454394999996932,0.4157648837276604,0.033524718
1117,109147,0.08969911332095959,0,nan,0.6666666666666666,0.4542149999969328,0.3640182093606151,0.04224283
1118,109297,-3.433864755154625,0,nan,0.6266666666666667,0.45346499999693624,0.49627015294817844,0.04939639
1119,109447,-3.4295936476686997,0,nan,0.6133333333333333,0.45271499999693965,0.4248902723697818,0.053974204
1120,109597,-3.5470892685900495,0,nan,0.6533333333333333,0.45196499999694306,0.4618517992426369,0.056187827
1121,109747,-3.362487442210651,0,nan,0.5933333333333334,0.4512149999969465,0.40593702822676475,0.053000204
1122,109897,-3.3843077648867053,0,nan,0.64,0.4504649999969499,0.4408772799361685,0.058289427
1123,110047,-3.6925246435719856,0,nan,0.56,0.4497149999969533,0.44576545551306307,0.0557134
1124,110077,0.31705873046191113,0,nan,0.5333333333333333,0.449564999996954,0.4324489910018374,0.031893753
1125,110106,0.33211731417240953,0,nan,0.6206896551724138,0.44941999999695464,0.33934558256868486,0.032729283
1126,110256,-3.2323623540327238,0,nan,0.6466666666666666,0.44866999999695806,0.3828772028169756,0.058258586
1127,110406,-3.4186012704525917,0,nan,0.5466666666666666,0.44791999999696147,0.40695864217098937,0.05777314
1128,110480,-0.8178058259927705,0,nan,0.5945945945945946,0.44754999999696315,0.30636352197269495,0.0454445
1129,110630,-3.359450768172458,0,nan,0.6333333333333333,0.44679999999696657,0.4497530415533326,0.0600318
1130,110780,-3.297946175547408,0,nan,0.7133333333333334,0.44604999999697,0.25355039222001646,0.05780688
1131,110930,-3.403512920829761,0,nan,0.6333333333333333,0.4452999999969734,0.3909226982972915,0.05501794
1132,111080,-3.718514131131382,0,nan,0.52,0.4445499999969768,0.4670768203641673,0.063433185
1133,111230,-3.68697098180966,0,nan,0.6333333333333333,0.4437999999969802,0.38350909184975746,0.057073735
1134,111380,-3.2922954235242603,0,nan,0.5933333333333334,0.44304999999698363,0.3244820333844212,0.055012
1135,111530,-3.4403304892475215,0,nan,0.58,0.44229999999698705,0.3351015277453388,0.05159622
1136,111680,-3.550118067836301,0,nan,0.6733333333333333,0.44154999999699046,0.43513130681708573,0.062054977
1137,111830,-3.319799203717344,0,nan,0.6266666666666667,0.4407999999969939,0.40660717196084306,0.06199923
1138,111890,-0.3648194415806153,0,nan,0.6333333333333333,0.44049999999699524,0.36535793204305966,0.030034127
1139,112040,-3.2790973878714396,0,nan,0.68,0.43974999999699865,0.4039696184120055,0.05905529
1140,112072,0.305883114590246,0,0.45,0.59375,0.4395899999969994,0.5004951779016101,0.030604474
1141,112103,0.2859309432210625,0,nan,0.5483870967741935,0.4394349999970001,0.3461370184288969,0.029343171
1142,112134,0.2678056431140239,0,nan,0.8064516129032258,0.4392799999970008,0.4743366342559567,0.035178933
1143,112284,-3.7368811015754675,0,nan,0.5666666666666667,0.4385299999970042,0.48519572115307025,0.060201872
1144,112434,-3.1640749760623272,0,nan,0.56,0.4377799999970076,0.3366696697244235,0.055909157
1145,112584,-3.5485667622891723,0,nan,0.54,0.43702999999701103,0.42872462939970246,0.057931866
1146,112613,0.32206454514590743,0,nan,0.6896551724137931,0.4368849999970117,0.3663510354740378,0.03294125
1147,112763,-3.442408519400639,0,nan,0.6466666666666666,0.4361349999970151,0.34301968168670244,0.057214946
1148,112793,0.3148337841615292,0,nan,0.6666666666666666,0.4359849999970158,0.4541517346927082,0.0354632
1149,112943,-3.4414404076251,0,nan,0.6333333333333333,0.4352349999970192,0.4651396208733738,0.0571934
1150,113005,-0.3791636045249259,0,nan,0.6451612903225806,0.4349249999970206,0.35457355060968415,0.03141508
1151,113155,-3.555965941965699,0,nan,0.6266666666666667,0.434174999997024,0.3209595901362282,0.05220265
1152,113204,-0.11878204377818691,0,nan,0.5918367346938775,0.43392999999702514,0.49061520110782164,0.033596385
1153,113354,-3.2063943235430585,0,nan,0.6066666666666667,0.43317999999702855,0.4732191621237061,0.06768868
1154,113382,0.4061887052813188,0,nan,0.5714285714285714,0.4330399999970292,0.4369844341483489,0.03472626
1155,113532,-3.344247498893437,0,nan,0.5733333333333334,0.4322899999970326,0.45347250833309044,0.06019308
1156,113564,0.31106099280199406,0,nan,0.5625,0.43212999999703333,0.3037130164325056,0.040926892
1157,113714,-3.4890384282351126,0,nan,0.6466666666666666,0.43137999999703674,0.3734585811116536,0.06422613
1158,113745,0.24454004449006672,0,nan,0.7096774193548387,0.43122499999703745,0.3574430998894798,0.04249275
1159,113769,0.480668691224001,0,nan,0.7083333333333334,0.431104999997038,0.2735277609074748,0.025479617
1160,113919,-3.4674967869423985,0,nan,0.58,0.4303549999970414,0.45508269582626065,0.06607376
1161,113989,-0.6746982021027113,0,nan,0.6428571428571429,0.430004999997043,0.439689724927464,0.03702392
1162,114024,0.15180000016077067,0,nan,0.5714285714285714,0.4298299999970438,0.3605762865785097,0.04074569
1163,114174,-3.1586446271405344,0,nan,0.5466666666666666,0.4290799999970472,0.39787288443256913,0.05984765
1164,114203,0.3424782474934005,0,nan,0.6896551724137931,0.42893499999704787,0.39908084571688673,0.02993002
1165,114232,0.2898073274229951,0,nan,0.5862068965517241,0.42878999999704853,0.3694153851019213,0.03658103
1166,114265,0.2510381440664743,0,nan,0.6666666666666666,0.4286249999970493,0.4338479569863292,0.028972972
1167,114415,-3.4050992215351785,0,nan,0.6133333333333333,0.4278749999970527,0.3776402431641791,0.08034708
1168,114565,-3.3928017769963623,0,nan,0.6,0.4271249999970561,0.39052006019175894,0.057748392
1169,114601,0.10790625390248276,0,nan,0.6666666666666666,0.42694499999705693,0.5047511260253584,0.038418997
1170,114751,-3.287276528297359,0,0.51,0.58,0.42619499999706034,0.4853573313994863,0.056273855
1171,114901,-3.280083906165306,0,nan,0.6066666666666667,0.42544499999706376,0.35359494243060835,0.05671501
1172,115051,-3.502167463257842,0,nan,0.7133333333333334,0.42469499999706717,0.32851099623557267,0.06535058
1173,115081,0.2534668818171192,0,nan,0.4,0.42454499999706785,0.4318322997094188,0.03332028
1174,115231,-3.3315263028185016,0,nan,0.62,0.42379499999707126,0.39326632338078155,0.05363171
1175,115381,-3.2113318819285763,0,nan,0.5,0.4230449999970747,0.44281073340766364,0.05681155
1176,115416,0.20403674018972184,0,nan,0.6857142857142857,0.4228699999970755,0.4092665831261978,0.031917628
1177,115448,0.2758637019637059,0,nan,0.59375,0.4227099999970762,0.4230715673953839,0.033733822
1178,115477,0.338332257696353,0,nan,0.5517241379310345,0.42256499999707686,0.33600010468650554,0.032748654
1179,115512,0.14580920645224638,0,nan,0.6571428571428571,0.42238999999707766,0.4507290335151645,0.034713108
1180,115590,-1.8068772965011448,0,nan,0.6153846153846154,0.42199499999707946,0.2982617551661251,0.05686282
1181,115740,-3.4403346488466107,0,nan,0.5933333333333334,0.42124499999708287,0.2772643015260019,0.055276275
1182,115890,-3.4730116069031176,0,nan,0.5933333333333334,0.4204949999970863,0.3902570114920199,0.054746922
1183,116040,-3.370490405022201,0,nan,0.6666666666666666,0.4197449999970897,0.3444666916223456,0.05183793
1184,116066,0.4137566526061516,0,nan,0.6923076923076923,0.4196149999970903,0.3128883379545374,0.029114675
1185,116216,-3.3301149188330244,0,nan,0.5333333333333333,0.4188649999970937,0.45935674222022754,0.06239983
1186,116366,-3.2724946405805677,0,nan,0.56,0.4181149999970971,0.37313286126289913,0.05729761
1187,116468,-1.2532284572883476,0,nan,0.6470588235294118,0.41760499999709944,0.46719530655515795,0.04180197
1188,116541,-0.6197227709492259,0,nan,0.684931506849315,0.4172399999971011,0.5209327548952766,0.034873836
1189,116691,-3.903716822077638,0,nan,0.6866666666666666,0.4164899999971045,0.4538816528193697,0.07146939
1190,116841,-3.2805379777967763,0,nan,0.58,0.4157399999971079,0.4928545943106248,0.059867624
1191,116873,0.24612042786380095,0,nan,0.5625,0.41557999999710865,0.4785793019600962,0.028242797
1192,117023,-3.0837899916503906,0,nan,0.6533333333333333,0.41482999999711206,0.3699552111905004,0.05494716
1193,117173,-3.263390245362137,0,nan,0.64,0.4140799999971155,0.46309609738210733,0.05798448
1194,117323,-3.4925640058071874,0,nan,0.66,0.4133299999971189,0.3369740591361683,0.055495936
1195,117473,-3.2795200500150554,0,nan,0.58,0.4125799999971223,0.5376599829420786,0.06288078
1196,117623,-3.4034940567061653,0,nan,0.5533333333333333,0.4118299999971257,0.38906241220607474,0.054660052
1197,117657,0.24943639225548064,0,nan,0.5,0.4116599999971265,0.4687342675617947,0.032320265
1198,117807,-3.7473681171813977,0,nan,0.6666666666666666,0.4109099999971299,0.39246692194224014,0.060018163
1199,117841,0.1334343733840776,0,nan,0.6176470588235294,0.4107399999971307,0.25249242108488584,0.048573285
1200,117991,-3.8615234396567306,0,0.52,0.64,0.4099899999971341,0.44040651778412415,0.071450345
1201,118141,-3.556172845413461,0,nan,0.5866666666666667,0.4092399999971375,0.5126292810513783,0.061285
1202,118291,-3.428027168555051,0,nan,0.5266666666666666,0.4084899999971409,0.45647542611479014,0.055678044
1203,118441,-3.296889812526037,0,nan,0.64,0.40773999999714433,0.3095752310367889,0.056766566
1204,118591,-3.173436393160699,0,nan,0.58,0.40698999999714774,0.3539999828033306,0.05767341
1205,118654,-0.5101933751898602,0,nan,0.4126984126984127,0.4066749999971492,0.44511802953380136,0.039956134
1206,118804,-3.5896458841547054,0,nan,0.56,0.4059249999971526,0.36140239829133153,0.058201276
1207,118954,-3.6368955849396913,0,nan,0.5133333333333333,0.405174999997156,0.48053074870788703,0.062323723
1208,118991,0.21458995000773962,0,nan,0.4864864864864865,0.40498999999715685,0.3660502557450044,0.031330634
1209,119021,0.35123782074849963,0,nan,0.6,0.40483999999715753,0.3901313231278239,0.031321313
1210,119171,-3.5382020296732706,0,nan,0.6133333333333333,0.40408999999716094,0.5367626863240356,0.055262204
1211,119321,-3.5597322098657083,0,nan,0.5733333333333334,0.40333999999716436,0.42542990835837907,0.056322936
1212,119471,-3.5702711696698555,0,nan,0.5733333333333334,0.40258999999716777,0.5569390133971613,0.07316316
1213,119621,-3.414759743943487,0,nan,0.5933333333333334,0.4018399999971712,0.35920007530977904,0.058215503
1214,119687,-0.5141089628423016,0,nan,0.7575757575757576,0.4015099999971727,0.5234640513623111,0.032796748
1215,119837,-3.5530053814964044,0,nan,0.4866666666666667,0.4007599999971761,0.4477537225625606,0.056878217
1216,119987,-3.3192110295527812,0,nan,0.54,0.4000099999971795,0.42081733521599557,0.046911184
1217,120137,-3.5971603135656873,0,nan,0.5933333333333334,0.3992599999971829,0.3091960575471758,0.05226548
1218,120287,-3.4996318456165265,0,nan,0.5,0.39850999999718634,0.4417548828649066,0.055858493
1219,120437,-3.4793204845349632,0,nan,0.5333333333333333,0.39775999999718975,0.4189040571207982,0.059222482
1220,120587,-3.543072637534203,0,nan,0.54,0.39700999999719316,0.4011755647968566,0.060102303
1221,120620,0.1911853242918894,0,nan,0.6060606060606061,0.3968449999971939,0.41070408428395605,0.034958504
1222,120651,0.25586422380222407,0,nan,0.6129032258064516,0.3966899999971946,0.3909226527575671,0.027740717
1223,120686,0.13625557386580822,0,nan,0.6,0.3965149999971954,0.5194963971640465,0.04303738
1224,120714,0.35175121700101497,0,nan,0.5714285714285714,0.39637499999719605,0.362831972563635,0.036764946
1225,120746,0.22829571842837837,0,nan,0.71875,0.3962149999971968,0.44996520480359153,0.033986136
1226,120795,-0.09572959008874815,0,nan,0.6326530612244898,0.3959699999971979,0.32261380023443037,0.031114
1227,120945,-3.451567862038585,0,nan,0.6066666666666667,0.3952199999972013,0.3825647728545892,0.054496054
1228,121095,-3.313701056972869,0,nan,0.5466666666666666,0.3944699999972047,0.43334152362385364,0.05303848
1229,121245,-3.3117460438297357,0,nan,0.6333333333333333,0.39371999999720814,0.33968455583023055,0.060602717
1230,121395,-3.2244808530202507,0,0.48,0.68,0.39296999999721155,0.38309126473163363,0.052873805
1231,121426,0.25715127144569383,0,nan,0.6129032258064516,0.39281499999721226,0.4696233247756591,0.03231983
1232,121463,0.062319583545608515,0,nan,0.7027027027027027,0.3926299999972131,0.4693883770233275,0.04647123
1233,121493,0.2571284007394502,0,nan,0.7333333333333333,0.3924799999972138,0.4680581759039836,0.032193635
1234,121643,-3.2466686614351574,0,nan,0.6133333333333333,0.3917299999972172,0.48092709251884413,0.049314555
1235,121793,-3.317997562993761,0,nan,0.52,0.3909799999972206,0.35466699065978635,0.058684837
1236,121939,-3.3812138057739807,0,nan,0.6232876712328768,0.39024499999722395,0.405661684140711,0.046091143
1237,122089,-3.3797194469230116,0,nan,0.4866666666666667,0.38949499999722736,0.39603539084792994,0.06181511
1238,122239,-3.409512535103617,0,nan,0.5333333333333333,0.3887449999972308,0.2870901695233305,0.058138575
1239,122299,-0.41957896749476464,0,nan,0.5166666666666667,0.38844499999723214,0.49775792444130096,0.04719555
1240,122340,0.029086561106089093,0,nan,0.6341463414634146,0.3882399999972331,0.497771297148309,0.038991265
1241,122490,-3.8279193410808103,0,nan,0.5733333333333334,0.3874899999972365,0.41272003363165627,0.061980654
1242,122640,-3.3242586022524323,0,nan,0.64,0.3867399999972399,0.4629553604557987,0.057591014
1243,122790,-3.4933077470438914,0,nan,0.5466666666666666,0.3859899999972433,0.3686277075152326,0.06614743
1244,122940,-3.31101980173722,0,nan,0.6666666666666666,0.38523999999724673,0.3976167778155323,0.053921364
1245,122969,0.36587619871439603,0,nan,0.5172413793103449,0.3850949999972474,0.3927453042660597,0.039504502
1246,123000,0.315622471445123,0,nan,0.7096774193548387,0.3849399999972481,0.5349889959842241,0.033266325
1247,123030,0.3388519868134573,0,nan,0.5333333333333333,0.3847899999972488,0.45430365368515396,0.03357907
1248,123066,0.16323596783122418,0,nan,0.5277777777777778,0.3846099999972496,0.4424547164483978,0.03319225
1249,123216,-3.2673698582824993,0,nan,0.6333333333333333,0.383859999997253,0.40528649557332874,0.06544932
1250,123272,-0.41139286938518627,0,nan,0.6071428571428571,0.3835799999972543,0.4422866373788164,0.053378183
1251,123422,-3.2437254902915607,0,nan,0.5733333333333334,0.3828299999972577,0.2676128086463484,0.07166522
1252,123452,0.2466641825864042,0,nan,0.5666666666666667,0.3826799999972584,0.45399431923582106,0.034172487
1253,123478,0.4194736951578,0,nan,0.6538461538461539,0.38254999999725897,0.29989341276869025,0.02610121
1254,123628,-3.3153597496111415,0,nan,0.4866666666666667,0.3817999999972624,0.4831992647306864,0.057130292
1255,123657,0.3170442871008575,0,nan,0.6551724137931034,0.38165499999726304,0.4091918297590888,0.034691777
1256,123807,-3.21158595801283,0,nan,0.5466666666666666,0.38090499999726646,0.32044370481696577,0.059539784
1257,123957,-3.2663539390772325,0,nan,0.6,0.38015499999726987,0.3648379341314909,0.057153594
1258,124107,-3.4200673465545264,0,nan,0.6333333333333333,0.3794049999972733,0.46310729650755245,0.06270354
1259,124257,-3.3838650252141456,0,nan,0.5533333333333333,0.3786549999972767,0.4289996320700153,0.0630034
1260,124288,0.3116147651334149,0,0.47,0.41935483870967744,0.3784999999972774,0.44228840465403574,0.040546067
1261,124316,0.3345675006382228,0,nan,0.4642857142857143,0.37835999999727804,0.33547039066403445,0.03893568
1262,124359,0.047418764795413404,0,nan,0.5813953488372093,0.378144999997279,0.3438876623305384,0.032260012
1263,124446,-0.9538308580295256,0,nan,0.6896551724137931,0.377709999997281,0.3567849476155384,0.045784187
1264,124596,-3.2195113383008374,0,nan,0.5,0.3769599999972844,0.45519371314934687,0.06274332
1265,124634,0.04534360122418679,0,nan,0.7894736842105263,0.3767699999972853,0.4075600550287816,0.036014
1266,124784,-3.290803162799394,0,nan,0.6133333333333333,0.3760199999972887,0.4352174891029653,0.056893483
1267,124934,-3.504543424183239,0,nan,0.6266666666666667,0.3752699999972921,0.26679744887447154,0.06229584
1268,125084,-3.469628272448135,0,nan,0.54,0.3745199999972955,0.4021443413903861,0.054318607
1269,125234,-3.2580659627678137,0,nan,0.5933333333333334,0.37376999999729893,0.3401288886733454,0.06009944
1270,125384,-3.55144530744937,0,nan,0.6133333333333333,0.37301999999730234,0.45505226751358696,0.049653254
1271,125534,-3.407982807604521,0,nan,0.54,0.37226999999730576,0.3788202267373649,0.06509833
1272,125684,-3.5140314764318568,0,nan,0.49333333333333335,0.37151999999730917,0.37523233414508717,0.058348738
1273,125834,-3.6209294681867794,0,nan,0.6066666666666667,0.3707699999973126,0.4414447707121883,0.06760142
1274,125984,-3.451336061247934,0,nan,0.6466666666666666,0.370019999997316,0.5368991806400724,0.05546101
1275,126048,-0.521669356025531,0,nan,0.53125,0.36969999999731745,0.48582771170004735,0.034910843
1276,126198,-3.4584873023358598,0,nan,0.6266666666666667,0.36894999999732087,0.5100594121331572,0.055681553
1277,126348,-3.659830630292277,0,nan,0.5666666666666667,0.3681999999973243,0.35506244781660173,0.05569837
1278,126498,-3.286117824550889,0,nan,0.54,0.3674499999973277,0.4368599449922825,0.053883478
1279,126558,-0.5374691006962409,0,nan,0.7,0.36714999999732906,0.3455221327150149,0.05255636
1280,126708,-3.620253742894316,0,nan,0.5666666666666667,0.36639999999733247,0.33300272191665226,0.058242455
1281,126738,0.2887266903903407,0,nan,0.5,0.36624999999733315,0.44767439926742264,0.035383616
1282,126888,-3.5102055010968845,0,nan,0.5933333333333334,0.36549999999733657,0.48903251101017164,0.059238784
1283,127038,-3.4034049133267463,0,nan,0.5,0.36474999999734,0.3791094964248813,0.055088673
1284,127188,-3.333589238726936,0,nan,0.4866666666666667,0.3639999999973434,0.34440359664432507,0.066414215
1285,127338,-3.3913578935739013,0,nan,0.5533333333333333,0.3632499999973468,0.280300143411775,0.06420311
1286,127364,0.39090633549034104,0,nan,0.46153846153846156,0.3631199999973474,0.31128662021229053,0.023911692
1287,127398,0.21049345858576707,0,nan,0.5588235294117647,0.36294999999734817,0.42665944571374786,0.036311653
1288,127548,-3.534859338533282,0,nan,0.5266666666666666,0.3621999999973516,0.5480471301466037,0.05039177
1289,127698,-3.431109279967009,0,nan,0.5933333333333334,0.361449999997355,0.44904867713296137,0.063357666
1290,127848,-3.464600759850333,0,0.45,0.5933333333333334,0.3606999999973584,0.34953974891444045,0.057532214
1291,127998,-3.4861308321621385,0,nan,0.5466666666666666,0.3599499999973618,0.42336672914064233,0.056906052
1292,128148,-3.4343539354311976,0,nan,0.5666666666666667,0.35919999999736524,0.39695075449689116,0.054434504
1293,128298,-3.4745005307793564,0,nan,0.5866666666666667,0.35844999999736865,0.41732968302004764,0.050675396
1294,128448,-3.303459459759901,0,nan,0.52,0.35769999999737206,0.4671290312611497,0.057174537
1295,128598,-3.656951561539803,0,nan,0.5266666666666666,0.3569499999973755,0.4080300245867627,0.055981215
1296,128748,-3.4351043977296953,0,nan,0.5933333333333334,0.3561999999973789,0.4233501955679386,0.054814734
1297,128788,0.0669143722090626,0,nan,0.675,0.3559999999973798,0.45561223827249714,0.0290473
1298,128938,-3.4964832224498235,0,nan,0.44,0.3552499999973832,0.41282059542289257,0.059079386
1299,129024,-1.1024944549124251,0,nan,0.5232558139534884,0.35481999999738517,0.4803679305147817,0.043191615
1300,129108,-0.7952943618413209,0,nan,0.6309523809523809,0.3543999999973871,0.35224519980351865,0.03918778
1301,129258,-3.5904812793558314,0,nan,0.6066666666666667,0.3536499999973905,0.40971730091523856,0.06913615
1302,129408,-3.427597364839262,0,nan,0.5666666666666667,0.3528999999973939,0.40737760258291117,0.057937585
1303,129477,-0.5707971520829828,0,nan,0.6666666666666666,0.3525549999973955,0.44422028498179267,0.041575868
1304,129518,0.006946188825813215,0,nan,0.7560975609756098,0.3523499999973964,0.45921932042365526,0.035590917
1305,129668,-3.4046006970523197,0,nan,0.5666666666666667,0.3515999999973998,0.4801112954169389,0.056245293
1306,129734,-0.5464659874135657,0,nan,0.4696969696969697,0.3512699999974013,0.5438043048063996,0.04503291
1307,129769,0.19093780959315876,0,nan,0.6285714285714286,0.3510949999974021,0.38849074508803494,0.03894775
1308,129919,-3.454350321432949,0,nan,0.5133333333333333,0.35034499999740554,0.4309017381609084,0.049775016
1309,129972,-0.26579169210909737,0,nan,0.6226415094339622,0.35007999999740674,0.40997504549034125,0.03956117
1310,129998,0.4029000359821223,0,nan,0.6538461538461539,0.34994999999740733,0.34340184454567096,0.025165234
1311,130148,-3.5709640303820365,0,nan,0.56,0.34919999999741075,0.43518777881004905,0.053446457
1312,130218,-1.554015672146271,0,nan,0.5571428571428572,0.34884499999741236,0.40710370262385087,0.043264862
1313,130368,-3.581051561459077,0,nan,0.58,0.3480949999974158,0.3498228139958246,0.05940155
1314,130518,-3.4785529039773158,0,nan,0.56,0.3473449999974192,0.4256898293754771,0.0579094
1315,130586,-0.6950991831069041,0,nan,0.5294117647058824,0.34700499999742074,0.3816743116382868,0.045885377
1316,130616,0.2628410298132571,0,nan,0.5333333333333333,0.3468549999974214,0.3688320757874852,0.03932232
1317,130766,-3.362251143571903,0,nan,0.6266666666666667,0.34610499999742483,0.3485900554299353,0.048114166
1318,130916,-3.422816710106248,0,nan,0.5533333333333333,0.34535499999742825,0.4872420890019644,0.04488968
1319,131066,-3.2363434391408807,0,nan,0.6,0.34460499999743166,0.48476098551463276,0.065554306
1320,131216,-3.5358534817690637,0,0.53,0.5266666666666666,0.3438549999974351,0.46791266689900585,0.058133505
1321,131243,0.3498364515291028,0,nan,0.5555555555555556,0.3437199999974357,0.42319373889875633,0.035437394
1322,131321,-0.7435807084661669,0,nan,0.6538461538461539,0.34332999999743746,0.3721168193175587,0.044259727
1323,131471,-3.383575767689391,0,nan,0.5933333333333334,0.3425799999974409,0.29294614779614825,0.056825098
1324,131621,-3.450875137659435,0,nan,0.58,0.3418299999974443,0.41184819530778083,0.05778316
1325,131771,-3.3477132506911116,0,nan,0.6133333333333333,0.3410799999974477,0.47207519873020637,0.053536892
1326,131831,-0.4045994719351753,0,nan,0.65,0.34077999999744907,0.4342708158018967,0.034619473
1327,131981,-3.3018350924743634,0,nan,0.58,0.3400299999974525,0.4375223257377749,0.066274755
1328,132009,0.34765282927934127,0,nan,0.7142857142857143,0.3398899999974531,0.27741488464699415,0.032041285
1329,132038,0.2538766077043503,0,nan,0.8620689655172413,0.3397449999974538,0.37734654512081556,0.03677905
1330,132188,-3.3417409270973013,0,nan,0.5266666666666666,0.3389949999974572,0.417454036499443,0.0656466
1331,132248,-0.4141617842924703,0,nan,0.55,0.33869499999745856,0.3932973365284839,0.039556444
1332,132398,-3.316547861585871,0,nan,0.5466666666666666,0.33794499999746197,0.46354640048390033,0.06843643
1333,132428,0.282146745785143,0,nan,0.7333333333333333,0.33779499999746265,0.2711870543451402,0.04349562
1334,132455,0.3956277205364348,0,nan,0.5925925925925926,0.33765999999746327,0.29041610695912423,0.02247677
1335,132484,0.3367811572396935,0,nan,0.5862068965517241,0.3375149999974639,0.37616927915502635,0.02998414
1336,132512,0.3148614502513488,0,nan,0.6071428571428571,0.33737499999746456,0.4639124758291368,0.041177157
1337,132542,0.28998133795808556,0,nan,0.6333333333333333,0.33722499999746525,0.4021398788335578,0.036738325
1338,132642,-1.3411946087988431,0,nan,0.6,0.3367249999974675,0.4154994468201146,0.038272012
1339,132792,-3.858280486157725,0,nan,0.6,0.33597499999747094,0.36348240841899593,0.11329014
1340,132942,-3.3050901571778555,0,nan,0.6,0.33522499999747435,0.4147226917908653,0.057910074
1341,132970,0.37154778139849154,0,nan,0.6071428571428571,0.335084999997475,0.3184006480912916,0.027226908
1342,133120,-3.38057725951103,0,nan,0.58,0.3343349999974784,0.35737127576744687,0.051322885
1343,133270,-3.3677299720872487,0,nan,0.5133333333333333,0.3335849999974818,0.40565440234822375,0.058801606
1344,133420,-3.2589126917201976,0,nan,0.5733333333333334,0.3328349999974852,0.38283720991216197,0.054759413
1345,133456,0.12563628456646614,0,nan,0.5555555555555556,0.33265499999748604,0.5419413661739529,0.031121187
1346,133606,-3.2387090396675178,0,nan,0.62,0.33190499999748946,0.5195848596696834,0.05556235
1347,133756,-3.398371256137005,0,nan,0.5,0.33115499999749287,0.34282599066689634,0.059522584
1348,133906,-3.5816304059003143,0,nan,0.5733333333333334,0.3304049999974963,0.39118169854622636,0.05494608
1349,133935,0.3261567024418006,0,nan,0.41379310344827586,0.33025999999749694,0.4958603597017454,0.037539244
1350,134085,-3.615074693651118,0,0.46,0.6266666666666667,0.32950999999750036,0.3918518130394423,0.058215123
1351,134235,-3.3944552794663507,0,nan,0.5866666666666667,0.32875999999750377,0.41706434587714913,0.058580145
1352,134385,-3.6640606168506165,0,nan,0.5933333333333334,0.3280099999975072,0.26892218796500417,0.07712175
1353,134535,-3.2492337360725316,0,nan,0.58,0.3272599999975106,0.38779257286370633,0.06028656
1354,134685,-3.394809289532476,0,nan,0.5133333333333333,0.326509999997514,0.42571551197158647,0.054243203
1355,134721,0.1448713137362443,0,nan,0.5,0.32632999999751483,0.5467202460918128,0.046718173
1356,134753,0.2556574695014393,0,nan,0.625,0.32616999999751556,0.36979860457746655,0.027723068
1357,134903,-3.4905914806234737,0,nan,0.5266666666666666,0.32541999999751897,0.3454871500448508,0.056897137
1358,135053,-3.4254504438792495,0,nan,0.56,0.3246699999975224,0.4004212949501617,0.056309592
1359,135114,-0.34002437861026236,0,nan,0.6557377049180327,0.3243649999975238,0.46963803443726626,0.02750625
1360,135141,0.38319147808245535,0,nan,0.4444444444444444,0.3242299999975244,0.2970459099557306,0.027028821
1361,135170,0.3486760448842058,0,nan,0.5862068965517241,0.32408499999752505,0.4278401203110887,0.03078668
1362,135320,-3.3674851590948385,0,nan,0.5666666666666667,0.32333499999752846,0.4497695638210698,0.052886013
1363,135470,-3.2911391310428058,0,nan,0.5266666666666666,0.3225849999975319,0.4223851704872695,0.058590006
1364,135507,0.18131031182313828,0,nan,0.5405405405405406,0.3223999999975327,0.49454748837858553,0.04376973
1365,135657,-3.205034924360306,0,nan,0.6133333333333333,0.32164999999753613,0.4933533691245389,0.046816934
1366,135686,0.3317844845432667,0,nan,0.3793103448275862,0.3215049999975368,0.2974052159158698,0.03255494
1367,135836,-3.302528463709904,0,nan,0.46,0.3207549999975402,0.3505406926911272,0.058591984
1368,135901,-0.49312812741753076,0,nan,0.6153846153846154,0.3204299999975417,0.3398555984192782,0.03791344
1369,136051,-3.5264967118452737,0,nan,0.58,0.3196799999975451,0.45759452852840493,0.055431917
1370,136081,0.30559369218355914,0,nan,0.5333333333333333,0.3195299999975458,0.3161819237448319,0.029017977
1371,136109,0.45349627024006833,0,nan,0.6785714285714286,0.3193899999975464,0.3588581559291607,0.028913459
1372,136137,0.349218270722338,0,nan,0.6071428571428571,0.31924999999754705,0.33003802595883375,0.035782136
1373,136222,-0.8010127984385975,0,nan,0.49411764705882355,0.318824999997549,0.5119226165709868,0.02831942
1374,136250,0.3802807416274264,0,nan,0.5,0.3186849999975496,0.392716230219825,0.030926084
1375,136400,-3.3446824463503,0,nan,0.5066666666666667,0.31793499999755304,0.4172227533832394,0.049307745
1376,136550,-3.413203097764734,0,nan,0.5133333333333333,0.31718499999755645,0.4452558673004022,0.05938108
1377,136609,-0.4321587748319562,0,nan,0.6440677966101694,0.3168899999975578,0.41413768820387514,0.037952088
1378,136666,-0.3276890164209574,0,nan,0.5087719298245614,0.3166049999975591,0.3078699730160119,0.036543813
1379,136816,-3.3723174000208354,0,nan,0.48,0.3158549999975625,0.31978077175897524,0.060078286
1380,136966,-3.216595626758018,0,0.54,0.6066666666666667,0.3151049999975659,0.43145241049661487,0.044992253
1381,137116,-3.4327942217643597,0,nan,0.5066666666666667,0.31435499999756933,0.44243230637504477,0.059638035
1382,137155,0.11034971372931113,0,nan,0.5128205128205128,0.3141599999975702,0.3834958868525577,0.03274609
1383,137305,-3.4755471657491093,0,nan,0.5666666666666667,0.31340999999757363,0.38869252446211094,0.056256536
1384,137354,-0.24625898414248915,0,nan,0.6122448979591837,0.31316499999757474,0.4840496733598101,0.050355867
1385,137504,-3.234147252134467,0,nan,0.5133333333333333,0.31241499999757816,0.3696019986959376,0.052323785
1386,137544,0.022024926555378577,0,nan,0.55,0.31221499999757907,0.45667931158320985,0.043149065
1387,137694,-3.50441692733523,0,nan,0.6,0.3114649999975825,0.4543710029944202,0.05131263
1388,137844,-3.4506419260005776,0,nan,0.5133333333333333,0.3107149999975859,0.4583929567807224,0.0556002
1389,137883,0.10996528930913407,0,nan,0.5128205128205128,0.3105199999975868,0.48401058785387285,0.029166888
1390,137913,0.2800952165820316,0,nan,0.6333333333333333,0.31036999999758746,0.5036087738200552,0.0343294
1391,138063,-3.5896262323720567,0,nan,0.4,0.3096199999975909,0.48684676829267787,0.06093326
1392,138213,-3.1806261126063164,0,nan,0.5133333333333333,0.3088699999975943,0.4529622192444172,0.05762459
1393,138363,-3.380543115641908,0,nan,0.54,0.3081199999975977,0.5010405242311488,0.05786255
1394,138397,0.28140519759662486,0,nan,0.5588235294117647,0.3079499999975985,0.4744041945065744,0.032705665
1395,138547,-3.3657361001467243,0,nan,0.4266666666666667,0.3071999999976019,0.4617758194187789,0.05886186
1396,138697,-3.3569183799783318,0,nan,0.4666666666666667,0.3064499999976053,0.479688767098157,0.061319955
1397,138731,0.1893468213119449,0,nan,0.4117647058823529,0.3062799999976061,0.3871960667289718,0.03822921
1398,138881,-3.52965063928747,0,nan,0.4666666666666667,0.3055299999976095,0.45198727696597235,0.05402539
1399,138917,0.23130657889833262,0,nan,0.6111111111111112,0.3053499999976103,0.4312769955854221,0.033743586
1400,138958,0.004317501042639393,0,nan,0.4878048780487805,0.30514499999761124,0.39879677618518555,0.043121435
1401,139108,-3.4714506730103,0,nan,0.4866666666666667,0.30439499999761466,0.44816382432633367,0.05680668
1402,139258,-3.3679393863151192,0,nan,0.5733333333333334,0.30364499999761807,0.3710298571390811,0.051057752
1403,139408,-3.571742581479791,0,nan,0.5733333333333334,0.3028949999976215,0.4579500439977224,0.05167379
1404,139479,-0.645810967977613,0,nan,0.6197183098591549,0.3025399999976231,0.3230075764374451,0.045363266
1405,139515,0.1574638034391892,0,nan,0.6666666666666666,0.3023599999976239,0.4423690688863432,0.03848706
1406,139549,0.14658182686999577,0,nan,0.5882352941176471,0.3021899999976247,0.5184741517828835,0.03976119
1407,139699,-3.609173625959908,0,nan,0.5133333333333333,0.3014399999976281,0.4972436068558123,0.054103103
1408,139849,-3.4470238786888037,0,nan,0.4666666666666667,0.3006899999976315,0.42028418181037097,0.05807377
1409,139999,-3.249691222438336,0,nan,0.49333333333333335,0.29993999999763493,0.2933299503822855,0.053915285
1410,140068,-0.5531194534223114,0,0.5,0.6086956521739131,0.2995949999976365,0.4400676082866859,0.037647698
1411,140096,0.34161423403530355,0,nan,0.5714285714285714,0.29945499999763714,0.3528529617423185,0.032221552
1412,140246,-3.1577652665158595,0,nan,0.5466666666666666,0.29870499999764055,0.3610986539498845,0.050898135
1413,140278,0.20204275874061706,0,nan,0.53125,0.2985449999976413,0.4480063027139614,0.03794355
1414,140428,-3.4351891934154604,0,nan,0.4533333333333333,0.2977949999976447,0.3754892905183329,0.055567082
1415,140578,-3.541376437340132,0,nan,0.4533333333333333,0.2970449999976481,0.4198566903620001,0.05752126
1416,140728,-3.4617551493971788,0,nan,0.5733333333333334,0.2962949999976515,0.4358045387649235,0.05835842
1417,140755,0.3661165791042291,0,nan,0.5925925925925926,0.29615999999765213,0.2892700781273685,0.033628926
1418,140797,0.025955018393507223,0,nan,0.5952380952380952,0.2959499999976531,0.4225660362357029,0.038277704
1419,140947,-3.4805479921593525,0,nan,0.5533333333333333,0.2951999999976565,0.3156278218876901,0.055277824
1420,141097,-3.254463015419654,0,nan,0.5666666666666667,0.2944499999976599,0.37327111772652455,0.04732581
1421,141157,-0.3970161839028189,0,nan,0.5333333333333333,0.2941499999976613,0.28980172002144644,0.035804894
1422,141192,0.18272934169645516,0,nan,0.45714285714285713,0.2939749999976621,0.44737033939157606,0.035372585
1423,141342,-3.7428960037300114,0,nan,0.5866666666666667,0.2932249999976655,0.5407475536123811,0.07565681
1424,141492,-3.3794264946878743,0,nan,0.44,0.2924749999976689,0.3846945899799107,0.051546864
1425,141642,-3.4366425419375233,0,nan,0.44666666666666666,0.2917249999976723,0.5109465822462044,0.052221477
1426,141675,0.20205417943154003,0,nan,0.5454545454545454,0.29155999999767307,0.46721519789754906,0.035947733
1427,141825,-3.4732277277327905,0,nan,0.46,0.2908099999976765,0.5111157635177844,0.057100143
1428,141854,0.38325654381416396,0,nan,0.5517241379310345,0.29066499999767714,0.35677902643456166,0.031535234
1429,142004,-3.7223300013700635,0,nan,0.47333333333333333,0.28991499999768056,0.4203082181038167,0.08814209
1430,142154,-3.2343841755064853,0,nan,0.5533333333333333,0.28916499999768397,0.42524252659670775,0.04997375
1431,142304,-3.3148347065141133,0,nan,0.4666666666666667,0.2884149999976874,0.35236254263779443,0.0599075
1432,142454,-3.453279304831624,0,nan,0.54,0.2876649999976908,0.4185157265961359,0.056565367
1433,142604,-3.4202877472153657,0,nan,0.56,0.2869149999976942,0.38666108784544095,0.055668406
1434,142754,-3.482439552746233,0,nan,0.4866666666666667,0.2861649999976976,0.3780572073168433,0.06905481
1435,142801,-0.14793634196914363,0,nan,0.5319148936170213,0.2859299999976987,0.5552654196524248,0.037184954
1436,142951,-3.736469494292216,0,nan,0.44666666666666666,0.2851799999977021,0.43042913431465285,0.06506601
1437,143101,-3.381929629095915,0,nan,0.44666666666666666,0.2844299999977055,0.4540325356620401,0.05108195
1438,143128,0.37612248898054923,0,nan,0.6296296296296297,0.28429499999770613,0.3599782855539822,0.031312093
1439,143278,-3.2976520953529014,0,nan,0.4666666666666667,0.28354499999770955,0.3175171393831449,0.053640436
1440,143428,-3.537882517532583,0,0.5,0.43333333333333335,0.28279499999771296,0.449700493223347,0.060239486
1441,143578,-3.4295769115825028,0,nan,0.5533333333333333,0.2820449999977164,0.4255736893179087,0.049674362
1442,143728,-3.526648752046097,0,nan,0.52,0.2812949999977198,0.43580015108154846,0.06014779
1443,143878,-3.608741451127134,0,nan,0.46,0.2805449999977232,0.44888249120950663,0.05739757
1444,143974,-1.2297927601546474,0,nan,0.5625,0.2800649999977254,0.3572445552674978,0.046366926
1445,144124,-3.3114487178926675,0,nan,0.4533333333333333,0.2793149999977288,0.4581641130707511,0.056269053
1446,144274,-3.5594173015075823,0,nan,0.5,0.2785649999977322,0.35626494394711195,0.06426532
1447,144300,0.4001967448816329,0,nan,0.8461538461538461,0.2784349999977328,0.3354989409526988,0.029251363
1448,144450,-3.3811856058958725,0,nan,0.44,0.2776849999977362,0.47876048911750085,0.07105364
1449,144600,-3.555729197481574,0,nan,0.42,0.27693499999773963,0.4758707446268744,0.068346575
1450,144602,-0.058568323331456874,0,nan,1.5,0.2769199999977397,0.5184042931573637,0.43149334
1451,144632,0.25524110822307766,0,nan,0.5666666666666667,0.2767699999977404,0.5573651773804927,0.039063234
1452,144782,-3.6145269200931476,0,nan,0.4866666666666667,0.2760199999977438,0.47137289836164614,0.06538665
1453,144932,-3.401758031832435,0,nan,0.48,0.2752699999977472,0.35709645892956976,0.054561082
1454,145082,-3.2559756361241097,0,nan,0.5,0.2745199999977506,0.4487495901569694,0.06171184
1455,145232,-3.6028719858130405,0,nan,0.52,0.27376999999775403,0.3027947403777284,0.060470004
1456,145262,0.3103190882145176,0,nan,0.6666666666666666,0.2736199999977547,0.4197319075217172,0.031783048
1457,145412,-3.5353263117606852,0,nan,0.44,0.27286999999775813,0.43055163840754773,0.06373373
1458,145442,0.26923582515311384,0,nan,0.6,0.2727199999977588,0.3658496705698402,0.043499913
1459,145592,-3.5087382708448698,0,nan,0.46,0.2719699999977622,0.5026194256286414,0.06235181
1460,145622,0.35954068267434547,0,nan,0.5,0.2718199999977629,0.40829665997429165,0.028916035
1461,145666,-0.06974072118784158,0,nan,0.6363636363636364,0.2715999999977639,0.49470260978677916,0.040169545
1462,145816,-3.2683870046874803,0,nan,0.4666666666666667,0.2708499999977673,0.3131434626218873,0.04628759
1463,145966,-3.3943753313868155,0,nan,0.4,0.27009999999777073,0.28452306588075665,0.058261197
1464,146116,-3.2561768877576096,0,nan,0.49333333333333335,0.26934999999777415,0.4884084276208237,0.059972774
1465,146266,-3.6321520940848417,0,nan,0.5133333333333333,0.26859999999777756,0.3945782724179156,0.057937082
1466,146416,-3.3309891187830782,0,nan,0.5666666666666667,0.267849999997781,0.39830734068454593,0.053413417
1467,146444,0.3286666080689351,0,nan,0.39285714285714285,0.2677099999977816,0.3916079393747004,0.032503333
1468,146476,0.22055580785823858,0,nan,0.59375,0.26754999999778234,0.38575347285071393,0.03332802
1469,146626,-3.3748359065371614,0,nan,0.5066666666666667,0.26679999999778575,0.3895218044627312,0.062165927
1470,146654,0.31472195586351126,0,0.45,0.5,0.2666599999977864,0.36043363861108907,0.04287033
1471,146804,-3.397238266164594,0,nan,0.44666666666666666,0.2659099999977898,0.52581006930129,0.05476731
1472,146840,0.18858093932376485,0,nan,0.5277777777777778,0.2657299999977906,0.4337430162144213,0.02923334
1473,146990,-3.4679368487336593,0,nan,0.49333333333333335,0.26497999999779404,0.36950246024681677,0.061032638
1474,147024,0.12332656276908127,0,nan,0.38235294117647056,0.2648099999977948,0.46015387999021,0.049645122
1475,147174,-3.5992457184913738,0,nan,0.4666666666666667,0.2640599999977982,0.46823529065723096,0.055858467
1476,147324,-3.5261429925604375,0,nan,0.46,0.26330999999780164,0.3940242929878133,0.059541665
1477,147352,0.39020127604485355,0,nan,0.4642857142857143,0.2631699999978023,0.36917613731549226,0.02867687
1478,147502,-3.4953127758238063,0,nan,0.52,0.2624199999978057,0.3385494571666983,0.055584315
1479,147543,-0.8357828185599222,0,nan,0.6341463414634146,0.26220999999780664,0.46695239729339866,0.055790134
1480,147693,-3.5450105979313924,0,nan,0.3333333333333333,0.26145999999781006,0.5017071242329574,0.055452876
1481,147746,-0.1467184966259374,0,nan,0.37735849056603776,0.26119499999781126,0.3718097786709459,0.025272442
1482,147775,0.31555281722734163,0,nan,0.5172413793103449,0.2610499999978119,0.3965894329035916,0.031790245
1483,147815,0.08999409638590561,0,nan,0.45,0.26084999999781283,0.4592730936988777,0.035881944
1484,147844,0.2943194858148602,0,nan,0.4827586206896552,0.2607049999978135,0.3400076937035891,0.03937385
1485,147927,-0.9896275761711791,0,nan,0.4939759036144578,0.2602899999978154,0.42702805529401283,0.036226217
1486,148077,-3.35168656606315,0,nan,0.42,0.2595399999978188,0.31275283093589673,0.0523292
1487,148116,0.10660885650905871,0,nan,0.5384615384615384,0.2593449999978197,0.48027264028694244,0.03355371
1488,148148,0.27042278698404665,0,nan,0.40625,0.2591849999978204,0.44285145287194067,0.029022347
1489,148298,-3.6054970064080654,0,nan,0.5266666666666666,0.2584349999978238,0.39961753111824116,0.06241893
1490,148448,-3.5463400750059515,0,nan,0.5,0.25768499999782724,0.45878772018473496,0.070782065
1491,148598,-3.4050930337588774,0,nan,0.47333333333333333,0.25693499999783065,0.45620272767408104,0.052512325
1492,148748,-3.497353814127154,0,nan,0.5466666666666666,0.25618499999783406,0.3672339121905557,0.05297003
1493,148898,-3.7701408823544025,0,nan,0.4866666666666667,0.2554349999978375,0.4645562221870023,0.07226668
1494,148927,0.3190637809303797,0,nan,0.41379310344827586,0.25528999999783814,0.40075218337740426,0.03451742
1495,149077,-3.445316994794801,0,nan,0.49333333333333335,0.25453999999784155,0.4952782885997422,0.061146736
1496,149227,-3.486348207959203,0,nan,0.4866666666666667,0.25378999999784496,0.39045606094044333,0.06403658
1497,149258,0.22255970728832708,0,nan,0.5161290322580645,0.25363499999784567,0.5102921385185452,0.03946886
1498,149408,-3.3308974065960415,0,nan,0.5266666666666666,0.2528849999978491,0.37266770779330544,0.05545576
1499,149558,-3.434829603557135,0,nan,0.5133333333333333,0.2521349999978525,0.40515008108017525,0.058413442
1500,149708,-3.467693050478904,0,0.49,0.47333333333333333,0.2513849999978559,0.3482224446057387,0.06211729
1501,149858,-3.4468369720453804,0,nan,0.5,0.2506349999978593,0.3523415127828702,0.064453185
1502,149903,-0.08054952337126609,0,nan,0.5555555555555556,0.25040999999786034,0.4866492346670761,0.04004604
1503,149937,0.23795830894665237,0,nan,0.5,0.2502399999978611,0.47756263771114177,0.031553876
1504,149976,0.25775517869877285,0,nan,0.5897435897435898,0.250044999997862,0.37474396070194493,0.029857479
1505,150005,0.323508830625132,0,nan,0.4482758620689655,0.24989999999786208,0.34979628847312694,0.032259673
1506,150048,-0.00868587240750529,0,nan,0.4418604651162791,0.24968499999786187,0.4721963702498173,0.045649532
1507,150198,-3.464549920719141,0,nan,0.5066666666666667,0.24893499999786112,0.4248510681657425,0.059636943
1508,150231,0.2788463340029591,0,nan,0.5151515151515151,0.24876999999786095,0.4459761802677798,0.030922655
1509,150306,-0.7775603406097849,0,nan,0.56,0.24839499999786058,0.4092755745929321,0.051971067
1510,150456,-3.4642785013496598,0,nan,0.43333333333333335,0.24764499999785983,0.45991117495065403,0.08254261
1511,150606,-3.4863968072330613,0,nan,0.4,0.24689499999785908,0.36892494642426293,0.062681116
1512,150636,0.3268223622008337,0,nan,0.6,0.24674499999785893,0.3631794260018929,0.030302646
1513,150786,-3.3895718307805556,0,nan,0.52,0.24599499999785818,0.4433790494513893,0.06872451
1514,150846,-0.41504867692596126,0,nan,0.55,0.24569499999785788,0.5209742577012929,0.039399344
1515,150996,-3.3865446486713795,0,nan,0.5066666666666667,0.24494499999785713,0.42920556227585854,0.059588853
1516,151033,0.14870038848838674,0,nan,0.5675675675675675,0.24475999999785694,0.4250969623650706,0.03239087
1517,151154,-1.7182477895115074,0,nan,0.5867768595041323,0.24415499999785634,0.42584266260397347,0.038735554
1518,151224,-0.5226296757641408,0,nan,0.5857142857142857,0.243804999997856,0.346369971880042,0.03696865
1519,151374,-3.3765997492123523,0,nan,0.46,0.24305499999785524,0.3160613019663069,0.055867743
1520,151402,0.4165162640075032,0,nan,0.6428571428571429,0.2429149999978551,0.29724291524315055,0.031886976
1521,151552,-3.360119241525743,0,nan,0.52,0.24216499999785435,0.3356749669294865,0.071214765
1522,151702,-3.5320251310092963,0,nan,0.48,0.2414149999978536,0.49184397129144614,0.071038924
1523,151751,-0.18724261098589168,0,nan,0.5306122448979592,0.24116999999785335,0.4103482256592158,0.03951999
1524,151901,-3.3392413063642743,0,nan,0.4866666666666667,0.2404199999978526,0.39661890370664515,0.052325103
1525,152051,-3.4153697183871228,0,nan,0.47333333333333333,0.23966999999785185,0.42490574727428065,0.05000363
1526,152201,-3.376248409071304,0,nan,0.54,0.2389199999978511,0.415150287437117,0.061807517
1527,152351,-3.3827798356789467,0,nan,0.44666666666666666,0.23816999999785035,0.3455432455020577,0.056618653
1528,152501,-3.563650014371943,0,nan,0.43333333333333335,0.2374199999978496,0.5190648358045545,0.07131158
1529,152571,-0.7665914543772177,0,nan,0.5285714285714286,0.23706999999784925,0.39526177786411987,0.048343625
1530,152721,-3.3199228761653616,0,0.38,0.4666666666666667,0.2363199999978485,0.434092623599799,0.05865368
1531,152871,-3.2705103404998264,0,nan,0.4533333333333333,0.23556999999784775,0.3945468653088792,0.052501988
1532,153021,-3.2927627456305335,0,nan,0.54,0.234819999997847,0.3310191847574997,0.05243886
1533,153072,-0.17745000391040977,0,nan,0.5098039215686274,0.23456499999784675,0.46472759670453245,0.04445309
1534,153107,0.19928483575131684,0,nan,0.6,0.23438999999784657,0.39239870342013966,0.031771068
1535,153257,-3.580960605542031,0,nan,0.49333333333333335,0.23363999999784582,0.5072506439978015,0.07784334
1536,153291,0.18588743911872618,0,nan,0.5294117647058824,0.23346999999784565,0.5138612132363952,0.03356076
1537,153441,-3.4294570846864216,0,nan,0.4266666666666667,0.2327199999978449,0.3550832424014256,0.06145473
1538,153591,-3.3997694638441445,0,nan,0.44,0.23196999999784415,0.3110199026012575,0.061408423
1539,153741,-3.5476893968793126,0,nan,0.5333333333333333,0.2312199999978434,0.40077040830970445,0.05290744
1540,153891,-3.2829131675121164,0,nan,0.54,0.23046999999784265,0.444129082428599,0.054378744
1541,154041,-3.7274174977061394,0,nan,0.47333333333333333,0.2297199999978419,0.43929300452826514,0.069146775
1542,154191,-3.6260050638226318,0,nan,0.4266666666666667,0.22896999999784115,0.4053801832011025,0.08065107
1543,154219,0.3212386600153523,0,nan,0.39285714285714285,0.228829999997841,0.34712545084628,0.037721746
1544,154364,-2.170208370921582,0,nan,0.45517241379310347,0.22810499999784029,0.3180138231484681,0.055613045
1545,154514,-3.5559628832705767,0,nan,0.43333333333333335,0.22735499999783954,0.35915789417054944,0.073585175
1546,154572,-0.360279576308727,0,nan,0.39655172413793105,0.22706499999783925,0.3910507791772227,0.03379072
1547,154606,0.12020506981678436,0,nan,0.5588235294117647,0.22689499999783908,0.4092712150250903,0.05320661
1548,154756,-3.477003268375849,0,nan,0.4066666666666667,0.22614499999783833,0.41847574939297477,0.06212901
1549,154858,-1.2910651885099322,0,nan,0.5686274509803921,0.22563499999783782,0.38657840290799134,0.042800743
1550,155008,-3.4983733518524494,0,nan,0.46,0.22488499999783707,0.3357915109053249,0.060542114
1551,155036,0.543550137056249,1,nan,0.6071428571428571,0.22474499999783693,0.3137284241998722,0.02606806
1552,155186,-3.4095839328808593,0,nan,0.4866666666666667,0.22399499999783617,0.32081854158354484,0.050835706
1553,155215,0.2823972676022507,0,nan,0.41379310344827586,0.22384999999783603,0.3151575843629753,0.040247124
1554,155365,-3.333205635270528,0,nan,0.5,0.22309999999783528,0.34078578535855525,0.06206873
1555,155515,-3.3603876031248787,0,nan,0.36666666666666664,0.22234999999783453,0.46076184160632394,0.073294096
1556,155665,-3.380959516248935,0,nan,0.4066666666666667,0.22159999999783378,0.41508183730863923,0.076675855
1557,155815,-3.508055747873176,0,nan,0.4866666666666667,0.22084999999783303,0.3758105163278351,0.06457153
1558,155965,-3.4259486810452944,0,nan,0.48,0.22009999999783228,0.4437672186530884,0.06748127
1559,155997,0.2567588087737942,0,nan,0.5,0.21993999999783212,0.4514317833466005,0.037400793
1560,156032,0.16250000653555452,0,0.36,0.42857142857142855,0.21976499999783194,0.4568151919534649,0.03614655
1561,156069,0.07139735545429926,0,nan,0.5675675675675675,0.21957999999783176,0.4407696224636064,0.04041698
1562,156219,-3.3378765643227806,0,nan,0.5066666666666667,0.218829999997831,0.43950743505178524,0.080812424
1563,156369,-3.226475216592309,0,nan,0.4866666666666667,0.21807999999783026,0.46722776899890894,0.055610694
1564,156519,-3.230794425116394,0,nan,0.5333333333333333,0.2173299999978295,0.4405339852043623,0.06047053
1565,156582,-0.4352026541433509,0,nan,0.5873015873015873,0.2170149999978292,0.4478599156285609,0.044623762
1566,156732,-3.380383554342874,0,nan,0.5666666666666667,0.21626499999782844,0.4591452143060478,0.061836664
1567,156820,-0.8980477049517116,0,nan,0.48863636363636365,0.215824999997828,0.3495413083647832,0.036300674
1568,156970,-3.501957833508034,0,nan,0.49333333333333335,0.21507499999782725,0.48041442184282973,0.056760754
1569,157120,-3.3751727319145908,0,nan,0.5133333333333333,0.2143249999978265,0.48096274300897157,0.058709703
1570,157149,0.4725217588857473,0,nan,0.3448275862068966,0.21417999999782636,0.3292359033577372,0.033869483
1571,157299,-3.2988526231190916,0,nan,0.4866666666666667,0.2134299999978256,0.3939504785272389,0.056021616
1572,157449,-3.5427493612382044,0,nan,0.5266666666666666,0.21267999999782486,0.30750392319167374,0.07232303
1573,157599,-3.4071393065344155,0,nan,0.5066666666666667,0.2119299999978241,0.32700071223427585,0.054796256
1574,157629,0.28039200020629906,0,nan,0.4666666666666667,0.21177999999782396,0.33840407843131376,0.039472517
1575,157779,-3.3380083323777563,0,nan,0.34,0.2110299999978232,0.5055075319384131,0.05555833
1576,157929,-3.3670960065108226,0,nan,0.4533333333333333,0.21027999999782246,0.40262775251283417,0.0503801
1577,157953,0.520570206229322,1,nan,0.375,0.21015999999782234,0.3115487789815465,0.032227132
1578,158103,-3.3892295627775506,0,nan,0.48,0.2094099999978216,0.33201462756590006,0.054604996
1579,158253,-3.3380220217557124,0,nan,0.41333333333333333,0.20865999999782084,0.3260870787376872,0.05598023
1580,158303,-0.17986719111238325,0,nan,0.54,0.2084099999978206,0.5337451545261243,0.03798219
1581,158398,-1.1678551526759426,0,nan,0.4842105263157895,0.2079349999978201,0.3637232977100928,0.049919594
1582,158548,-3.475531623626536,0,nan,0.4266666666666667,0.20718499999781936,0.3733275479243252,0.05874897
1583,158698,-3.5396484858927293,0,nan,0.46,0.2064349999978186,0.39890026201024104,0.061578203
1584,158848,-3.8046489311386416,0,nan,0.46,0.20568499999781786,0.41220275949935214,0.081013754
1585,158907,-0.23311723163476006,0,nan,0.4067796610169492,0.20538999999781757,0.41914949831082554,0.029504701
1586,159057,-3.391443713336973,0,nan,0.4666666666666667,0.20463999999781682,0.45918657313855205,0.08088184
1587,159207,-3.439400234743868,0,nan,0.5266666666666666,0.20388999999781607,0.28543633792623935,0.04569156
1588,159357,-3.400661877236349,0,nan,0.37333333333333335,0.20313999999781532,0.44942102861306016,0.060552415
1589,159507,-3.387390583594255,0,nan,0.44,0.20238999999781457,0.5029017435674734,0.05936685
1590,159657,-3.4209007907126936,0,0.46,0.47333333333333333,0.20163999999781382,0.35590266658983155,0.058501296
1591,159807,-3.524177223199829,0,nan,0.44666666666666666,0.20088999999781307,0.4761558042683455,0.064541966
1592,159837,0.36828499276528925,0,nan,0.43333333333333335,0.20073999999781292,0.4160086647216837,0.035154335
1593,159987,-3.269315076957106,0,nan,0.43333333333333335,0.19998999999781217,0.43127577219034424,0.065808006
1594,160137,-3.4696575908881266,0,nan,0.4866666666666667,0.19923999999781142,0.35158672544172576,0.060111675
1595,160162,0.46821377802056086,0,nan,0.44,0.1991149999978113,0.2794135019161914,0.026179977
1596,160189,0.4208724359797089,0,nan,0.4074074074074074,0.19897999999781116,0.2934453286719399,0.02908404
1597,160255,-0.49479388997697904,0,nan,0.5454545454545454,0.19864999999781083,0.4456731444057547,0.037502464
1598,160285,0.27647792470253174,0,nan,0.5333333333333333,0.19849999999781068,0.4395776344844233,0.043589007
1599,160435,-3.5101448038242262,0,nan,0.4866666666666667,0.19774999999780993,0.3068137291003601,0.07185412
1600,160585,-3.811339471225213,0,nan,0.5533333333333333,0.19699999999780918,0.4212663530542574,0.07246051
1601,160735,-3.392855334229269,0,nan,0.48,0.19624999999780843,0.41554065014503866,0.05228937
1602,160774,0.11869031610693093,0,nan,0.46153846153846156,0.19605499999780823,0.3915496562238295,0.03129434
1603,160804,0.35955489965213305,0,nan,0.4,0.19590499999780808,0.39774692489153224,0.027816553
1604,160954,-3.421302580192391,0,nan,0.48,0.19515499999780733,0.48085598502031357,0.05129063
1605,161104,-3.50499095661954,0,nan,0.4066666666666667,0.19440499999780658,0.37373145484783454,0.06354681
1606,161135,0.2824014534501098,0,nan,0.5161290322580645,0.19424999999780643,0.4515025681019364,0.044197027
1607,161164,0.37484077548340156,0,nan,0.3448275862068966,0.19410499999780628,0.33533447039188025,0.027523864
1608,161224,-0.362387718068757,0,nan,0.43333333333333335,0.19380499999780598,0.44716661940422986,0.039313614
1609,161271,-0.12225837972145692,0,nan,0.5106382978723404,0.19356999999780575,0.39268560870055497,0.043349575
1610,161326,-0.3436782654970184,0,nan,0.5818181818181818,0.19329499999780547,0.41589668070600594,0.040267117
1611,161476,-3.3697243309132676,0,nan,0.47333333333333333,0.19254499999780472,0.4158706565834205,0.051956475
1612,161508,0.26662275711744665,0,nan,0.5,0.19238499999780456,0.3164202580271903,0.037152287
1613,161551,0.0037608141137925877,0,nan,0.5581395348837209,0.19216999999780435,0.527794623282347,0.040292192
1614,161581,0.2712613087442769,0,nan,0.4,0.1920199999978042,0.351491557580834,0.04178497
1615,161621,0.07655072892662818,0,nan,0.4,0.191819999997804,0.46197056119034846,0.03719376
1616,161771,-3.392118922233758,0,nan,0.4,0.19106999999780325,0.4161596015041397,0.057159252
1617,161800,0.3312540983030301,0,nan,0.6551724137931034,0.1909249999978031,0.5265604604448789,0.037776604
1618,161950,-3.3725313766660534,0,nan,0.42,0.19017499999780235,0.38114496449006635,0.058235213
1619,161987,0.11296368550287372,0,nan,0.40540540540540543,0.18998999999780217,0.5204454518514752,0.039077774
1620,162019,0.2500931075737707,0,0.47,0.46875,0.189829999997802,0.3836561720510985,0.035355885
1621,162169,-3.24071782834756,0,nan,0.44666666666666666,0.18907999999780126,0.37799877332152815,0.05063894
1622,162319,-3.3242952948376625,0,nan,0.44,0.1883299999978005,0.37805592329762777,0.054357782
1623,162469,-3.6090916513114975,0,nan,0.37333333333333335,0.18757999999779976,0.4525060126453959,0.053276148
1624,162498,0.29358722610956955,0,nan,0.5517241379310345,0.1874349999977996,0.3434950923961451,0.04285018
1625,162589,-1.177883534186039,0,nan,0.5164835164835165,0.18697999999779916,0.43618022324143163,0.04080684
1626,162739,-3.1751684048101816,0,nan,0.46,0.1862299999977984,0.32194801234646636,0.054706015
1627,162889,-3.652174692703807,0,nan,0.4266666666666667,0.18547999999779766,0.4029501288796908,0.0551223
1628,163039,-3.485452463485106,0,nan,0.38,0.1847299999977969,0.4442544087115607,0.07082398
1629,163189,-3.3984663471152268,0,nan,0.44,0.18397999999779616,0.41475479493602946,0.053145707
1630,163249,-0.3620058514112521,0,nan,0.48333333333333334,0.18367999999779586,0.39022175719113844,0.03450211
1631,163399,-3.663896990907454,0,nan,0.46,0.1829299999977951,0.4586608827126841,0.055831313
1632,163549,-3.411123013862636,0,nan,0.4266666666666667,0.18217999999779436,0.398300155934591,0.059160404
1633,163588,0.13415521673901687,0,nan,0.48717948717948717,0.18198499999779416,0.5257737753230302,0.030283088
1634,163625,0.11486676599449508,0,nan,0.5135135135135135,0.18179999999779398,0.4407559943740641,0.03665691
1635,163775,-3.230542161658666,0,nan,0.43333333333333335,0.18104999999779323,0.37099973310797896,0.054918606
1636,163809,0.22259561429825803,0,nan,0.5882352941176471,0.18087999999779306,0.442047826258666,0.036201168
1637,163959,-3.5740431078564603,0,nan,0.4,0.1801299999977923,0.40353663580577886,0.059344877
1638,164109,-3.5428372342542636,0,nan,0.5133333333333333,0.17937999999779156,0.4698246788149409,0.058464807
1639,164259,-3.5551960811934733,0,nan,0.42,0.1786299999977908,0.46323112769230357,0.057113603
1640,164409,-3.4367190822700318,0,nan,0.4666666666666667,0.17787999999779006,0.36631425940936263,0.054925155
1641,164559,-3.6607632342758767,0,nan,0.44,0.1771299999977893,0.378927424686581,0.056772996
1642,164709,-3.298227073423577,0,nan,0.44,0.17637999999778856,0.35533116539023185,0.055067144
1643,164743,0.2198420832285073,0,nan,0.5588235294117647,0.17620999999778839,0.4339382952776581,0.03607998
1644,164770,0.4056716215570595,0,nan,0.5185185185185185,0.17607499999778825,0.36080073852585487,0.035265055
1645,164814,-0.01774242915754287,0,nan,0.5227272727272727,0.17585499999778803,0.4475496664709699,0.03242161
1646,164964,-3.5588471415191036,0,nan,0.49333333333333335,0.17510499999778728,0.4898023002678976,0.06157811
1647,165114,-3.5803448418761064,0,nan,0.37333333333333335,0.17435499999778653,0.4215806835381848,0.05816773
1648,165264,-3.379857972735912,0,nan,0.37333333333333335,0.17360499999778578,0.35736847135753813,0.055845484
1649,165414,-3.67404243354372,0,nan,0.4266666666666667,0.17285499999778503,0.4252239389904523,0.06357138
1650,165480,-0.4446391316756023,0,0.54,0.6060606060606061,0.1725249999977847,0.44844974458208386,0.028784147
1651,165630,-3.48600898075186,0,nan,0.38,0.17177499999778395,0.3933588229603401,0.058138028
1652,165658,0.3471684219034087,0,nan,0.4642857142857143,0.1716349999977838,0.3013753742550678,0.0364728
1653,165808,-3.523476237635725,0,nan,0.42,0.17088499999778306,0.4180232419084018,0.061383437
1654,165842,0.21467739126295293,0,nan,0.5588235294117647,0.1707149999977829,0.44371814070677884,0.035683174
1655,165992,-3.5485720990103564,0,nan,0.4866666666666667,0.16996499999778214,0.32708563776259647,0.05376098
1656,166142,-3.704707492222785,0,nan,0.4066666666666667,0.1692149999977814,0.3427912228074974,0.0645149
1657,166292,-3.5671576419472566,0,nan,0.4,0.16846499999778064,0.43107976592407493,0.057336476
1658,166442,-3.5349974005615503,0,nan,0.3333333333333333,0.1677149999977799,0.37264520396783335,0.06578883
1659,166592,-3.3645406785665752,0,nan,0.43333333333333335,0.16696499999777914,0.41085558258890287,0.050770324
1660,166742,-3.64733932950994,0,nan,0.43333333333333335,0.1662149999977784,0.3723014949552369,0.068237774
1661,166892,-3.5994096323641673,0,nan,0.52,0.16546499999777764,0.3425613394726354,0.07146778
1662,166928,0.07640714335192023,0,nan,0.5277777777777778,0.16528499999777746,0.3883960837315399,0.040450007
1663,167078,-3.2918966649726973,0,nan,0.5333333333333333,0.1645349999977767,0.3529615929648562,0.051672194
1664,167228,-3.3416227251351747,0,nan,0.38,0.16378499999777596,0.41134671687707464,0.057243798
1665,167257,0.2819353154828129,0,nan,0.5172413793103449,0.16363999999777581,0.3156075460693677,0.04096024
1666,167313,-0.32954141485562594,0,nan,0.5714285714285714,0.16335999999777553,0.31797463090949935,0.038905203
1667,167463,-3.4698493008456657,0,nan,0.3333333333333333,0.16260999999777478,0.468993485311506,0.06008374
1668,167500,0.12217431073497764,0,nan,0.5945945945945946,0.1624249999977746,0.3804508553693153,0.035419412
1669,167650,-3.3320330098525943,0,nan,0.36666666666666664,0.16167499999777385,0.4521464103513105,0.06324643
1670,167800,-3.380702794081275,0,nan,0.48,0.1609249999977731,0.43740044038874815,0.07858472
1671,167950,-3.7114118990612974,0,nan,0.3933333333333333,0.16017499999777235,0.4451554495248014,0.057984218
1672,168100,-3.476928509571278,0,nan,0.37333333333333335,0.1594249999977716,0.3846464125461062,0.05839632
1673,168128,0.33676514747458053,0,nan,0.35714285714285715,0.15928499999777146,0.3508823813407907,0.037427135
1674,168278,-3.296194018803841,0,nan,0.43333333333333335,0.1585349999977707,0.3830274463861616,0.051483177
1675,168428,-3.435154235575743,0,nan,0.41333333333333333,0.15778499999776996,0.3686258625973348,0.05992551
1676,168578,-3.380293837365915,0,nan,0.34,0.1570349999977692,0.5378120001467906,0.061858438
1677,168637,-0.32110054273064514,0,nan,0.4576271186440678,0.15673999999776891,0.34643643442067273,0.03674274
1678,168787,-3.5664340540017214,0,nan,0.5,0.15598999999776816,0.5470185792903433,0.06501729
1679,168816,0.32281556927811383,0,nan,0.6551724137931034,0.15584499999776802,0.32652500290344244,0.039868396
1680,168872,-0.2800093642414929,0,0.52,0.42857142857142855,0.15556499999776774,0.40429673034689834,0.04335768
1681,169022,-3.2483893448615335,0,nan,0.38,0.154814999997767,0.48693672309856273,0.052877422
1682,169055,0.24384266576490632,0,nan,0.5757575757575758,0.15464999999776682,0.43372440689378405,0.03019971
1683,169082,0.35986546266709285,0,nan,0.7037037037037037,0.1545149999977667,0.3355711341206389,0.034123525
1684,169112,0.28083525544131704,0,nan,0.4666666666666667,0.15436499999776654,0.4469775512210591,0.04003267
1685,169141,0.2843407166390083,0,nan,0.4827586206896552,0.1542199999977664,0.3700150994881293,0.048410945
1686,169291,-3.382419142347717,0,nan,0.4533333333333333,0.15346999999776564,0.389607017292604,0.05631141
1687,169441,-3.4185511462713083,0,nan,0.42,0.1527199999977649,0.36021292898184165,0.063108206
1688,169591,-3.288141508742353,0,nan,0.38666666666666666,0.15196999999776414,0.52215611718267,0.05733881
1689,169741,-3.5212345923288613,0,nan,0.44,0.1512199999977634,0.41758605004902033,0.059345104
1690,169891,-3.6427896675284055,0,nan,0.36666666666666664,0.15046999999776264,0.42846364440900797,0.052453257
1691,170041,-3.5996605540312703,0,nan,0.41333333333333333,0.1497199999977619,0.3838654952814701,0.061155185
1692,170191,-3.5279618010421143,0,nan,0.38,0.14896999999776114,0.2950110539431127,0.058955085
1693,170341,-3.489013257364659,0,nan,0.44,0.1482199999977604,0.4851874032094154,0.07267166
1694,170491,-3.374101345380585,0,nan,0.54,0.14746999999775964,0.36828922865170605,0.054648843
1695,170565,-0.6423085093488248,0,nan,0.581081081081081,0.14709999999775927,0.4095562920835725,0.032665614
1696,170715,-3.517129830462559,0,nan,0.4,0.14634999999775852,0.4153255763184307,0.05415983
1697,170749,0.17515015120108768,0,nan,0.4117647058823529,0.14617999999775835,0.47500637841981497,0.040282484
1698,170807,-0.19294416685030602,0,nan,0.5172413793103449,0.14588999999775806,0.3750181082975947,0.030672519
1699,170957,-3.545350523072973,0,nan,0.4866666666666667,0.1451399999977573,0.29092597182561886,0.052714232
1700,171107,-3.338836785326323,0,nan,0.44666666666666666,0.14438999999775656,0.3885481216647492,0.053156413
1701,171257,-3.44905180536614,0,nan,0.37333333333333335,0.1436399999977558,0.3111285592370309,0.054156337
1702,171287,0.2904280888771189,0,nan,0.43333333333333335,0.14348999999775566,0.47501336075815626,0.032825574
1703,171437,-3.776884404611185,0,nan,0.49333333333333335,0.1427399999977549,0.43667461412832864,0.07303106
1704,171587,-3.4863959446443626,0,nan,0.4666666666666667,0.14198999999775416,0.3423483247937289,0.05769115
1705,171737,-3.7217593902556754,0,nan,0.43333333333333335,0.1412399999977534,0.4046206319196296,0.064765766
1706,171887,-3.2741285508741003,0,nan,0.44666666666666666,0.14048999999775266,0.40581619407929254,0.08074992
1707,171916,0.3069001604467336,0,nan,0.4482758620689655,0.14034499999775252,0.43144583349003124,0.030790202
1708,171976,-0.32324301810635914,0,nan,0.5333333333333333,0.14004499999775222,0.3689616961380923,0.033797048
1709,172021,-0.04298824442632676,0,nan,0.4888888888888889,0.139819999997752,0.431769147413052,0.040312644
1710,172112,-1.0794725321163825,0,0.45,0.5494505494505495,0.13936499999775154,0.37754770245387975,0.03784611
1711,172262,-3.543780788926728,0,nan,0.47333333333333333,0.1386149999977508,0.4589242024175008,0.05859651
1712,172412,-3.323557306915827,0,nan,0.46,0.13786499999775004,0.5105408017520395,0.056756623
1713,172448,0.12963775388256993,0,nan,0.5,0.13768499999774986,0.43835413967571113,0.03524422
1714,172484,0.12740354284879063,0,nan,0.3888888888888889,0.13750499999774968,0.5359660189306691,0.044808846
1715,172634,-3.485742246375571,0,nan,0.42,0.13675499999774893,0.35987909532559637,0.057006586
1716,172676,-0.01638874119052225,0,nan,0.5238095238095238,0.13654499999774872,0.4083669205126448,0.04392334
1717,172709,0.23197872098899186,0,nan,0.48484848484848486,0.13637999999774855,0.44388213177028024,0.032813415
1718,172859,-3.5764577969076305,0,nan,0.4266666666666667,0.1356299999977478,0.4642894047172708,0.053259596
1719,172886,0.4466529362312178,0,nan,0.2962962962962963,0.13549499999774767,0.34940619487782726,0.02750794
1720,173036,-3.3566591812022875,0,nan,0.35333333333333333,0.13474499999774692,0.5071719364526092,0.06380153
1721,173186,-3.4582506269052047,0,nan,0.4066666666666667,0.13399499999774617,0.31712298699576613,0.052353088
1722,173336,-3.593765623900317,0,nan,0.3933333333333333,0.13324499999774542,0.3376624726535387,0.058037356
1723,173382,-0.10311797486920782,0,nan,0.5217391304347826,0.1330149999977452,0.4909472299724125,0.038215347
1724,173532,-3.4783961177504836,0,nan,0.48,0.13226499999774444,0.32569505408853466,0.061024506
1725,173682,-3.338888008238365,0,nan,0.48,0.1315149999977437,0.3120750036077757,0.049934853
1726,173714,0.2517624246199146,0,nan,0.375,0.13135499999774353,0.5041410608667469,0.033881254
1727,173864,-3.3727797885134807,0,nan,0.38,0.13060499999774278,0.4666659537565939,0.056236465
1728,174014,-3.3853192948503397,0,nan,0.41333333333333333,0.12985499999774203,0.5244535293316256,0.059312917
1729,174042,0.3890891549457155,0,nan,0.39285714285714285,0.1297149999977419,0.39411068025449086,0.032529477
1730,174192,-3.460364346681869,0,nan,0.30666666666666664,0.12896499999774114,0.3858663628463901,0.05716853
1731,174342,-3.5116831084867184,0,nan,0.5,0.1282149999977404,0.41309392655249233,0.059582565
1732,174492,-3.5584514754015633,0,nan,0.47333333333333333,0.12746499999773964,0.5166994741602442,0.05455033
1733,174522,0.2748426861131217,0,nan,0.4666666666666667,0.1273149999977395,0.4270944680234126,0.03940576
1734,174580,-1.193329578074359,0,nan,0.603448275862069,0.1270199999977392,0.38670438568427395,0.045774158
1735,174648,-0.5465445812890308,0,nan,0.4264705882352941,0.12667999999773885,0.402164272975754,0.034520354
1736,174798,-3.365995222377118,0,nan,0.4,0.1259299999977381,0.4162100284698621,0.05914198
1737,174948,-3.2973719259429464,0,nan,0.36666666666666664,0.12517999999773735,0.5178328100623444,0.060772285
1738,175098,-3.3246386115469804,0,nan,0.38666666666666666,0.1244299999977366,0.4230811326025893,0.049065333
1739,175133,0.349631501519445,0,nan,0.42857142857142855,0.12425499999773643,0.3519659189549577,0.03136254
1740,175163,0.32224656451038214,0,0.49,0.4666666666666667,0.12410499999773628,0.3367934646182734,0.0346033
1741,175195,0.29416131354298347,0,nan,0.25,0.12394499999773612,0.3739006700757026,0.027725613
1742,175232,0.13430235052604422,0,nan,0.43243243243243246,0.12375999999773593,0.44953592213397675,0.035651885
1743,175382,-3.449924732527713,0,nan,0.44,0.12300999999773518,0.4650703758302673,0.0491661
1744,175532,-3.7186575520543346,0,nan,0.4066666666666667,0.12225999999773443,0.39985466102243605,0.0796113
1745,175682,-3.3896756169159405,0,nan,0.4066666666666667,0.12150999999773368,0.44729069263353627,0.063537
1746,175715,0.23679476074274242,0,nan,0.36363636363636365,0.12134499999773352,0.37771602845933033,0.040993255
1747,175865,-3.327694927321323,0,nan,0.4066666666666667,0.12059499999773277,0.35078881854392957,0.052445866
1748,175901,0.17171257158665587,0,nan,0.3888888888888889,0.12041499999773259,0.2597998099528027,0.033790365
1749,176051,-3.384820400508618,0,nan,0.44,0.11966499999773184,0.44047231244679896,0.059971027
1750,176201,-3.5126882967218567,0,nan,0.3933333333333333,0.11891499999773109,0.3268743947935524,0.05528052
1751,176351,-3.4813307776176297,0,nan,0.41333333333333333,0.11816499999773034,0.3610671524992242,0.055557873
1752,176501,-3.4635037752388356,0,nan,0.38,0.11741499999772959,0.36752047687667666,0.07361782
1753,176574,-0.7669742784946553,0,nan,0.4794520547945205,0.11704999999772922,0.3124380481926458,0.046505336
1754,176724,-3.473888943603058,0,nan,0.44,0.11629999999772847,0.4191443996617974,0.068654485
1755,176774,-0.19905106940752748,0,nan,0.42,0.11604999999772822,0.431502434852097,0.041534234
1756,176805,0.4071483188971302,0,nan,0.2903225806451613,0.11589499999772807,0.4215540189375956,0.03246624
1757,176955,-3.2853255482225117,0,nan,0.44,0.11514499999772732,0.40635496803506493,0.045550704
1758,177105,-3.4444323892936812,0,nan,0.32,0.11439499999772657,0.4516127813609698,0.05983832
1759,177255,-3.181448076705345,0,nan,0.41333333333333333,0.11364499999772582,0.44521788587863387,0.05929898
1760,177283,0.314579772230991,0,nan,0.35714285714285715,0.11350499999772568,0.3734538642095322,0.036022313
1761,177433,-3.4491985784439136,0,nan,0.3466666666666667,0.11275499999772493,0.37927966504046845,0.05997556
1762,177486,-0.14566663915024147,0,nan,0.39622641509433965,0.11248999999772466,0.5237943174645774,0.034052577
1763,177515,0.32056210967601184,0,nan,0.3793103448275862,0.11234499999772452,0.3722910522096857,0.035263624
1764,177665,-3.485607967331718,0,nan,0.43333333333333335,0.11159499999772376,0.429682494853336,0.07412753
1765,177815,-3.4419779057960054,0,nan,0.3333333333333333,0.11084499999772301,0.4001080134760247,0.055909015
1766,177965,-3.149878106660988,0,nan,0.48,0.11009499999772226,0.5495896373273086,0.062138207
1767,178113,-2.0483535189059374,0,nan,0.46621621621621623,0.10935499999772152,0.45113147642387214,0.0347196
1768,178263,-3.2234736461194373,0,nan,0.46,0.10860499999772077,0.46006194061202194,0.046668693
1769,178305,0.021246563722399192,0,nan,0.4523809523809524,0.10839499999772056,0.43952506395838964,0.03303998
1770,178334,0.35305894693336803,0,0.64,0.4482758620689655,0.10824999999772042,0.37730310200994654,0.029373284
1771,178484,-3.2782108798567706,0,nan,0.4266666666666667,0.10749999999771967,0.3210501287364091,0.050147425
1772,178512,0.35466628839863246,0,nan,0.4642857142857143,0.10735999999771953,0.43796273190153556,0.035263386
1773,178560,-0.11051325754423735,0,nan,0.4791666666666667,0.10711999999771929,0.4719941569406317,0.034426738
1774,178622,-0.45880495526859655,0,nan,0.45161290322580644,0.10680999999771898,0.4008214732213352,0.034297757
1775,178772,-3.448812721203414,0,nan,0.36,0.10605999999771823,0.39493525637671756,0.057012223
1776,178800,0.3461799811787506,0,nan,0.35714285714285715,0.10591999999771809,0.36116330865792867,0.042086355
1777,178837,0.14737492063461732,0,nan,0.43243243243243246,0.1057349999977179,0.47493653872473934,0.030615719
1778,178865,0.3836967802012867,0,nan,0.35714285714285715,0.10559499999771776,0.4206970590939955,0.032613005
1779,178916,-0.23833282706951986,0,nan,0.47058823529411764,0.10533999999771751,0.5298139819295095,0.053667497
1780,179066,-3.3414120291347396,0,nan,0.43333333333333335,0.10458999999771676,0.36235995086983247,0.052059717
1781,179097,0.25661937042713256,0,nan,0.5161290322580645,0.1044349999977166,0.4322978511424559,0.033944864
1782,179247,-3.3958509536326282,0,nan,0.36,0.10368499999771585,0.47808616510061885,0.052967533
1783,179297,-0.08874678670972502,0,nan,0.34,0.1034349999977156,0.483284152899728,0.033649694
1784,179447,-3.516532500682755,0,nan,0.4,0.10268499999771485,0.30092009359723404,0.08838946
1785,179479,0.2848897023695496,0,nan,0.53125,0.1025249999977147,0.45773701549633605,0.028765539
1786,179629,-3.407139804402742,0,nan,0.37333333333333335,0.10177499999771394,0.33235615166540217,0.06193986
1787,179779,-3.2153265571068945,0,nan,0.36,0.1010249999977132,0.2873366394984937,0.050989226
1788,179929,-3.525072324634029,0,nan,0.4,0.10027499999771244,0.49247056550784224,0.062332883
1789,180079,-3.40103260486882,0,nan,0.46,0.1,0.5263771762083038,0.054871157
1790,180105,0.40324969515625464,0,nan,0.23076923076923078,0.1,0.3537093404335855,0.030170402
1791,180255,-3.2991179699604567,0,nan,0.37333333333333335,0.1,0.3616185373317306,0.049230177
1792,180325,-1.6149053651382486,0,nan,0.5,0.1,0.3419590293041692,0.058237158
1793,180475,-3.2604889160561052,0,nan,0.34,0.1,0.4421606569332192,0.053847484
1794,180625,-3.2386246630941757,0,nan,0.4266666666666667,0.1,0.4115119160628713,0.05282819
1795,180702,-0.7527279962956105,0,nan,0.5324675324675324,0.1,0.4532706915306736,0.0453387
1796,180852,-3.3921065538733606,0,nan,0.35333333333333333,0.1,0.45023274969894816,0.06106337
1797,180879,0.41466377629649476,0,nan,0.48148148148148145,0.1,0.2905899216455992,0.026170254
1798,180906,0.38035040718940394,0,nan,0.4074074074074074,0.1,0.2809895226066705,0.038212314
1799,181056,-3.3352389367931448,0,nan,0.38666666666666666,0.1,0.5426505452446031,0.05591182
1800,181206,-3.3409238262199876,0,0.62,0.4266666666666667,0.1,0.33721380182860106,0.05498681
1801,181356,-3.3956037463521116,0,nan,0.3466666666666667,0.1,0.40725502030145383,0.061502554
1802,181506,-3.468097962461554,0,nan,0.4066666666666667,0.1,0.4413970923933121,0.056989715
1803,181535,0.33348503489265136,0,nan,0.3793103448275862,0.1,0.2825749950560067,0.035380706
1804,181538,-0.08685777280957133,0,nan,1.0,0.1,0.4650168586417632,0.37947115
1805,181688,-3.3435202043645944,0,nan,0.38,0.1,0.2817770651465967,0.0687088
1806,181742,-1.2640002632084684,0,nan,0.4444444444444444,0.1,0.369805411900574,0.062033933
1807,181892,-3.326810401772756,0,nan,0.4666666666666667,0.1,0.302949093876213,0.05227157
1808,182042,-3.5863829513379057,0,nan,0.4066666666666667,0.1,0.4607474350559905,0.06205055
1809,182073,0.2923787836478614,0,nan,0.41935483870967744,0.1,0.373733463881301,0.029582633
1810,182223,-3.511137719507674,0,nan,0.4666666666666667,0.1,0.45281666938260107,0.051654972
1811,182263,0.12214827778585835,0,nan,0.525,0.1,0.5015731943731557,0.034184728
1812,182413,-3.301821466955723,0,nan,0.31333333333333335,0.1,0.4349014906046828,0.06064371
1813,182563,-3.415863881086527,0,nan,0.4,0.1,0.482614662121815,0.057416797
1814,182594,0.31138053902071183,0,nan,0.5161290322580645,0.1,0.3240288679855119,0.031868644
1815,182624,0.27598670062958774,0,nan,0.3333333333333333,0.1,0.4158704510514825,0.041116543
1816,182774,-3.308339509767875,0,nan,0.38,0.1,0.3020514444004087,0.067523
1817,182865,-0.8607570153457295,0,nan,0.2967032967032967,0.1,0.3925350160490108,0.029305814
1818,183015,-3.323121617720776,0,nan,0.4,0.1,0.39484112408631883,0.050160233
1819,183165,-3.5383109145854155,0,nan,0.5133333333333333,0.1,0.36523340083781614,0.04994107
1820,183315,-3.280633927140811,0,nan,0.36666666666666664,0.1,0.340353362964259,0.058088314
1821,183349,0.2149814060016192,0,nan,0.2647058823529412,0.1,0.45729149622066667,0.03641705
1822,183499,-3.238606383679847,0,nan,0.4866666666666667,0.1,0.40124405936331264,0.04626269
1823,183529,0.3046666034183738,0,nan,0.5,0.1,0.5067906041698491,0.03972653
1824,183679,-3.423822939895814,0,nan,0.36,0.1,0.4753258475494583,0.054015853
1825,183717,0.12209992238973777,0,nan,0.4473684210526316,0.1,0.287343359869017,0.038440764
1826,183778,-0.26161948015444547,0,nan,0.39344262295081966,0.1,0.3597081215729636,0.03134387
1827,183840,-0.30374610636004773,0,nan,0.43548387096774194,0.1,0.36292250761400613,0.037263937
1828,183881,0.07153388335114363,0,nan,0.4634146341463415,0.1,0.42186655723392796,0.034776703
1829,183909,0.4436065707190969,0,nan,0.2857142857142857,0.1,0.3503494858061112,0.02874149
1830,183938,0.308661069577003,0,0.65,0.4482758620689655,0.1,0.5030947435361821,0.03730813
1831,183967,0.30668778479973746,0,nan,0.5862068965517241,0.1,0.36010818018505675,0.04121891
1832,184117,-3.356489763098092,0,nan,0.4066666666666667,0.1,0.42983806906321104,0.05174395
1833,184267,-3.6145769539733448,0,nan,0.5333333333333333,0.1,0.4923751026282896,0.079729095
1834,184292,0.4949400624657452,0,nan,0.6,0.1,0.336912385892616,0.030095886
1835,184442,-3.3109936114769525,0,nan,0.36666666666666664,0.1,0.4355994134339835,0.062350605
1836,184471,0.36894976290042014,0,nan,0.4827586206896552,0.1,0.39405323496478367,0.034545
1837,184621,-3.326177823531292,0,nan,0.32666666666666666,0.1,0.3748580184575443,0.05567716
1838,184771,-3.579178079641652,0,nan,0.37333333333333335,0.1,0.4186406028127181,0.053008284
1839,184921,-3.5255632473431566,0,nan,0.5,0.1,0.3774731796040232,0.05061737
1840,184989,-0.4464628734742926,0,nan,0.47058823529411764,0.1,0.3484603648364528,0.029219896
1841,185023,0.2462983547053329,0,nan,0.47058823529411764,0.1,0.39643837741405924,0.03070583
1842,185088,-0.551015245312491,0,nan,0.4307692307692308,0.1,0.43943260992031896,0.041459054
1843,185238,-3.526077018175096,0,nan,0.34,0.1,0.3835723737377836,0.057240263
1844,185290,-0.19765106989166437,0,nan,0.4423076923076923,0.1,0.4388372029918274,0.042498473
1845,185440,-3.361283002112577,0,nan,0.36666666666666664,0.1,0.40919158435757885,0.056193918
1846,185590,-3.633912098556826,0,nan,0.4533333333333333,0.1,0.3547291842014239,0.057047743
1847,185740,-3.5884406063451992,0,nan,0.44,0.1,0.4655523678145539,0.054099064
1848,185890,-3.404746099144696,0,nan,0.31333333333333335,0.1,0.36107223913683234,0.056143545
1849,186040,-3.2813902525207923,0,nan,0.3466666666666667,0.1,0.36931228288848494,0.051352866
1850,186190,-3.5954194154479713,0,nan,0.4066666666666667,0.1,0.43591553533919397,0.059052207
1851,186218,0.4531217820591211,0,nan,0.5,0.1,0.3682660839168189,0.029288143
1852,186368,-3.7136239177169634,0,nan,0.47333333333333333,0.1,0.38907703073988525,0.06866373
1853,186414,-0.07340540526378514,0,nan,0.391304347826087,0.1,0.36107474225443303,0.03446883
1854,186564,-3.46180147907776,0,nan,0.37333333333333335,0.1,0.45705580220508524,0.0626054
1855,186615,-0.23239228551874846,0,nan,0.3137254901960784,0.1,0.4583511143176785,0.05209393
1856,186765,-3.529488497348105,0,nan,0.4666666666666667,0.1,0.24715272872413907,0.06696291
1857,186806,0.03716226302892334,0,nan,0.4146341463414634,0.1,0.43057929221684443,0.033023577
1858,186839,0.1959970182110956,0,nan,0.48484848484848486,0.1,0.45102869886205055,0.037229385
1859,186989,-3.33012632758411,0,nan,0.46,0.1,0.3411741162309273,0.051938538
1860,187021,0.22328161885234243,0,0.66,0.59375,0.1,0.41937368953420845,0.04079974
1861,187171,-3.380967850320973,0,nan,0.38,0.1,0.385941285975718,0.057179548
1862,187321,-3.575405438850121,0,nan,0.44,0.1,0.34806669132611284,0.0626607
1863,187471,-3.5111481453066196,0,nan,0.4066666666666667,0.1,0.4230318758976382,0.0571746
1864,187500,0.2947210433683981,0,nan,0.5172413793103449,0.1,0.35815779751440824,0.03158525
1865,187530,0.28454897601374685,0,nan,0.3,0.1,0.40021090758151284,0.04279044
1866,187558,0.3617222971998092,0,nan,0.42857142857142855,0.1,0.362360898877866,0.033408005
1867,187708,-3.6452552404488676,0,nan,0.43333333333333335,0.1,0.28138894537448017,0.076681435
1868,187858,-3.49008205859861,0,nan,0.3933333333333333,0.1,0.4691431741152886,0.056073602
1869,188008,-3.4216808428257495,0,nan,0.46,0.1,0.4667175578494688,0.06101137
1870,188158,-3.3589405891381943,0,nan,0.37333333333333335,0.1,0.4194955470933321,0.062046215
1871,188308,-3.5432847929461215,0,nan,0.35333333333333333,0.1,0.39622372407929063,0.06830015
1872,188458,-3.6610741819815247,0,nan,0.46,0.1,0.38246730309954075,0.072488785
1873,188608,-3.252777388128134,0,nan,0.46,0.1,0.4024955029078597,0.05280422
1874,188758,-3.4373332445282188,0,nan,0.42,0.1,0.352739800241837,0.061761424
1875,188908,-3.304377235493304,0,nan,0.34,0.1,0.29980907047534006,0.04782464
1876,188937,0.31075312037505576,0,nan,0.3103448275862069,0.1,0.3549226810581803,0.03758013
1877,188963,0.4581507031064247,0,nan,0.3076923076923077,0.1,0.2924505417541974,0.020592667
1878,188991,0.3543086807737571,0,nan,0.5714285714285714,0.1,0.3920124871501587,0.03417627
1879,189023,0.20551265622596604,0,nan,0.34375,0.1,0.47037761785481497,0.039895985
1880,189173,-3.5000900753347977,0,nan,0.3466666666666667,0.1,0.44624151825623576,0.058223475
1881,189236,-0.4417583522365126,0,nan,0.47619047619047616,0.1,0.39844541571538783,0.03802527
1882,189266,0.31488082447044197,0,nan,0.3333333333333333,0.1,0.5048527657565689,0.031621315
1883,189344,-0.692755982204135,0,nan,0.3974358974358974,0.1,0.35657247743799364,0.046182346
1884,189494,-3.2843016946349106,0,nan,0.4533333333333333,0.1,0.4522759029039183,0.0554234
1885,189562,-0.5130328516000883,0,nan,0.4411764705882353,0.1,0.3777021005854454,0.034516484
1886,189565,-0.08785261733821884,0,nan,1.0,0.1,0.28856876654771546,0.37812498
1887,189596,0.2536405669608033,0,nan,0.4838709677419355,0.1,0.37595202353351465,0.04521244
1888,189746,-3.330731712959815,0,nan,0.3333333333333333,0.1,0.2932491800348152,0.0535525
1889,189896,-3.2927155890025457,0,nan,0.3,0.1,0.34104264471998946,0.056336008
1890,189953,-0.2667702897665071,0,0.64,0.5087719298245614,0.1,0.314953670249116,0.03266364
1891,190103,-3.4421619277763926,0,nan,0.38666666666666666,0.1,0.41834855839227625,0.05834404
1892,190253,-3.443100987752351,0,nan,0.48,0.1,0.49820313129798555,0.070100114
1893,190314,-0.4916399753963855,0,nan,0.29508196721311475,0.1,0.4151813175624861,0.039405953
1894,190350,0.20285209067492516,0,nan,0.3888888888888889,0.1,0.47196763102679795,0.030652473
1895,190377,0.3987473150799409,0,nan,0.37037037037037035,0.1,0.3533898497117646,0.036198303
1896,190527,-3.581637322689569,0,nan,0.3933333333333333,0.1,0.5115859150650456,0.06426053
1897,190591,-0.23674431501297344,0,nan,0.453125,0.1,0.44538733294870914,0.028168276
1898,190741,-3.384132306533003,0,nan,0.43333333333333335,0.1,0.35677166805911903,0.06270604
1899,190891,-3.356276565850288,0,nan,0.32666666666666666,0.1,0.33407455053157703,0.059370823
1900,191017,-1.904016704917133,0,nan,0.4523809523809524,0.1,0.4334179077720735,0.03707935
1901,191061,0.05173794578213242,0,nan,0.4772727272727273,0.1,0.48728295857372356,0.03193853
1902,191211,-3.439861959702335,0,nan,0.35333333333333333,0.1,0.42658715866526414,0.060208417
1903,191361,-3.33487762149216,0,nan,0.3466666666666667,0.1,0.3529891405948,0.05799479
1904,191389,0.4612151907783729,0,nan,0.32142857142857145,0.1,0.36017386364245657,0.031573147
1905,191419,0.262403522732955,0,nan,0.4666666666666667,0.1,0.41998455665815937,0.033923276
1906,191457,0.15567042124385788,0,nan,0.3157894736842105,0.1,0.49832242699757595,0.033857357
1907,191495,0.16684375912618077,0,nan,0.6052631578947368,0.1,0.45224800733474463,0.029692436
1908,191529,0.20424929794214908,0,nan,0.5294117647058824,0.1,0.4242646805287451,0.039882913
1909,191679,-3.373107133031605,0,nan,0.38,0.1,0.5186096883335414,0.05466865
1910,191829,-3.3431813522408107,0,nan,0.36,0.1,0.3724060077616874,0.054914914
1911,191979,-3.572806378396907,0,nan,0.37333333333333335,0.1,0.5114211322459048,0.05419777
1912,192129,-3.3672115859803187,0,nan,0.4266666666666667,0.1,0.4430886167877844,0.057435818
1913,192155,0.44704987767505244,0,nan,0.38461538461538464,0.1,0.2513927595122914,0.023802062
1914,192305,-3.4972388420170213,0,nan,0.34,0.1,0.3712052436184357,0.060518507
1915,192455,-3.5330735243453355,0,nan,0.35333333333333333,0.1,0.33573705453593206,0.062533446
1916,192490,0.20884494544096188,0,nan,0.34285714285714286,0.1,0.42860787827229585,0.03344888
1917,192528,0.10935285956738638,0,nan,0.34210526315789475,0.1,0.4374992272754384,0.04069656
1918,192678,-3.4544117198132667,0,nan,0.44666666666666666,0.1,0.29756507042503416,0.056488916
1919,192828,-3.4337950302408187,0,nan,0.4266666666666667,0.1,0.4021885185573961,0.05878898
1920,192978,-3.5280249440506406,0,0.53,0.36666666666666664,0.1,0.46058242913462333,0.0531375
1921,193128,-3.2229053162650874,0,nan,0.34,0.1,0.3614105655572128,0.054055616
1922,193278,-3.7821524812046485,0,nan,0.43333333333333335,0.1,0.38894441862494883,0.08694896
1923,193309,0.34173188634476337,0,nan,0.2903225806451613,0.1,0.3468771823659535,0.03319837
1924,193459,-3.5477685534010903,0,nan,0.37333333333333335,0.1,0.4603006982343734,0.058728345
1925,193609,-3.414855005426348,0,nan,0.41333333333333333,0.1,0.3270299593645833,0.06130313
1926,193637,0.3506849465315893,0,nan,0.39285714285714285,0.1,0.26365788236278065,0.03567888
1927,193787,-3.4614976639366097,0,nan,0.38,0.1,0.44764099780153016,0.060816612
1928,193937,-3.405348498799673,0,nan,0.42,0.1,0.4761690659137656,0.065644406
1929,194087,-3.3777949736524917,0,nan,0.41333333333333333,0.1,0.5367834182698532,0.06365328
1930,194123,0.08708138708220692,0,nan,0.4444444444444444,0.1,0.44855847031740853,0.04362121
1931,194273,-3.6424540261018663,0,nan,0.52,0.1,0.3687021847791805,0.07373304
1932,194423,-3.19113124468167,0,nan,0.3933333333333333,0.1,0.4967926630173778,0.053944893
1933,194449,0.4754294335056084,0,nan,0.5384615384615384,0.1,0.32343816611437937,0.024221513
1934,194599,-3.4201345043734177,0,nan,0.4,0.1,0.43295611106860343,0.063016586
1935,194749,-3.7565122572340095,0,nan,0.4266666666666667,0.1,0.4147094869408412,0.085735515
1936,194777,0.31685505646935763,0,nan,0.42857142857142855,0.1,0.3330352353346572,0.038969755
1937,194805,0.3720704332447463,0,nan,0.42857142857142855,0.1,0.3129847694967034,0.030776119
1938,194839,0.204884931930702,0,nan,0.3235294117647059,0.1,0.4057737775031532,0.036328733
1939,194899,-0.3072604985287959,0,nan,0.4,0.1,0.5317776158829012,0.039876755
1940,195049,-3.4847742544953575,0,nan,0.38666666666666666,0.1,0.4479868809614296,0.068539895
1941,195088,0.09938603360780196,0,nan,0.41025641025641024,0.1,0.5161360411878652,0.030606031
1942,195118,0.314778831901373,0,nan,0.3,0.1,0.5075546769744008,0.033921715
1943,195150,0.32690046212892765,0,nan,0.34375,0.1,0.4130385289694639,0.02399639
1944,195208,-0.4057697651700196,0,nan,0.43103448275862066,0.1,0.2937571667200032,0.036714908
1945,195358,-3.5072339680384075,0,nan,0.35333333333333333,0.1,0.4845787414168038,0.06522829
1946,195508,-3.4220889425780503,0,nan,0.36666666666666664,0.1,0.4842960653573778,0.0708215
1947,195534,0.44649212547546435,0,nan,0.4230769230769231,0.1,0.34257705918118597,0.027484711
1948,195593,-0.3860114634479772,0,nan,0.4745762711864407,0.1,0.28585386453051737,0.03621502
1949,195619,0.4531622116763536,0,nan,0.46153846153846156,0.1,0.35635843913759296,0.030218778
1950,195651,0.29427969587497826,0,0.53,0.28125,0.1,0.4558764122872066,0.030720497
1951,195801,-3.4166035723616526,0,nan,0.30666666666666664,0.1,0.4013190351776901,0.06814929
1952,195951,-3.4903626657834947,0,nan,0.37333333333333335,0.1,0.4890138671085177,0.076160245
1953,196101,-3.3590087986367605,0,nan,0.4266666666666667,0.1,0.5324414872394608,0.060067266
1954,196251,-3.2592109412000485,0,nan,0.31333333333333335,0.1,0.3761768276101121,0.061253212
1955,196279,0.32503517787158276,0,nan,0.4642857142857143,0.1,0.3293685323112659,0.036919635
1956,196429,-3.6063985950135002,0,nan,0.38666666666666666,0.1,0.4501464154644935,0.063358314
1957,196517,-0.8733567005476566,0,nan,0.4318181818181818,0.1,0.48630149301872033,0.03684518
1958,196551,0.20602750695872585,0,nan,0.4411764705882353,0.1,0.4449535143578161,0.029916234
1959,196701,-3.5994964749380247,0,nan,0.4,0.1,0.4983526290034787,0.0575577
1960,196851,-3.135868278307139,0,nan,0.31333333333333335,0.1,0.2777211190810421,0.05924446
1961,196883,-0.8529101364819279,0,nan,0.09375,0.1,0.420101042545474,0.10642806
1962,197033,-3.3467072211148983,0,nan,0.43333333333333335,0.1,0.35817933123383017,0.048134115
1963,197183,-3.377717664031224,0,nan,0.38666666666666666,0.1,0.33534084773384987,0.057641283
1964,197222,-0.985395034170254,0,nan,0.38461538461538464,0.1,0.5242936584761848,0.055472557
1965,197372,-3.3340816238140842,0,nan,0.31333333333333335,0.1,0.32826019466138545,0.057377674
1966,197522,-3.346885820981837,0,nan,0.3,0.1,0.33943719569546676,0.06106144
1967,197672,-3.4745816749907754,0,nan,0.4,0.1,0.4456855732516755,0.055702776
1968,197822,-3.298419464492828,0,nan,0.34,0.1,0.4742196666190867,0.050710972
1969,197850,0.3973109895784407,0,nan,0.2857142857142857,0.1,0.26150049933552816,0.028147083
1970,198000,-3.4704207105860796,0,nan,0.42,0.1,0.5100425960638795,0.057264492
1971,198066,-1.4955063308675587,0,nan,0.13636363636363635,0.1,0.4537221843019259,0.054621182
1972,198105,0.0912461067195014,0,nan,0.41025641025641024,0.1,0.47134843145530064,0.03900757
1973,198255,-3.127163330405695,0,nan,0.41333333333333333,0.1,0.29602313880395914,0.044849925
1974,198286,0.30252256900077346,0,nan,0.3225806451612903,0.1,0.3677347590192129,0.033056516
1975,198436,-3.3827867302379557,0,nan,0.37333333333333335,0.1,0.3604904413502378,0.05831625
1976,198586,-3.259326623242473,0,nan,0.3466666666666667,0.1,0.4229710648021355,0.053792782
1977,198736,-3.459813939925524,0,nan,0.38666666666666666,0.1,0.4292891049243726,0.052063383
1978,198775,0.09505819537464488,0,nan,0.48717948717948717,0.1,0.4925936239414651,0.043252
1979,198925,-3.2048532181225156,0,nan,0.37333333333333335,0.1,0.26231414507265244,0.053738955
1980,199075,-3.4096644609847613,0,0.57,0.35333333333333333,0.1,0.5032048302730164,0.05635299
1981,199179,-1.3285209384423995,0,nan,0.4230769230769231,0.1,0.3784499316445588,0.04394448
1982,199209,0.30747947952306376,0,nan,0.36666666666666664,0.1,0.4064085732038204,0.037110522
1983,199359,-3.3936748427200727,0,nan,0.43333333333333335,0.1,0.3121203607305462,0.055938125
1984,199509,-3.210831666635636,0,nan,0.28,0.1,0.3869984930257853,0.05884748
1985,199659,-3.4545305920034868,0,nan,0.3466666666666667,0.1,0.41890619776920773,0.063073024
1986,199692,0.2988953971823185,0,nan,0.30303030303030304,0.1,0.3952089664080752,0.034363747
1987,199842,-3.355199709411394,0,nan,0.36,0.1,0.539085330065823,0.06545755
1988,199992,-3.3107723315315205,0,nan,0.3933333333333333,0.1,0.40260299614138334,0.056177173
1989,200049,-0.2811760307278651,0,nan,0.43859649122807015,0.1,0.35934920384913,0.04001287
